wall_time,repeat_idx,direction,interp_idx,flexiv_x,flexiv_y,flexiv_z,flexiv_rw,flexiv_rx,flexiv_ry,flexiv_rz,slam_host_ts,slam_edge_ts,slam_confidence,slam_x,slam_y,slam_z,slam_roll,slam_pitch,slam_yaw,slam_qw,slam_qx,slam_qy,slam_qz
1766048420.6025066,0,+X,1,0.3539673388004303,-0.0005760362837463617,0.35002291202545166,0.0011062129633501172,-2.669029299795511e-06,0.9999992251396179,0.0005427285213954747,3441.761508,2737732400,0.36,-0.0005181293818168342,-0.0009437481057830155,-0.0002260132459923625,-0.13366970419883728,-0.0012132239062339067,3.1171085834503174,-0.0014227799838408828,0.06677267700433731,0.9976919293403625,0.012254945933818817
1766048420.8037171,0,+X,2,0.3581691086292267,-0.0006561290938407183,0.350369930267334,0.0015834048390388489,0.00010749199282145128,0.9999986290931702,0.0005277536110952497,3441.961426,2737932312,0.38,-0.00035893460153602064,-0.0008500890107825398,0.00022168173745740205,-0.13364006578922272,-0.0010582127142697573,3.1169345378875732,-0.001351078157313168,0.06675872951745987,0.9976919889450073,0.01233653537929058
1766048421.0550213,0,+X,3,0.3640594184398651,-0.00052826659521088,0.35005494952201843,0.0010181250981986523,-9.268855137634091e-06,0.9999993443489075,0.0005313548026606441,3442.2134229999997,2738184301,0.32,-0.00036032358184456825,-0.001338711241260171,-0.00013840623432770371,-0.13373211026191711,-0.0011154692620038986,3.1168951988220215,-0.001381522510200739,0.06680426746606827,0.9976885914802551,0.012358114123344421
1766048421.2561326,0,+X,4,0.36819615960121155,-0.0007035549497231841,0.35034796595573425,0.0015794741921126842,7.595281931571662e-05,0.9999985694885254,0.0005994857638143003,3442.415423,2738386308,0.33,-0.0004367012297734618,-0.0009168719407171011,0.0001594192726770416,-0.1337699145078659,-0.0011412710882723331,3.1170566082000732,-0.0013892290880903602,0.0668230727314949,0.9976882934570312,0.012278396636247635
1766048421.5075076,0,+X,5,0.37402939796447754,-0.0005840719677507877,0.3499852418899536,0.0010548372520133853,-3.476488564047031e-05,0.9999992847442627,0.0005589876673184335,3442.665434,2738636297,0.32,-0.00034494054852984846,-0.0010692771757021546,-8.259994501713663e-05,-0.13401111960411072,-0.0013143515679985285,3.117530584335327,-0.0014611773658543825,0.06694268435239792,0.9976829886436462,0.01204774808138609
1766048421.7086444,0,+X,6,0.3782329559326172,-0.0006275386549532413,0.35033321380615234,0.0015758974477648735,6.702655809931457e-05,0.9999986290931702,0.0005212327232584357,3442.8674349999997,2738838307,0.33,-0.0004785552737303078,-0.000838549982290715,-0.0002621806343086064,-0.13416919112205505,-0.0014058256056159735,3.117701292037964,-0.0015020319260656834,0.06702110916376114,0.9976786971092224,0.011965630576014519
1766048421.9095879,0,+X,7,0.38316938281059265,-0.0006264864932745695,0.35031652450561523,0.0017135291127488017,7.024480873951688e-05,0.9999983906745911,0.0005703337956219912,3443.067428,2739038297,0.34,-0.0003656722547020763,-0.0010561201488599181,8.280256588477641e-05,-0.13391374051570892,-0.0014166574692353606,3.117661714553833,-0.00150724605191499,0.06689359247684479,0.9976869821548462,0.011985796503722668
1766048422.1104586,0,+X,8,0.38818103075027466,-0.0006674673059023917,0.3503088355064392,0.0017300056060776114,6.79702206980437e-05,0.9999983310699463,0.0006305864662863314,3443.269472,2739240341,0.29,-0.00038579365354962647,-0.001034316373988986,-0.00012008970224997029,-0.13406004011631012,-0.0014323019422590733,3.1176528930664062,-0.001516210613772273,0.0669664666056633,0.9976820349693298,0.011990644037723541
1766048422.311466,0,+X,9,0.39317649602890015,-0.0006811365019530058,0.35031792521476746,0.0017427667044103146,7.60358598199673e-05,0.9999982714653015,0.0006563995848409832,3443.469462,2739440334,0.33,-0.00036198741872794926,-0.0012884109746664762,-9.732512808113825e-06,-0.13378848135471344,-0.00144848576746881,3.117694616317749,-0.0015212787548080087,0.06683093309402466,0.9976913332939148,0.011970444582402706
1766048422.5123131,0,+X,10,0.3981998860836029,-0.0006817746325396001,0.35028505325317383,0.0017243833281099796,7.215952064143494e-05,0.9999982714653015,0.0006598045001737773,3443.671421,2739642282,0.33,-0.0003714163904078305,-0.0011596386320888996,-6.546808435814455e-05,-0.134059339761734,-0.001392377889715135,3.1177799701690674,-0.0014920405810698867,0.0669664517045021,0.9976828098297119,0.011925987899303436
1766048422.5625226,0,+X,10,0.39908310770988464,-0.0005581837031058967,0.34992364048957825,0.0010598287917673588,-5.157692794455215e-05,0.9999992251396179,0.0006417228723876178,3443.7214209999997,2739692279,0.31,-0.00032491993624716997,-0.0011109893675893545,-4.71115799882682e-06,-0.13400153815746307,-0.0013903349172323942,3.117769241333008,-0.0014910369645804167,0.06693761795759201,0.9976847171783447,0.011931251734495163
1766048422.6127086,0,+X,10,0.39955976605415344,-0.00019377123680897057,0.3500576317310333,0.0005802404484711587,1.1554279808478896e-05,0.9999998211860657,0.0002726344100665301,3443.7714269999997,2739742285,0.35,-0.00028351243236102164,-0.0010115411132574081,6.0013877373421565e-05,-0.13392743468284607,-0.0013823927147313952,3.1177637577056885,-0.0014868213329464197,0.06690070033073425,0.9976871609687805,0.011933745816349983
1766048422.662885,0,+X,10,0.39984163641929626,4.304499088902958e-05,0.35012203454971313,0.00024818797828629613,3.1320949346991256e-05,0.9999999403953552,6.727702566422522e-05,3443.8214249999996,2739792283,0.36,-0.0002783071540761739,-0.000971405825112015,-1.81626728590345e-05,-0.1339174062013626,-0.0014187443302944303,3.117799997329712,-0.0015036826953291893,0.0668955072760582,0.9976876974105835,0.0119168721139431
1766048422.7130651,0,+X,10,0.40000614523887634,7.847109372960404e-05,0.3501504063606262,7.187540177255869e-05,2.7196492737857625e-05,1.0,3.6456960515351966e-05,3443.871424,2739842283,0.37,-0.00029662996530532837,-0.0009598452597856522,-9.050544576894026e-06,-0.13408014178276062,-0.0014115552185103297,3.1178526878356934,-0.001499288366176188,0.06697677075862885,0.9976825714111328,0.011890256777405739
1766048422.763294,0,+X,10,0.40004605054855347,9.441730799153447e-05,0.35014283657073975,1.7019679944496602e-05,2.9137221645214595e-05,1.0,4.586081558954902e-05,3443.921423,2739892281,0.35,-0.00036754243774339557,-0.0009524018969386816,-7.434436702169478e-05,-0.13413436710834503,-0.0014234731206670403,3.1179094314575195,-0.0015036588301882148,0.06700379401445389,0.9976810812950134,0.011862444691359997
1766048422.8135521,0,+X,10,0.4000486433506012,8.250183600466698e-05,0.35014307498931885,2.235581268905662e-05,2.9205171813373454e-05,1.0,3.8024903915356845e-05,3443.9714219999996,2739942279,0.34,-0.00038908867281861603,-0.0009627941180951893,-0.00021372768969740719,-0.13416074216365814,-0.0014437084319069982,3.117924928665161,-0.001513389521278441,0.0670168399810791,0.9976802468299866,0.011855400167405605
1766048422.8638117,0,+X,10,0.4000380039215088,8.048419840633869e-05,0.3501397669315338,3.0005872758920304e-05,2.4990551537484862e-05,1.0,3.7992893339833245e-05,3444.0214229999997,2739992280,0.35,-0.00035890203434973955,-0.001000118674710393,-0.0002800418296828866,-0.13414396345615387,-0.0014590765349566936,3.117980718612671,-0.0015190861886367202,0.06700842082500458,0.9976811408996582,0.011828061193227768
1766048422.914127,0,+X,10,0.4000241756439209,8.76574486028403e-05,0.350139856338501,4.672420982387848e-05,3.1789313652552664e-05,1.0,3.0259161576395854e-05,3444.073422,2740044280,0.35,-0.00032305880449712276,-0.001027113408781588,-0.00025959903723560274,-0.13401968777179718,-0.0014263633638620377,3.117966413497925,-0.0015025184256955981,0.0669466108083725,0.9976852536201477,0.011834120377898216
1766048422.9644337,0,+X,10,0.40000978112220764,9.214671445079148e-05,0.35013526678085327,5.83893597649876e-05,2.5220475436071865e-05,1.0,2.9299997549969703e-05,3444.123423,2740094275,0.3,-0.0002892632328439504,-0.0010844503995031118,-0.00016757266712374985,-0.13392873108386993,-0.0014310689875856042,3.117950201034546,-0.001504874206148088,0.06690119951963425,0.9976881742477417,0.011842368170619011
1766048423.014744,0,+X,10,0.4000040888786316,8.919325046008453e-05,0.35012978315353394,6.460691656684503e-05,2.5529338017804548e-05,1.0,3.0846582376398146e-05,3444.173434,2740144286,0.33,-0.00028809389914385974,-0.0011821156367659569,-0.0001090897130779922,-0.1339271068572998,-0.0014467801665887237,3.118041753768921,-0.0015096336137503386,0.06690036505460739,0.9976887702941895,0.011797133833169937
1766048423.0650847,0,+X,10,0.40000417828559875,8.64097019075416e-05,0.35012975335121155,7.03438781783916e-05,3.077357905567624e-05,1.0,3.3508524211356416e-05,3444.223426,2740194278,0.32,-0.00035357970045879483,-0.0012146281078457832,-9.017521369969472e-05,-0.13396888971328735,-0.0014694712590426207,3.1180760860443115,-0.0015200506895780563,0.06692110002040863,0.997687578201294,0.011780795641243458
1766048423.1152794,0,+X,10,0.39999887347221375,8.464294660370797e-05,0.35012996196746826,6.707706052111462e-05,2.8131729777669534e-05,1.0,3.1267776648746803e-05,3444.2734259999997,2740244277,0.32,-0.0003580845077522099,-0.0011334571754559875,-0.00013390429376158863,-0.13402564823627472,-0.0014774278970435262,3.118088483810425,-0.001523934886790812,0.06694937497377396,0.9976857304573059,0.01177485566586256
1766048423.1654344,0,+X,10,0.3999989628791809,8.234196138801053e-05,0.3501308262348175,7.065294630592689e-05,3.6710320273414254e-05,1.0,3.309216845082119e-05,3444.323425,2740294273,0.32,-0.00035518105141818523,-0.0010924520902335644,-9.81305493041873e-05,-0.13416951894760132,-0.001463125110603869,3.118119478225708,-0.0015166080556809902,0.06702125072479248,0.9976810812950134,0.011759011074900627
1766048423.2155936,0,+X,10,0.3999977707862854,8.468287705909461e-05,0.35012829303741455,7.497501064790413e-05,3.104593633906916e-05,1.0,3.3685239031910896e-05,3444.3734529999997,2740344300,0.34,-0.00034096333547495306,-0.0010902694193646312,-5.821643571835011e-05,-0.1341370791196823,-0.0013785562478005886,3.1180226802825928,-0.001477471669204533,0.06700550019741058,0.9976816773414612,0.011804408393800259
1766048423.2657487,0,+X,10,0.39999598264694214,8.165917824953794e-05,0.35012301802635193,7.673887012060732e-05,3.3536409318912774e-05,1.0,2.7924317691940814e-05,3444.4234229999997,2740394270,0.34,-0.00034323250292800367,-0.0011377742048352957,7.035950693534687e-05,-0.13401556015014648,-0.0013495414750650525,3.117979049682617,-0.0014637494459748268,0.06694501638412476,0.9976854920387268,0.011825249530375004
1766048423.3159094,0,+X,10,0.3999950885772705,8.455545321339741e-05,0.35012441873550415,7.929920684546232e-05,2.895712896133773e-05,1.0,3.1868243240751326e-05,3444.473423,2740444271,0.38,-0.0003599104820750654,-0.0011586635373532772,0.00017793860752135515,-0.13394050300121307,-0.0013480886118486524,3.1179323196411133,-0.0014641417656093836,0.06690754741430283,0.9976877570152283,0.011848430149257183
1766048423.3660986,0,+X,10,0.39999598264694214,8.207736391341314e-05,0.35012519359588623,8.028973388718441e-05,3.177433245582506e-05,1.0,3.0686082027386874e-05,3444.5254259999997,2740496273,0.35,-0.0003718312073033303,-0.0012252632295712829,0.0002441885299049318,-0.13391438126564026,-0.0013141930103302002,3.117863416671753,-0.0014493857743218541,0.06689467281103134,0.9976882338523865,0.01188169326633215
1766048423.416339,0,+X,10,0.39999568462371826,8.144911407725886e-05,0.3501259982585907,7.996850035851821e-05,3.3223172067664564e-05,1.0,3.0001834602444433e-05,3444.5754309999998,2740546278,0.31,-0.000379138597054407,-0.001242879661731422,0.0001876141323009506,-0.13388700783252716,-0.0013055921299383044,3.1178176403045654,-0.0014464640989899635,0.06688103824853897,0.997688889503479,0.011904233135282993
1766048423.4665477,0,+X,10,0.3999943435192108,8.192250243155286e-05,0.3501250743865967,7.993244071258232e-05,2.9523371267714538e-05,1.0,3.079326415900141e-05,3444.625422,2740596270,0.33,-0.00042720959754660726,-0.0012244433164596558,5.588667409028858e-05,-0.13392794132232666,-0.001322327763773501,3.117814302444458,-0.0014551704516634345,0.06690134853124619,0.9976875185966492,0.011906523257493973
1766048423.516709,0,+X,10,0.3999939262866974,8.25097959022969e-05,0.3501262962818146,7.998516957741231e-05,2.5443683625780977e-05,1.0,3.077232395298779e-05,3444.6754229999997,2740646270,0.33,-0.0004512131563387811,-0.0011375762987881899,-6.636483362854051e-07,-0.13403883576393127,-0.0013567020650953054,3.117772340774536,-0.0014743715291842818,0.06695643067359924,0.9976835250854492,0.011928503401577473
1766048423.5668516,0,+X,10,0.399992436170578,8.190613880287856e-05,0.35012632608413696,7.837532029952854e-05,2.8014215786242858e-05,1.0,2.949305962829385e-05,3444.725422,2740696272,0.34,-0.00041286228224635124,-0.0011039244709536433,-0.00014529775944538414,-0.1340716928243637,-0.0013808762887492776,3.1177706718444824,-0.0014866874553263187,0.06697268038988113,0.9976823925971985,0.011930239386856556
1766048423.6170056,0,+X,10,0.3999917209148407,8.240813622251153e-05,0.35012581944465637,7.73511637817137e-05,3.180986095685512e-05,1.0,2.9920762244728394e-05,3444.775423,2740746273,0.34,-0.00036328949499875307,-0.0011627706699073315,-0.00016097654588520527,-0.13395032286643982,-0.001393294776789844,3.117729902267456,-0.0014935267390683293,0.06691202521324158,0.9976862072944641,0.011950980871915817
1766048423.667187,0,+X,10,0.3999928832054138,8.160735160345212e-05,0.3501269221305847,7.97313914517872e-05,3.483858745312318e-05,1.0,2.864019370463211e-05,3444.825425,2740796275,0.36,-0.00031364531605504453,-0.0011818762868642807,-0.00015606798115186393,-0.13393819332122803,-0.0014298027381300926,3.1177568435668945,-0.0015107644721865654,0.06690577417612076,0.9976867437362671,0.011938751675188541
1766048423.7173781,0,+X,10,0.3999914824962616,8.160765719367191e-05,0.3501253128051758,7.956485933391377e-05,3.1783994927536696e-05,1.0,2.9913533580838703e-05,3444.875428,2740846278,0.33,-0.0002858188236132264,-0.0012226355029270053,-0.00010700878920033574,-0.1338793784379959,-0.0014442653628066182,3.117807388305664,-0.0015159413451328874,0.06687638908624649,0.9976890087127686,0.011914032511413097
1766048423.7675993,0,+X,10,0.3999916613101959,8.245342178270221e-05,0.3501262366771698,8.120820712065324e-05,3.0492048608721234e-05,1.0,2.976126052089967e-05,3444.925422,2740896269,0.33,-0.0002951566129922867,-0.0012356314109638333,-7.28886152501218e-05,-0.13381697237491608,-0.0014478471130132675,3.1178252696990967,-0.0015167596284300089,0.06684525310993195,0.9976911544799805,0.011905203573405743
1766048423.8177853,0,+X,10,0.39999234676361084,8.195325790438801e-05,0.3501267731189728,8.138013072311878e-05,3.0836639780318365e-05,1.0,3.140397893730551e-05,3444.975423,2740946270,0.34,-0.0003433415840845555,-0.0012227912666276097,-5.174392572371289e-05,-0.13390284776687622,-0.0014839062932878733,3.1179232597351074,-0.0015319783706218004,0.06688795238733292,0.9976888298988342,0.011857539415359497
1766048423.8679974,0,+X,10,0.3999924957752228,8.252490806626156e-05,0.3501264452934265,8.08375480119139e-05,3.032467247976456e-05,1.0,3.5060355003224686e-05,3445.0254219999997,2740996268,0.34,-0.00040189819992519915,-0.001168401911854744,-4.473216176847927e-05,-0.13407902419567108,-0.0014773934381082654,3.1178929805755615,-0.0015307810390368104,0.06697584688663483,0.9976828098297119,0.011872448958456516
1766048423.9182286,0,+X,10,0.39999133348464966,8.153450471581891e-05,0.3501253128051758,7.891541463322937e-05,3.3599855669308454e-05,1.0,3.482386455289088e-05,3445.077422,2741048269,0.34,-0.0003836511168628931,-0.000984299462288618,-3.119379107374698e-05,-0.13415683805942535,-0.0014236487913876772,3.117802143096924,-0.001507468055933714,0.0670149177312851,0.9976796507835388,0.011915886774659157
1766048423.9684227,0,+X,10,0.3999934494495392,7.994467887328938e-05,0.3501269817352295,8.294355211546645e-05,3.09289462165907e-05,1.0,3.0267749025369994e-05,3445.1274319999998,2741098272,0.33,-0.00031924183713272214,-0.0008413406321778893,-4.045076639158651e-05,-0.134209543466568,-0.0014468930894508958,3.117793560028076,-0.0015196687309071422,0.0670410692691803,0.9976778626441956,0.011921037919819355
1766048424.0186155,0,+X,10,0.3999929130077362,8.050502219703048e-05,0.35012683272361755,8.183029422070831e-05,3.0403281925828196e-05,1.0,3.160546475555748e-05,3445.1774219999998,2741148261,0.35,-0.00026291864924132824,-0.0008086396846920252,-4.2433552152942866e-05,-0.13410305976867676,-0.0013505493989214301,3.117683172225952,-0.0014746723463758826,0.06698843836784363,0.9976808428764343,0.011972823180258274
1766048424.0688543,0,+X,10,0.3999932110309601,8.07698379503563e-05,0.3501274883747101,8.139562851283699e-05,3.01073396258289e-05,1.0,3.112319973297417e-05,3445.22743,2741198270,0.35,-0.00018504286708775908,-0.0008333513396792114,-3.622635404099128e-06,-0.13400083780288696,-0.0012504096375778317,3.117579460144043,-0.0014275832800194621,0.06693797558546066,0.9976837038993835,0.012021227739751339
1766048424.11901,0,+X,10,0.3999914824962616,7.96023232396692e-05,0.35012689232826233,7.923148950794712e-05,2.9573227948276326e-05,1.0,2.854868034773972e-05,3445.2774259999997,2741248265,0.35,-0.00017306070367339998,-0.001012881868518889,-4.778781294589862e-05,-0.13398927450180054,-0.0012346452567726374,3.1175458431243896,-0.0014207710046321154,0.06693227589130402,0.9976838827133179,0.012037406675517559
1766048424.1691399,0,+X,10,0.39999112486839294,8.063627319643274e-05,0.3501272201538086,7.91043639765121e-05,2.955370109702926e-05,1.0,3.0298640922410414e-05,3445.3274349999997,2741298274,0.31,-0.00021416472736746073,-0.0012082881294190884,-0.00011854604963446036,-0.13410355150699615,-0.0012593686114996672,3.1175806522369385,-0.001432626275345683,0.06698916107416153,0.9976802468299866,0.01202093530446291
1766048424.219333,0,+X,10,0.39999154210090637,8.232094842242077e-05,0.3501293361186981,8.168179920176044e-05,2.7913612939300947e-05,1.0,3.0502220397465862e-05,3445.377426,2741348266,0.34,-0.0002644025953486562,-0.0013607334112748504,-0.00010690288036130369,-0.13411684334278107,-0.0012351700570434332,3.1175947189331055,-0.001420161803252995,0.06699594855308533,0.9976798892021179,0.01201308611780405
1766048424.2696614,0,+X,10,0.3999914526939392,8.200700540328398e-05,0.3501294255256653,8.105275628622621e-05,2.8376340196700767e-05,1.0,3.2451302104163915e-05,3445.427464,2741398304,0.32,-0.0003328966849949211,-0.001389081939123571,-3.8129533095343504e-06,-0.13407060503959656,-0.0012000629212707281,3.1176042556762695,-0.0014020567759871483,0.06697309762239456,0.9976815581321716,0.01200720202177763
1766048424.3198953,0,+X,10,0.399990439414978,8.134734525810927e-05,0.35012853145599365,7.839336467441171e-05,2.9337215892155655e-05,1.0,3.263173857703805e-05,3445.477421,2741448261,0.39,-0.0003474486875347793,-0.0012198995100334287,0.0001488925627199933,-0.13409388065338135,-0.0012078310828655958,3.117638349533081,-0.0014049273449927568,0.06698469072580338,0.9976809620857239,0.011990431696176529
1766048424.3702874,0,+X,10,0.39999064803123474,8.166831685230136e-05,0.3501289486885071,7.916765025584027e-05,2.8049949833075516e-05,1.0,3.204873428330757e-05,3445.5294719999997,2741500305,0.34,-0.00030518026323989034,-0.001080519170500338,0.00024108178331516683,-0.1340075582265854,-0.0011528811883181334,3.1176564693450928,-0.0013763939496129751,0.06694196909666061,0.9976840019226074,0.011979538947343826
1766048424.4206336,0,+X,10,0.399990439414978,8.150950452545658e-05,0.35012829303741455,7.900325726950541e-05,2.8479320462793112e-05,1.0,3.25834917020984e-05,3445.5794419999997,2741550275,0.38,-0.0002406806597718969,-0.0009364183060824871,0.00026243412867188454,-0.13388213515281677,-0.001137536484748125,3.117622137069702,-0.0013691450003534555,0.06687946617603302,0.9976879954338074,0.011996227316558361
1766048424.4709122,0,+X,10,0.39999112486839294,8.122411236399785e-05,0.3501293957233429,8.026983414310962e-05,3.187673064530827e-05,1.0,3.255330375395715e-05,3445.6295189999996,2741600352,0.32,-0.0002121693396475166,-0.0007836389122530818,0.00023581420828122646,-0.13383424282073975,-0.0011958738323301077,3.1175925731658936,-0.0013989488361403346,0.06685520708560944,0.9976893663406372,0.012012925930321217
1766048424.52116,0,+X,10,0.3999916911125183,8.04033552412875e-05,0.350129097700119,8.08202603366226e-05,3.308785016997717e-05,1.0,3.290695894975215e-05,3445.6794379999997,2741650271,0.36,-0.00023264583433046937,-0.0007073637098073959,5.5425549362553284e-05,-0.13385982811450958,-0.001282581128180027,3.1175928115844727,-0.0014423395041376352,0.06686744838953018,0.9976884722709656,0.01201559230685234
1766048424.8247178,0,-X,1,0.3915570378303528,0.001015575136989355,0.35030391812324524,-0.0016228734748438,8.071173942880705e-05,0.9999983310699463,-0.0008557330002076924,3445.9834229999997,2741954248,0.28,-0.00022420333698391914,-0.0012355484068393707,0.00011801452637882903,-0.13361185789108276,-0.0011848704889416695,3.117229461669922,-0.0014042501570656896,0.06674408167600632,0.9976946115493774,0.01219371147453785
1766048425.1277099,0,-X,2,0.38138797879219055,0.0009438128327019513,0.3503158986568451,-0.0014310394180938601,8.759702905081213e-05,0.9999986290931702,-0.0008027837611734867,3446.285423,2742256248,0.29,-0.00017001241212710738,-0.0011758366599678993,-6.346641748677939e-05,-0.1337398737668991,-0.0013643016573041677,3.117250680923462,-0.0014938213862478733,0.0668068677186966,0.9976903796195984,0.012189047411084175
1766048425.4298384,0,-X,3,0.37139442563056946,0.0009233554010279477,0.35033273696899414,-0.0015271997544914484,9.690957813290879e-05,0.9999985098838806,-0.0007823022897355258,3446.587423,2742558236,0.31,-0.000220677480683662,-0.0013781689340248704,5.606262129731476e-05,-0.1336449235677719,-0.001270399196073413,3.1169474124908447,-0.0014565287856385112,0.06675984710454941,0.9976917505264282,0.01233722921460867
1766048425.7316344,0,-X,4,0.3613332211971283,0.0009426872711628675,0.3503592908382416,-0.0014943568967282772,0.00011949698091484606,0.9999985694885254,-0.0008177288109436631,3446.8894659999996,2742860273,0.34,-0.0003823747974820435,-0.0009798496030271053,9.742506517795846e-05,-0.13392622768878937,-0.0013157869689166546,3.1172444820404053,-0.0014709548559039831,0.06690011918544769,0.997684121131897,0.012190504930913448
1766048426.0330744,0,-X,5,0.3513311743736267,0.0010618376545608044,0.35035353899002075,-0.0014862766256555915,0.00014193193055689335,0.9999984502792358,-0.0009235299658030272,3447.191426,2743162231,0.36,-0.0003012176603078842,-0.0011956414673477411,-0.0001909323182189837,-0.13359753787517548,-0.0012568094534799457,3.117082118988037,-0.0014449611771851778,0.06673639267683029,0.9976941347122192,0.012269532307982445
1766048426.3343902,0,-X,6,0.3412853181362152,0.0010475695598870516,0.3504040539264679,-0.001416232786141336,0.00017314241267740726,0.9999986290931702,-0.0008379556820727885,3447.4934209999997,2743464218,0.34,-0.00043448060750961304,-0.0012828983599320054,4.624885696102865e-05,-0.13355238735675812,-0.0013681125128641725,3.117204427719116,-0.0014961326960474253,0.06671328097581863,0.9976963400840759,0.012212283909320831
1766048426.6356587,0,-X,7,0.33132079243659973,0.0010815748246386647,0.35038650035858154,-0.0014360599452629685,0.00017674837727099657,0.9999985098838806,-0.0009136543958447874,3447.7934229999996,2743764216,0.33,-0.00024335816851817071,-0.0012424258748069406,1.5134282875806093e-05,-0.13335737586021423,-0.001296084956265986,3.1171152591705322,-0.0014619887806475163,0.06661637127399445,0.9977023601531982,0.012254363857209682
1766048426.9370327,0,-X,8,0.3212149441242218,0.0010370950913056731,0.3505018651485443,-0.0013991566374897957,0.00017711716645862907,0.9999986290931702,-0.0008521039271727204,3448.0954199999996,2744066213,0.35,-0.0003018573625013232,-0.001001038239337504,-2.9506716600735672e-05,-0.13367974758148193,-0.0013353930553421378,3.1173276901245117,-0.0014764700317755342,0.06677710264921188,0.9976928234100342,0.012149738147854805
1766048427.2381344,0,-X,9,0.31122860312461853,0.0010834750719368458,0.35048940777778625,-0.001382262445986271,0.0001501951046520844,0.9999986290931702,-0.0009064741898328066,3448.3974289999996,2744368218,0.31,-0.0003107669181190431,-0.0010733110830187798,-2.724327532632742e-05,-0.1335742473602295,-0.00122575752902776,3.1172096729278564,-0.0014250737149268389,0.06672505289316177,0.9976957440376282,0.012204871512949467
1766048427.5396276,0,-X,10,0.3011459708213806,0.0010320751462131739,0.35047563910484314,-0.0012635409366339445,0.00011010859452653676,0.9999988675117493,-0.0008317325846292078,3448.697429,2744668216,0.34,-0.00037483981577679515,-0.0009579562465660274,-0.0001661066198721528,-0.13347306847572327,-0.00137516506947577,3.117244005203247,-0.0014978512190282345,0.06667369604110718,0.9976992011070251,0.012192786671221256
1766048427.5898373,0,-X,10,0.30049532651901245,0.00047977641224861145,0.35027551651000977,-0.0004899969790130854,3.7151497963350266e-05,0.9999998211860657,-0.0003289192100055516,3448.747426,2744718213,0.33,-0.00034549704287201166,-0.00112362508662045,-0.00012058358697686344,-0.13350078463554382,-0.0013680540723726153,3.1172471046447754,-0.0014943701680749655,0.06668756902217865,0.9976983070373535,0.01219103205949068
1766048427.6400564,0,-X,10,0.3001270890235901,0.00021521704911720008,0.3501240015029907,-9.262953244615346e-05,-6.920722171344096e-06,1.0,-6.892434612382203e-05,3448.7974259999996,2744768209,0.34,-0.00030057496041990817,-0.0012613439466804266,8.308267751999665e-06,-0.13347138464450836,-0.0013485308736562729,3.1172382831573486,-0.001484743901528418,0.06667301803827286,0.9976992607116699,0.012194732204079628
1766048427.69026,0,-X,10,0.3000020980834961,0.00013821003085467964,0.3500876724720001,8.483597775921226e-05,2.0588589904946275e-05,1.0,1.1682705007842742e-06,3448.849468,2744820252,0.34,-0.00022666128643322736,-0.0013227418530732393,0.0001245725288754329,-0.1334768682718277,-0.0012770128669217229,3.1171605587005615,-0.0014516949886456132,0.06667613238096237,0.9976986646652222,0.012231172062456608
1766048427.7404587,0,-X,10,0.29997265338897705,0.00012517173308879137,0.3500975966453552,9.455537656322122e-05,2.3871181838330813e-05,1.0,4.56077987109893e-06,3448.8994209999996,2744870204,0.34,-0.00018244162492919713,-0.0012900466099381447,0.0001520462246844545,-0.13350416719913483,-0.0012751937611028552,3.117196798324585,-0.0014497432857751846,0.06668978929519653,0.9976979494094849,0.012213007546961308
1766048427.790705,0,-X,10,0.2999877333641052,0.00015775096835568547,0.3501129150390625,7.645980076631531e-05,2.2793432435719296e-05,1.0,-2.0507490262389183e-05,3448.949467,2744920251,0.31,-0.0002026039728661999,-0.0011539021506905556,9.483754547545686e-05,-0.13355466723442078,-0.0012894043466076255,3.1172051429748535,-0.0014568592887371778,0.06671489775180817,0.9976963400840759,0.012209302745759487
1766048427.840878,0,-X,10,0.30001935362815857,0.00017171872605104,0.35013502836227417,3.530407411744818e-05,2.6122628696612082e-05,1.0,-3.715694765560329e-05,3448.999425,2744970207,0.29,-0.00021438897238112986,-0.0010040401248261333,-1.4715523320774082e-05,-0.1336706429719925,-0.001287506427615881,3.1172401905059814,-0.0014554410008713603,0.06677278876304626,0.9976926445960999,0.012191679328680038
1766048427.8910363,0,-X,10,0.3000490069389343,0.00017792875587474555,0.35014042258262634,6.10176630289061e-06,2.6991978302248754e-05,1.0,-4.1383835196029395e-05,3449.049463,2745020245,0.3,-0.00020370306447148323,-0.00093108817236498,-0.00021161090990062803,-0.13372285664081573,-0.001272450783289969,3.11731219291687,-0.0014458439545705914,0.06679897755384445,0.9976913332939148,0.012155287899076939
1766048427.9412088,0,-X,10,0.3000665009021759,0.00018162962805945426,0.35013940930366516,-1.2880594113084953e-05,2.6192596124019474e-05,1.0,-3.8933656469453126e-05,3449.0994229999997,2745070204,0.33,-0.00019307812908664346,-0.0008186078630387783,-0.00018661725334823132,-0.13372671604156494,-0.0012781725963577628,3.1173558235168457,-0.0014472655020654202,0.06680090725421906,0.9976915121078491,0.012133731506764889
1766048427.9914258,0,-X,10,0.3000727891921997,0.0001817135780584067,0.35014137625694275,-1.4531033230014145e-05,2.5113609808613546e-05,1.0,-4.3927389924647287e-05,3449.1494669999997,2745120248,0.32,-0.000193315718206577,-0.0006998095195740461,-0.0001233727380167693,-0.13371017575263977,-0.001267269253730774,3.1173577308654785,-0.001441659638658166,0.06679271906614304,0.9976920485496521,0.012132365256547928
1766048428.0416133,0,-X,10,0.300069123506546,0.0001793761330191046,0.3501431345939636,-1.563708792673424e-05,2.9956639991723932e-05,1.0,-3.942649345844984e-05,3449.1994219999997,2745170200,0.34,-0.00018120573076885194,-0.0007655308581888676,-4.003754293080419e-05,-0.13368193805217743,-0.0012882553273811936,3.117330551147461,-0.0014528685715049505,0.06677848845720291,0.9976928234100342,0.012146666646003723
1766048428.0917616,0,-X,10,0.30006393790245056,0.0001733056706143543,0.350147545337677,-9.496040547674056e-06,3.089800520683639e-05,1.0,-3.2423493394162506e-05,3449.249461,2745220240,0.29,-0.00017886907153297216,-0.0008898177184164524,-7.66807424952276e-05,-0.13364721834659576,-0.0012473587412387133,3.1173512935638428,-0.0014315645676106215,0.06676142662763596,0.9976941347122192,0.012134942226111889
1766048428.141927,0,-X,10,0.30005723237991333,0.0001684815506450832,0.3501508831977844,-5.7737006500246935e-06,2.5895502403727733e-05,1.0,-2.6805908419191837e-05,3449.2994329999997,2745270211,0.33,-0.0002046024746960029,-0.0010301033034920692,-7.366386125795543e-05,-0.13361473381519318,-0.0012160075129941106,3.1173739433288574,-0.001414978294633329,0.06674542278051376,0.9976953864097595,0.01212267205119133
1766048428.1921551,0,-X,10,0.3000538945198059,0.0001657480315770954,0.3501547873020172,1.4276264437285136e-06,2.839103945007082e-05,1.0,-2.480710099916905e-05,3449.351427,2745322206,0.31,-0.0002525074523873627,-0.0011676112189888954,-0.00010247151658404619,-0.1337277740240097,-0.0012098558945581317,3.117415189743042,-0.0014112100470811129,0.06680189073085785,0.9976918697357178,0.012101843021810055
1766048428.2424033,0,-X,10,0.3000490665435791,0.00016666216833982617,0.35015496611595154,1.4204168792275595e-06,2.8296195523580536e-05,1.0,-2.885754656745121e-05,3449.401427,2745372203,0.3,-0.0003128908574581146,-0.0012914658291265368,-0.00012886723561678082,-0.13380126655101776,-0.0012469012290239334,3.1174509525299072,-0.0014289324171841145,0.0668383538722992,0.9976896047592163,0.012085172347724438
1766048428.2926106,0,-X,10,0.3000464141368866,0.00016672475612722337,0.35015520453453064,1.9362548755452735e-06,2.7576157663133927e-05,1.0,-2.465853867761325e-05,3449.451427,2745422203,0.33,-0.0003194443415850401,-0.001309835584834218,-5.6925677199615166e-05,-0.13377469778060913,-0.0012211428256705403,3.1175689697265625,-0.0014119814150035381,0.06682533025741577,0.9976912140846252,0.012025459669530392
1766048428.3428044,0,-X,10,0.30004507303237915,0.00016323226736858487,0.35015735030174255,6.585893970623147e-06,2.7039850465371273e-05,1.0,-2.1822685084771365e-05,3449.5014269999997,2745472202,0.32,-0.00031423845211975276,-0.0012792738853022456,-1.9795757907559164e-05,-0.13378551602363586,-0.0012440907303243876,3.1176259517669678,-0.0014215881237760186,0.06683063507080078,0.9976911544799805,0.01199778076261282
1766048428.3929994,0,-X,10,0.3000437915325165,0.00015879154670983553,0.3501547574996948,7.5196667239652015e-06,2.9472754249582067e-05,1.0,-1.539701406727545e-05,3449.5514279999998,2745522203,0.31,-0.0002891403855755925,-0.0011298779863864183,4.1198076360160485e-05,-0.13372772932052612,-0.0011852781753987074,3.117568016052246,-0.0013938455376774073,0.06680212169885635,0.9976928234100342,0.01202479749917984
1766048428.4432151,0,-X,10,0.3000414967536926,0.0001558692893013358,0.3501538932323456,9.954113011190202e-06,2.8676100555458106e-05,1.0,-1.322130992775783e-05,3449.601424,2745572197,0.31,-0.00030281138606369495,-0.0010192292975261807,-2.2135163817438297e-05,-0.1336766630411148,-0.001161807682365179,3.117523670196533,-0.0013833114644512534,0.06677675247192383,0.9976942539215088,0.012046119198203087
1766048428.4934013,0,-X,10,0.3000377118587494,0.0001516610209364444,0.35015544295310974,1.1606533917074557e-05,2.673968810995575e-05,1.0,-9.8923483164981e-06,3449.651422,2745622195,0.31,-0.00032599057885818183,-0.0009584048530086875,-8.312390491482802e-06,-0.13375785946846008,-0.0011768221156671643,3.1175081729888916,-0.0013918016338720918,0.06681715697050095,0.9976914525032043,0.012054291553795338
1766048428.5436292,0,-X,10,0.300035685300827,0.00014949568139854819,0.3501568138599396,1.65233614097815e-05,2.9083730623824522e-05,1.0,-9.335222785011865e-06,3449.7014219999996,2745672194,0.29,-0.000348366767866537,-0.0009570838301442564,-2.461885378579609e-05,-0.13382785022258759,-0.001185776898637414,3.117514133453369,-0.001396490028128028,0.06685202568769455,0.9976891279220581,0.012051630765199661
1766048428.5938408,0,-X,10,0.30003121495246887,0.0001515146577730775,0.35015660524368286,1.7091580957639962e-05,2.7117319405078888e-05,1.0,-8.632123353891075e-06,3449.7514229999997,2745722195,0.29,-0.0003539800236467272,-0.0009405523305758834,-3.0566723580705e-05,-0.13389459252357483,-0.001183731947094202,3.117450475692749,-0.0013979988871142268,0.06688528507947922,0.997686505317688,0.012083319947123528
1766048428.6440127,0,-X,10,0.30002832412719727,0.00015238414925988764,0.3501574397087097,1.7986714738071896e-05,2.884901550714858e-05,1.0,-9.600898920325562e-06,3449.8014249999997,2745772194,0.36,-0.00032182008726522326,-0.0009012885275296867,-3.319696770631708e-05,-0.13397936522960663,-0.0012392076896503568,3.1174511909484863,-0.001426160684786737,0.0669272392988205,0.9976836442947388,0.012084859423339367
1766048428.6941466,0,-X,10,0.30002787709236145,0.000155189773067832,0.3501589000225067,2.123690501321107e-05,3.341570118209347e-05,1.0,-1.1253056982241105e-05,3449.853423,2745824193,0.29,-0.00026284620980732143,-0.0010004503419622779,-5.816389239043929e-05,-0.1340264230966568,-0.0012313907500356436,3.1175148487091064,-0.0014204097678884864,0.06695080548524857,0.9976824522018433,0.01205279491841793
1766048428.744286,0,-X,10,0.300025999546051,0.0001560926903039217,0.3501569628715515,1.8302727767149918e-05,2.5464074496994726e-05,1.0,-1.101523685065331e-05,3449.903422,2745874192,0.37,-0.00022269837791100144,-0.001114485552534461,-6.115679570939392e-05,-0.13401076197624207,-0.0012829536572098732,3.1176064014434814,-0.0014429736183956265,0.06694275140762329,0.9976835250854492,0.012008856050670147
1766048428.7944608,0,-X,10,0.30002671480178833,0.00015117877046577632,0.3501577377319336,2.1905110770603642e-05,2.9417478799587116e-05,1.0,-6.036601917003281e-06,3449.953423,2745924193,0.31,-0.00020155262609478086,-0.0012301430106163025,-7.670708873774856e-05,-0.13390879333019257,-0.001268674386665225,3.1175591945648193,-0.001436821068637073,0.06689193844795227,0.9976866245269775,0.012031929567456245
1766048428.8447042,0,-X,10,0.30002349615097046,0.00014728476526215672,0.3501587212085724,2.0345800294307992e-05,2.5889839889714494e-05,1.0,-8.154113857017364e-06,3450.0034259999998,2745974195,0.29,-0.00021969253430143,-0.001313630724325776,-0.00011866381100844592,-0.1338748186826706,-0.001267257030121982,3.117547035217285,-0.0014363210648298264,0.06687498837709427,0.9976876974105835,0.012038001790642738
1766048428.8949,0,-X,10,0.3000231683254242,0.0001457727630622685,0.3501605689525604,2.5663632186478935e-05,2.6904497644864023e-05,1.0,-2.4546914119127905e-06,3450.0534279999997,2746024196,0.33,-0.0002802446542773396,-0.0013392792316153646,-7.056069443933666e-05,-0.13389790058135986,-0.0012792148627340794,3.1175429821014404,-0.0014425554545596242,0.06688642501831055,0.9976869225502014,0.01204035896807909
1766048428.9451087,0,-X,10,0.3000204563140869,0.00014384368842002004,0.3501593768596649,2.5964709493564442e-05,2.9196529794717208e-05,1.0,-3.2103937428473728e-06,3450.103421,2746074190,0.31,-0.0003646276018116623,-0.0013223764253780246,3.7289588362909853e-05,-0.13392068445682526,-0.0012889447389170527,3.117561101913452,-0.0014469398884102702,0.06689774990081787,0.9976862668991089,0.01203165203332901
1766048428.9952905,0,-X,10,0.3000194728374481,0.00014528748579323292,0.3501587510108948,2.7992669856757857e-05,2.596922786324285e-05,1.0,-2.5977844870794797e-06,3450.153422,2746124191,0.34,-0.00037328735925257206,-0.0011817029444500804,0.00010513052257010713,-0.13401275873184204,-0.001259125187061727,3.1175034046173096,-0.001434546080417931,0.06694380939006805,0.9976828098297119,0.012059432454407215
1766048429.0455222,0,-X,10,0.3000189960002899,0.00014664200716651976,0.35015860199928284,2.900685831264127e-05,2.6642759621609002e-05,1.0,-1.6354779290850274e-06,3450.203423,2746174185,0.37,-0.0003190253337379545,-0.0011159194400534034,9.924531332217157e-05,-0.13403257727622986,-0.0012992685660719872,3.1174960136413574,-0.001454935991205275,0.06695345789194107,0.9976820945739746,0.012064441107213497
1766048429.0957966,0,-X,10,0.30001959204673767,0.00014528217434417456,0.35015812516212463,2.9363474823185243e-05,2.5489687686786056e-05,1.0,-4.375116589017125e-07,3450.253424,2746224186,0.31,-0.00023070655879564583,-0.001081168418750167,0.0001001434211502783,-0.1339140385389328,-0.0012907625641673803,3.1174564361572266,-0.0014513063943013549,0.06689434498548508,0.9976858496665955,0.012083904817700386
1766048429.1460145,0,-X,10,0.3000205159187317,0.00014267537335399538,0.35015740990638733,3.0500268621835858e-05,2.722721910686232e-05,1.0,-6.680616024823394e-07,3450.303421,2746274183,0.33,-0.00013057903561275452,-0.001100338064134121,8.352623990504071e-05,-0.1337910294532776,-0.0012624493101611733,3.1174371242523193,-0.0014370931312441826,0.06683313846588135,0.9976898431777954,0.0120926508679986
1766048429.1962008,0,-X,10,0.3000167906284332,0.00014350326091516763,0.35015609860420227,2.6484376576263458e-05,2.9592632927233353e-05,1.0,1.1750254316211795e-06,3450.3554219999996,2746326183,0.34,-0.0001407060626661405,-0.0010913008591160178,4.969511792296544e-05,-0.13382293283939362,-0.0012483635218814015,3.117419958114624,-0.0014308340614661574,0.06684912741184235,0.9976887106895447,0.012100773863494396
1766048429.2463837,0,-X,10,0.3000171184539795,0.0001418117608409375,0.3501581847667694,3.0280680221039802e-05,2.5782168449950404e-05,1.0,1.5379691831185482e-06,3450.4054229999997,2746376182,0.32,-0.0002157368726329878,-0.001051022787578404,-5.2604515076382086e-05,-0.13387928903102875,-0.0013039879268035293,3.117417573928833,-0.0014589994680136442,0.06687690317630768,0.9976867437362671,0.01210380531847477
1766048429.2965555,0,-X,10,0.30001553893089294,0.00014040757378097624,0.35015976428985596,3.1201576348394156e-05,2.7496802431414835e-05,1.0,6.333417786663631e-06,3450.4554249999997,2746426184,0.34,-0.000309991737594828,-0.0010830136016011238,-0.00016605995188001543,-0.13390178978443146,-0.0013875372242182493,3.1174802780151367,-0.0014987158356234431,0.06688766181468964,0.9976863265037537,0.012075322680175304
1766048429.3467355,0,-X,10,0.30001309514045715,0.00013646777370013297,0.3501601815223694,3.154439400532283e-05,2.7790703825303353e-05,1.0,7.802653271937743e-06,3450.5054259999997,2746476185,0.34,-0.0003747098962776363,-0.0011013014009222388,-0.00022481112682726234,-0.13387227058410645,-0.0013718274421989918,3.11751651763916,-0.0014894877094775438,0.06687306612730026,0.9976875185966492,0.012056679464876652
1766048429.3969374,0,-X,10,0.30001166462898254,0.0001362319162581116,0.35016074776649475,3.3735326724126935e-05,2.8279413527343422e-05,1.0,1.0810525054694153e-05,3450.5554349999998,2746526194,0.39,-0.0003582460922189057,-0.0012268552090972662,-0.00023794684966560453,-0.1338336169719696,-0.0013641697587445378,3.1175484657287598,-0.001484367181546986,0.0668538510799408,0.9976890087127686,0.01204046793282032
1766048429.4471452,0,-X,10,0.30000874400138855,0.0001358799054287374,0.3501598536968231,3.392195503693074e-05,3.169782939949073e-05,1.0,9.045905244420283e-06,3450.605423,2746576179,0.31,-0.00034994425368495286,-0.0013298215344548225,-0.0001349543745163828,-0.13377615809440613,-0.0013237299863249063,3.1175239086151123,-0.0014646752970293164,0.06682541221380234,0.9976907968521118,0.012051432393491268
1766048429.4973063,0,-X,10,0.30000749230384827,0.00013862273772247136,0.3501606285572052,3.655378895928152e-05,2.7530422812560573e-05,1.0,1.0561859198787715e-05,3450.655422,2746626178,0.37,-0.0003517064615152776,-0.001403013477101922,-9.040506847668439e-05,-0.13365693390369415,-0.0013867943780496716,3.117556571960449,-0.0014943291898816824,0.06676558405160904,0.9976949691772461,0.012037219479680061
1766048429.5475216,0,-X,10,0.30000725388526917,0.00013585387205239385,0.3501615822315216,3.757203739951365e-05,2.8579579520737752e-05,1.0,7.865643965487834e-06,3450.7054209999997,2746676176,0.32,-0.00034575691097415984,-0.0014442290412262082,-6.503965414594859e-05,-0.13363145291805267,-0.0013954784953966737,3.1175639629364014,-0.001498259836807847,0.0667528286576271,0.9976958632469177,0.012033785693347454
1766048429.7994337,0,+Y,1,0.30335739254951477,0.004367724061012268,0.34984081983566284,0.0017676346469670534,2.634978409332689e-05,0.9999982118606567,0.0007045273669064045,3450.957422,2746928174,0.33,-0.0002554561069700867,-0.0012145097134634852,-0.00015830683696549386,-0.13370873034000397,-0.0013581269886344671,3.1174113750457764,-0.0014851843006908894,0.06679148972034454,0.997692346572876,0.012108652852475643
1766048430.0506322,0,+Y,2,0.3084835410118103,0.009365170262753963,0.3499353229999542,0.0016059415647760034,3.7859721487620845e-05,0.9999985098838806,0.0006586640374734998,3451.209469,2747180214,0.31,-0.00026656489353626966,-0.001255650888197124,2.5193610781570897e-05,-0.13355910778045654,-0.0013372027315199375,3.117332935333252,-0.001476464094594121,0.06671691685914993,0.9976969361305237,0.012147098779678345
1766048430.3018765,0,+Y,3,0.31349697709083557,0.014398293569684029,0.3499492406845093,0.0015720570227131248,6.916935672052205e-05,0.9999985694885254,0.0006224834942258894,3451.4594309999998,2747430174,0.31,-0.00030333473114296794,-0.0012660047505050898,-0.00010459787881700322,-0.13357168436050415,-0.0015103676123544574,3.117577314376831,-0.0015547716757282615,0.0667223259806633,0.9976978302001953,0.012030987069010735
1766048430.553288,0,+Y,4,0.31842121481895447,0.019345922395586967,0.34995734691619873,0.001649943646043539,7.92573337093927e-05,0.9999983906745911,0.0006685143453069031,3451.7113999999997,2747682138,0.31,-0.00023930480529088527,-0.0014076083898544312,-1.536652780487202e-05,-0.1336381733417511,-0.001275091664865613,3.1175286769866943,-0.0014394274912774563,0.06675687432289124,0.9976955056190491,0.012047435157001019
1766048430.8045714,0,+Y,5,0.3234630525112152,0.0244002565741539,0.34996530413627625,0.0016421856125816703,9.334970673080534e-05,0.9999984502792358,0.000636981101706624,3451.963436,2747934165,0.34,-0.0003534932911861688,-0.0013126798439770937,-3.934904088964686e-05,-0.13346603512763977,-0.001256495132111013,3.1174116134643555,-0.001433019177056849,0.06667102873325348,0.997700572013855,0.012105165049433708
1766048431.0558486,0,+Y,6,0.328403502702713,0.02930779568850994,0.34997156262397766,0.0016535483300685883,9.956264693755656e-05,0.9999983906745911,0.0007227892056107521,3452.213436,2748184157,0.32,-0.00025937979808077216,-0.0009268780122511089,0.0001727189082885161,-0.13356904685497284,-0.0011197814019396901,3.117347240447998,-0.0013675926020368934,0.06672319769859314,0.9976968169212341,0.012132799252867699
1766048431.3070323,0,+Y,7,0.33339282870292664,0.03427780419588089,0.3499780595302582,0.0016555526526644826,0.00010168038716074079,0.9999983906745911,0.0006625750684179366,3452.465507,2748436227,0.37,-0.0003243322717025876,-0.0009818451944738626,-2.8019858291372657e-05,-0.13354070484638214,-0.0011489064199849963,3.117239475250244,-0.0013855432625859976,0.06670881807804108,0.997697114944458,0.012187503278255463
1766048431.5580585,0,+Y,8,0.3383319675922394,0.039245881140232086,0.35008907318115234,0.0017046650173142552,6.784014112781733e-05,0.9999982714653015,0.0007511049043387175,3452.7155049999997,2748686218,0.31,-0.00029700295999646187,-0.0011892815819010139,-2.6560906917438842e-05,-0.13361762464046478,-0.0011544398730620742,3.1171538829803467,-0.0013916234020143747,0.06674709171056747,0.9976940155029297,0.012230339460074902
1766048431.809148,0,+Y,9,0.34328728914260864,0.044213663786649704,0.35005316138267517,0.0017886519199237227,5.937584501225501e-05,0.9999980926513672,0.0007761839660815895,3452.967433,2748938140,0.35,-0.00026208843337371945,-0.0011459275847300887,4.8426405555801466e-05,-0.13380518555641174,-0.0013139699585735798,3.117708444595337,-0.001453814678825438,0.06684008985757828,0.9976909756660461,0.011959073133766651
1766048432.0605338,0,+Y,10,0.34831205010414124,0.04921029880642891,0.35003262758255005,0.0017575754318386316,5.0945596740348265e-05,0.999998152256012,0.0007880007615312934,3453.219432,2749190140,0.31,-0.0002968944900203496,-0.001112701022066176,-0.00013125046098139137,-0.13371314108371735,-0.0013252479257062078,3.117807149887085,-0.0014555957168340683,0.06679417937994003,0.9976946115493774,0.01191018521785736
1766048432.1108012,0,+Y,10,0.3491699993610382,0.04968556389212608,0.35006260871887207,0.0010327973868697882,8.767771942075342e-05,0.9999993443489075,0.0004384596541058272,3453.269582,2749240290,0.33,-0.0003027152270078659,-0.0011738189496099949,-6.684339314233512e-05,-0.1336977332830429,-0.0012367457384243608,3.117795467376709,-0.0014117428800091147,0.0667870044708252,0.9976951479911804,0.011913017369806767
1766048432.161004,0,+Y,10,0.34968504309654236,0.04989079385995865,0.3500848114490509,0.00044435972813516855,5.008485459256917e-05,0.9999998807907104,0.00022103427909314632,3453.319502,2749290210,0.35,-0.0003497930883895606,-0.0011975568486377597,-5.2225153922336176e-05,-0.1337369680404663,-0.0012366761220619082,3.117722749710083,-0.0014143695589154959,0.06680653244256973,0.9976934194564819,0.011949291452765465
1766048432.211201,0,+Y,10,0.34994834661483765,0.05003106966614723,0.3501244783401489,0.00018362796981818974,2.702535130083561e-05,1.0,8.705816435394809e-05,3453.3695129999996,2749340220,0.38,-0.0003918314178008586,-0.0011200319277122617,-0.00010560608643572778,-0.13378247618675232,-0.0013223923742771149,3.117689847946167,-0.001458495855331421,0.06682869791984558,0.9976916313171387,0.011968528851866722
1766048432.2614267,0,+Y,10,0.35001784563064575,0.05010436475276947,0.3501417934894562,8.770700515015051e-05,2.888627386710141e-05,1.0,2.4397137167397887e-05,3453.4194359999997,2749390135,0.35,-0.00041465790127404034,-0.0009763909038156271,-0.0001310226507484913,-0.1337902545928955,-0.0012606160016730428,3.11755633354187,-0.0014321873895823956,0.06683284789323807,0.9976906180381775,0.012033076956868172
1766048432.3116488,0,+Y,10,0.35001394152641296,0.0500980019569397,0.35014423727989197,7.669276237720624e-05,4.6085984649835154e-05,1.0,3.116779771517031e-05,3453.4694729999997,2749440172,0.31,-0.0003645090037025511,-0.0008807753911241889,-0.00010146808199351653,-0.13376033306121826,-0.001274204347282648,3.1175408363342285,-0.001439309911802411,0.06681782752275467,0.9976915121078491,0.01204134151339531
1766048432.3618546,0,+Y,10,0.34999412298202515,0.05009397864341736,0.3501419126987457,8.619307482149452e-05,4.644996442948468e-05,1.0,4.0311639168066904e-05,3453.5194349999997,2749490134,0.33,-0.00030058284755796194,-0.0009193358710035682,-0.0001120413580792956,-0.13376285135746002,-0.0013178432127460837,3.1175708770751953,-0.0014600905124098063,0.06681884080171585,0.9976915717124939,0.012027815915644169
1766048432.4120755,0,+Y,10,0.3499717712402344,0.05008107051253319,0.3501368761062622,0.00010718495468609035,4.4476350012701005e-05,1.0,3.943004776374437e-05,3453.569504,2749540204,0.38,-0.0002303287183167413,-0.0010105447145178914,-0.00013366319763008505,-0.13376913964748383,-0.001329235266894102,3.117587089538574,-0.0014652661047875881,0.06682192534208298,0.9976914525032043,0.012020059861242771
1766048432.4623215,0,+Y,10,0.3499511778354645,0.05007665976881981,0.35013389587402344,0.0001267511979676783,3.910956729669124e-05,1.0,3.838475458906032e-05,3453.6214379999997,2749592136,0.36,-0.000236708321608603,-0.001108532422222197,-0.0002382654056418687,-0.1337403953075409,-0.0012958847219124436,3.117544412612915,-0.0014498819364234805,0.06680775433778763,0.9976921677589417,0.012040216475725174
1766048432.5126078,0,+Y,10,0.34994471073150635,0.05006811395287514,0.3501358926296234,0.00014169742644298822,4.7081939555937424e-05,1.0,4.774537228513509e-05,3453.671437,2749642136,0.34,-0.00027324826805852354,-0.0012052779784426093,-0.00027751995366998017,-0.1336953043937683,-0.0012634587474167347,3.117387294769287,-0.0014386874390766025,0.06678534299135208,0.9976927638053894,0.012117573991417885
1766048432.5628216,0,+Y,10,0.3499394655227661,0.05006413534283638,0.350131094455719,0.00014691469550598413,4.633259231923148e-05,1.0,4.8323196097044274e-05,3453.721435,2749692134,0.34,-0.0002817533095367253,-0.0012856140965595841,-0.0001951632439158857,-0.13365663588047028,-0.0011492962948977947,3.1173033714294434,-0.0013843050692230463,0.06676668673753738,0.9976935982704163,0.012155603617429733
1766048432.6130414,0,+Y,10,0.34993651509284973,0.05007006973028183,0.3501262366771698,0.00015393101784866303,3.619457493186928e-05,1.0,4.81601819046773e-05,3453.7714229999997,2749742121,0.33,-0.0002534982922952622,-0.001224659150466323,-0.00010022700007539243,-0.13365136086940765,-0.001157619641162455,3.1172733306884766,-0.001389430253766477,0.0667639821767807,0.9976935982704163,0.012170901522040367
1766048432.6632493,0,+Y,10,0.3499356210231781,0.05006835609674454,0.3501259982585907,0.00015301689563784748,4.255389285390265e-05,1.0,5.1602983148768544e-05,3453.821423,2749792124,0.37,-0.00021910779469180852,-0.0011329626431688666,-1.0322619345970452e-05,-0.13369226455688477,-0.0011837807251140475,3.1172924041748047,-0.0014020869275555015,0.06678424030542374,0.997692346572876,0.012162194587290287
1766048432.7134078,0,+Y,10,0.34993690252304077,0.0500640794634819,0.35012733936309814,0.00015456121764145792,4.645682929549366e-05,1.0,5.189329749555327e-05,3453.8714219999997,2749842122,0.34,-0.00017274540732614696,-0.0010267767356708646,7.041529443085892e-06,-0.1336931437253952,-0.0011575522366911173,3.1173155307769775,-0.0013882346684113145,0.06678485870361328,0.9976924657821655,0.012149759568274021
1766048432.7635682,0,+Y,10,0.3499358892440796,0.0500616617500782,0.3501262366771698,0.00015544901543762535,4.845685907639563e-05,1.0,5.0668961193878204e-05,3453.921422,2749892123,0.34,-0.00015844989684410393,-0.0008194824331440032,-4.576502306008479e-06,-0.1336965560913086,-0.0011388512793928385,3.1173136234283447,-0.0013789928052574396,0.06678667664527893,0.997692346572876,0.012150129303336143
1766048432.813799,0,+Y,10,0.34993281960487366,0.05006307736039162,0.35012325644493103,0.00015521328896284103,4.189534593024291e-05,1.0,4.769052975461818e-05,3453.971423,2749942124,0.37,-0.00017571657372172922,-0.0007894410518929362,-0.0001134185804403387,-0.13371895253658295,-0.0012033934472128749,3.1173336505889893,-0.0014106582384556532,0.06679746508598328,0.9976916909217834,0.012142329476773739
1766048432.8640091,0,+Y,10,0.3499332368373871,0.050064533948898315,0.35012325644493103,0.00015827517199795693,4.341955354902893e-05,1.0,5.122534275869839e-05,3454.021421,2749992121,0.35,-0.0002184211480198428,-0.0008510129991918802,-0.00015233342128340155,-0.13377247750759125,-0.0011945413425564766,3.117347478866577,-0.0014061008114367723,0.06682422757148743,0.997689962387085,0.012135094031691551
1766048432.9142394,0,+Y,10,0.3499335050582886,0.05006376653909683,0.3501226305961609,0.00015928776701912284,4.439952317625284e-05,1.0,5.038340168539435e-05,3454.073423,2750044123,0.35,-0.0002026503352681175,-0.000922107370570302,-0.00012157752644270658,-0.13382497429847717,-0.0011554810917004943,3.1174092292785645,-0.0013848666567355394,0.0668506994843483,0.9976886510848999,0.01210295595228672
1766048432.9644556,0,+Y,10,0.34993329644203186,0.0500619150698185,0.3501224219799042,0.00015930618974380195,4.724542668554932e-05,1.0,4.998962685931474e-05,3454.123424,2750094124,0.33,-0.00019217983935959637,-0.0010288689518347383,-0.00010167424625251442,-0.13380293548107147,-0.001144133391790092,3.117426872253418,-0.0013784891925752163,0.0668397843837738,0.9976894855499268,0.012093858793377876
1766048433.0146708,0,+Y,10,0.3499322831630707,0.05006203427910805,0.3501219153404236,0.00015945773338899016,4.7221827117027715e-05,1.0,5.0492755690356717e-05,3454.173422,2750144122,0.34,-0.00019079142657574266,-0.0011590210488066077,-7.513487798860297e-05,-0.13377690315246582,-0.001148731797002256,3.1174604892730713,-0.0013794992119073868,0.06682679057121277,0.9976905584335327,0.012077182531356812
1766048433.0649233,0,+Y,10,0.3499312698841095,0.050063397735357285,0.3501211404800415,0.0001601789117557928,4.3373725929996e-05,1.0,5.0008333346340805e-05,3454.223422,2750194122,0.37,-0.00024251334252767265,-0.0012194793671369553,-2.7654295990942046e-05,-0.13376322388648987,-0.001134399208240211,3.1175119876861572,-0.0013705466408282518,0.06682009249925613,0.9976913332939148,0.012051012367010117
1766048433.1151688,0,+Y,10,0.34993138909339905,0.05006372183561325,0.3501201868057251,0.0001624680298846215,4.489507045946084e-05,1.0,5.0391736294841394e-05,3454.2734219999998,2750244121,0.31,-0.0002840154047589749,-0.0012372556375339627,1.6149824659805745e-05,-0.13369174301624298,-0.001166515052318573,3.1175155639648438,-0.0013860231265425682,0.06678424030542374,0.9976937174797058,0.012050356715917587
1766048433.1653488,0,+Y,10,0.3499314486980438,0.05006220191717148,0.3501198887825012,0.00016301608411595225,4.654242729884572e-05,1.0,5.066747689852491e-05,3454.323422,2750294122,0.31,-0.0003342389827594161,-0.0012529082596302032,-9.629494343244005e-06,-0.13370095193386078,-0.001248881220817566,3.1176064014434814,-0.001424127141945064,0.06678840517997742,0.9976938962936401,0.012007704004645348
1766048433.2155545,0,+Y,10,0.34993112087249756,0.05006219074130058,0.35011979937553406,0.00016195132047869265,4.428598549566232e-05,1.0,4.9522823246661574e-05,3454.3734219999997,2750344121,0.32,-0.0003762772539630532,-0.0012588649988174438,-5.9716414398280904e-05,-0.13378922641277313,-0.0012992540141567588,3.117689847946167,-0.001446996582672,0.06683219969272614,0.9976913928985596,0.011967802420258522
1766048433.2658193,0,+Y,10,0.34993064403533936,0.05006162077188492,0.3501192331314087,0.00016097590560093522,4.560050001600757e-05,1.0,5.027676161262207e-05,3454.423421,2750394119,0.36,-0.00040960320620797575,-0.001204572501592338,-0.00012188406981294975,-0.13387389481067657,-0.0012981906766071916,3.1177384853363037,-0.0014453462790697813,0.06687447428703308,0.997688889503479,0.01194355171173811
1766048433.3160377,0,+Y,10,0.3499310314655304,0.050061289221048355,0.3501194417476654,0.0001618076057638973,4.601994078257121e-05,1.0,5.040755058871582e-05,3454.473422,2750444120,0.35,-0.0003936896682716906,-0.0011678716400638223,-0.00011589276255108416,-0.13385534286499023,-0.0012638617772608995,3.117786169052124,-0.0014265156351029873,0.0668654590845108,0.9976897835731506,0.011918592266738415
1766048433.3662343,0,+Y,10,0.34993216395378113,0.050062842667102814,0.35012108087539673,0.0001642186107346788,4.457045724848285e-05,1.0,5.123614027979784e-05,3454.525423,2750496121,0.36,-0.00036736222682520747,-0.0011415110202506185,-6.232882151380181e-05,-0.13384763896465302,-0.0013102670200169086,3.1178319454193115,-0.0014480911195278168,0.06686136871576309,0.9976902604103088,0.011897344142198563
1766048433.4164228,0,+Y,10,0.34993159770965576,0.050060391426086426,0.3501201570034027,0.00016347147175110877,4.6115415898384526e-05,1.0,4.963546234648675e-05,3454.575423,2750546121,0.36,-0.00031548403785564005,-0.001110362121835351,-9.940956260834355e-06,-0.13384225964546204,-0.0012485834304243326,3.1177730560302734,-0.0014192549278959632,0.06685902178287506,0.9976901412010193,0.01192462258040905
1766048433.4666402,0,+Y,10,0.3499320447444916,0.05006028339266777,0.35012122988700867,0.00016418180894106627,4.650135451811366e-05,1.0,5.096082531963475e-05,3454.6254209999997,2750596113,0.33,-0.00026343148783780634,-0.0010487018153071404,1.3382360521063674e-05,-0.13372226059436798,-0.0012038511922582984,3.11765456199646,-0.0014001899398863316,0.0667993426322937,0.9976934790611267,0.011982282623648643
1766048433.5169103,0,+Y,10,0.34993237257003784,0.05005834251642227,0.350121408700943,0.00016385108756367117,4.727683699456975e-05,1.0,5.2151652198517695e-05,3454.67543,2750646123,0.3,-0.00026033123140223324,-0.001053628046065569,1.4358372936840169e-05,-0.13364121317863464,-0.0011436633067205548,3.1174988746643066,-0.0013748729834333062,0.06675916165113449,0.9976953268051147,0.01205784548074007
1766048433.5671458,0,+Y,10,0.3499327003955841,0.05005921795964241,0.35012146830558777,0.0001647399039939046,4.58102258562576e-05,1.0,5.192632306716405e-05,3454.7254209999996,2750696113,0.31,-0.00030966487247496843,-0.0010641176486387849,-7.7998101915e-06,-0.13370472192764282,-0.0011706402292475104,3.1174633502960205,-0.0013899022014811635,0.06679065525531769,0.9976929426193237,0.012076536193490028
1766048433.6173692,0,+Y,10,0.3499324321746826,0.05005853250622749,0.35012170672416687,0.0001647951576160267,4.454825466382317e-05,1.0,5.053535278420895e-05,3454.775421,2750746114,0.34,-0.00030481733847409487,-0.0010038211476057768,-5.099845657241531e-05,-0.13369645178318024,-0.0011292357230558991,3.1173815727233887,-0.001371928141452372,0.06678672134876251,0.9976927638053894,0.012115937657654285
1766048433.6676033,0,+Y,10,0.3499329686164856,0.0500575453042984,0.3501220941543579,0.00016481943021062762,4.411464396980591e-05,1.0,5.009751839679666e-05,3454.825423,2750796113,0.36,-0.00028549155103974044,-0.0008777615730650723,-2.3915654310258105e-05,-0.13372884690761566,-0.0010967636480927467,3.117372989654541,-0.0013562097446992993,0.06680307537317276,0.9976916313171387,0.012119105085730553
1766048433.717796,0,+Y,10,0.3499320149421692,0.05005745217204094,0.35012099146842957,0.00016329677600879222,4.5577431592391804e-05,1.0,4.9129677790915594e-05,3454.8754219999996,2750846111,0.34,-0.0002526844327803701,-0.0008020969107747078,1.0395261597295757e-05,-0.1337731033563614,-0.0011089603649452329,3.11738920211792,-0.001362023176625371,0.06682509183883667,0.9976902604103088,0.012111484073102474
1766048433.7679915,0,+Y,10,0.34993141889572144,0.050057511776685715,0.3501206934452057,0.0001631767809158191,4.508513302425854e-05,1.0,4.9177422624779865e-05,3454.925421,2750896111,0.35,-0.0001933887688210234,-0.0008150635403580964,-1.9711726054083556e-05,-0.13374143838882446,-0.0010757771087810397,3.117417573928833,-0.0013443310745060444,0.0668095201253891,0.9976915121078491,0.012096219696104527
1766048433.818229,0,+Y,10,0.3499319553375244,0.050057392567396164,0.35012176632881165,0.00016416999278590083,4.683205406763591e-05,1.0,4.973359318682924e-05,3454.977421,2750948111,0.34,-0.00017021058010868728,-0.0008473641355521977,3.297430885140784e-05,-0.13372434675693512,-0.0010880234185606241,3.1175148487091064,-0.0013470833655446768,0.06680098176002502,0.9976926445960999,0.012048033066093922
1766048433.868442,0,+Y,10,0.3499317467212677,0.05005663260817528,0.35012221336364746,0.0001650264603085816,4.761265518027358e-05,1.0,5.098827023175545e-05,3455.027428,2750998115,0.28,-0.00017461436800658703,-0.0008897589868865907,6.437448610085994e-05,-0.13375820219516754,-0.0011135612148791552,3.11751389503479,-0.0013600606471300125,0.06681771576404572,0.9976915121078491,0.01204940676689148
1766048433.9186327,0,+Y,10,0.34993234276771545,0.050056781619787216,0.3501230478286743,0.00016573842731304467,4.774848639499396e-05,1.0,5.210514791542664e-05,3455.077421,2751048108,0.32,-0.00019054563017562032,-0.0009391189669258893,7.525288674514741e-05,-0.13387832045555115,-0.0012114164419472218,3.117655038833618,-0.0014048723969608545,0.06687714904546738,0.9976882934570312,0.011982220225036144
1766048433.9687977,0,+Y,10,0.3499307930469513,0.05005592852830887,0.350122332572937,0.00016396383580286056,4.532081584329717e-05,1.0,5.1395320042502135e-05,3455.127428,2751098115,0.32,-0.0002317303151357919,-0.0009619875345379114,2.7784031772171147e-05,-0.13386976718902588,-0.0012333296472206712,3.1176836490631104,-0.0014147928450256586,0.06687276065349579,0.9976887106895447,0.011968633159995079
1766048434.0189946,0,+Y,10,0.3499307930469513,0.050055477768182755,0.3501223921775818,0.0001644001604290679,4.4314208935247734e-05,1.0,5.106142634758726e-05,3455.177421,2751148108,0.35,-0.0002885002177208662,-0.0010146299609914422,-6.044162000762299e-05,-0.13389456272125244,-0.0012564171338453889,3.117633819580078,-0.0014281265903264284,0.06688495725393295,0.997687578201294,0.011994305066764355
1766048434.069201,0,+Y,10,0.34993046522140503,0.050056278705596924,0.3501228988170624,0.00016532187873963267,4.2014049540739506e-05,1.0,4.9784695875132456e-05,3455.227422,2751198106,0.34,-0.00033974097459577024,-0.0010210820473730564,-0.00012592331040650606,-0.13399769365787506,-0.0012648901902139187,3.1175825595855713,-0.0014346829848363996,0.06693632155656815,0.9976838231086731,0.012020147405564785
1766048434.3210988,0,-Y,1,0.35153934359550476,0.04085475951433182,0.35006487369537354,-0.001449216972105205,9.103179763769731e-05,0.9999986886978149,-0.0007082128431648016,3455.479429,2751450109,0.3,-0.0003937862638849765,-0.00122810376342386,-9.268532448913902e-05,-0.13380110263824463,-0.0014183155726641417,3.1177420616149902,-0.0015047130873426795,0.06683744490146637,0.9976912140846252,0.011945698410272598
1766048434.5721085,0,-Y,2,0.35146692395210266,0.030751096084713936,0.35008203983306885,-0.001389906625263393,3.622035728767514e-05,0.9999988675117493,-0.0006062552565708756,3455.7314119999996,2751702090,0.36,-0.00016824295744299889,-0.0011663584737107158,5.147410411154851e-05,-0.13356508314609528,-0.0013360042357817292,3.1175737380981445,-0.001467872760258615,0.06672007590532303,0.997698187828064,0.012026987969875336
1766048434.8233414,0,-Y,3,0.351380318403244,0.020656052976846695,0.3501336872577667,-0.0013404509518295527,-7.93120216258103e-06,0.9999989867210388,-0.0004964576219208539,3455.9814549999996,2751952129,0.31,-0.00027926251641474664,-0.0007901554345153272,-0.00010419015598017722,-0.1335844248533249,-0.0012041016016155481,3.1173136234283447,-0.0014108626637607813,0.06673034280538559,0.997696042060852,0.012152271345257759
1766048435.0745308,0,-Y,4,0.35137733817100525,0.010674654506146908,0.35015034675598145,-0.001344282180070877,6.212601874722168e-05,0.999998927116394,-0.0005348861450329423,3456.2334229999997,2752204086,0.35,-0.00036930720671080053,-0.001004735822789371,0.00012533168774098158,-0.13385336101055145,-0.0013742157025262713,3.1175479888916016,-0.001489512505941093,0.06686363369226456,0.997688353061676,0.012041040696203709
1766048435.3259516,0,-Y,5,0.35129955410957336,0.0006149521213956177,0.35015401244163513,-0.0012585375225171447,6.055768972146325e-05,0.9999991059303284,-0.00043377187103033066,3456.4834229999997,2752454082,0.33,-0.0002099624980473891,-0.0009725203271955252,-8.946382877184078e-05,-0.13390743732452393,-0.0013928043190389872,3.1177093982696533,-0.0014937149826437235,0.06689061969518661,0.9976875185966492,0.011961216107010841
1766048435.5772297,0,-Y,6,0.35129275918006897,-0.009448260068893433,0.35016658902168274,-0.0012364942813292146,2.1514126274269074e-05,0.9999991655349731,-0.0004013687139376998,3456.735421,2752706072,0.34,-0.00018050904327537864,-0.0013486669631674886,2.1347401343518868e-05,-0.13373543322086334,-0.0012058633146807551,3.1172566413879395,-0.0014145573368296027,0.06680561602115631,0.9976906776428223,0.012180753983557224
1766048435.8282313,0,-Y,7,0.3512616753578186,-0.019491510465741158,0.35016265511512756,-0.0011838735081255436,3.8838163163745776e-05,0.9999992251396179,-0.000404230086132884,3456.987421,2752958067,0.35,-0.0003025913320016116,-0.000827753683552146,-0.00020845196559093893,-0.13398106396198273,-0.001308151870034635,3.1178040504455566,-0.0014487552689388394,0.06692792475223541,0.9976856708526611,0.011911149136722088
1766048436.079337,0,-Y,8,0.3512212038040161,-0.029536131769418716,0.35020220279693604,-0.0011775681050494313,6.706379645038396e-05,0.9999992251396179,-0.00035110049066133797,3457.237421,2753208063,0.34,-0.00032373436260968447,-0.001093145227059722,6.014775863150135e-05,-0.1338280886411667,-0.0013112269807606936,3.1177890300750732,-0.0014498841483145952,0.06685157865285873,0.9976906776428223,0.011918713338673115
1766048436.330499,0,-Y,9,0.35117679834365845,-0.039593085646629333,0.3502430021762848,-0.0011464686831459403,1.1832160453195684e-05,0.9999992847442627,-0.00028686565929092467,3457.489466,2753460107,0.3,-0.0003810522030107677,-0.0010631957557052374,1.688028896751348e-05,-0.13368460536003113,-0.0013700597919523716,3.117856025695801,-0.0014761450001969934,0.06677970290184021,0.9976958632469177,0.011887237429618835
1766048436.5817778,0,-Y,10,0.35111159086227417,-0.04964856803417206,0.3502924144268036,-0.0011183057213202119,1.1807666851382237e-05,0.9999993443489075,-0.00024337327340617776,3457.739423,2753710063,0.34,-0.0002810507139656693,-0.0009960769675672054,-0.00022760294086765498,-0.1336415857076645,-0.0014691775431856513,3.1175622940063477,-0.001535142189823091,0.066757433116436,0.9976954460144043,0.012037101201713085
1766048436.6320155,0,-Y,10,0.35074377059936523,-0.05005871504545212,0.3502907454967499,-0.0008133329683914781,-0.00011184935283381492,0.9999996423721313,9.97310780803673e-05,3457.789468,2753760108,0.34,-0.000279807805782184,-0.0009678067290224135,-0.00027668726397678256,-0.13352113962173462,-0.0015307202702388167,3.117602586746216,-0.0015637781471014023,0.06669700890779495,0.9976996779441833,0.012019029818475246
1766048436.682271,0,-Y,10,0.3503181040287018,-0.04978957399725914,0.35029008984565735,-0.0004119226650800556,3.026512104042922e-06,0.9999998807907104,-0.00013050019333604723,3457.841423,2753812062,0.32,-0.0002497089153621346,-0.0010301556903868914,-0.0002297135506523773,-0.13350465893745422,-0.0015223216032609344,3.1175715923309326,-0.0015605303924530745,0.06668882071971893,0.997700035572052,0.012034310959279537
1766048436.7324853,0,-Y,10,0.35013440251350403,-0.049734316766262054,0.35023069381713867,-0.0001923366799019277,7.735770486760885e-05,0.9999999403953552,-0.00019570316362660378,3457.8914219999997,2753862060,0.33,-0.00026950758183375,-0.0011219657026231289,-0.00013142524403519928,-0.1335465908050537,-0.001487166155129671,3.117556571960449,-0.0015437410911545157,0.06670992821455002,0.9976985454559326,0.012040582485496998
1766048436.7827184,0,-Y,10,0.35009512305259705,-0.049834076315164566,0.35018423199653625,-0.00013529405987355858,2.9955463105579838e-05,1.0,-0.00010665293666534126,3457.941422,2753912061,0.32,-0.0002751374267973006,-0.0011180100264027715,-4.136093775741756e-05,-0.1335235834121704,-0.0014520114054903388,3.1175193786621094,-0.0015273063909262419,0.06669864058494568,0.9976991415023804,0.012057951651513577
1766048436.8329444,0,-Y,10,0.3500974774360657,-0.049851443618535995,0.35018548369407654,-0.00012229575077071786,2.255271283502225e-05,1.0,-7.472006836906075e-05,3457.991424,2753962063,0.3,-0.00029429179267026484,-0.0011080275289714336,1.4384178257387248e-06,-0.13353872299194336,-0.0015018051490187645,3.117541790008545,-0.0015514910919591784,0.06670591235160828,0.9976987242698669,0.012048463337123394
1766048436.8831758,0,-Y,10,0.3500988185405731,-0.04982504993677139,0.35018637776374817,-0.0001445568195777014,2.8685857614618726e-05,1.0,-0.00010100969666382298,3458.041422,2754012059,0.37,-0.0003413266967982054,-0.0010847568046301603,3.1902669434202835e-05,-0.13362407684326172,-0.0015545161440968513,3.1175615787506104,-0.0015776340151205659,0.06674818694591522,0.9976959824562073,0.012040329165756702
1766048436.9333704,0,-Y,10,0.350113183259964,-0.0498301163315773,0.35020264983177185,-0.00015128872473724186,2.4371067411266267e-05,1.0,-9.088021761272103e-05,3458.091422,2754062059,0.33,-0.00035853288136422634,-0.0011218586005270481,1.9053193682339042e-05,-0.1336478441953659,-0.0014846569392830133,3.1175055503845215,-0.0015447994228452444,0.06676041334867477,0.9976948499679565,0.01206598337739706
1766048436.9835474,0,-Y,10,0.3501198887825012,-0.04981878772377968,0.3502027988433838,-0.0001611847837921232,2.6795976737048477e-05,1.0,-0.00010412071424070746,3458.1414219999997,2754112058,0.29,-0.0003315514186397195,-0.001199041958898306,0.00013413108536042273,-0.13371501863002777,-0.0014122783904895186,3.117501735687256,-0.0015092229004949331,0.06679436564445496,0.9976926445960999,0.012065464630723
1766048437.0337584,0,-Y,10,0.3501288592815399,-0.049814872443675995,0.3502044975757599,-0.0001663830626057461,2.44574712269241e-05,1.0,-0.00010160755482502282,3458.191422,2754162059,0.3,-0.00029287359211593866,-0.0011711101979017258,0.0002156375558115542,-0.13384327292442322,-0.001353421132080257,3.1175618171691895,-0.0014786210376769304,0.06685873866081238,0.9976887702941895,0.012033512815833092
1766048437.083929,0,-Y,10,0.35013774037361145,-0.04981669783592224,0.35020673274993896,-0.00017248233780264854,1.8830254703061655e-05,1.0,-9.427130862604827e-05,3458.241422,2754212055,0.37,-0.00025977150653488934,-0.0010865462245419621,0.00024059962015599012,-0.1338602900505066,-0.0013534961035475135,3.1175997257232666,-0.001477487850934267,0.06686725467443466,0.9976884722709656,0.012014532461762428
1766048437.134155,0,-Y,10,0.3501392900943756,-0.04981377720832825,0.35020673274993896,-0.0001780751335900277,2.981976285809651e-05,1.0,-0.00010187768202740699,3458.2934219999997,2754264054,0.32,-0.00028196119819767773,-0.000935508287511766,0.00015691723092459142,-0.13391797244548798,-0.0013511902652680874,3.117610216140747,-0.001476336969062686,0.06689605116844177,0.9976865649223328,0.012009312398731709
1766048437.1843736,0,-Y,10,0.35013800859451294,-0.049819543957710266,0.35020580887794495,-0.00018160007311962545,1.8157103113480844e-05,1.0,-9.757528459886089e-05,3458.343423,2754314056,0.31,-0.0003309981257189065,-0.0008166480693034828,7.022489444352686e-05,-0.1339472085237503,-0.0013491904828697443,3.1176114082336426,-0.0014754724688827991,0.06691065430641174,0.9976856112480164,0.012008631601929665
1766048437.2346048,0,-Y,10,0.35014039278030396,-0.04981924220919609,0.35020697116851807,-0.00017615771503187716,2.4239418053184636e-05,1.0,-9.409534686710685e-05,3458.393423,2754364056,0.33,-0.000344588392181322,-0.0006788893952034414,-2.3451635570381768e-05,-0.13390685617923737,-0.0012905882904306054,3.117443799972534,-0.0014516004594042897,0.06689075380563736,0.997685968875885,0.012090224772691727
1766048437.2847757,0,-Y,10,0.3501403033733368,-0.04982401803135872,0.3502069413661957,-0.00017336200107820332,2.0941495677107014e-05,1.0,-8.703942148713395e-05,3458.443422,2754414045,0.34,-0.000287868722807616,-0.000644936750177294,-4.079581412952393e-05,-0.13388748466968536,-0.0012227424886077642,3.1174001693725586,-0.0014191004447638988,0.06688147038221359,0.9976864457130432,0.012109747156500816
1766048437.3349442,0,-Y,10,0.35013601183891296,-0.049827974289655685,0.3502046763896942,-0.00017964010476134717,2.2055295630707406e-05,1.0,-9.545907232677564e-05,3458.493422,2754464045,0.36,-0.00021673424635082483,-0.0007283499580807984,-1.5819761756574735e-05,-0.13390766084194183,-0.0011411281302571297,3.1174328327178955,-0.0013774133985862136,0.06689205020666122,0.9976860284805298,0.012090673670172691
1766048437.3851213,0,-Y,10,0.3501368463039398,-0.04982679337263107,0.3502069413661957,-0.00017536067753098905,2.9722235922235996e-05,1.0,-9.151692211162299e-05,3458.543425,2754514048,0.35,-0.0001876029564300552,-0.0008155569084919989,9.599946679372806e-06,-0.1339797079563141,-0.0011983669828623533,3.1175739765167236,-0.0014016830828040838,0.06692774593830109,0.9976844191551208,0.012022275477647781
1766048437.4352906,0,-Y,10,0.3501374125480652,-0.04982303828001022,0.3502073884010315,-0.00017352109716739506,2.2053178327041678e-05,1.0,-9.009831410367042e-05,3458.593422,2754564045,0.34,-0.00018088193610310555,-0.0009127493249252439,-2.2608022845815867e-05,-0.13393989205360413,-0.001216704724356532,3.1176624298095703,-0.0014076260849833488,0.06690783053636551,0.9976862668991089,0.011978653259575367
1766048437.4854534,0,-Y,10,0.3501371741294861,-0.049822285771369934,0.3502066731452942,-0.00017203579773195088,2.3619957573828287e-05,1.0,-8.925348083721474e-05,3458.6434219999996,2754614044,0.31,-0.00022164033725857735,-0.0010504090460017323,-0.00014294925495050848,-0.13394604623317719,-0.0012452963273972273,3.117670774459839,-0.0014216536656022072,0.0669107437133789,0.9976860880851746,0.01197555661201477
1766048437.5357313,0,-Y,10,0.3501355051994324,-0.049823589622974396,0.3502051830291748,-0.0001731415541144088,2.004998896154575e-05,1.0,-8.984607848105952e-05,3458.6934229999997,2754664044,0.28,-0.00027638525352813303,-0.0011958987452089787,-0.00014909594028722495,-0.13388024270534515,-0.0013083062367513776,3.117666244506836,-0.0014528451720252633,0.06687752902507782,0.9976882338523865,0.01197991706430912
1766048437.58597,0,-Y,10,0.3501371145248413,-0.049825865775346756,0.35020744800567627,-0.00016963426605798304,1.964139664778486e-05,1.0,-9.36456344788894e-05,3458.743422,2754714044,0.34,-0.00030415048240683973,-0.0013177318032830954,-0.00010986159031745046,-0.13383983075618744,-0.0013144785771146417,3.1176624298095703,-0.0014558120165020227,0.06685733050107956,0.9976895451545715,0.011982038617134094
1766048437.6361966,0,-Y,10,0.3501340448856354,-0.049825094640254974,0.35020712018013,-0.0001731477677822113,2.4428654796793126e-05,1.0,-8.831240847939625e-05,3458.795421,2754766043,0.31,-0.00030781171517446637,-0.0013520052889361978,-7.589911547256634e-05,-0.13381439447402954,-0.0012773222988471389,3.11759877204895,-0.0014392476296052337,0.06684482097625732,0.9976900219917297,0.012012471444904804
1766048437.686377,0,-Y,10,0.35013464093208313,-0.04982849955558777,0.3502082824707031,-0.0001712986413622275,1.8033237211056985e-05,1.0,-8.998644625535235e-05,3458.845422,2754816044,0.29,-0.0003243717656005174,-0.0012649124255403876,-4.247216202202253e-05,-0.13378699123859406,-0.001250733039341867,3.1175360679626465,-0.0014279179740697145,0.06683126837015152,0.9976906180381775,0.012042902410030365
1766048437.7365413,0,-Y,10,0.3501351475715637,-0.04982944205403328,0.35020825266838074,-0.00016995341866277158,2.4152783225872554e-05,1.0,-8.585241448599845e-05,3458.895422,2754866042,0.37,-0.0002891879412345588,-0.001049285987392068,-2.9698923754040152e-05,-0.133795827627182,-0.0011803394882008433,3.117447853088379,-0.0013958007330074906,0.06683603674173355,0.9976897835731506,0.01208451483398676
1766048437.7867289,0,-Y,10,0.3501322567462921,-0.04982715845108032,0.35020774602890015,-0.00017070966714527458,1.9653056369861588e-05,1.0,-8.869855082593858e-05,3458.945421,2754916041,0.33,-0.0002454570203553885,-0.0009146845550276339,-9.01228777365759e-05,-0.1336754709482193,-0.0010794531553983688,3.1173038482666016,-0.0013495608000084758,0.06677651405334473,0.9976930022239685,0.012153016403317451
1766048437.8369198,0,-Y,10,0.3501313030719757,-0.04982577636837959,0.35020753741264343,-0.00017304053471889347,1.9273426005383953e-05,1.0,-9.234275785274804e-05,3458.995422,2754966042,0.3,-0.00022106339747551829,-0.0009016830590553582,-5.231213799561374e-05,-0.13358041644096375,-0.0010452413698658347,3.1171886920928955,-0.0013357650022953749,0.06672922521829605,0.9976955056190491,0.012209374457597733
1766048437.8871357,0,-Y,10,0.35013261437416077,-0.04982772469520569,0.3502088189125061,-0.00017096215742640197,2.8032865884597413e-05,1.0,-9.214534657076001e-05,3459.0454219999997,2755016041,0.35,-0.00019403285114094615,-0.0009208033443428576,3.698968794196844e-05,-0.13357938826084137,-0.0009928090730682015,3.117178440093994,-0.0013099416391924024,0.06672902405261993,0.9976955056190491,0.01221268717199564
1766048437.9373326,0,-Y,10,0.35013294219970703,-0.049829013645648956,0.35020962357521057,-0.00016809339285828173,1.991835051740054e-05,1.0,-8.999855344882235e-05,3459.095421,2755066038,0.26,-0.00013977132039144635,-0.0009728167206048965,0.00010111955634783953,-0.1335403472185135,-0.00098727410659194,3.1172022819519043,-0.001306153484620154,0.06670960038900375,0.9976969957351685,0.012200693599879742
1766048437.9874873,0,-Y,10,0.3501313626766205,-0.049828119575977325,0.35020893812179565,-0.00016969855641946197,2.3328428142121993e-05,1.0,-8.890003664419055e-05,3459.1454209999997,2755116037,0.38,-0.00016080982459243387,-0.001050329185090959,0.0001745128392940387,-0.13346949219703674,-0.0009429083438590169,3.117034673690796,-0.00128917524125427,0.06667441129684448,0.9976983666419983,0.012282776646316051
1766048438.0376585,0,-Y,10,0.35013145208358765,-0.04982787370681763,0.3502090275287628,-0.00016920057532843202,2.19096546061337e-05,1.0,-8.701423939783126e-05,3459.195422,2755166039,0.28,-0.0001784903579391539,-0.0011091039050370455,0.0002397605130681768,-0.1334092617034912,-0.0008879128727130592,3.116853952407837,-0.0012673920718953013,0.0666445940732956,0.9976992607116699,0.012371066026389599
1766048438.0877962,0,-Y,10,0.35013043880462646,-0.049830686300992966,0.35020890831947327,-0.00016925485397223383,2.5518245820421726e-05,1.0,-8.720172627363354e-05,3459.2454209999996,2755216037,0.36,-0.00019539461936801672,-0.0010967052076011896,0.000209770689252764,-0.13345031440258026,-0.000851112010423094,3.116769552230835,-0.0012521026656031609,0.06666523963212967,0.9976974129676819,0.012411976233124733
1766048438.1379948,0,-Y,10,0.3501310646533966,-0.04983098432421684,0.3502090871334076,-0.0001677820982877165,1.775364944478497e-05,1.0,-8.659141167299822e-05,3459.295421,2755266034,0.33,-0.00020157435210421681,-0.0009642756194807589,0.00015152596461120993,-0.13348856568336487,-0.000864485336933285,3.116683006286621,-0.001261894591152668,0.06668418645858765,0.9976955652236938,0.012455567717552185
1766048438.1882086,0,-Y,10,0.3501317501068115,-0.04983079805970192,0.35020866990089417,-0.000165432647918351,1.846838858909905e-05,1.0,-8.740471821511164e-05,3459.347422,2755318035,0.32,-0.00015635948511771858,-0.0008888228330761194,7.173543417593464e-05,-0.1335325688123703,-0.0009330505272373557,3.1167078018188477,-0.0012955419952049851,0.06670572608709335,0.9976942539215088,0.012445449829101562
1766048438.2384353,0,-Y,10,0.35012978315353394,-0.049830012023448944,0.3502061665058136,-0.0001661230780882761,2.2052330677979626e-05,1.0,-8.795847679721192e-05,3459.39742,2755368033,0.31,-0.00013755114923696965,-0.0008727883687242866,-2.2484648525278317e-06,-0.13360941410064697,-0.0009851801441982388,3.1168529987335205,-0.0013171825557947159,0.06674382835626602,0.9976925253868103,0.01237482763826847
1766048438.2886667,0,-Y,10,0.35012921690940857,-0.049829453229904175,0.3502051532268524,-0.00016672807396389544,2.4122313334373757e-05,1.0,-8.99073202162981e-05,3459.447421,2755418034,0.35,-0.00010213295900030062,-0.0008995963144116104,-0.00012657158367801458,-0.1336105316877365,-0.0010078790364786983,3.116922616958618,-0.0013261844869703054,0.06674429029226303,0.997692883014679,0.012340783141553402
1766048438.3389072,0,-Y,10,0.35012975335121155,-0.049827396869659424,0.35020536184310913,-0.00016566654085181653,2.7034140657633543e-05,1.0,-8.544130832888186e-05,3459.497422,2755468033,0.31,-5.532607974600978e-05,-0.000990127446129918,-0.00016569337458349764,-0.13362959027290344,-0.0009698581416159868,3.117048978805542,-0.001303121098317206,0.06675412505865097,0.9976930618286133,0.012276532128453255
1766048438.3891244,0,-Y,10,0.3501295745372772,-0.04983047395944595,0.35020554065704346,-0.00016568534192629158,3.0158420486259274e-05,1.0,-8.68320930749178e-05,3459.5474209999998,2755518031,0.35,-1.611966945347376e-05,-0.0011150806676596403,-0.0001539194054203108,-0.13361398875713348,-0.000938761979341507,3.1171369552612305,-0.001284577650949359,0.06674659252166748,0.9976941347122192,0.012231610715389252
1766048438.4393795,0,-Y,10,0.35012876987457275,-0.04983007162809372,0.3502048850059509,-0.00016687868628650904,1.996516039071139e-05,1.0,-8.72049349709414e-05,3459.597425,2755568036,0.33,-4.623860877472907e-05,-0.0012261832598596811,-0.00013638954260386527,-0.13350680470466614,-0.000936002004891634,3.117253303527832,-0.001278665498830378,0.06669320911169052,0.9976984262466431,0.012173446826636791
1766048438.4896536,0,-Y,10,0.35012853145599365,-0.04983107000589371,0.3502049744129181,-0.0001661997812334448,2.167608545278199e-05,1.0,-8.597210398875177e-05,3459.64742,2755618031,0.34,-8.74268080224283e-05,-0.0012982487678527832,-6.658788333879784e-05,-0.13347548246383667,-0.0009627987747080624,3.1173348426818848,-0.0012891292572021484,0.06667747348546982,0.9976999759674072,0.012133733369410038
1766048438.539941,0,-Y,10,0.35012897849082947,-0.04983038455247879,0.3502049744129181,-0.0001660057168919593,1.8734885088633746e-05,1.0,-8.698765304870903e-05,3459.697421,2755668029,0.37,-0.00014442068641074002,-0.0013025641674175858,7.177425868576393e-05,-0.1334548443555832,-0.0009133595740422606,3.1173126697540283,-0.001265079714357853,0.06666746735572815,0.997700572013855,0.012143131345510483
1766048438.5901468,0,-Y,10,0.3501302897930145,-0.04983069375157356,0.35020580887794495,-0.0001647922326810658,2.1591920813079923e-05,1.0,-8.756170427659526e-05,3459.7494629999997,2755720070,0.32,-0.00019767378398682922,-0.001250986591912806,0.00018387293675914407,-0.1334092617034912,-0.0009061392047442496,3.1173012256622314,-0.00126158248167485,0.06664476543664932,0.9977020025253296,0.012148586101830006
1766048438.791737,0,+Z,1,0.34975919127464294,-0.04567387327551842,0.3540409505367279,0.001078458852134645,-8.156980038620532e-05,0.9999991655349731,0.0006711232126690447,3459.949464,2755920071,0.34,-0.00016765207692515105,-0.001096311490982771,-0.00012802300625480711,-0.13340607285499573,-0.0010800408199429512,3.117471218109131,-0.0013426473597064614,0.06664223223924637,0.9977030158042908,0.012069543823599815
1766048438.9926322,0,+Z,2,0.3496415317058563,-0.04081845283508301,0.3589995503425598,0.0011830651201307774,-9.578063327353448e-05,0.9999989867210388,0.0007892338908277452,3460.1514239999997,2756122027,0.35,-0.000237788466620259,-0.0012734641786664724,-4.475380774238147e-05,-0.13333909213542938,-0.0011865128763020039,3.1177167892456055,-0.0013871812261641026,0.06660833954811096,0.9977066516876221,0.011950601823627949
1766048439.1935198,0,+Z,3,0.34967535734176636,-0.03572867065668106,0.36403173208236694,0.001170799951069057,-9.357531234854832e-05,0.9999990463256836,0.0007363063632510602,3460.351423,2756322025,0.32,-0.0004080261569470167,-0.0014257060829550028,-7.030487176962197e-05,-0.13337431848049164,-0.001353511237539351,3.1179304122924805,-0.0014635880943387747,0.06662507355213165,0.9977066516876221,0.011849691160023212
1766048439.3947246,0,+Z,4,0.34968265891075134,-0.030715499073266983,0.3689853250980377,0.0011338723124936223,-5.879848322365433e-05,0.9999990463256836,0.0007706689066253603,3460.5534199999997,2756524015,0.32,-0.00035994587233290076,-0.0009371946798637509,-0.00012606954260263592,-0.1336154192686081,-0.001334387226961553,3.1179351806640625,-0.0014553060755133629,0.06674546748399734,0.9976986646652222,0.011846653185784817
1766048439.5959713,0,+Z,5,0.34954819083213806,-0.025751447305083275,0.373943954706192,0.00125586346257478,-2.543571281421464e-05,0.9999988675117493,0.0008175767143256962,3460.75342,2756724016,0.32,-0.0002884387213271111,-0.0011326858075335622,-0.0003259996010456234,-0.1335853934288025,-0.0013077191542834044,3.117671012878418,-0.0014506346778944135,0.06673045456409454,0.9976980686187744,0.01197746116667986
1766048439.7972019,0,+Z,6,0.34959766268730164,-0.02073960192501545,0.37895235419273376,0.0012214349117130041,-8.629296644357964e-06,0.999998927116394,0.0008135953103192151,3460.9554209999997,2756926013,0.36,-0.0002696179144550115,-0.0011525138979777694,-6.315384234767407e-05,-0.13364553451538086,-0.001272429944947362,3.117672920227051,-0.001433323253877461,0.06676066666841507,0.9976961016654968,0.011975307948887348
1766048439.998402,0,+Z,7,0.3494721055030823,-0.01576860062777996,0.38402459025382996,0.0013003278290852904,-3.608327097026631e-05,0.9999988079071045,0.0008324140217155218,3461.1574229999997,2757128013,0.33,-0.00042510803905315697,-0.001012540189549327,7.662304597033653e-06,-0.13337866961956024,-0.0013162492541596293,3.117520332336426,-0.001458680722862482,0.06662716716527939,0.9977040886878967,0.01205292996019125
1766048440.1994147,0,+Z,8,0.3494601845741272,-0.010826504789292812,0.3889772593975067,0.0012826964957639575,-6.268019933486357e-05,0.9999988079071045,0.0008288486278615892,3461.357424,2757328011,0.34,-0.000168584767379798,-0.0009867209009826183,-0.0002598386781755835,-0.13350625336170197,-0.001247705309651792,3.1175103187561035,-0.0014255840796977282,0.06669121980667114,0.9976997971534729,0.012055618688464165
1766048440.4004169,0,+Z,9,0.3494572639465332,-0.005847300868481398,0.39401331543922424,0.0012428235495463014,-8.278716268250719e-05,0.9999988675117493,0.0008543714066036046,3461.559422,2757530005,0.34,-0.00018485658802092075,-0.0011723664356395602,0.00012308344594202936,-0.1335241049528122,-0.0011345134116709232,3.1173746585845947,-0.001373756444081664,0.06670071184635162,0.9976984858512878,0.012119620107114315
1766048440.6015165,0,+Z,10,0.34944358468055725,-0.000837125931866467,0.39898383617401123,0.0012110458919778466,-8.340481872437522e-05,0.9999988675117493,0.0008699726895429194,3461.759454,2757730036,0.31,-0.00019621843239292502,-0.0007940228679217398,8.225866622524336e-05,-0.13359935581684113,-0.0012286925921216607,3.1175267696380615,-0.0014161075232550502,0.06673778593540192,0.9976968169212341,0.01204676367342472
1766048440.6517088,0,+Z,10,0.34917691349983215,7.644764991709962e-05,0.4002125859260559,0.0007104167016223073,4.7897461627144367e-05,0.9999997615814209,3.7859248550375924e-05,3461.809437,2757780019,0.34,-0.00020718939776998013,-0.0008550036000087857,7.954068860271946e-05,-0.1336766481399536,-0.0012245905818417668,3.1175553798675537,-0.0014135747915133834,0.06677638739347458,0.9976944327354431,0.012032442726194859
1766048440.7018788,0,+Z,10,0.3495367169380188,5.908116145292297e-05,0.4003310203552246,0.000311761861667037,7.37486916477792e-05,0.9999999403953552,2.410810520814266e-05,3461.859446,2757830028,0.28,-0.0002473299973644316,-0.0009346780134364963,4.957937198923901e-05,-0.13381049036979675,-0.0012880016583949327,3.1176254749298096,-0.0014436584897339344,0.06684282422065735,0.9976903200149536,0.01199949812144041
1766048440.75204,0,+Z,10,0.34986168146133423,-5.574301030719653e-05,0.4001695513725281,7.140301750041544e-05,3.2054467737907544e-06,1.0,0.00014648842625319958,3461.909511,2757880090,0.32,-0.00030721310758963227,-0.0010284638265147805,-2.238872548332438e-05,-0.13379284739494324,-0.0012697397032752633,3.1176092624664307,-0.0014349910197779536,0.06683412194252014,0.9976907968521118,0.012007062323391438
1766048440.8022215,0,+Z,10,0.34998270869255066,2.7032539946958423e-05,0.40012744069099426,5.1774630264844745e-05,-7.973281753947958e-06,1.0,0.00011685297067742795,3461.9614349999997,2757932013,0.36,-0.0003421780129428953,-0.0010936438338831067,-7.565821579191834e-05,-0.13373519480228424,-0.001279199030250311,3.1176068782806396,-0.0014394468162208796,0.06680530309677124,0.9976927042007446,0.012008589692413807
1766048440.8523932,0,+Z,10,0.34997618198394775,8.628611249150708e-05,0.4001229405403137,2.7061259970651008e-05,1.8074573745252565e-05,1.0,3.0204224458429962e-05,3462.011434,2757982013,0.32,-0.0003147619136143476,-0.00113564427010715,-0.00019526988035067916,-0.13364875316619873,-0.0012674413155764341,3.1175575256347656,-0.001434712903574109,0.06676222383975983,0.9976953268051147,0.012032810598611832
1766048440.9026072,0,+Z,10,0.3499707281589508,7.101915980456397e-05,0.4001321494579315,2.8398597351042554e-05,1.0847271369129885e-05,1.0,4.069138230988756e-05,3462.0614219999998,2758032001,0.3,-0.0002887480368372053,-0.0011929247993975878,-0.0003279231023043394,-0.13364993035793304,-0.0012652304721996188,3.1175293922424316,-0.001434550154954195,0.06676279753446579,0.9976950883865356,0.01204668078571558
1766048440.9527738,0,+Z,10,0.3499569296836853,6.504686461994424e-05,0.4001362919807434,3.875869879266247e-05,1.9125562175759114e-05,1.0,4.2130486690439284e-05,3462.111422,2758081997,0.32,-0.000264088244875893,-0.0011896278010681272,-0.0003181316133122891,-0.13362306356430054,-0.001243939041160047,3.117520809173584,-0.0014240568270906806,0.06674952059984207,0.9976959824562073,0.012050286866724491
1766048441.003025,0,+Z,10,0.349946528673172,6.38321289443411e-05,0.400136262178421,5.357033296604641e-05,1.719423926260788e-05,1.0,4.213038118905388e-05,3462.161421,2758131996,0.31,-0.000315144716296345,-0.0011802021181210876,-0.0003198658232577145,-0.13362301886081696,-0.0013057540636509657,3.117548942565918,-0.001453955308534205,0.06674914807081223,0.9976961016654968,0.012038334272801876
1766048441.0531988,0,+Z,10,0.34993261098861694,6.955445132916793e-05,0.40012994408607483,6.090999522712082e-05,2.3770749976392835e-05,1.0,3.930784441763535e-05,3462.211421,2758181996,0.33,-0.0003621407668106258,-0.0011296247830614448,-0.0001787225774023682,-0.13375361263751984,-0.0014519888209179044,3.117666006088257,-0.0015237737679854035,0.06681349873542786,0.997692346572876,0.011984818615019321
1766048441.1033769,0,+Z,10,0.34993070363998413,7.129233563318849e-05,0.40013182163238525,7.23243283573538e-05,2.3618960767635144e-05,1.0,3.197520709363744e-05,3462.261424,2758231999,0.31,-0.00038411543937399983,-0.0010730454232543707,-8.967807661974803e-05,-0.13382931053638458,-0.0014986697351559997,3.117753744125366,-0.0015445778844878078,0.06685104966163635,0.9976903200149536,0.011942612007260323
1766048441.1535769,0,+Z,10,0.34992656111717224,6.804366421420127e-05,0.40013349056243896,7.057080802042037e-05,2.150463296857197e-05,1.0,3.719972664839588e-05,3462.3114229999996,2758281994,0.32,-0.00042023786227218807,-0.0010477725882083178,-3.728426236193627e-05,-0.1338956207036972,-0.0015636668540537357,3.1178481578826904,-0.0015742371324449778,0.06688381731510162,0.9976885914802551,0.011897695250809193
1766048441.2037544,0,+Z,10,0.3499247431755066,7.455048762494698e-05,0.4001343250274658,7.25005374988541e-05,2.33895807468798e-05,1.0,3.3297572372248396e-05,3462.361422,2758331994,0.37,-0.00042992670205421746,-0.001039849128574133,-7.818426820449531e-05,-0.13391947746276855,-0.0015478963032364845,3.1178476810455322,-0.0015665235696360469,0.06689581274986267,0.997687816619873,0.011897358112037182
1766048441.2539513,0,+Z,10,0.3499244153499603,7.471217395504937e-05,0.40013495087623596,7.107352575985715e-05,2.3837363187340088e-05,1.0,3.429938078625128e-05,3462.4114219999997,2758381993,0.31,-0.00039451010525226593,-0.0011011980241164565,-0.00020158950064796954,-0.1339518278837204,-0.0015794544015079737,3.117868661880493,-0.0015817554667592049,0.06691177189350128,0.9976868033409119,0.01188795454800129
1766048441.3041327,0,+Z,10,0.3499267101287842,7.612979970872402e-05,0.400134414434433,7.195073703769594e-05,2.9030925361439586e-05,1.0,2.8040683901053853e-05,3462.463422,2758433994,0.31,-0.0003907018108293414,-0.0011407879646867514,-0.00027938708080910146,-0.13395443558692932,-0.001576702925376594,3.1179113388061523,-0.0015789703465998173,0.06691312789916992,0.9976869821548462,0.011866571381688118
1766048441.3543165,0,+Z,10,0.3499261736869812,8.114345837384462e-05,0.4001346826553345,7.099449430825189e-05,2.776081601041369e-05,1.0,2.641454011609312e-05,3462.513422,2758483990,0.3,-0.00036761819501407444,-0.0011517773382365704,-0.0002851292083505541,-0.1338638812303543,-0.0015720752999186516,3.1178948879241943,-0.001576684066094458,0.06686796993017197,0.9976899027824402,0.011874694377183914
1766048441.4045007,0,+Z,10,0.34992510080337524,8.132064976962283e-05,0.4001356065273285,7.048100815154612e-05,3.052396641578525e-05,1.0,2.5943514629034325e-05,3462.563421,2758533989,0.32,-0.0003724951238837093,-0.0011263395426794887,-0.00015020610589999706,-0.1338585466146469,-0.00152291776612401,3.11789608001709,-0.0015520841116085649,0.06686560064554214,0.9976901412010193,0.011872355826199055
1766048441.454676,0,+Z,10,0.34992557764053345,7.875326264183968e-05,0.4001365900039673,7.199414540082216e-05,2.8441985705285333e-05,1.0,2.0614070308511145e-05,3462.613422,2758583990,0.34,-0.00042280019260942936,-0.0011495063081383705,-6.1001439462415874e-05,-0.13381673395633698,-0.001550906803458929,3.117948055267334,-0.0015640679048374295,0.06684461236000061,0.997691810131073,0.011847437359392643
1766048441.504896,0,+Z,10,0.3499246835708618,7.852487033233047e-05,0.4001341760158539,6.749964086338878e-05,2.56195999099873e-05,1.0,3.2687523344065994e-05,3462.6634209999997,2758633988,0.33,-0.0004555671475827694,-0.0012147232191637158,-8.302690730488393e-06,-0.1337195485830307,-0.0015680314972996712,3.118025779724121,-0.0015694387257099152,0.06679609417915344,0.9976955056190491,0.011809158138930798
1766048441.555088,0,+Z,10,0.34992995858192444,7.762327732052654e-05,0.40013179183006287,6.919911538716406e-05,2.4173781639547087e-05,1.0,2.8104486773372628e-05,3462.713421,2758683983,0.35,-0.00044441840145736933,-0.0013070175191387534,1.2103600965929218e-05,-0.13369928300380707,-0.0015091286040842533,3.1179678440093994,-0.0015418730909004807,0.06678628921508789,0.9976959228515625,0.011836119927465916
1766048441.6052628,0,+Z,10,0.34993237257003784,8.284986688522622e-05,0.40013137459754944,6.744073471054435e-05,3.0507115297950804e-05,1.0,2.5768336854525842e-05,3462.7633929999997,2758733954,0.36,-0.0004474556481000036,-0.0013116711052134633,5.965268792351708e-05,-0.13375510275363922,-0.0014349035918712616,3.1178855895996094,-0.0015079245204105973,0.06681451201438904,0.9976935982704163,0.011874713934957981
1766048441.6554496,0,+Z,10,0.34993159770965576,8.691953553352505e-05,0.40013185143470764,6.552947888849303e-05,3.20187427860219e-05,1.0,2.0191006115055643e-05,3462.813421,2758783983,0.3,-0.0004297984123695642,-0.00130357313901186,-1.964826151379384e-05,-0.1337914615869522,-0.0014465046115219593,3.1180014610290527,-0.0015100520104169846,0.06683266907930374,0.9976930618286133,0.011817272752523422
1766048441.7056499,0,+Z,10,0.3499310314655304,8.740363409742713e-05,0.400134414434433,6.411490903701633e-05,2.7172756745130755e-05,1.0,2.0470621166168712e-05,3462.863422,2758833984,0.34,-0.0004309444047976285,-0.0013022759230807424,-0.00015347184671554714,-0.13382841646671295,-0.001492173527367413,3.118058681488037,-0.0015311421593651175,0.06685087829828262,0.9976921677589417,0.01179032027721405
1766048441.7558272,0,+Z,10,0.34993138909339905,8.656839054310694e-05,0.40013331174850464,6.314223719527945e-05,2.5965495296986774e-05,1.0,2.648362351465039e-05,3462.913377,2758883936,0.35,-0.00042151447269134223,-0.0012945946073159575,-0.0002655687276273966,-0.13394421339035034,-0.001610886654816568,3.1182515621185303,-0.0015845797024667263,0.066908098757267,0.9976893067359924,0.01169798243790865
1766048441.8059912,0,+Z,10,0.3499341905117035,8.531729690730572e-05,0.40013259649276733,6.371707422658801e-05,2.7181697078049183e-05,1.0,2.5401048333151266e-05,3462.9634229999997,2758933981,0.37,-0.0004293053934816271,-0.0012542110634967685,-0.00028258253587409854,-0.13391949236392975,-0.0016055365558713675,3.1182751655578613,-0.0015809775795787573,0.06689581274986267,0.9976902604103088,0.011686021462082863
1766048441.856183,0,+Z,10,0.34993550181388855,8.698455349076539e-05,0.4001329839229584,6.523173942696303e-05,3.7552686990238726e-05,1.0,2.069993206532672e-05,3463.015421,2758985980,0.35,-0.00040718939271755517,-0.0012576495064422488,-0.0002307334798388183,-0.13391700387001038,-0.0016041133785620332,3.118269920349121,-0.0015804303111508489,0.06689457595348358,0.9976903200149536,0.011688614264130592
1766048441.9063373,0,+Z,10,0.34993287920951843,9.02492247405462e-05,0.40013283491134644,6.149721593828872e-05,3.335023939143866e-05,1.0,2.4012379071791656e-05,3463.065421,2759035980,0.35,-0.00042720066267065704,-0.0012324191629886627,-0.00013207334268372506,-0.1340007334947586,-0.0016599985538050532,3.118295669555664,-0.001607933547347784,0.06693603843450546,0.9976876378059387,0.011677674017846584
1766048441.9564738,0,+Z,10,0.3499346077442169,9.157996100839227e-05,0.40013548731803894,6.5814376284834e-05,2.5292465579696e-05,1.0,2.3651409719605e-05,3463.115421,2759085971,0.36,-0.00042167201172560453,-0.001186708570457995,-0.0001174097997136414,-0.13399764895439148,-0.001688338234089315,3.1183021068573,-0.0016218355158343911,0.06693433970212936,0.9976877570152283,0.01167538482695818
1766048442.0067463,0,+Z,10,0.34993088245391846,9.082932956516743e-05,0.40013402700424194,5.845961641171016e-05,3.0359793527168222e-05,1.0,2.8136520995758474e-05,3463.1654209999997,2759135970,0.36,-0.0004612098273355514,-0.0011924559948965907,-0.0001330274681095034,-0.13402637839317322,-0.0016960261855274439,3.1183106899261475,-0.0016255509108304977,0.06694862991571426,0.9976868629455566,0.011671382933855057
1766048442.0569503,0,+Z,10,0.34993237257003784,8.881920803105459e-05,0.4001353085041046,5.982450966257602e-05,2.880142528738361e-05,1.0,1.9606932255555876e-05,3463.2154219999998,2759185972,0.33,-0.0005074802902527153,-0.0011895295465365052,-0.00018825888400897384,-0.13416439294815063,-0.0017716862494125962,3.118333339691162,-0.0016633332706987858,0.06701706349849701,0.9976822733879089,0.011662643402814865
1766048442.1071541,0,+Z,10,0.3499314785003662,9.215247700922191e-05,0.4001363515853882,5.8160669141216204e-05,3.26982481055893e-05,1.0,2.15552809095243e-05,3463.265421,2759235971,0.32,-0.0005047335871495306,-0.0012315022759139538,-0.0001658236578805372,-0.13408392667770386,-0.001730247400701046,3.1182844638824463,-0.0016438316088169813,0.0669771209359169,0.9976847171783447,0.011685596778988838
1766048442.1573837,0,+Z,10,0.3499317467212677,9.26164211705327e-05,0.4001384675502777,5.903331111767329e-05,3.709243901539594e-05,1.0,2.097145261359401e-05,3463.315423,2759285968,0.31,-0.0004868222458753735,-0.0013066295068711042,-8.785411046119407e-05,-0.13396304845809937,-0.0016576721100136638,3.118213653564453,-0.001609299099072814,0.06691718846559525,0.9976884126663208,0.011718505062162876
1766048442.2076235,0,+Z,10,0.34993213415145874,9.299175872001797e-05,0.4001384377479553,5.804665124742314e-05,3.644455864559859e-05,1.0,2.1407369786174968e-05,3463.365422,2759335967,0.34,-0.0004559815570246428,-0.001325045246630907,-6.0474209021776915e-05,-0.13397464156150818,-0.0016117686172947288,3.118225574493408,-0.00158606912009418,0.06692324578762054,0.9976881146430969,0.011711029335856438
1766048442.2578497,0,+Z,10,0.34993186593055725,9.230789873981848e-05,0.4001368284225464,5.514181611943059e-05,3.245040716137737e-05,1.0,2.747743928921409e-05,3463.4154209999997,2759385965,0.32,-0.00042574331746436656,-0.0012853990774601698,-5.273889473755844e-05,-0.13398851454257965,-0.00164447957649827,3.118260145187378,-0.0016013062559068203,0.06693000346422195,0.9976878762245178,0.011694815941154957
1766048442.3080702,0,+Z,10,0.34993627667427063,8.775263268034905e-05,0.4001365602016449,5.9836136642843485e-05,3.662864037323743e-05,1.0,1.9085411622654647e-05,3463.4674219999997,2759437966,0.33,-0.00043249991722404957,-0.0012373320059850812,-7.734599785180762e-05,-0.13400185108184814,-0.001664337469264865,3.1182363033294678,-0.0016120929503813386,0.06693652272224426,0.9976872205734253,0.011707455851137638
1766048442.3582382,0,+Z,10,0.3499363660812378,9.117569425143301e-05,0.40013614296913147,5.9596663049887866e-05,3.202960579073988e-05,1.0,1.9835422790492885e-05,3463.517422,2759487963,0.34,-0.0004240930429659784,-0.0010683361906558275,-8.889368473319337e-05,-0.13405071198940277,-0.0016793366521596909,3.118184804916382,-0.0016215778887271881,0.06696076691150665,0.9976853132247925,0.011733579449355602
1766048442.408382,0,+Z,10,0.34993675351142883,9.480286098551005e-05,0.4001365005970001,6.076692807255313e-05,3.337635280331597e-05,1.0,1.7658010619925335e-05,3463.56742,2759537961,0.35,-0.00036465947050601244,-0.0008570061181671917,-7.05276252119802e-05,-0.13410362601280212,-0.001633496256545186,3.1181836128234863,-0.001599060487933457,0.06698742508888245,0.9976835250854492,0.011732674203813076
1766048442.4586036,0,+Z,10,0.34993720054626465,9.854722156887874e-05,0.400136798620224,6.144465442048386e-05,3.7285597500158474e-05,1.0,2.0628454876714386e-05,3463.617428,2759587969,0.33,-0.0002912960771936923,-0.0007821464096195996,2.4083365133265033e-05,-0.13420508801937103,-0.0015458428533747792,3.11814022064209,-0.0015573780983686447,0.06703852117061615,0.9976799488067627,0.011751361191272736
1766048442.5088248,0,+Z,10,0.34993577003479004,9.875604882836342e-05,0.4001368284225464,5.700190376956016e-05,3.626053876359947e-05,1.0,1.8969043594552204e-05,3463.6674359999997,2759637976,0.36,-0.00023925687128212303,-0.0006859921850264072,-3.055575143662281e-05,-0.13423842191696167,-0.0014699938474223018,3.118124485015869,-0.001520264777354896,0.0670555830001831,0.997678816318512,0.011756688356399536
1766048442.5590732,0,+Z,10,0.34993788599967957,9.848841727944091e-05,0.40013930201530457,6.054661571397446e-05,3.731841570697725e-05,1.0,1.3203934031480458e-05,3463.717421,2759687958,0.32,-0.0002523775619920343,-0.0006458728457801044,-0.0001043412703438662,-0.1343013346195221,-0.0014673109399154782,3.118072271347046,-0.0015210427809506655,0.06708694249391556,0.9976763725280762,0.011782617308199406
1766048442.6092885,0,+Z,10,0.349935382604599,0.00010007165838032961,0.4001387059688568,5.644031261908822e-05,3.468166323727928e-05,1.0,1.1501097105792724e-05,3463.767492,2759738029,0.35,-0.00027192779816687107,-0.0007651169435121119,-0.0001790927635738626,-0.13423371315002441,-0.001481682644225657,3.118096113204956,-0.0015270191943272948,0.06705314666032791,0.997678816318512,0.011771231889724731
1766048442.8612244,0,-Z,1,0.35033613443374634,0.00026880684890784323,0.39033204317092896,-0.00048766183317638934,4.302370871300809e-05,0.9999998807907104,-0.00020032640895806253,3464.019422,2759989956,0.34,-0.00041758938459679484,-0.001136721926741302,-0.00023713834525551647,-0.13417868316173553,-0.001677216961979866,3.11806058883667,-0.0016254271613433957,0.06702452152967453,0.9976803064346313,0.011795478872954845
1766048443.1122441,0,-Z,2,0.350281298160553,0.0002681897021830082,0.3803006112575531,-0.0004371273098513484,4.388750676298514e-05,0.9999998807907104,-0.00020135829981882125,3464.271426,2760241956,0.37,-0.00027784472331404686,-0.001078861765563488,0.0002462516422383487,-0.13418471813201904,-0.0014419490471482277,3.1180033683776855,-0.0015100177843123674,0.06702887266874313,0.9976799488067627,0.011816120706498623
1766048443.363519,0,-Z,3,0.350241094827652,0.0002647235232871026,0.3703734278678894,-0.0003960825561080128,4.564547634799965e-05,0.9999998807907104,-0.00019402736506890506,3464.521422,2760491944,0.31,-0.00040546036325395107,-0.0010796947171911597,-0.0002684504142962396,-0.13394048810005188,-0.0015136597212404013,3.1180169582366943,-0.001543910475447774,0.06690662354230881,0.9976881146430969,0.011811837553977966
1766048443.614841,0,-Z,4,0.3501768708229065,0.00023092988703865558,0.36041539907455444,-0.0003949524834752083,5.841737220180221e-05,0.9999998807907104,-0.00014306239609140903,3464.7734229999996,2760743942,0.37,-0.0003247496497351676,-0.0010559575166553259,-2.213397965533659e-05,-0.13394860923290253,-0.0015309122391045094,3.1181633472442627,-0.0015476609114557505,0.06691069155931473,0.9976887106895447,0.01173930149525404
1766048443.866089,0,-Z,5,0.3501284718513489,0.0002097489486914128,0.35042521357536316,-0.00032588120666332543,5.59229010832496e-05,0.9999999403953552,-9.207579569192603e-05,3465.0254219999997,2760995939,0.36,-0.00038151658372953534,-0.0008527422905899584,-0.00022515149612445384,-0.13385987281799316,-0.0014800503849983215,3.117838144302368,-0.001532651367597282,0.06686647236347198,0.9976897835731506,0.011899922974407673
1766048444.1174834,0,-Z,6,0.34998834133148193,0.0001777711877366528,0.34049564599990845,-0.0002695436996873468,5.5363903811667114e-05,0.9999999403953552,-9.048354695551097e-05,3465.2754219999997,2761245938,0.34,-0.0003300290263723582,-0.0012030053185299039,-0.00013119606592226774,-0.13355304300785065,-0.001429318799637258,3.1176204681396484,-0.0015127890510484576,0.06671354919672012,0.9976987838745117,0.012006744742393494
1766048444.3688223,0,-Z,7,0.34995734691619873,0.00012439869169611484,0.3304704427719116,-0.00010851096158148721,7.230566552607343e-05,1.0,-4.8946658353088424e-05,3465.5274299999996,2761497940,0.37,-0.00017914421914611012,-0.0009825642919167876,5.7555367675377056e-05,-0.13335803151130676,-0.0013119061477482319,3.117516279220581,-0.0014565247111022472,0.06661690026521683,0.9977047443389893,0.01205479260534048
1766048444.619853,0,-Z,8,0.34981682896614075,3.795107841142453e-05,0.32065290212631226,-9.8870434158016e-05,8.16041647340171e-05,1.0,4.941785391565645e-06,3465.7774219999997,2761747930,0.34,-0.00032869321876205504,-0.0010942228836938739,2.069674110316555e-06,-0.1335974633693695,-0.0013832934200763702,3.117892026901245,-0.0014810352586209774,0.06673618406057358,0.997698962688446,0.011869782581925392
1766048444.8707526,0,-Z,9,0.3496735394001007,2.121059878845699e-05,0.31083112955093384,-4.905525202048011e-05,6.42634549876675e-05,1.0,7.943260425236076e-05,3466.0294609999996,2761999969,0.36,-0.000297342921840027,-0.0010907738469541073,-4.03226658818312e-05,-0.13380707800388336,-0.001316976035013795,3.118049383163452,-0.0014439299702644348,0.066841259598732,0.9976929426193237,0.011789080686867237
1766048445.121933,0,-Z,10,0.34956464171409607,-5.834807234350592e-05,0.3007970154285431,-1.3274585398903582e-05,6.013948950567283e-05,1.0,8.449196320725605e-05,3466.279422,2762249923,0.32,-0.00025787827325984836,-0.001086730626411736,1.9913757569156587e-05,-0.1336514949798584,-0.0012447995832189918,3.117858409881592,-0.0014133871300145984,0.06676393747329712,0.9976970553398132,0.011881912127137184
1766048445.172165,0,-Z,10,0.3499119281768799,5.2187556320859585e-06,0.2996733486652374,0.0004551337333396077,6.478952127508819e-05,0.9999998807907104,7.91725906310603e-05,3466.331425,2762301919,0.28,-0.00021722751262132078,-0.0010697953402996063,-0.00011556954268598929,-0.13360866904258728,-0.001279853517189622,3.1177897453308105,-0.0014329100959002972,0.06674231588840485,0.9976980686187744,0.011917301453649998
1766048445.222412,0,-Z,10,0.3499540686607361,8.826889097690582e-05,0.29976779222488403,0.0003389932680875063,0.00010189726162934676,0.9999999403953552,-2.1016125174355693e-05,3466.3813929999997,2762351886,0.34,-0.0002126178878825158,-0.0010196184739470482,-0.0002492336498107761,-0.13361041247844696,-0.0012958410661667585,3.117750406265259,-0.0014422073727473617,0.06674306839704514,0.9976977109909058,0.011937439441680908
1766048445.272661,0,-Z,10,0.3499596416950226,0.00012704299297183752,0.3000314235687256,0.00015144328062888235,7.450722478097305e-05,1.0,-5.5290423915721476e-05,3466.431423,2762401917,0.37,-0.00019481609342619777,-0.0009434970561414957,-0.00024204877263400704,-0.13365957140922546,-0.0013355230912566185,3.1178030967712402,-0.0014605349861085415,0.0667673870921135,0.9976963996887207,0.01191247720271349
1766048445.3228233,0,-Z,10,0.34997597336769104,0.00012075358972651884,0.3001943528652191,3.868619751301594e-05,8.088730101007968e-05,1.0,-5.842068640049547e-05,3466.4814229999997,2762451916,0.31,-0.0002246317599201575,-0.000951000489294529,-0.00011109106708317995,-0.13375148177146912,-0.0013456944143399596,3.117872476577759,-0.0014638359425589442,0.06681323051452637,0.9976937174797058,0.011878223158419132
1766048445.3729732,0,-Z,10,0.3499810993671417,0.00012608263932634145,0.3002186119556427,5.203512046136893e-06,6.81364253978245e-05,1.0,-6.899485742906108e-05,3466.531411,2762501904,0.3,-0.0002581267908681184,-0.00101857865229249,3.7321959098335356e-05,-0.1337832361459732,-0.0013866334920749068,3.117985486984253,-0.001480674953199923,0.0668289065361023,0.9976933002471924,0.011823299340903759
1766048445.423181,0,-Z,10,0.3499787449836731,0.0001304097822867334,0.30021196603775024,-3.6037338304595323e-06,7.024077058304101e-05,1.0,-7.962890958879143e-05,3466.581424,2762551917,0.34,-0.0002971977519337088,-0.001082913251593709,0.00016507768305018544,-0.13378381729125977,-0.0013951892033219337,3.118039131164551,-0.0014831508742645383,0.06682918220758438,0.9976935982704163,0.011796780861914158
1766048445.4734342,0,-Z,10,0.3499864637851715,0.000136990420287475,0.30021071434020996,9.207661605614703e-06,6.577034218935296e-05,1.0,-7.359201117651537e-05,3466.631425,2762601918,0.28,-0.0003375429078005254,-0.0011130697093904018,0.00012391862401273102,-0.13377246260643005,-0.0014645794872194529,3.1181232929229736,-0.0015148901147767901,0.06682317703962326,0.9976944327354431,0.011757154017686844
1766048445.5236566,0,-Z,10,0.34998393058776855,0.00013570136798080057,0.30020415782928467,4.4597636588150635e-06,6.536755245178938e-05,1.0,-7.386937795672566e-05,3466.681423,2762651916,0.36,-0.0004070738796144724,-0.0011090635089203715,6.604862574022263e-05,-0.13379551470279694,-0.0015120633179321885,3.118131160736084,-0.001538443611934781,0.06683440506458282,0.997693657875061,0.011754738166928291
1766048445.5738454,0,-Z,10,0.34998348355293274,0.00013270390627440065,0.300199955701828,3.6116346109338338e-06,6.649104034295306e-05,1.0,-7.867320528021082e-05,3466.731424,2762701913,0.32,-0.00044865949894301593,-0.0010767763014882803,-1.2545826393761672e-05,-0.13381628692150116,-0.0015367340529337525,3.11814022064209,-0.0015505739720538259,0.0668446272611618,0.9976930022239685,0.011751120910048485
1766048445.6240015,0,-Z,10,0.34998512268066406,0.0001346857170574367,0.3001979887485504,4.397587872517761e-06,6.524261698359624e-05,1.0,-7.522085070377216e-05,3466.781422,2762751911,0.33,-0.00043381869909353554,-0.001063289470039308,-4.0609425923321396e-05,-0.1337316334247589,-0.0014777773758396506,3.11808705329895,-0.0015224417438730597,0.06680271029472351,0.9976955652236938,0.011775605380535126
1766048445.6741734,0,-Z,10,0.3499853014945984,0.00013707390462514013,0.30019596219062805,1.9050803530262783e-06,7.017906318651512e-05,1.0,-8.351109136128798e-05,3466.833423,2762803912,0.35,-0.0003493176482152194,-0.0010564394760876894,-3.9715047023491934e-05,-0.13370372354984283,-0.0014159755082800984,3.1180925369262695,-0.0014912644401192665,0.06678915023803711,0.997696578502655,0.011770784854888916
1766048445.7243369,0,-Z,10,0.3499900698661804,0.00014283647760748863,0.30019891262054443,2.2046056074032094e-06,6.846732139820233e-05,1.0,-7.814366108505055e-05,3466.883422,2762853911,0.31,-0.000274014106253162,-0.0010206913575530052,-2.1609999748761766e-05,-0.1337510496377945,-0.0013742039445787668,3.1180524826049805,-0.0014720420585945249,0.06681297719478607,0.9976947903633118,0.011789382435381413
1766048445.774496,0,-Z,10,0.3499908745288849,0.00013956832117401063,0.3002007305622101,-6.438991022150731e-06,6.10453644185327e-05,1.0,-7.983320392668247e-05,3466.933423,2762903913,0.37,-0.00021756699425168335,-0.0010084628593176603,-6.210534775163978e-05,-0.1337394416332245,-0.0013847699156031013,3.1180598735809326,-0.0014769986737519503,0.06680712103843689,0.9976952075958252,0.011786057613790035
1766048445.8247018,0,-Z,10,0.34999334812164307,0.00013809553638566285,0.300203412771225,-8.911003533285111e-06,6.91564564476721e-05,1.0,-8.216789865400642e-05,3466.983422,2762953912,0.34,-0.0002068816829705611,-0.0009440091089345515,-8.532470383215696e-05,-0.13371655344963074,-0.0013524404494091868,3.117988348007202,-0.0014631262747570872,0.06679584830999374,0.9976955652236938,0.011820660904049873
1766048445.8748896,0,-Z,10,0.34999459981918335,0.00013948128616902977,0.30020302534103394,-7.5457655839272775e-06,6.499382288893685e-05,1.0,-8.016618085093796e-05,3467.0334239999997,2763003913,0.31,-0.00019746937323361635,-0.0008493125787936151,-0.00014281304902397096,-0.1336357742547989,-0.0012453993549570441,3.1178250312805176,-0.0014147113543003798,0.06675606966018677,0.9976973533630371,0.011898636817932129
1766048445.9250486,0,-Z,10,0.3499937057495117,0.00014166567416395992,0.3002013862133026,-9.963410775526427e-06,6.824649608461186e-05,1.0,-8.150807116180658e-05,3467.083423,2763053913,0.33,-0.00024300180666614324,-0.0007839665631763637,-0.000111334964458365,-0.13367153704166412,-0.0012660069623962045,3.1177799701690674,-0.0014267060905694962,0.06677375733852386,0.9976959228515625,0.011921784840524197
1766048445.9752274,0,-Z,10,0.34999513626098633,0.0001421712222509086,0.30020102858543396,-8.826085831969976e-06,6.767907325411215e-05,1.0,-8.495831571053714e-05,3467.1334229999998,2763103910,0.34,-0.00024990516249090433,-0.0007877748575992882,-6.990676774876192e-05,-0.13371269404888153,-0.0012505125487223268,3.1177978515625,-0.0014186181360855699,0.06679438799619675,0.9976946115493774,0.01191226951777935
1766048446.0255492,0,-Z,10,0.34999585151672363,0.00014279995230026543,0.3002009093761444,-8.326682291226462e-06,7.046132668619975e-05,1.0,-8.308109681820497e-05,3467.183423,2763153910,0.34,-0.00025443555205129087,-0.0009227910195477307,-6.672641029581428e-05,-0.1336766630411148,-0.0012700780062004924,3.117826223373413,-0.0014272178523242474,0.0667763203382492,0.9976959824562073,0.011898771859705448
1766048446.075776,0,-Z,10,0.34999534487724304,0.00014008395373821259,0.3002007305622101,-1.2834307199227624e-05,7.062696386128664e-05,1.0,-8.646301284898072e-05,3467.23342,2763203907,0.34,-0.00023107412562239915,-0.0011166895274072886,-4.4723965402226895e-05,-0.1335972398519516,-0.0012844845186918974,3.1178293228149414,-0.0014338381588459015,0.0667366161942482,0.9976986646652222,0.011897805146872997
1766048446.1259646,0,-Z,10,0.3499968349933624,0.0001445183006580919,0.3002014458179474,-1.208385219797492e-05,6.487091013696045e-05,1.0,-8.275709114968777e-05,3467.283422,2763253909,0.31,-0.00022763646848034114,-0.001348037738353014,-3.715398179338081e-06,-0.1335698962211609,-0.0012846281751990318,3.117804527282715,-0.0014345681993290782,0.06672295928001404,0.9976994395256042,0.011910070665180683
1766048446.1761792,0,-Z,10,0.3499983847141266,0.0001451760035706684,0.30020204186439514,-1.102961141441483e-05,6.709591252729297e-05,1.0,-8.468602754874155e-05,3467.3354219999997,2763305907,0.35,-0.00022288142645265907,-0.0013594136107712984,2.3107750166673213e-06,-0.13351547718048096,-0.0012804181315004826,3.117763042449951,-0.0014335348969325423,0.06669580191373825,0.9977009892463684,0.011930707842111588
1766048446.226417,0,-Z,10,0.349997341632843,0.0001457061298424378,0.3002011775970459,-1.3786651834379882e-05,6.445714825531468e-05,1.0,-8.273932326119393e-05,3467.3854229999997,2763355908,0.37,-0.00022524280939251184,-0.0011748380493372679,-8.784438978182152e-05,-0.13350725173950195,-0.0012730403104797006,3.1177258491516113,-0.0014310433762148023,0.06669171899557114,0.9977010488510132,0.011948976665735245
1766048446.2766514,0,-Z,10,0.3499981760978699,0.0001408591342624277,0.3002021908760071,-1.3983311873744242e-05,7.241444109240547e-05,1.0,-8.396222983719781e-05,3467.435422,2763405908,0.37,-0.00024346956342924386,-0.0010285726748406887,-6.301626126514748e-05,-0.1334601491689682,-0.0012443449813872576,3.117649555206299,-0.0014189929934218526,0.06666833907365799,0.9977021813392639,0.011986090801656246
1766048446.3268523,0,-Z,10,0.34999898076057434,0.00014045056013856083,0.3002040982246399,-1.69075901794713e-05,7.114700565580279e-05,1.0,-8.673879347043112e-05,3467.4854219999997,2763455907,0.33,-0.0002484178985469043,-0.0009210748830810189,-2.347743429709226e-05,-0.13347065448760986,-0.0012674045283347368,3.1176791191101074,-0.0014295774744823575,0.06667346507310867,0.9977020025253296,0.011972174048423767
1766048446.377058,0,-Z,10,0.349998414516449,0.00014778018521610647,0.3002045750617981,-1.9059278201893903e-05,6.963955092942342e-05,1.0,-8.300559420604259e-05,3467.535423,2763505905,0.34,-0.0003002773446496576,-0.0009011270012706518,-1.6688283722032793e-05,-0.13354401290416718,-0.0013513111043721437,3.1177031993865967,-0.0014710609102621675,0.06670957058668137,0.9976996183395386,0.011962863616645336
1766048446.427265,0,-Z,10,0.3500005602836609,0.00014649586228188127,0.30020567774772644,-1.8861464923247695e-05,7.027364335954189e-05,1.0,-9.350263280794024e-05,3467.58542,2763555902,0.39,-0.00034176159533672035,-0.0008623757748864591,-5.717868043575436e-05,-0.13357561826705933,-0.00139056914485991,3.1177427768707275,-0.0014895106432959437,0.06672513484954834,0.9976987838745117,0.011944406665861607
1766048446.4774988,0,-Z,10,0.3500007688999176,0.00014946718874853104,0.3002065420150757,-2.2819798687123694e-05,6.81252422509715e-05,1.0,-8.717820310266688e-05,3467.6354229999997,2763605904,0.31,-0.00032184732845053077,-0.0008916707010939717,-0.00010666946036508307,-0.1336134672164917,-0.0013853529235348105,3.117733955383301,-0.0014874327462166548,0.06674404442310333,0.9976974725723267,0.011948714964091778
1766048446.527665,0,-Z,10,0.35000327229499817,0.0001490186114097014,0.3002071678638458,-2.0307892555138096e-05,7.490038115065545e-05,1.0,-9.00739905773662e-05,3467.6854129999997,2763655894,0.34,-0.0002584825560916215,-0.0009203085792250931,-0.00012566779332701117,-0.1334884762763977,-0.0012983698397874832,3.117717742919922,-0.0014438385842368007,0.06668219715356827,0.9977015852928162,0.011953877285122871
1766048446.5777738,0,-Z,10,0.35000449419021606,0.0001507907873019576,0.3002077341079712,-1.7559152183821425e-05,6.7628723627422e-05,1.0,-9.073729597730562e-05,3467.7354219999997,2763705902,0.33,-0.00020443178073037416,-0.0009700332884676754,-0.0001244371524080634,-0.13350172340869904,-0.0012927663046866655,3.1176908016204834,-0.001442022155970335,0.06668882071971893,0.9977009892463684,0.011967157013714314
1766048446.627914,0,-Z,10,0.35000237822532654,0.00015022436855360866,0.30020591616630554,-2.150581894966308e-05,7.299765275092795e-05,1.0,-8.63086897879839e-05,3467.7854239999997,2763755904,0.33,-0.00020943302661180496,-0.0010762595338746905,-3.719965388881974e-05,-0.1335778534412384,-0.0013228023890405893,3.117711067199707,-0.0014567810576409101,0.06672663241624832,0.9976985454559326,0.011958034709095955
1766048446.6780438,0,-Z,10,0.3500021994113922,0.00014970521442592144,0.3002054989337921,-2.0605693862307817e-05,7.275392272276804e-05,1.0,-8.485761645715684e-05,3467.8374209999997,2763807901,0.37,-0.00025637602084316313,-0.000997623661532998,-1.0755250059446553e-06,-0.13359837234020233,-0.0012717057252302766,3.1176846027374268,-0.0014322996139526367,0.06673715263605118,0.9976977705955505,0.01196957752108574
1766048446.7281756,0,-Z,10,0.35000166296958923,0.0001471621508244425,0.3002051115036011,-2.0927172954543494e-05,6.79992517689243e-05,1.0,-8.688417437952012e-05,3467.887421,2763857902,0.39,-0.0002912244526669383,-0.0009242581436410546,-9.04586268006824e-05,-0.13356643915176392,-0.0012868051417171955,3.1176400184631348,-0.0014411233132705092,0.0667211040854454,0.9976985454559326,0.011992231011390686
1766048446.7783449,0,-Z,10,0.3500012755393982,0.00014396682672668248,0.3002045750617981,-2.127652805938851e-05,7.248303154483438e-05,1.0,-8.73613462317735e-05,3467.937422,2763907901,0.34,-0.00030005647568032146,-0.0009319392847828567,-8.89067305251956e-05,-0.1335088163614273,-0.0012339666718617082,3.1175732612609863,-0.0014166493201628327,0.06669262051582336,0.9977000951766968,0.012023797258734703
1766048446.8286023,0,-Z,10,0.3500029146671295,0.00014722777996212244,0.30020537972450256,-1.6190191672649235e-05,6.968215893721208e-05,1.0,-8.206784696085379e-05,3467.987424,2763957903,0.36,-0.0003049903316423297,-0.0009963552001863718,-3.5898196074413136e-05,-0.1335272192955017,-0.001226327964104712,3.1175856590270996,-0.00141253718174994,0.06670185923576355,0.9976995587348938,0.012017386965453625
1766048446.878794,0,-Z,10,0.35000231862068176,0.00014740251936018467,0.3002040684223175,-1.568495099490974e-05,6.788914470234886e-05,1.0,-8.323098882101476e-05,3468.0374229999998,2764007902,0.34,-0.0002907597227022052,-0.001088811899535358,-3.078296504099853e-05,-0.13351047039031982,-0.0012794580543413758,3.1176395416259766,-0.0014371402794495225,0.06669322401285172,0.9977004528045654,0.011992218904197216
1766048446.928991,0,-Z,10,0.3500025272369385,0.0001463389489799738,0.300203800201416,-1.5101505596248899e-05,6.858415144961327e-05,1.0,-8.422340033575892e-05,3468.0874209999997,2764057899,0.34,-0.0002554875973146409,-0.0011739896144717932,-9.746668365551159e-05,-0.13355213403701782,-0.0013393667759373784,3.1177430152893066,-0.0014638216234743595,0.06671372056007385,0.9976996183395386,0.011942587792873383
1766048446.9792147,0,-Z,10,0.35000208020210266,0.00014648845535703003,0.3002033829689026,-1.5250991054926999e-05,6.911867967573926e-05,1.0,-8.50753640406765e-05,3468.1374229999997,2764107896,0.35,-0.00031120062340050936,-0.0011539026163518429,-0.00011153674859087914,-0.13356545567512512,-0.001392848207615316,3.1177825927734375,-0.0014892667531967163,0.06672008335590363,0.9976993799209595,0.011924736201763153
1766048447.029513,0,-Z,10,0.3500007390975952,0.0001462749351048842,0.30020278692245483,-1.851867273217067e-05,7.198767707450315e-05,1.0,-8.856444765115157e-05,3468.187423,2764157897,0.31,-0.00037433032412081957,-0.001076091662980616,-0.00010075627506012097,-0.13358964025974274,-0.0014468228910118341,3.1177849769592285,-0.00151625310536474,0.06673182547092438,0.9976985454559326,0.01192531082779169
1766048447.0797439,0,-Z,10,0.35000166296958923,0.00014823497622273862,0.30020326375961304,-1.7368141925544478e-05,6.875619146740064e-05,1.0,-9.070425585377961e-05,3468.237424,2764207898,0.31,-0.0003878508578054607,-0.0009536456782370806,-6.0404272517189384e-05,-0.13361389935016632,-0.0014442902756854892,3.1178078651428223,-0.0015143700875341892,0.06674396246671677,0.9976978302001953,0.011913818307220936
1766048447.1299715,0,-Z,10,0.3500019609928131,0.00014993805962149054,0.3002033531665802,-1.7127615137724206e-05,7.134555198717862e-05,1.0,-8.972400246420875e-05,3468.2874199999997,2764257893,0.39,-0.00034332930226810277,-0.0009039041469804943,-7.129164441721514e-05,-0.13356368243694305,-0.0014682614710181952,3.117866277694702,-0.0015240769134834409,0.06671880930662155,0.9976998567581177,0.011885393410921097
