wall_time,repeat_idx,direction,flexiv_x,flexiv_y,flexiv_z,flexiv_rw,flexiv_rx,flexiv_ry,flexiv_rz,slam_host_ts,slam_edge_ts,slam_confidence,slam_x,slam_y,slam_z,slam_roll,slam_pitch,slam_yaw,slam_qw,slam_qx,slam_qy,slam_qz
1766047040.5111353,0,+X,0.5475854873657227,-0.0009730665478855371,0.34996935725212097,0.0024104067124426365,-5.349983985070139e-05,0.9999966621398926,0.0009430978680029511,2061.670156,1357686254,0.39,-0.0001129264201154001,4.406693915370852e-05,0.00021955269039608538,0.007140707224607468,-0.0004066623223479837,-2.9276294708251953,-0.0005834006587974727,-0.003528222907334566,0.9942764639854431,-0.10677771270275116
1766047040.5613286,0,+X,0.5493580102920532,-0.000347949709976092,0.34994250535964966,0.0007514973403885961,-1.8640443158801645e-05,0.9999996423721313,0.00035399867920204997,2061.7201569999997,1357736254,0.45,-2.9567123419838026e-05,0.00014592854131478816,0.00040888943476602435,0.005061362870037556,-0.001100064953789115,-2.9281976222991943,-0.0008164079044945538,-0.0024577113799750805,0.9943097233772278,-0.10649624466896057
1766047040.6116178,0,+X,0.550241231918335,0.00013678135292138904,0.35012325644493103,-0.0002299279731232673,-2.087139364448376e-05,1.0,-5.926461017224938e-05,2061.770157,1357786255,0.41,0.00027789079467765987,0.00012355277431197464,0.0006362200947478414,0.006028811447322369,-0.0011395374312996864,-2.928377628326416,-0.0008872806211002171,-0.0029366607777774334,0.9943179488182068,-0.10640684515237808
1766047040.6619,0,+X,0.5506378412246704,0.0002806991105899215,0.3501203656196594,-0.0005969565827399492,1.039910512190545e-05,0.9999998211860657,-0.00019809546938631684,2061.820163,1357836260,0.45,0.0006711675669066608,4.9927413783734664e-05,0.0006207521073520184,0.0015249941498041153,-0.0021615223959088326,-2.9304800033569336,-0.0011550822528079152,-0.0006443831953220069,0.9944331645965576,-0.10536117106676102
1766047040.712168,0,+X,0.5506949424743652,0.0002418378571746871,0.3500603437423706,-0.0006441480945795774,-6.6582911131263245e-06,0.9999997615814209,-0.00013371506065595895,2061.8701619999997,1357886245,0.43,0.0007852306589484215,-1.663990224187728e-05,0.0003947667428292334,-0.0009655683534219861,-0.0009730411693453789,-2.931886911392212,-0.0004333199467509985,0.0005310522974468768,0.9945077896118164,-0.10466060042381287
1766047040.7624264,0,+X,0.5505940318107605,0.00023629367933608592,0.35006794333457947,-0.0005174719262868166,-1.2772831723850686e-05,0.9999998807907104,-0.000113354813947808,2061.920156,1357936240,0.33,0.00034580708597786725,2.2815864213043824e-05,0.00011555841047083959,0.00027360819512978196,0.0038852051366120577,-2.93273663520813,0.0019177584908902645,-0.00033855196670629084,0.9945504665374756,-0.10423779487609863
1766047040.8126729,0,+X,0.5504341125488281,0.00021971708338242024,0.3500708043575287,-0.0003864472673740238,-7.668562830076553e-06,0.9999999403953552,-9.609819971956313e-05,2061.97016,1357986243,0.34,-0.0005661043687723577,0.00011843186075566337,-0.00023977803357411176,0.016174204647541046,0.007627064362168312,-2.9256415367126465,0.0029196925461292267,-0.008450813591480255,0.9941399097442627,-0.10773087292909622
1766047040.8629565,0,+X,0.5503209829330444,0.00019097862241324037,0.3500625193119049,-0.0002511215570848435,-5.590722594206454e-06,0.9999999403953552,-6.192996079334989e-05,2062.022156,1358038240,0.35,-0.0011746323434635997,0.00043895875569432974,-0.0006296189967542887,0.007057209499180317,0.006600812543183565,-2.92842698097229,0.002906277310103178,-0.0038596531376242638,0.9943150877952576,-0.10636832565069199
1766047040.9132254,0,+X,0.5502436757087708,0.00015576240548398346,0.35004907846450806,-0.00018752673349808902,-1.867870423666318e-06,1.0,-2.7645539375953376e-05,2062.072157,1358088246,0.39,-0.0010578911751508713,0.0006257629720494151,-0.0006393682560883462,0.004012797027826309,0.006086297333240509,-2.929516315460205,0.002813690109178424,-0.0023172027431428432,0.9943772554397583,-0.1058327704668045
1766047040.9634845,0,+X,0.5502091646194458,0.0001418803440174088,0.3500377833843231,-0.00014673161786049604,3.6713095141749363e-06,1.0,-1.9837789295706898e-05,2062.122158,1358138247,0.38,-0.0004894822486676276,0.0006104663480073214,-0.0002743902150541544,0.00439749751240015,0.0061724139377474785,-2.9295742511749268,0.002836219733580947,-0.0025129460263997316,0.9943798780441284,-0.10580321401357651
1766047041.0137463,0,+X,0.5501955151557922,0.00013599716476164758,0.35004475712776184,-0.00014106952585279942,1.2267589227121789e-05,1.0,-1.7031463357852772e-05,2062.172157,1358188246,0.4,0.0002020803076447919,0.0003344574652146548,0.00045132150989957154,0.007671326864510775,0.006972217466682196,-2.92822003364563,0.0030578223522752523,-0.004185034427791834,0.9943024516105652,-0.1064693033695221
1766047041.06396,0,+X,0.5501915216445923,0.00014315951557364315,0.3500533401966095,-0.00013992264575790614,5.006603259971598e-06,1.0,-2.2771246221964248e-05,2062.222152,1358238240,0.35,0.0008028149604797363,6.06417452218011e-05,0.0009940150193870068,0.007860367186367512,0.007022636942565441,-2.9282233715057373,0.003072829218581319,-0.004281694535166025,0.9943022727966309,-0.10646722465753555
1766047041.1141753,0,+X,0.550193190574646,0.00014983114670030773,0.35005417466163635,-0.00014517329691443592,1.332088686467614e-05,1.0,-3.2589603506494313e-05,2062.272163,1358288266,0.36,0.0008673213887959719,0.0001450615527573973,0.0010231707710772753,0.008110906928777695,0.007180966902524233,-2.927994966506958,0.0031376986298710108,-0.004415037110447884,0.9942893981933594,-0.10657985508441925
1766047041.1644354,0,+X,0.5501998662948608,0.00015415843517985195,0.3500542938709259,-0.0001479449128964916,1.1371259461157024e-05,1.0,-4.1907751437975094e-05,2062.322162,1358338265,0.34,0.0005159085267223418,0.00037992282886989415,0.00041791805415414274,0.007977128960192204,0.007284593768417835,-2.9275338649749756,0.0031953430734574795,-0.004354789387434721,0.9942648410797119,-0.10680915415287018
1766047041.214705,0,+X,0.5502048134803772,0.0001559690135763958,0.35004931688308716,-0.00015700867515988648,3.328368848087848e-06,1.0,-4.5342385419644415e-05,2062.372186,1358388289,0.37,-0.0002177412243327126,0.0006195785827003419,-0.0003510628012008965,0.007441897410899401,0.00733443908393383,-2.926452875137329,0.0032465027179569006,-0.004093126393854618,0.9942078590393066,-0.10734748095273972
1766047041.2648947,0,+X,0.5502128005027771,0.00015088074724189937,0.35004469752311707,-0.00016046514792833477,1.0323669812351e-05,1.0,-4.1032355511561036e-05,2062.424166,1358440268,0.44,-0.000880780047737062,0.0006431277724914253,-0.0009621322969906032,0.006277890410274267,0.00732849258929491,-2.9254157543182373,0.00330421538092196,-0.0035158898681402206,0.9941537976264954,-0.10786546766757965
1766047041.3151007,0,+X,0.5502142906188965,0.0001486032415414229,0.3500498831272125,-0.00016201440303120762,1.5019329111964907e-05,1.0,-4.343007822171785e-05,2062.474205,1358490312,0.37,-0.000853214820381254,0.0005981576978228986,-0.0010230637853965163,0.0048150066286325455,0.007248994894325733,-2.9242072105407715,0.0033419288229197264,-0.0027864575386047363,0.9940903186798096,-0.10846918076276779
1766047041.3653877,0,+X,0.5502170920372009,0.00015194941079244018,0.3500520884990692,-0.00016165176930371672,1.3430870239972137e-05,1.0,-3.5891291190637276e-05,2062.524198,1358540305,0.4,3.7600584619212896e-05,0.0003732673649210483,-1.1642679965007119e-05,0.003509680274873972,0.007092790212482214,-2.924448013305664,0.0033353487960994244,-0.0021287784911692142,0.9941046833992004,-0.10835214704275131
1766047041.4156697,0,+X,0.550216019153595,0.00015026949404273182,0.35005202889442444,-0.00016897867317311466,1.3540212421503384e-05,1.0,-3.61578022420872e-05,2062.574181,1358590288,0.46,0.001270732725970447,3.447230483288877e-05,0.0013149653095752,0.004605417139828205,0.00707318726927042,-2.9251458644866943,0.003267167368903756,-0.0026712140534073114,0.9941415786743164,-0.10800323635339737
1766047041.4659388,0,+X,0.5502142906188965,0.00014955106598790735,0.3500557541847229,-0.0001713226520223543,1.6463040083181113e-05,1.0,-4.245925447321497e-05,2062.624193,1358640300,0.43,0.002072113798931241,-0.00023236020933836699,0.002355283359065652,0.005963565781712532,0.007050220388919115,-2.925968885421753,0.003183773485943675,-0.003343758173286915,0.9941844344139099,-0.10759158432483673
1766047041.516189,0,+X,0.5502170920372009,0.00015252342564053833,0.3500591516494751,-0.00016780027362983674,1.5512818208662793e-05,1.0,-4.923979940940626e-05,2062.674152,1358690229,0.39,0.0018193945288658142,-0.00043297975207678974,0.002181606600061059,0.006843902170658112,0.007184789516031742,-2.926298141479492,0.003203922649845481,-0.0037880768068134785,0.9942007064819336,-0.10742589086294174
1766047041.566376,0,+X,0.5502176284790039,0.000154563516844064,0.3500577509403229,-0.00016853648412507027,1.4924958122719545e-05,1.0,-4.934771641273983e-05,2062.7241719999997,1358740248,0.35,0.00066106126178056,-0.0003419734421186149,0.0008485740981996059,0.006632473319768906,0.007205347530543804,-2.9263710975646973,0.0032256352715194225,-0.0036839621607214212,0.9942049384117126,-0.10739003866910934
1766047041.616659,0,+X,0.5502191781997681,0.0001547023857710883,0.35005640983581543,-0.00016646916628815234,1.5796338630025275e-05,1.0,-4.81619754282292e-05,2062.774242,1358790319,0.47,-0.0007224372820928693,-3.4351196518400684e-05,-0.0007045190432108939,0.005592585541307926,0.007222022395581007,-2.925765037536621,0.0032888129353523254,-0.0031689247116446495,0.9941736459732056,-0.10769335925579071
1766047041.6669145,0,+X,0.5502177476882935,0.00015471562801394612,0.3500511050224304,-0.00017017179925460368,1.5955602066242136e-05,1.0,-4.298884596209973e-05,2062.826246,1358842323,0.44,-0.0015675048343837261,0.00022742283181287348,-0.0015096336137503386,0.004556509666144848,0.007176023442298174,-2.9249250888824463,0.003320632968097925,-0.0026528234593570232,0.9941295385360718,-0.1081128939986229
1766047041.7171652,0,+X,0.5502176284790039,0.00014725384244229645,0.3500501811504364,-0.00017511268379166722,1.9956289179390296e-05,1.0,-5.23059607075993e-05,2062.876173,1358892263,0.45,-0.0010674413060769439,0.00020418150234036148,-0.0010085378307849169,0.0037935380823910236,0.007035848218947649,-2.924717664718628,0.0032919710502028465,-0.00226634182035923,0.9941191673278809,-0.10821765661239624
1766047041.7674098,0,+X,0.5502191781997681,0.00015188321413006634,0.3500549793243408,-0.00017311700503341854,1.5879602869972587e-05,1.0,-5.391576269175857e-05,2062.926249,1358942339,0.45,2.070003392873332e-05,0.00015308211732190102,0.00011859617370646447,0.004031590186059475,0.0070294784381985664,-2.92531681060791,0.003276636591181159,-0.002383341547101736,0.9941514134407043,-0.10791938006877899
1766047041.8176804,0,+X,0.5502181053161621,0.00015388855536002666,0.35005509853363037,-0.00017779588233679533,1.8536291463533416e-05,1.0,-5.31927180418279e-05,2062.976155,1358992244,0.38,0.0012247010599821806,0.00013022458006162196,0.0014422655804082751,0.004892502911388874,0.007048866245895624,-2.926069498062134,0.0032408712431788445,-0.0028111059218645096,0.9941911101341248,-0.10754354298114777
1766047041.8679469,0,+X,0.5502228140830994,0.00015162030467763543,0.35005325078964233,-0.00017621208098717034,2.0912999389111064e-05,1.0,-5.0852140702772886e-05,2063.026333,1359042422,0.44,0.0016013855347409844,2.3406115360558033e-05,0.0020015230402350426,0.005982294213026762,0.006988870445638895,-2.9267020225524902,0.003153496887534857,-0.0033486117608845234,0.9942238926887512,-0.10722716152667999
1766047041.9182239,0,+X,0.5502243041992188,0.00014962600835133344,0.3500506281852722,-0.0001796987053239718,2.4267697881441563e-05,1.0,-5.274042996461503e-05,2063.076191,1359092289,0.39,0.0009028002968989313,-0.0001510853908257559,0.0015001785941421986,0.006549895741045475,0.007036403752863407,-2.9267613887786865,0.003146796952933073,-0.0036332274321466684,0.9942262172698975,-0.10719652473926544
1766047041.9684803,0,+X,0.5502229332923889,0.00015027752669993788,0.3500515818595886,-0.00018293298489879817,2.2834547053207643e-05,1.0,-5.479116225615144e-05,2063.126217,1359142315,0.43,-0.00033613640698604286,-0.00027425444568507373,0.00029357161838561296,0.005518898367881775,0.006925664376467466,-2.9264791011810303,0.003146578324958682,-0.003115214640274644,0.9942126274108887,-0.10733896493911743
1766047042.0187142,0,+X,0.5502228140830994,0.00015544412599410862,0.350053071975708,-0.00018249369168188423,2.2339798306347802e-05,1.0,-5.0385431677568704e-05,2063.176187,1359192285,0.4,-0.0012241000076755881,-0.00023827148834243417,-0.0006688959547318518,0.0027695109602063894,0.006617277394980192,-2.9259390830993652,0.003140390384942293,-0.001732773263938725,0.9941864013671875,-0.1076127216219902
1766047042.0689633,0,+X,0.5502219200134277,0.0001544267579447478,0.35005003213882446,-0.0001834206050261855,1.7846756236394867e-05,1.0,-5.0955739425262436e-05,2063.228186,1359244283,0.4,-0.0012871752260252833,-0.00013392340042628348,-0.0006502476171590388,0.0023204670287668705,0.006610049866139889,-2.9255146980285645,0.003160640597343445,-0.0015098386211320758,0.9941637516021729,-0.10782445967197418
1766047042.1191654,0,+X,0.5502229332923889,0.0001526940322946757,0.35004913806915283,-0.00017732419655658305,2.008388219110202e-05,1.0,-4.9756239604903385e-05,2063.278176,1359294282,0.4,-0.0003180362400598824,-0.00017159685376100242,0.00015775105566717684,0.0030902656726539135,0.006681252270936966,-2.925607442855835,0.003154617501422763,-0.0018961832392960787,0.9941682815551758,-0.10777691006660461
1766047042.1693425,0,+X,0.5502184629440308,0.00015121792966965586,0.3500521779060364,-0.00017828989075496793,1.9683977370732464e-05,1.0,-5.576340845436789e-05,2063.328184,1359344291,0.44,0.000923215295188129,-0.00019441239419393241,0.0013002159539610147,0.0035338224843144417,0.0067375716753304005,-2.926481246948242,0.0031596338376402855,-0.00211832276545465,0.9942148923873901,-0.1073417216539383
1766047042.219493,0,+X,0.5502192974090576,0.00015356966468971223,0.35005509853363037,-0.000176604138687253,1.9357437849976122e-05,1.0,-6.154226866783574e-05,2063.378169,1359394276,0.38,0.001629688311368227,-0.00022042436467017978,0.0020022138487547636,0.00430351123213768,0.006754086818546057,-2.9272232055664062,0.003127456409856677,-0.00250066677108407,0.9942539930343628,-0.10697158426046371
1766047042.2696218,0,+X,0.5502214431762695,0.0001567694853292778,0.3500537574291229,-0.00017461449897382408,2.432930705253966e-05,1.0,-5.4338615882443264e-05,2063.428171,1359444278,0.4,0.0012126700021326542,-0.00012947345385327935,0.0016989881405606866,0.004663662984967232,0.006651185918599367,-2.9275879859924316,0.0030575240962207317,-0.0026736457366496325,0.9942733645439148,-0.10678962618112564
1766047042.3197603,0,+X,0.5502217411994934,0.00015499569417443126,0.3500509262084961,-0.00017617567209526896,1.9952742150053382e-05,1.0,-5.50963704881724e-05,2063.478172,1359494290,0.41,0.00011723602074198425,0.00011059881944674999,0.0007450755801983178,0.004163042642176151,0.0065609305165708065,-2.927198886871338,0.0030389181338250637,-0.0024205415975302458,0.9942531585693359,-0.10698406398296356
1766047042.369904,0,+X,0.5502216815948486,0.00015308827278204262,0.3500506281852722,-0.00017784564988687634,2.1522366296267137e-05,1.0,-5.5599699408048764e-05,2063.528171,1359544289,0.35,-0.0008356198668479919,0.00030463418806903064,-0.00029619524138979614,0.002887166105210781,0.006503355223685503,-2.9265151023864746,0.0030779431108385324,-0.0017842426896095276,0.9942175149917603,-0.10732629895210266
1766047042.4200451,0,+X,0.5502234697341919,0.00015141715994104743,0.3500508666038513,-0.0001756587444106117,2.7624224458122626e-05,1.0,-5.80954656470567e-05,2063.578161,1359594279,0.43,-0.0010510394349694252,0.0003108881355728954,-0.0008039858075790107,0.001987575553357601,0.006498892325907946,-2.925844430923462,0.003123554866760969,-0.0013378566363826394,0.9941818118095398,-0.1076611652970314
1766047042.470192,0,+X,0.5502222776412964,0.00015487040218431503,0.3500516712665558,-0.00017681247845757753,2.2690166588290595e-05,1.0,-5.7900706451619044e-05,2063.6281599999998,1359644277,0.45,-0.0005664220661856234,9.293283801525831e-05,-0.0002575880498625338,0.0019529586425051093,0.006543815601617098,-2.9256181716918945,0.0031475999858230352,-0.0013234232319518924,0.9941695928573608,-0.10777367651462555
1766047044.6779869,0,-X,0.3509325683116913,0.0007511305157095194,0.35029828548431396,-0.0010888163233175874,-4.6678547960254946e-07,0.9999992251396179,-0.0005844246479682624,2065.836215,1361852362,0.49,-0.0006169268162921071,0.0006050463998690248,9.610713459551334e-05,0.0017471988685429096,0.0063786995597183704,-2.9259591102600098,0.003076818073168397,-0.001211720984429121,0.9941882491111755,-0.10760461539030075
1766047044.7281575,0,-X,0.35006582736968994,0.00013361009769141674,0.35015833377838135,-5.041355689172633e-05,2.7482192308525555e-06,1.0,-9.523662447463721e-05,2065.886305,1361902453,0.42,-1.043090264829516e-06,0.00019212900951970369,0.0006429262575693429,0.0021721613593399525,0.006398358847945929,-2.9261996746063232,0.003063896670937538,-0.0014236564747989178,0.9942010641098022,-0.10748434066772461
1766047044.7782953,0,-X,0.3496100604534149,-9.135407162830234e-05,0.3501095771789551,0.00033655198058113456,-1.7186843251693062e-05,0.9999999403953552,0.00010892151476582512,2065.936191,1361952339,0.4,0.000612341973464936,-0.00019484301446937025,0.0011310337577015162,0.00275778048671782,0.006459493655711412,-2.926582098007202,0.003063140669837594,-0.0017174675595015287,0.9942212104797363,-0.10729320347309113
1766047044.8284295,0,-X,0.34950995445251465,-0.00012193977454444394,0.3501272201538086,0.00045483934809453785,3.7410029563034186e-06,0.9999998807907104,0.00014435943739954382,2065.986296,1362002445,0.43,0.000866132671944797,-0.0003580544434953481,0.0011560722487047315,0.003223173087462783,0.006541221868246794,-2.927084445953369,0.0030792902689427137,-0.0019524297676980495,0.9942477345466614,-0.1070425808429718
1766047044.8785605,0,-X,0.34954148530960083,-8.69339273776859e-05,0.35014668107032776,0.0003898326540365815,2.098665163430269e-06,0.9999999403953552,0.00012517609866335988,2066.036323,1362052471,0.45,0.0005059802788309753,-7.2850139986258e-05,0.0007528499118052423,0.003151611192151904,0.006524480413645506,-2.9271535873413086,0.0030748643912374973,-0.0019158523064106703,0.994251549243927,-0.10700834542512894
1766047044.928732,0,-X,0.3496560752391815,-1.5726023775641806e-05,0.3501608371734619,0.0002864636480808258,1.7701620890875347e-05,0.9999999403953552,6.626064714509994e-05,2066.086331,1362102480,0.43,-0.00017192251107189804,0.00038839675835333765,9.158236935036257e-05,0.0025817821733653545,0.00651889480650425,-2.92681884765625,0.003102305345237255,-0.0016327964840456843,0.9942339062690735,-0.10717574506998062
1766047044.9788604,0,-X,0.34978362917900085,3.472388198133558e-05,0.35017454624176025,0.0001609619939699769,2.948494511656463e-05,1.0,1.3896566088078544e-05,2066.138212,1362154366,0.39,-0.0006529060192406178,0.0005759625928476453,-0.00041057844646275043,0.0020821536891162395,0.006480173207819462,-2.9263925552368164,0.0031095375306904316,-0.0013830107636749744,0.9942113161087036,-0.10738859325647354
1766047045.0289938,0,-X,0.34989455342292786,9.112348925555125e-05,0.350173681974411,5.963040894130245e-05,2.8623499019886367e-05,1.0,-1.4806122635491192e-05,2066.188268,1362204422,0.42,-0.000554025755263865,0.00036125871702097356,-0.00011679660383379087,0.001964024268090725,0.006522877607494593,-2.9261295795440674,0.003136934945359826,-0.0013269935734570026,0.9941971302032471,-0.10751950740814209
1766047045.079131,0,-X,0.3499704599380493,0.0001236615498783067,0.35016676783561707,1.7659467630437575e-06,3.974991705035791e-05,1.0,-4.639724284061231e-05,2066.238231,1362254385,0.47,7.58086025598459e-05,-4.667858229367994e-05,0.0004680005367845297,0.002226597163826227,0.006628983188420534,-2.9262146949768066,0.0031756253447383642,-0.0014630870427936316,0.9942014813423157,-0.10747665911912918
1766047045.12926,0,-X,0.34999796748161316,0.00014014760381542146,0.35016557574272156,-3.4786597097991034e-05,4.572827310767025e-05,1.0,-6.290400051511824e-05,2066.288324,1362304479,0.4,0.0006766078877262771,-0.000364996783901006,0.000986299361102283,0.0027778653893619776,0.0066750007681548595,-2.926588296890259,0.0031691992189735174,-0.001739003579132259,0.9942212104797363,-0.10728998482227325
1766047045.17939,0,-X,0.3500055968761444,0.00014167209155857563,0.35017016530036926,-2.8387521524564363e-05,4.9071095418184996e-05,1.0,-6.316135841188952e-05,2066.33833,1362354490,0.46,0.000905738037545234,-0.0005090909544378519,0.0011347290128469467,0.003162984736263752,0.006721259094774723,-2.926802635192871,0.0031717403326183558,-0.001932591781951487,0.9942324161529541,-0.10718268901109695
1766047045.2296112,0,-X,0.3499903976917267,0.00012252249871380627,0.35017475485801697,-2.5713919967529364e-05,5.537067409022711e-05,1.0,-4.5984474127180874e-05,2066.3883,1362404460,0.42,0.000658474222291261,-0.000427749240770936,0.0009183302172459662,0.003132739569991827,0.006660236045718193,-2.926640510559082,0.003142870496958494,-0.0019145410042256117,0.9942238330841064,-0.10726341605186462
1766047045.2797785,0,-X,0.3499717116355896,0.00010599188681226224,0.35018283128738403,-8.602595698903315e-06,5.7838835346046835e-05,1.0,-3.782503699767403e-05,2066.4382069999997,1362454366,0.45,0.0001945560798048973,-0.00021981650206726044,0.0005005106795579195,0.002794432220980525,0.006615072954446077,-2.926447629928589,0.0031383968889713287,-0.001744244946166873,0.9942137598991394,-0.10735989362001419
1766047045.3299239,0,-X,0.3499506115913391,0.00010449335240991786,0.350180447101593,1.638375033508055e-05,5.8127043303102255e-05,1.0,-3.8379246689146385e-05,2066.488301,1362504460,0.49,-0.00018614820146467537,-6.483835022663698e-05,0.00015106664795894176,0.0024394842330366373,0.006610012613236904,-2.9262752532958984,0.0031548014376312494,-0.0015677983174100518,0.9942046403884888,-0.10744623094797134
1766047045.3800662,0,-X,0.34993594884872437,9.502941247774288e-05,0.3501780331134796,3.482494503259659e-05,5.463209890876897e-05,1.0,-3.605025267461315e-05,2066.538211,1362554370,0.4,-0.000309031835058704,4.1319064621347934e-05,0.00013588766159955412,0.002277232939377427,0.006565568502992392,-2.9261131286621094,0.0031413051765412092,-0.0014850099105387926,0.9941960573196411,-0.10752711445093155
1766047045.4302828,0,-X,0.34992343187332153,0.0001003009092528373,0.35017409920692444,4.228929174132645e-05,6.856823893031105e-05,1.0,-3.34263349941466e-05,2066.588189,1362604348,0.43,-0.00012706968118436635,7.714051753282547e-05,0.00046183684025891125,0.002474450506269932,0.006588491145521402,-2.926145076751709,0.0031421214807778597,-0.0015842282446101308,0.99419766664505,-0.10751082748174667
1766047045.4805095,0,-X,0.34992116689682007,0.00010077991464640945,0.35016852617263794,4.8727386456448585e-05,6.56685369904153e-05,1.0,-4.426595114637166e-05,2066.638266,1362654425,0.41,0.0001962716632988304,-5.0388192903483286e-05,0.0008708988898433745,0.0028093860018998384,0.006606607232242823,-2.9263501167297363,0.003133300459012389,-0.0017513766651973128,0.9942085146903992,-0.10740828514099121
1766047045.5306716,0,-X,0.34992387890815735,0.00011686226207530126,0.35016191005706787,4.8567970225121826e-05,5.814906398882158e-05,1.0,-5.941196286585182e-05,2066.688189,1362704348,0.45,0.00037244005943648517,-0.00014725672372151166,0.0009622768848203123,0.002987446030601859,0.006642393302172422,-2.9264214038848877,0.0031415922567248344,-0.0018417008686810732,0.9942122101783752,-0.10737251490354538
1766047045.5808187,0,-X,0.349931538105011,0.00012973065895494074,0.35015538334846497,4.351643656264059e-05,6.251373997656628e-05,1.0,-7.127330172806978e-05,2066.740167,1362756322,0.43,0.0002788160345517099,-0.00025399267906323075,0.0007682896684855223,0.002921878593042493,0.0066418773494660854,-2.926300048828125,0.0031447464134544134,-0.0018092700047418475,0.9942057132720947,-0.10743295401334763
1766047045.6309745,0,-X,0.34994733333587646,0.00013936594768892974,0.3501471281051636,3.245702464482747e-05,6.474023393820971e-05,1.0,-8.845963748171926e-05,2066.790207,1362806362,0.43,2.133180714736227e-05,-0.0003250428708270192,0.0004059678758494556,0.0026708527002483606,0.006618820130825043,-2.9260783195495605,0.0031465834472328424,-0.0016835948918014765,0.994193971157074,-0.10754365473985672
1766047045.6811945,0,-X,0.34996193647384644,0.00014415514306165278,0.35014182329177856,1.8561902834335342e-05,6.865002069389448e-05,1.0,-8.913475176086649e-05,2066.840171,1362856325,0.38,-0.0002011791948461905,-0.00033229164546355605,0.000128319050418213,0.0024299512151628733,0.006594210397452116,-2.925874710083008,0.003147145500406623,-0.0015628408873453736,0.9941831231117249,-0.10764537006616592
1766047045.731345,0,-X,0.34997501969337463,0.00015625134983565658,0.35014259815216064,3.334607754368335e-06,6.232085434021428e-05,1.0,-9.872804366750643e-05,2066.890174,1362906329,0.47,-0.00014855705376248807,-0.0003071048413403332,4.125262057641521e-05,0.002398115349933505,0.006677551660686731,-2.925715446472168,0.003190163988620043,-0.0015517548890784383,0.9941744804382324,-0.10772444307804108
1766047045.7814944,0,-X,0.34999242424964905,0.0001591024047229439,0.3501463830471039,1.9127797656892653e-07,7.276784162968397e-05,1.0,-0.00012101599713787436,2066.940173,1362956325,0.43,6.277728243730962e-05,-0.0003214121679775417,0.00035718557774089277,0.0025259514804929495,0.006685775704681873,-2.925783634185791,0.0031874210108071566,-0.001615634886547923,0.994178056716919,-0.10769031941890717
1766047045.8316205,0,-X,0.3500053882598877,0.00016232178313657641,0.3501482605934143,-1.015060297504533e-05,5.801710358355194e-05,1.0,-0.00012112598778912798,2066.990181,1363006333,0.44,0.0003842846199404448,-0.0002783152449410409,0.0008446035208180547,0.00284105003811419,0.006703824270516634,-2.92594313621521,0.0031795662362128496,-0.0017729852115735412,0.9941864609718323,-0.10761050879955292
1766047045.8817623,0,-X,0.35001251101493835,0.00016729600611142814,0.3501473367214203,-2.4999282686621882e-05,6.408197077689692e-05,1.0,-0.00011805587564595044,2067.040168,1363056320,0.41,0.0004732874222099781,-0.00023198715643957257,0.0011656101560220122,0.0031726392917335033,0.006656676530838013,-2.9261651039123535,0.0031385014299303293,-0.0019349304493516684,0.9941983222961426,-0.10749956965446472
1766047045.9319148,0,-X,0.3500179648399353,0.0001652673672651872,0.3501499593257904,-2.4743321773712523e-05,5.53118261450436e-05,1.0,-0.00012622309441212565,2067.090178,1363106330,0.44,0.0002572489611338824,-0.00022024259669706225,0.0011186283081769943,0.0033245105296373367,0.006670903880149126,-2.926339864730835,0.0031375857070088387,-0.0020109161268919706,0.9942075610160828,-0.1074124351143837
1766047045.9821348,0,-X,0.3500156104564667,0.00015877782425377518,0.3501530885696411,-2.3312579287448898e-05,5.374953616410494e-05,1.0,-0.00011519534018589184,2067.1401769999998,1363156331,0.4,-7.960315997479483e-05,-0.00017240848683286458,0.00074719701660797,0.0031102916691452265,0.006649578921496868,-2.926205635070801,0.0031383633613586426,-0.0019034926081076264,0.9942005276679993,-0.10747959464788437
1766047046.0323303,0,-X,0.3500122129917145,0.00014800489589106292,0.35015684366226196,-1.6821992176119238e-05,6.107412627898157e-05,1.0,-0.0001041193536366336,2067.190178,1363206332,0.43,-0.0004524011164903641,-1.7776121239876375e-05,0.0004688615445047617,0.002812478458508849,0.0066130380146205425,-2.9259769916534424,0.003136004088446498,-0.0017538444371894002,0.9941884279251099,-0.10759377479553223
1766047046.0824814,0,-X,0.3500039875507355,0.00014118544640950859,0.35015779733657837,-1.569250161992386e-05,5.1102408178849146e-05,1.0,-9.848494664765894e-05,2067.24017,1363256325,0.42,-0.0005057037924416363,9.169129771180451e-05,0.0002674186835065484,0.002668366301804781,0.006545001175254583,-2.9258527755737305,0.003109832527115941,-0.0016787402564659715,0.9941819310188293,-0.1076558381319046
1766047046.1326454,0,-X,0.3499981462955475,0.00013333052629604936,0.350159227848053,-1.1145286407554522e-05,5.6472490541636944e-05,1.0,-9.613356814952567e-05,2067.290169,1363306323,0.46,-0.00024193998251575977,-1.612081177881919e-05,0.0005182403838261962,0.0028494519647210836,0.006512593477964401,-2.9260239601135254,0.0030841256957501173,-0.0017667479114606977,0.9941911101341248,-0.10757053643465042
1766047046.1828046,0,-X,0.3499927818775177,0.0001280207943636924,0.350158154964447,-5.585980034084059e-06,4.9969006795436144e-05,1.0,-9.071467502508312e-05,2067.342176,1363358330,0.44,8.641934982733801e-05,-0.0002620853192638606,0.0008111276547424495,0.0032001554500311613,0.00656164949759841,-2.926284074783325,0.0030898998957127333,-0.0019433173583820462,0.9942048192024231,-0.1074405089020729
1766047046.2329671,0,-X,0.3499888777732849,0.0001231935602845624,0.35015565156936646,5.300445536704501e-06,5.121992580825463e-05,1.0,-8.531945059075952e-05,2067.3921769999997,1363408330,0.45,0.0002756635076366365,-0.00033197359880432487,0.000944933679420501,0.0034155056346207857,0.006616062019020319,-2.9263837337493896,0.003105481155216694,-0.0020531367044895887,0.9942099452018738,-0.10739059001207352
1766047046.283101,0,-X,0.3499816060066223,0.00012038681597914547,0.3501534163951874,7.402356004604371e-06,4.8500747652724385e-05,1.0,-7.516165351262316e-05,2067.442165,1363458319,0.36,0.00021524472685996443,-0.00038071535527706146,0.0007994781481102109,0.0034273855853825808,0.006670297589153051,-2.926325559616089,0.003131743986159563,-0.0020620455034077168,0.9942067265510559,-0.10741940885782242
1766047046.333233,0,-X,0.3499757945537567,0.00011028933658963069,0.3501545786857605,1.0580605703580659e-05,5.13562627020292e-05,1.0,-7.525838009314612e-05,2067.492169,1363508323,0.4,-4.423693098942749e-05,-0.00040920788887888193,0.0005200396408326924,0.003161073662340641,0.006587340496480465,-2.9261221885681152,0.003104614792391658,-0.0019255210645496845,0.9941961169242859,-0.10752099752426147
1766047046.383387,0,-X,0.34997254610061646,0.00010703464795369655,0.35015618801116943,1.9457740563666448e-05,5.074953514849767e-05,1.0,-7.117340283002704e-05,2067.542169,1363558317,0.44,-0.00025152595480903983,-0.0004568466392811388,0.00023893114121165127,0.0028426325879991055,0.006572067271918058,-2.9258337020874023,0.0031138889025896788,-0.0017668530344963074,0.9941807985305786,-0.1076650321483612
1766047046.4335418,0,-X,0.34996479749679565,0.00010212706547463313,0.3501565754413605,1.784430605766829e-05,4.584815906127915e-05,1.0,-6.671921437373385e-05,2067.592245,1363608393,0.38,-0.00023700502060819417,-0.000387203210266307,0.0001600566611159593,0.0027228430844843388,0.006630007177591324,-2.925718307495117,0.0031490405090153217,-0.0017106074374169111,0.9941745400428772,-0.10772249847650528
1766047046.4837291,0,-X,0.34996265172958374,9.510810195934027e-05,0.3501600921154022,2.4927154299803078e-05,4.73626860184595e-05,1.0,-5.523440631804988e-05,2067.642238,1363658387,0.47,4.36659247498028e-05,-0.0003413184604141861,0.0003777267411351204,0.002844142960384488,0.006717542186379433,-2.925769805908203,0.0031860650051385164,-0.001775536686182022,0.9941771030426025,-0.10769660025835037
1766047046.533913,0,-X,0.34995514154434204,8.81839805515483e-05,0.3501582145690918,2.5392244424438104e-05,4.3543539504753426e-05,1.0,-5.16262516612187e-05,2067.692267,1363708416,0.37,0.00040102412458509207,-0.00028483153437264264,0.0006016769330017269,0.00309278117492795,0.006836926098912954,-2.9259345531463623,0.0032321764156222343,-0.0019052941352128983,0.9941856265068054,-0.10761416703462601
1766047046.5841043,0,-X,0.3499526381492615,8.541518764104694e-05,0.350158154964447,3.5247026971774176e-05,4.300448199501261e-05,1.0,-5.832440001540817e-05,2067.742255,1363758399,0.43,0.0006369532202370465,-0.00023466386483050883,0.0006722996477037668,0.0032891416922211647,0.006913742050528526,-2.9260551929473877,0.003259915392845869,-0.002006840193644166,0.9941918849945068,-0.10755383223295212
1766047046.6343043,0,-X,0.3499458432197571,8.457174408249557e-05,0.3501565456390381,3.8799622416263446e-05,4.738587813335471e-05,1.0,-5.4127162002259865e-05,2067.792262,1363808406,0.38,0.0006034881225787103,-0.0002879560342989862,0.00046671886229887605,0.0033676328603178263,0.006910167168825865,-2.9260895252227783,0.0032539519015699625,-0.0020456097554415464,0.9941936731338501,-0.10753665119409561
1766047048.2403226,0,+Y,0.44816163182258606,0.09891793876886368,0.3501195013523102,0.0018915984546765685,7.139537501643645e-06,0.9999976754188538,0.0010438302997499704,2069.398171,1365414332,0.43,0.0003068399091716856,8.557856926927343e-05,0.0002970597706735134,0.0028686407022178173,0.006699766498059034,-2.925734519958496,0.0031758781988173723,-0.0017868130235001445,0.9941752552986145,-0.10771412402391434
1766047048.290502,0,+Y,0.44950810074806213,0.09971902519464493,0.35010555386543274,0.0005252395058050752,-2.6086274829140166e-06,0.9999998211860657,0.0002865446440409869,2069.448171,1365464333,0.39,0.0004081929218955338,-5.1150742365280166e-05,0.0002822070091497153,0.0029909901786595583,0.006741771008819342,-2.9257068634033203,0.003190142335370183,-0.0018499380676075816,0.9941735863685608,-0.10772770643234253
1766047048.3407013,0,+Y,0.45026105642318726,0.10019412636756897,0.3500886559486389,-0.00018515340343583375,2.1562973415711895e-05,1.0,-0.00014145240129437298,2069.498297,1365514459,0.45,0.00039610572275705636,-0.00017902962281368673,0.00020277559815440327,0.0030078981071710587,0.006720988545566797,-2.925662040710449,0.003178859129548073,-0.0018572943517938256,0.9941712021827698,-0.10774991661310196
1766047048.3908572,0,+Y,0.4505007565021515,0.1004202663898468,0.35010451078414917,-0.0004888456896878779,2.754015804384835e-05,0.9999998211860657,-0.0003245732223149389,2069.550182,1365566348,0.38,0.0002592940873000771,-0.0002194537373725325,0.00018206344975624233,0.0028746193274855614,0.006696739234030247,-2.9257733821868896,0.0031740861013531685,-0.0017895603086799383,0.9941773414611816,-0.10769480466842651
1766047048.441039,0,+Y,0.4505186676979065,0.10042758285999298,0.350085586309433,-0.0004941207589581609,2.9240205549285747e-05,0.9999998211860657,-0.00034661509562283754,2069.60019,1365616356,0.46,0.00010693986405385658,-0.00017147503967862576,0.00025400545564480126,0.0027268962003290653,0.006674733478575945,-2.925757884979248,0.003171089105308056,-0.0017149687046185136,0.9941765666007996,-0.1077028438448906
1766047048.4911985,0,+Y,0.4504307210445404,0.10034466534852982,0.35009050369262695,-0.0004287819319870323,2.0487936126301065e-05,0.9999998807907104,-0.0003067110665142536,2069.650168,1365666334,0.43,4.6609475248260424e-05,-0.0001796764408936724,0.000371723115677014,0.002718648174777627,0.006678440608084202,-2.9258155822753906,0.0031734255608171225,-0.001710976823233068,0.9941797256469727,-0.10767418146133423
1766047048.5413785,0,+Y,0.4503007233142853,0.10029131919145584,0.3501039743423462,-0.00028601157828234136,2.9968907256261446e-05,0.9999999403953552,-0.0002448690647725016,2069.700187,1365716353,0.42,6.95081107551232e-05,-0.00021753709006588906,0.0005662469193339348,0.0028442281764000654,0.006658740341663361,-2.9258594512939453,0.0031569101847708225,-0.0017722711199894547,0.9941820502281189,-0.10765208303928375
1766047048.5915325,0,+Y,0.45016083121299744,0.10022556781768799,0.35011348128318787,-0.00016865738143678755,3.2996471418300644e-05,0.9999999403953552,-0.00019551477453205734,2069.750173,1365766344,0.43,5.043485725764185e-05,-0.0002573673555161804,0.0009141791379079223,0.0029438186902552843,0.006698437966406345,-2.925964593887329,0.003171378280967474,-0.001823746832087636,0.994187593460083,-0.1075996458530426
1766047048.6417012,0,+Y,0.4500751793384552,0.10016131401062012,0.3501174747943878,-6.830875645391643e-05,3.9519778511021286e-05,1.0,-0.00013894688163418323,2069.80024,1365816411,0.46,3.7923018680885434e-06,-0.0002610846422612667,0.0009613824659027159,0.0029528404120355844,0.006666544824838638,-2.926011085510254,0.003155081532895565,-0.001826442196033895,0.9941900968551636,-0.10757654905319214
1766047048.6918542,0,+Y,0.4500189423561096,0.10011982917785645,0.3501136302947998,-2.27121763600735e-05,3.3122236345661804e-05,1.0,-9.897465497488156e-05,2069.850184,1365866355,0.44,-5.314221925800666e-05,-0.0002854007761925459,0.0008692370029166341,0.0028942858334630728,0.006671575829386711,-2.9259982109069824,0.003160720458254218,-0.0017976262606680393,0.994189441204071,-0.10758309066295624
1766047048.742,0,+Y,0.4499933421611786,0.10010318458080292,0.35011476278305054,1.2499262084020302e-05,3.443449895712547e-05,1.0,-8.174464892363176e-05,2069.900168,1365916339,0.4,-1.677011459833011e-05,-0.0002724599908106029,0.0006692929891869426,0.002854547230526805,0.006666133180260658,-2.925976037979126,0.003160133259370923,-0.0017776146996766329,0.9941883087158203,-0.10759421437978745
1766047048.7921474,0,+Y,0.4499870836734772,0.10009709000587463,0.35011738538742065,2.680271427379921e-05,3.33305579260923e-05,1.0,-7.570905290776864e-05,2069.9501689999997,1365966343,0.42,5.7507284509483725e-05,-0.00025748167536221445,0.0005279147299006581,0.0028133036103099585,0.006692063994705677,-2.9260594844818115,0.0031753156799823046,-0.0017583752050995827,0.9941927790641785,-0.10755277425050735
1766047048.8422775,0,+Y,0.44998541474342346,0.10009698569774628,0.3501132130622864,2.986153594974894e-05,3.484898843453266e-05,1.0,-7.662636926397681e-05,2070.000302,1366016477,0.43,0.00014851924788672477,-0.00023025467817205936,0.00046541407937183976,0.0028511255513876677,0.006694009527564049,-2.9261651039123535,0.0031743424478918314,-0.0017771132988855243,0.9941984415054321,-0.10750015079975128
1766047048.8924053,0,+Y,0.44999101758003235,0.10009460896253586,0.3501095771789551,3.0318662538775243e-05,4.205920413369313e-05,1.0,-7.155822095228359e-05,2070.050169,1366066344,0.38,0.0002523282601032406,-0.000245303672272712,0.0005702961934730411,0.002909659640863538,0.006650864612311125,-2.926240921020508,0.0031498169992119074,-0.0018037718255072832,0.9942025542259216,-0.10746235400438309
1766047048.942564,0,+Y,0.44999149441719055,0.1000959575176239,0.35010769963264465,2.8628921427298337e-05,3.800621925620362e-05,1.0,-6.722907710354775e-05,2070.100173,1366116347,0.46,0.000321500061545521,-0.00029296791763044894,0.0006409056368283927,0.0029719911981374025,0.006633969955146313,-2.9262936115264893,0.003138117492198944,-0.0018337666988372803,0.9942053556442261,-0.1074361503124237
1766047048.992735,0,+Y,0.44999080896377563,0.10009584575891495,0.35010865330696106,2.6242840249324217e-05,4.057265323353931e-05,1.0,-6.403740553651005e-05,2070.150198,1366166372,0.38,0.0003242366074118763,-0.00035644136369228363,0.0006196945323608816,0.00297584873624146,0.006570940837264061,-2.9264445304870605,0.0031067165546119213,-0.0018320638919249177,0.9942135810852051,-0.10736110061407089
1766047049.04293,0,+Y,0.4499920904636383,0.10009397566318512,0.3501119911670685,2.9746388463536277e-05,3.738334999070503e-05,1.0,-6.791446503484622e-05,2070.202174,1366218349,0.42,0.00022208540758583695,-0.00042753625893965364,0.0005384307005442679,0.0028814771212637424,0.006550362799316645,-2.9264402389526367,0.0031015495769679546,-0.001784053398296237,0.9942134022712708,-0.1073635071516037
1766047049.0931275,0,+Y,0.4499882459640503,0.1000969186425209,0.35011398792266846,2.600947664177511e-05,3.497332727420144e-05,1.0,-6.557058077305555e-05,2070.2521859999997,1366268360,0.44,8.767241524765268e-05,-0.0004647659370675683,0.0004475430177990347,0.0027534521650522947,0.006542501971125603,-2.926335334777832,0.00310442503541708,-0.0017201522132381797,0.9942078590393066,-0.1074158325791359
1766047049.143281,0,+Y,0.44998741149902344,0.10009749978780746,0.35011476278305054,2.4756003767834045e-05,3.639490023488179e-05,1.0,-6.602873327210546e-05,2070.302182,1366318357,0.35,-1.37363367684884e-05,-0.00048815837362781167,0.0003955358697567135,0.0026832353323698044,0.006519223563373089,-2.9262852668762207,0.0030965826008468866,-0.0016840742900967598,0.9942052364349365,-0.10744083672761917
1766047049.1934147,0,+Y,0.4499882161617279,0.10009603947401047,0.350117027759552,2.624887383717578e-05,3.514843774610199e-05,1.0,-6.78465876262635e-05,2070.352179,1366368357,0.39,6.848229531897232e-05,-0.00038704718463122845,0.0004169296007603407,0.0027314277831465006,0.006551295053213835,-2.9263222217559814,0.0031099680345505476,-0.0017096962546929717,0.9942071437835693,-0.1074223443865776
1766047049.2436323,0,+Y,0.4499889016151428,0.10009349137544632,0.35011836886405945,2.7387741283746436e-05,3.974096034653485e-05,1.0,-7.022200588835403e-05,2070.4021789999997,1366418356,0.39,0.00021446576283778995,-0.0002677224110811949,0.0004707680782303214,0.002844266127794981,0.006580648943781853,-2.926377773284912,0.003118547610938549,-0.0017672786489129066,0.9942100048065186,-0.10739452391862869
1766047049.2937646,0,+Y,0.44998958706855774,0.10009418427944183,0.3501183092594147,2.7677837351802737e-05,3.6376528441905975e-05,1.0,-6.816290988354012e-05,2070.452183,1366468360,0.37,0.0003129563119728118,-0.00014665648632217199,0.0005260146572254598,0.002974978182464838,0.006632497999817133,-2.9263932704925537,0.0031373167876154184,-0.0018350161844864488,0.9942107200622559,-0.10738660395145416
1766047049.3438904,0,+Y,0.4499891698360443,0.10009381175041199,0.3501169681549072,2.4659875634824857e-05,3.7900801544310525e-05,1.0,-6.408685294445604e-05,2070.502171,1366518349,0.43,0.0003398937697056681,-0.00011248696682741866,0.0004967809072695673,0.0030280009377747774,0.006656063254922628,-2.926344633102417,0.0031461387407034636,-0.0018627155805006623,0.994208037853241,-0.10741058737039566
1766047049.3940136,0,+Y,0.4499918222427368,0.10009312629699707,0.3501173257827759,2.7835985747515224e-05,4.061601066496223e-05,1.0,-6.466412014560774e-05,2070.552167,1366568345,0.42,0.0002769762941170484,-8.572023216402158e-05,0.00032314524287357926,0.0029898332431912422,0.00667100865393877,-2.926201105117798,0.0031554854940623045,-0.0018447715556249022,0.9942002892494202,-0.10748206824064255
1766047049.444138,0,+Y,0.4499896466732025,0.1000932827591896,0.35011664032936096,2.5584000468370505e-05,3.628388367360458e-05,1.0,-6.481275340775028e-05,2070.602172,1366618351,0.4,0.0002066779270535335,-9.73566566244699e-05,0.00015836278907954693,0.002908224705606699,0.0067012980580329895,-2.926091194152832,0.0031748295295983553,-0.0018060063011944294,0.9941943883895874,-0.10753682255744934
1766047049.4942803,0,+Y,0.4499908983707428,0.10009144246578217,0.3501166105270386,2.700285222090315e-05,3.57390490535181e-05,1.0,-6.83467005728744e-05,2070.652184,1366668363,0.45,0.0001987061696127057,-0.0001214270741911605,0.00012366737064439803,0.002925875596702099,0.006728334818035364,-2.9259626865386963,0.003187203546985984,-0.0018164388602599502,0.9941874146461487,-0.10760056972503662
1766047049.5445056,0,+Y,0.44999125599861145,0.100092314183712,0.3501153290271759,2.8983842639718205e-05,3.896833004546352e-05,1.0,-6.825583841418847e-05,2070.702172,1366718350,0.4,0.00023311274708248675,-0.0001693239319138229,0.0002920770784839988,0.0030242311768233776,0.006705346517264843,-2.9259254932403564,0.0031704495195299387,-0.0018641528440639377,0.9941853880882263,-0.10761890560388565
1766047049.5946977,0,+Y,0.4499908685684204,0.10009400546550751,0.3501126170158386,2.7790625608759e-05,3.46843407896813e-05,1.0,-6.422665319405496e-05,2070.7522599999998,1366768438,0.42,0.00029638755950145423,-0.00022028698003850877,0.0005429345765151083,0.0031044494826346636,0.006695482414215803,-2.926004648208618,0.0031613046303391457,-0.0019033728167414665,0.9941896200180054,-0.10757942497730255
1766047049.6448343,0,+Y,0.44999176263809204,0.10009299218654633,0.3501119017601013,2.8957363610970788e-05,3.399555862415582e-05,1.0,-6.408509216271341e-05,2070.80217,1366818349,0.43,0.00029049665317870677,-0.00023709247761871666,0.0006973083945922554,0.0031805962789803743,0.006638584192842245,-2.926159143447876,0.003129074117168784,-0.0019379227887839079,0.9941979646682739,-0.10750256478786469
1766047049.69497,0,+Y,0.4499904215335846,0.10009337961673737,0.3501117527484894,2.864909947675187e-05,3.75646268366836e-05,1.0,-6.248340650927275e-05,2070.854163,1366870342,0.42,0.00016348386998288333,-0.00025303071015514433,0.0006753643974661827,0.003183815162628889,0.006604855880141258,-2.9261770248413086,0.003112151985988021,-0.0019376822747290134,0.9941989779472351,-0.10749376565217972
1766047049.7451084,0,+Y,0.44999006390571594,0.10009279102087021,0.3501127064228058,3.0804578273091465e-05,3.5868361010216177e-05,1.0,-6.661253428319469e-05,2070.904158,1366920336,0.38,-1.961366979230661e-05,-0.00030639333999715745,0.0006772555061616004,0.0031250491738319397,0.006602484732866287,-2.926023483276367,0.003113985527306795,-0.0019085814710706472,0.9941907525062561,-0.10757020860910416
1766047049.7952735,0,+Y,0.44999057054519653,0.1000918596982956,0.35011187195777893,2.8773532903869636e-05,3.7177269405219704e-05,1.0,-6.359411054290831e-05,2070.954158,1366970341,0.39,-0.0001773004769347608,-0.0003688377037178725,0.0006600402994081378,0.0030339527875185013,0.006610047072172165,-2.926050901412964,0.0031226705759763718,-0.0018636616878211498,0.9941923022270203,-0.10755666345357895
1766047049.845422,0,+Y,0.44999128580093384,0.10009174048900604,0.3501107096672058,2.811848207784351e-05,3.611415741033852e-05,1.0,-6.091484465287067e-05,2071.0041579999997,1367020340,0.38,-0.0002700853510759771,-0.00043358985567465425,0.0006571116391569376,0.0030227217357605696,0.006631757132709026,-2.926117420196533,0.003134128637611866,-0.001859141979366541,0.9941958785057068,-0.10752358287572861
1766047049.89555,0,+Y,0.44999080896377563,0.10009390860795975,0.35011056065559387,2.9800032280036248e-05,3.90435779991094e-05,1.0,-6.41895821900107e-05,2071.054157,1367070340,0.33,-0.0002475667861290276,-0.0004121280217077583,0.0006459092255681753,0.0030318438075482845,0.006652114447206259,-2.9261648654937744,0.003143801586702466,-0.0018646966200321913,0.9941983819007874,-0.10750005394220352
1766047049.9459298,0,+Y,0.44999009370803833,0.10009448975324631,0.35011032223701477,3.02068092423724e-05,4.095897020306438e-05,1.0,-6.622237560804933e-05,2071.1042079999997,1367120390,0.38,-0.00010905279486905783,-0.0003776810481213033,0.0007210410549305379,0.0031036878935992718,0.006649038288742304,-2.926175832748413,0.003138420870527625,-0.00190022774040699,0.9941989183425903,-0.10749446600675583
1766047049.996247,0,+Y,0.44999027252197266,0.10009509325027466,0.3501114249229431,3.214861862943508e-05,4.03859194193501e-05,1.0,-6.774145003873855e-05,2071.154156,1367170339,0.38,3.6592609831131995e-05,-0.00034518176107667387,0.0007584847044199705,0.003213057294487953,0.006663896609097719,-2.9262242317199707,0.003139975480735302,-0.0019553175661712885,0.9942014217376709,-0.10747017711400986
1766047050.0464811,0,+Y,0.44999057054519653,0.10009420663118362,0.35011181235313416,3.1887844670563936e-05,4.16736256738659e-05,1.0,-6.500058225356042e-05,2071.204161,1367220344,0.39,0.00014886836288496852,-0.0003040642477571964,0.0007065134705044329,0.003259798279032111,0.00666844192892313,-2.926159143447876,0.0031396588310599327,-0.001978898886591196,0.9941979050636292,-0.10750240087509155
1766047050.0966182,0,+Y,0.4499886631965637,0.10009542107582092,0.35011202096939087,3.0339911972987466e-05,3.792721690842882e-05,1.0,-6.353107892209664e-05,2071.254157,1367270339,0.43,0.00012050926306983456,-0.0002872991899494082,0.0005159464199095964,0.0032271554227918386,0.006684730760753155,-2.9261226654052734,0.003149474738165736,-0.001963605172932148,0.9941959381103516,-0.10752060264348984
1766047050.1467547,0,+Y,0.4499892294406891,0.10009552538394928,0.3501126766204834,3.1539020710624754e-05,3.702518006321043e-05,1.0,-6.328380550257862e-05,2071.304159,1367320341,0.38,4.081680890521966e-05,-0.0003321448457427323,0.000362772261723876,0.0031573635060340166,0.0067020901478827,-2.926028251647949,0.0031617654021829367,-0.0019299944397062063,0.9941908717155457,-0.10756764560937881
1766047050.1969218,0,+Y,0.44998958706855774,0.1000932827591896,0.35011348128318787,3.3886335586430505e-05,3.662412927951664e-05,1.0,-6.898028368595988e-05,2071.3561569999997,1367372340,0.38,-2.108943044731859e-05,-0.00041215107194148004,0.00034243284608237445,0.0030618205200880766,0.006690247915685177,-2.9259285926818848,0.0031609241850674152,-0.0018820210825651884,0.9941855669021606,-0.10761736333370209
1766047052.3052862,0,-Y,0.45115354657173157,-0.0983048751950264,0.3499865233898163,-0.0010543371317908168,0.0002173633547499776,0.9999980926513672,-0.0016372802201658487,2073.46414,1369480349,0.38,8.953553333412856e-05,0.00037680950481444597,0.0002573721285443753,0.0025802571326494217,0.0067061479203403,-2.925882339477539,0.003194704419001937,-0.0016435690922662616,0.9941833019256592,-0.10764119029045105
1766047052.3554695,0,-Y,0.45090895891189575,-0.10004545003175735,0.3500122129917145,-0.0008086116868071258,-2.056734956568107e-05,0.9999997019767761,1.9998871721327305e-05,2073.514159,1369530367,0.35,-5.5784570577088743e-05,0.0005544138257391751,0.00028965031378902495,0.002521695801988244,0.006643798667937517,-2.9257798194885254,0.0031667808070778847,-0.001611265353858471,0.9941779375076294,-0.10769231617450714
1766047052.4056296,0,-Y,0.4505462348461151,-0.10008381307125092,0.35010623931884766,-0.0004896534373983741,-9.002928709378466e-05,0.9999998807907104,8.605098264524713e-05,2073.564159,1369580369,0.34,-0.00014958358951844275,0.0006349706673063338,0.0003105203795712441,0.0025931159034371376,0.006574442144483328,-2.9258370399475098,0.0031285053119063377,-0.0016429434763267636,0.9941810965538025,-0.10766378790140152
1766047052.4557712,0,-Y,0.4502638876438141,-0.09978768229484558,0.3501688241958618,-0.0002402477548457682,5.0325223128311336e-05,0.9999999403953552,-0.00016826197679620236,2073.614156,1369630366,0.38,-0.0001868894323706627,0.0006719368393532932,0.0003081721079070121,0.002609137911349535,0.00652649812400341,-2.925893545150757,0.0031038569286465645,-0.001648239209316671,0.9941841959953308,-0.10763569921255112
1766047052.5059006,0,-Y,0.450146347284317,-0.09978601336479187,0.35011759400367737,-0.00011776464816648513,1.602953670953866e-05,1.0,-0.0001898527261801064,2073.664158,1369680368,0.35,-0.0001540614030091092,0.00044045326649211347,0.00040121577330864966,0.0026459696236997843,0.006491419393569231,-2.9258811473846436,0.0030844267457723618,-0.001664679148234427,0.9941835403442383,-0.10764186084270477
1766047052.5560431,0,-Y,0.45012304186820984,-0.0999113917350769,0.3500837981700897,-7.93819926911965e-05,1.1186383744643535e-05,1.0,-9.75505608948879e-05,2073.714155,1369730365,0.33,-0.00012974523997399956,0.00025209353771060705,0.00040547855314798653,0.002716501709073782,0.006492850836366415,-2.9257943630218506,0.0030812681652605534,-0.0016999507788568735,0.994178831577301,-0.10768486559391022
1766047052.6061854,0,-Y,0.45011448860168457,-0.09991900622844696,0.35008031129837036,-6.908534851390868e-05,-6.106309683673317e-06,1.0,-8.667236397741362e-05,2073.7641559999997,1369780365,0.38,-0.00011137398541904986,0.0001985144626814872,0.0004366228240542114,0.002744074445217848,0.006450074724853039,-2.925816297531128,0.0030585387721657753,-0.0017113200156018138,0.9941800832748413,-0.10767388343811035
1766047052.65632,0,-Y,0.45012223720550537,-0.09989290684461594,0.3500877618789673,-7.385676872218028e-05,3.7453360164363403e-06,1.0,-0.00012166629312559962,2073.8141579999997,1369830367,0.35,-8.190268999896944e-05,0.00021534640109166503,0.0003996868908870965,0.002778218360617757,0.006424484308809042,-2.925919532775879,0.0030440688133239746,-0.0017267578514292836,0.9941856861114502,-0.10762255638837814
1766047052.7064486,0,-Y,0.45013877749443054,-0.09989909082651138,0.3500686585903168,-9.880147263174877e-05,8.732681635592598e-06,1.0,-9.937063441611826e-05,2073.864157,1369880367,0.42,-3.351495979586616e-05,0.0001875198067864403,0.00043438145075924695,0.002857908373698592,0.006399865262210369,-2.9259753227233887,0.0030275913886725903,-0.0017649621004238725,0.994188666343689,-0.10759478062391281
1766047052.756592,0,-Y,0.4501633644104004,-0.09990909695625305,0.3500741720199585,-0.00011633095709839836,8.164940368260432e-07,1.0,-0.00010182050027651712,2073.914179,1369930388,0.38,6.774251232855022e-05,0.000284448527963832,0.0004106871783733368,0.00280551565811038,0.006437011994421482,-2.9259257316589355,0.0030488325282931328,-0.001740991952829063,0.9941859841346741,-0.10761947929859161
1766047052.8067222,0,-Y,0.4501740336418152,-0.09991227090358734,0.3500807285308838,-0.00014472697512246668,9.551290531817358e-07,1.0,-9.262675303034484e-05,2073.9641579999998,1369980367,0.43,5.8440167777007446e-05,0.00044471127330325544,0.00043676761561073363,0.0026897743809968233,0.006424454506486654,-2.925894021987915,0.003048792015761137,-0.0016828302759677172,0.9941843152046204,-0.10763542354106903
1766047052.856917,0,-Y,0.45017868280410767,-0.09989908337593079,0.35008296370506287,-0.00014967408787924796,1.7207769360538805e-06,1.0,-9.603665967006236e-05,2074.016157,1370032368,0.38,3.8100693927844986e-05,0.0006831926293671131,0.00044588756281882524,0.0025107322726398706,0.006419264245778322,-2.9257652759552,0.003055745968595147,-0.0015937472926452756,0.994177520275116,-0.1076996773481369
1766047052.9071398,0,-Y,0.450177937746048,-0.0998975932598114,0.3500877916812897,-0.00015175524458754808,4.396190433908487e-07,1.0,-9.595255687600002e-05,2074.066217,1370082428,0.37,-7.592863403260708e-05,0.0008725587977096438,0.00040206697303801775,0.0022961366921663284,0.006411148700863123,-2.9256532192230225,0.003063185140490532,-0.0014868091093376279,0.9941715598106384,-0.10775581747293472
1766047052.9573176,0,-Y,0.4501791000366211,-0.09990308433771133,0.350090891122818,-0.0001467765832785517,-1.4533227385982173e-06,1.0,-9.583823702996597e-05,2074.116158,1370132368,0.39,-0.00015707762213423848,0.0008911076583899558,0.00037400564178824425,0.002226040931418538,0.006383340805768967,-2.9256906509399414,0.0030531662050634623,-0.0014504101127386093,0.9941736459732056,-0.10773731023073196
1766047053.0074582,0,-Y,0.45017358660697937,-0.09990493208169937,0.35009148716926575,-0.0001442529755877331,-4.194950179225998e-06,1.0,-8.729058754397556e-05,2074.166199,1370182409,0.36,-0.00019191464525647461,0.0008158839191310108,0.00042924113222397864,0.0021944649051874876,0.006329831201583147,-2.925825357437134,0.0030283648520708084,-0.0014316277811303735,0.9941809773445129,-0.10767049342393875
1766047053.0576487,0,-Y,0.45016297698020935,-0.09991045296192169,0.35009416937828064,-0.00014666134666185826,-8.49148000270361e-06,1.0,-9.003666491480544e-05,2074.2161579999997,1370232362,0.37,-0.00021860457491129637,0.0007787205395288765,0.0005315177259035408,0.002205607248470187,0.006268220022320747,-2.9258697032928467,0.0029971706680953503,-0.0014337830943986773,0.9941834807395935,-0.10764842480421066
1766047053.1078656,0,-Y,0.45015838742256165,-0.09991522133350372,0.350098580121994,-0.0001343612530035898,-6.639408184128115e-06,1.0,-9.394539665663615e-05,2074.266203,1370282408,0.41,-0.00020035427587572485,0.0007216258090920746,0.0005880458629690111,0.0021651985589414835,0.006281478330492973,-2.925807476043701,0.003005892038345337,-0.0014145034365355968,0.9941801428794861,-0.10767946392297745
1766047053.1581328,0,-Y,0.45014649629592896,-0.0999152809381485,0.35009896755218506,-0.00013406583457253873,-7.436102350766305e-06,1.0,-8.612241799710318e-05,2074.316156,1370332360,0.41,-0.00019939415506087244,0.0006501674652099609,0.0005777304177172482,0.00203840434551239,0.006207961589097977,-2.925732374191284,0.0029761241748929024,-0.0013476290041580796,0.9941762089729309,-0.10771702229976654
1766047053.2083576,0,-Y,0.4501422941684723,-0.09991641342639923,0.35010024905204773,-0.00012688357674051076,-1.2431753020791803e-05,1.0,-8.315716695506126e-05,2074.3662,1370382405,0.34,-0.00018510888912715018,0.0006332764169201255,0.00048755339230410755,0.001928616315126419,0.006173120811581612,-2.925750732421875,0.0029647303745150566,-0.001291150925680995,0.9941772818565369,-0.10770808905363083
1766047053.2585506,0,-Y,0.4501357674598694,-0.09991884976625443,0.35010233521461487,-0.00012254306057002395,-1.0587723409116734e-05,1.0,-8.068864553933963e-05,2074.416158,1370432365,0.43,-0.0001520471414551139,0.0006868127966299653,0.0004648805770557374,0.0018879394046962261,0.006156150717288256,-2.9258365631103516,0.0029585398733615875,-0.0012698899954557419,0.9941819906234741,-0.10766547918319702
1766047053.3088253,0,-Y,0.450130432844162,-0.0999159961938858,0.3501040041446686,-0.00012034364772262052,-1.0304459465260152e-05,1.0,-8.349450945388526e-05,2074.468158,1370484365,0.41,-0.00014075133367441595,0.0007639451650902629,0.0004510798607952893,0.0018575114663690329,0.006126433610916138,-2.925869941711426,0.0029454270843416452,-0.0012531157117336988,0.9941838383674622,-0.10764895379543304
1766047053.3590086,0,-Y,0.45012933015823364,-0.09991776943206787,0.35010433197021484,-0.00011881254613399506,-1.7871825548354536e-05,1.0,-8.854432962834835e-05,2074.5181549999998,1370534361,0.35,-0.0001711363875074312,0.0007739117136225104,0.0005612005479633808,0.001833285903558135,0.0061330473981797695,-2.9258511066436768,0.002950006863102317,-0.0012414572993293405,0.9941827654838562,-0.10765840113162994
1766047053.4091935,0,-Y,0.450126051902771,-0.09991790354251862,0.35010984539985657,-0.000121852288430091,-1.6823856640257873e-05,1.0,-8.932873606681824e-05,2074.568155,1370584362,0.38,-0.0002059268153971061,0.0008094218210317194,0.0005884641432203352,0.0018090865341946483,0.006119887810200453,-2.92576265335083,0.00294471369124949,-0.0012288495199754834,0.994178056716919,-0.1077023297548294
1766047053.4593709,0,-Y,0.4501260817050934,-0.09991627931594849,0.3501121699810028,-0.00012080152373528108,-1.165037065220531e-05,1.0,-9.191272692987695e-05,2074.618156,1370634367,0.41,-0.0002157190756406635,0.0007742885500192642,0.0005786952096968889,0.001772089395672083,0.00611121766269207,-2.9257051944732666,0.0029423614032566547,-0.0012100766180083156,0.9941749572753906,-0.10773104429244995
1766047053.5095737,0,-Y,0.4501228630542755,-0.09990882128477097,0.35011643171310425,-0.00012418731057550758,-1.5273581084329635e-05,1.0,-9.081442840397358e-05,2074.668158,1370684369,0.41,-0.00024292603484354913,0.0007613444468006492,0.000664370774757117,0.0017306347144767642,0.006064923480153084,-2.925645351409912,0.002921546809375286,-0.0011870635207742453,0.9941718578338623,-0.10776079446077347
1766047053.5597906,0,-Y,0.45012110471725464,-0.09990943223237991,0.3501230478286743,-0.00012283134856261313,-7.893393558333628e-06,1.0,-0.00010237079550279304,2074.718152,1370734363,0.34,-0.00024253739684354514,0.0007876388262957335,0.000578654813580215,0.001697659376077354,0.006036011502146721,-2.9256114959716797,0.002908932277932763,-0.001169163384474814,0.994170069694519,-0.1077776774764061
1766047053.6099875,0,-Y,0.45012083649635315,-0.09990271925926208,0.3501206338405609,-0.00012596989108715206,-1.6547144696232863e-05,1.0,-9.11366514628753e-05,2074.768157,1370784368,0.46,-0.00017875296180136502,0.0008659663144499063,0.0005167879280634224,0.001617119531147182,0.006085354834794998,-2.925666570663452,0.002937831450253725,-0.001131706521846354,0.994172990322113,-0.10775043070316315
1766047053.6601963,0,-Y,0.4501268267631531,-0.09990884363651276,0.35012027621269226,-0.00012229189451318234,-1.8319196897209622e-05,1.0,-9.796232188818976e-05,2074.818156,1370834371,0.38,-0.00011014855408575386,0.0009310862515121698,0.0004917968763038516,0.0016727412585169077,0.006124543957412243,-2.92561936378479,0.002954287687316537,-0.0011615364346653223,0.9941703677177429,-0.1077738106250763
1766047053.7103527,0,-Y,0.45012083649635315,-0.09990841150283813,0.3501211404800415,-0.00013043227954767644,-1.4222194295143709e-05,1.0,-0.00010066755203297362,2074.868156,1370884372,0.45,-7.560948870377615e-05,0.0009434442035853863,0.0005088885081931949,0.0016304056625813246,0.006200391333550215,-2.9257209300994873,0.0029943299014121294,-0.0011444272240623832,0.9941757321357727,-0.10772337764501572
1766047053.760488,0,-Y,0.45012304186820984,-0.09990754723548889,0.35012125968933105,-0.00012475084804464132,-1.9253026039223187e-05,1.0,-9.889950888464227e-05,2074.918159,1370934374,0.38,-4.300903674447909e-05,0.0010306838667020202,0.0005311262793838978,0.0016171361785382032,0.006178887095302343,-2.9257431030273438,0.0029843677766621113,-0.0011366395046934485,0.994176983833313,-0.10771229863166809
1766047053.81062,0,-Y,0.45012110471725464,-0.09991088509559631,0.35011571645736694,-0.00012924194743391126,-1.0617519365041517e-05,1.0,-9.308524749940261e-05,2074.968157,1370984372,0.4,-5.315624730428681e-05,0.0010357752908021212,0.0005528489709831774,0.0015540918102487922,0.006211538333445787,-2.9257962703704834,0.003004023339599371,-0.0011069795582443476,0.9941797852516174,-0.10768596082925797
1766047053.8608248,0,-Y,0.45012110471725464,-0.0999106615781784,0.350119948387146,-0.00012968870578333735,-1.579192394274287e-05,1.0,-9.820092236623168e-05,2075.020158,1371036376,0.35,-0.00017461097741033882,0.0009522201144136488,0.0005141139845363796,0.0015647850232198834,0.006226376164704561,-2.9257678985595703,0.0030108075588941574,-0.0011131367646157742,0.9941782355308533,-0.10770007967948914
1766047053.9110177,0,-Y,0.4501192271709442,-0.0999065712094307,0.3501262664794922,-0.00013683392899110913,-1.562334546179045e-05,1.0,-9.193712321575731e-05,2075.070157,1371086376,0.45,-0.00028730559279210865,0.0008633866091258824,0.0004204440920148045,0.0016231726622208953,0.006192219443619251,-2.9257054328918457,0.002990648616105318,-0.0011404146207496524,0.9941748976707458,-0.10773103684186935
1766047053.9611752,0,-Y,0.45012202858924866,-0.09990745782852173,0.35012999176979065,-0.00013595446944236755,-1.111811252485495e-05,1.0,-9.799570398172364e-05,2075.120159,1371136378,0.38,-0.0003574943111743778,0.0007519580540247262,0.0005094532971270382,0.0016698570689186454,0.00616518035531044,-2.9257090091705322,0.002974695060402155,-0.0011621592566370964,0.994175136089325,-0.10772926360368729
1766047054.0113714,0,-Y,0.45011982321739197,-0.09990744292736053,0.350127637386322,-0.0001416801824234426,-1.0048369404103141e-05,1.0,-9.64886203291826e-05,2075.170157,1371186376,0.41,-0.00029642030131071806,0.0006789761828258634,0.0006374957738444209,0.0017450849991291761,0.006136344745755196,-2.9256484508514404,0.002956272568553686,-0.0011980902636423707,0.9941719174385071,-0.10775923728942871
1766047054.0616193,0,-Y,0.4501226842403412,-0.09990992397069931,0.3501248359680176,-0.00013713265070691705,-1.3311422662809491e-05,1.0,-9.462176967645064e-05,2075.220156,1371236375,0.37,-0.00023538467939943075,0.0006625771056860685,0.0006191114080138505,0.0017662361497059464,0.006182898301631212,-2.925595998764038,0.0029782422352582216,-0.0012111907126381993,0.9941689968109131,-0.10778526961803436
1766047054.1117916,0,-Y,0.4501197338104248,-0.09990682452917099,0.35012519359588623,-0.00013805838534608483,-9.18256955628749e-06,1.0,-9.308961307397112e-05,2075.270156,1371286376,0.38,-0.0002180119336117059,0.0007243923027999699,0.0006407115142792463,0.0018000457203015685,0.0061605218797922134,-2.925590753555298,0.0029652940575033426,-0.0012267987476661801,0.994168758392334,-0.10778781771659851
1766047054.1619358,0,-Y,0.45011845231056213,-0.09990709275007248,0.35012826323509216,-0.00013938749907538295,-7.256303888425464e-06,1.0,-9.678999776951969e-05,2075.320157,1371336377,0.42,-0.0001895798632176593,0.0007692616782151163,0.0006750654429197311,0.0017797595355659723,0.00611862214282155,-2.9256343841552734,0.002945586107671261,-0.00121439213398844,0.994171142578125,-0.10776612162590027
1766047054.2120762,0,-Y,0.45012080669403076,-0.09990661591291428,0.3501288890838623,-0.00014072454359848052,-9.51462334342068e-06,1.0,-9.768392192199826e-05,2075.370159,1371386379,0.39,-0.00017655333795119077,0.0008102760766632855,0.0006557117449119687,0.0017140718409791589,0.0061260429210960865,-2.9257607460021973,0.002952889073640108,-0.0011819532373920083,0.9941779971122742,-0.10770346969366074
1766047054.2622201,0,-Y,0.4501209855079651,-0.09990295767784119,0.3501277267932892,-0.00014372226723935455,-9.984221833292395e-06,1.0,-9.56473159021698e-05,2075.420157,1371436376,0.4,-0.0001659387198742479,0.0009231733856722713,0.0005748191615566611,0.0016468774992972612,0.0061426605097949505,-2.925736904144287,0.0029647545889019966,-0.0011494818609207869,0.9941766858100891,-0.10771537572145462
1766047055.8189511,0,+Z,0.4484964907169342,-0.0003739967360161245,0.44977015256881714,0.0016539515927433968,-1.0149266927328426e-05,0.9999985694885254,0.00040572966099716723,2076.978157,1372994382,0.4,-0.00029142710263840854,0.0008944579167291522,0.0004839596222154796,0.0017985304584726691,0.005981627386063337,-2.9255213737487793,0.0028764076996594667,-0.0012165039079263806,0.9941652417182922,-0.10782241821289062
1766047055.869283,0,+Z,0.44892871379852295,7.035590533632785e-05,0.4503484070301056,0.0008499244577251375,8.921506378101185e-05,0.9999996423721313,8.982512554212008e-06,2077.028156,1373044380,0.39,-0.00029764865757897496,0.0008591992664150894,0.0005277639138512313,0.001871708082035184,0.00598525395616889,-2.9254515171051025,0.002874221419915557,-0.0012531753163784742,0.9941614866256714,-0.10785705596208572
1766047055.9196906,0,+Z,0.44962045550346375,-0.00011591328802751377,0.45008260011672974,0.0003312089538667351,3.763366839848459e-05,0.9999999403953552,0.00015886951587162912,2077.078227,1373094452,0.43,-0.00024292292073369026,0.0007359362789429724,0.0006189107662066817,0.0018757123034447432,0.006002433598041534,-2.9254238605499268,0.0028825276531279087,-0.001256131916306913,0.9941599369049072,-0.10787074267864227
1766047055.9699438,0,+Z,0.4499589800834656,-6.251586455618963e-05,0.44998979568481445,9.182794747175649e-05,1.7746777302818373e-05,1.0,0.00012430039350874722,2077.1281679999997,1373144392,0.35,-0.0002198762958869338,0.0006588945398107171,0.0007082063239067793,0.001826550578698516,0.005999365355819464,-2.9254703521728516,0.002883682958781719,-0.0012314621126279235,0.9941624999046326,-0.10784772038459778
1766047056.0201712,0,+Z,0.4500247538089752,0.00013764502364210784,0.4500598907470703,-6.4175114857789595e-06,4.203187927487306e-05,1.0,-5.5368142056977376e-05,2077.1781699999997,1373194394,0.35,-0.00024473347002640367,0.0007092158193700016,0.000784198462497443,0.0018175075529143214,0.0060211122035980225,-2.9254961013793945,0.0028949964325875044,-0.0012281022500246763,0.9941638708114624,-0.10783489793539047
1766047056.0704198,0,+Z,0.4500577747821808,0.00016586888523306698,0.45007744431495667,-5.0007132813334465e-05,5.8572237321641296e-05,1.0,-9.4277122116182e-05,2077.228256,1373244486,0.36,-0.000228934470214881,0.0008519794209860265,0.0007969479192979634,0.0018028758931905031,0.006052146665751934,-2.9256105422973633,0.0029112817719578743,-0.001222335733473301,0.9941699504852295,-0.10777797549962997
1766047056.1206744,0,+Z,0.45007550716400146,8.331932622240856e-05,0.4500817358493805,-5.725776281906292e-05,6.100157042965293e-05,1.0,-2.5530629500281066e-05,2077.278168,1373294398,0.33,-0.00016727068577893078,0.0009302393300458789,0.0006480396841652691,0.0018699273932725191,0.006070584990084171,-2.9257402420043945,0.0029169153422117233,-0.0012564705684781075,0.9941769242286682,-0.10771341621875763
1766047056.1709433,0,+Z,0.45004695653915405,6.999990000622347e-05,0.45009297132492065,-2.9105318390065804e-05,5.799525024485774e-05,1.0,-1.7406393453711644e-05,2077.330169,1373346399,0.35,-0.0001792370603652671,0.0010426295921206474,0.0006199579802341759,0.00176387804094702,0.006099118385463953,-2.9257616996765137,0.002936823759227991,-0.001205260050483048,0.994178056716919,-0.10770293325185776
1766047056.2211866,0,+Z,0.45000389218330383,7.476637256331742e-05,0.4500805735588074,4.917151727568125e-06,5.456099461298436e-05,1.0,-2.4565750209148973e-05,2077.380173,1373396404,0.41,-0.0001983040856430307,0.001131843775510788,0.0005336294416338205,0.001624350668862462,0.006121169775724411,-2.92561936378479,0.0029552183113992214,-0.00113730039447546,0.9941703677177429,-0.10777389258146286
1766047056.2713668,0,+Z,0.4499749541282654,6.915390986250713e-05,0.45006683468818665,4.231313141644932e-05,5.8274112234357744e-05,1.0,-2.2589636500924826e-05,2077.43017,1373446403,0.38,-0.0001782052277121693,0.001182705513201654,0.0005283377249725163,0.0014521062839776278,0.00615161657333374,-2.925523281097412,0.0029795842710882425,-0.0010534641332924366,0.9941651821136475,-0.10782191902399063
1766047056.321591,0,+Z,0.4499613642692566,5.822527964483015e-05,0.45006105303764343,6.615735037485138e-05,6.027313065715134e-05,1.0,-7.830175491108093e-06,2077.480169,1373496402,0.34,-8.209409133996814e-05,0.0011133294319733977,0.0004931287840008736,0.0014494131319224834,0.006190082523971796,-2.9255242347717285,0.0029988507740199566,-0.0010541976662352681,0.9941651821136475,-0.10782140493392944
1766047056.371888,0,+Z,0.44994762539863586,4.284145325073041e-05,0.45005369186401367,7.267079490702599e-05,5.4428404837381095e-05,1.0,2.0638033220166108e-06,2077.530169,1373546402,0.38,-2.5955667297239415e-05,0.0010060513159260154,0.0005692297709174454,0.00145922158844769,0.0061498708091676235,-2.9255781173706055,0.0029783619102090597,-0.001056825160048902,0.9941681623458862,-0.1077946349978447
1766047056.4221966,0,+Z,0.44993969798088074,3.696444764500484e-05,0.450053870677948,8.531504136044532e-05,6.002551526762545e-05,1.0,7.109933903848287e-07,2077.580179,1373596412,0.36,-3.222252780687995e-05,0.0009182740468531847,0.0006941535975784063,0.0015016598626971245,0.006136279087513685,-2.925579071044922,0.0029693187680095434,-0.0010771866654977202,0.994168221950531,-0.10779411345720291
1766047056.4725006,0,+Z,0.449930876493454,3.2612544600851834e-05,0.4500606060028076,8.98679718375206e-05,4.8544618039159104e-05,1.0,5.398730991146294e-06,2077.630169,1373646402,0.41,-9.305773710366338e-05,0.0008492037886753678,0.0006868255441077054,0.0015252757584676147,0.006102515384554863,-2.9255218505859375,0.002951231552287936,-0.0010871902341023088,0.9941651821136475,-0.1078224703669548
1766047056.5228338,0,+Z,0.44992491602897644,3.4433527616783977e-05,0.4500589072704315,9.787199815036729e-05,5.2095994760748e-05,1.0,7.935380494927813e-07,2077.6821689999997,1373698401,0.39,-0.00017487409058958292,0.0008018594235181808,0.0006680191727355123,0.0014611680526286364,0.006071996409446001,-2.925502061843872,0.002939507132396102,-0.0010537072084844112,0.9941641688346863,-0.10783243179321289
1766047056.5731437,0,+Z,0.4499216377735138,2.7049876734963618e-05,0.45005670189857483,9.799440886126831e-05,5.423607581178658e-05,1.0,1.332825831923401e-05,2077.732169,1373748402,0.36,-0.00023418808996211737,0.0008165140170603991,0.0006444310420192778,0.0014937662053853273,0.006041206419467926,-2.9255576133728027,0.002922473708167672,-0.0010681700659915805,0.9941672086715698,-0.10780485719442368
1766047056.6233807,0,+Z,0.4499203860759735,2.1176614609430544e-05,0.4500557780265808,0.00010403226769994944,5.674202839145437e-05,1.0,1.6845058780745603e-05,2077.7821679999997,1373798400,0.38,-0.0002451858017593622,0.0007812994881533086,0.0006757081137038767,0.0014929920434951782,0.006075074430555105,-2.9255967140197754,0.0029393716249614954,-0.0010695531964302063,0.994169294834137,-0.10778534412384033
1766047056.67363,0,+Z,0.44991838932037354,1.2604836229002103e-05,0.4500519931316376,0.00010532929445616901,5.3646566811949015e-05,1.0,1.8085946067003533e-05,2077.832169,1373848406,0.33,-0.00023599564156029373,0.0008600387955084443,0.0006495017441920936,0.0014630643418058753,0.006024864502251148,-2.925650119781494,0.0029160541016608477,-0.0010518929921090603,0.994172215461731,-0.10775893926620483
1766047056.7239625,0,+Z,0.44991496205329895,1.1598295714065898e-05,0.45005276799201965,0.00010734192619565874,4.4492837332654744e-05,1.0,1.9387727661523968e-05,2077.882169,1373898407,0.43,-0.0001939055509865284,0.0009279338992200792,0.0007309641223400831,0.00150789984036237,0.005987237673252821,-2.925720691680908,0.002894972451031208,-0.0010720504214987159,0.9941760897636414,-0.10772372037172318
1766047056.774239,0,+Z,0.4499126970767975,7.374603683274472e-06,0.4500488042831421,0.00010967443813569844,4.545468254946172e-05,1.0,2.098662662319839e-05,2077.93217,1373948408,0.4,-0.00018670092686079443,0.0010979727376252413,0.0007815097342245281,0.0014931472251191735,0.005958692170679569,-2.925790786743164,0.0028816144913434982,-0.0010630787583068013,0.994179904460907,-0.10768900066614151
1766047056.8245313,0,+Z,0.44990605115890503,5.176748800295172e-06,0.4500442147254944,0.0001141085522249341,5.3225488954922184e-05,1.0,2.25195490202168e-05,2077.982168,1373998406,0.37,-0.00024276846670545638,0.00110446207690984,0.0007521368097513914,0.0015289916191250086,0.005891289561986923,-2.925809860229492,0.0028461895417422056,-0.0010772401001304388,0.9941810369491577,-0.10767944902181625
1766047056.874741,0,+Z,0.44989973306655884,4.096296834177338e-06,0.4500492215156555,0.00012514217814896256,4.661532511818223e-05,1.0,2.2353942767949775e-05,2078.0322539999997,1374048491,0.35,-0.00028762256260961294,0.0010269090998917818,0.000713453977368772,0.0014989314367994666,0.005929153878241777,-2.9256937503814697,0.002866568276658654,-0.0010645025176927447,0.9941747188568115,-0.10773719847202301
1766047056.9249976,0,+Z,0.4498903453350067,-1.2165011185061303e-06,0.4500540792942047,0.00012421367864590138,4.195324800093658e-05,1.0,2.2374648324330337e-05,2078.084172,1374100409,0.41,-0.0003575570008251816,0.0009063429897651076,0.0007408921956084669,0.0014360070927068591,0.005944835487753153,-2.925619125366211,0.002877714578062296,-0.0010341759771108627,0.9941706657409668,-0.10777444392442703
1766047056.9751925,0,+Z,0.449890673160553,-1.488554744355497e-06,0.45005643367767334,0.00013380625750869513,4.567456926451996e-05,1.0,2.1833118807990104e-05,2078.134168,1374150406,0.36,-0.0004112733295187354,0.0009504288318566978,0.0008029811433516443,0.0013534055324271321,0.005940724164247513,-2.925603151321411,0.0028801143635064363,-0.0009929173393175006,0.9941698312759399,-0.10778249055147171
1766047057.0254192,0,+Z,0.4498814344406128,3.2519519663765095e-06,0.4500516355037689,0.00013645207218360156,4.388134038890712e-05,1.0,2.1843521608388983e-05,2078.184171,1374200408,0.42,-0.00039057814865373075,0.0010040574707090855,0.000832712568808347,0.0013686873717233539,0.005944827105849981,-2.9256012439727783,0.0028813292738050222,-0.001000737538561225,0.9941697120666504,-0.10778341442346573
1766047057.0756898,0,+Z,0.44987794756889343,1.6202161532419268e-06,0.45005282759666443,0.00013827861403115094,4.389417517813854e-05,1.0,1.6761508959461935e-05,2078.234168,1374250408,0.42,-0.0002449854800943285,0.001045523094944656,0.0008779055788181722,0.0013568759895861149,0.006026385352015495,-2.9255709648132324,0.002922492101788521,-0.0009993057465180755,0.9941679835319519,-0.10779839009046555
1766047057.1259289,0,+Z,0.4498792588710785,1.2595143061844283e-06,0.4500581622123718,0.00014262025069911033,4.714326496468857e-05,1.0,1.706547845969908e-05,2078.284241,1374300480,0.39,-9.390672494191676e-05,0.0010179076343774796,0.0008575270767323673,0.001378502114675939,0.0060247378423810005,-2.925574779510498,0.002920509548857808,-0.0010099614737555385,0.9941681623458862,-0.10779651999473572
1766047057.1761432,0,+Z,0.4498809278011322,-7.495085014852521e-07,0.4500591456890106,0.00014002832176629454,3.6915131204295903e-05,1.0,2.6454728867975064e-05,2078.334303,1374350543,0.41,-6.532829866046086e-05,0.0009756726794876158,0.0006345896399579942,0.0013235757360234857,0.006025463342666626,-2.9255778789520264,0.002923832042142749,-0.0009826928144320846,0.9941683411598206,-0.10779500007629395
1766047057.226345,0,+Z,0.44988495111465454,-3.7743729990324937e-06,0.45005738735198975,0.00013632896298076957,4.73357031296473e-05,1.0,2.0136270904913545e-05,2078.3842999999997,1374400539,0.43,-0.00013870515977032483,0.0010058523621410131,0.0004468848346732557,0.0011871944880113006,0.006038921885192394,-2.925518274307251,0.0029378458857536316,-0.000915713026188314,0.9941651225090027,-0.10782487690448761
1766047057.2765422,0,+Z,0.44988498091697693,3.332828782731667e-06,0.45005276799201965,0.0001363681658403948,4.0808081394061446e-05,1.0,1.5391100532724522e-05,2078.434306,1374450548,0.42,-0.00026341251214034855,0.0011007689172402024,0.00037930652615614235,0.0009928899817168713,0.005984446965157986,-2.925510883331299,0.0029212399385869503,-0.0008162014419212937,0.9941648244857788,-0.10782881826162338
1766047057.326776,0,+Z,0.4498816132545471,4.605644789990038e-06,0.45005354285240173,0.00013245739683043212,4.420926779857837e-05,1.0,1.0687634130590595e-05,2078.484302,1374500543,0.37,-0.0003044353215955198,0.0011265951907262206,0.00033490717760287225,0.0009907606290653348,0.005963551811873913,-2.9255013465881348,0.0029109641909599304,-0.0008140305289998651,0.9941643476486206,-0.10783364623785019
1766047057.3769758,0,+Z,0.44988295435905457,5.603557724498387e-07,0.45005732774734497,0.00013173471961636096,4.265208917786367e-05,1.0,1.2744361811201088e-05,2078.5363039999997,1374552545,0.32,-0.0002347491099499166,0.001006624661386013,0.0004745681944768876,0.0010912780417129397,0.0059549505822360516,-2.925525188446045,0.002901279367506504,-0.0008634972618892789,0.9941656589508057,-0.10782154649496078
1766047057.4271393,0,+Z,0.4498879611492157,-3.7147849525354104e-06,0.45005694031715393,0.00013020855840295553,3.9916267269290984e-05,1.0,2.0634162865462713e-05,2078.586385,1374602627,0.43,-0.00019940528727602214,0.0008700861944817007,0.0007181860273703933,0.0012784668942913413,0.005960315931588411,-2.925549268722534,0.002893866039812565,-0.0009568000677973032,0.994166910648346,-0.10780929774045944
1766047057.4772813,0,+Z,0.44988957047462463,-4.608607468981063e-06,0.45005375146865845,0.00012713549949694425,4.090974107384682e-05,1.0,1.9929269910790026e-05,2078.636301,1374652539,0.43,-0.00023254784173332155,0.0008348527480848134,0.0008730386616662145,0.0013887262903153896,0.005934107583016157,-2.925675868988037,0.002874958561733365,-0.001010013511404395,0.9941737651824951,-0.10774625092744827
1766047057.527491,0,+Z,0.4498909115791321,1.6581165027673705e-06,0.450052946805954,0.0001262950972886756,3.976487641921267e-05,1.0,1.5930920199025422e-05,2078.6863829999998,1374702620,0.46,-0.00023233510728459805,0.0008547260658815503,0.0008377991616725922,0.00152767903637141,0.006021054927259684,-2.9257547855377197,0.0029107355512678623,-0.001083654467947781,0.9941778779029846,-0.10770681500434875
1766047057.5776756,0,+Z,0.4498913586139679,1.218565216731804e-06,0.4500497877597809,0.00012199888442410156,3.703109541675076e-05,1.0,1.1891200301761273e-05,2078.7363,1374752538,0.37,-0.00026907247956842184,0.0009194977465085685,0.0007005188381299376,0.0014843675307929516,0.005976203829050064,-2.9257421493530273,0.0028907665982842445,-0.0010597275104373693,0.9941772222518921,-0.10771313309669495
1766047057.6278834,0,+Z,0.4498927593231201,1.843652171373833e-06,0.45005252957344055,0.0001243376318598166,4.09167587349657e-05,1.0,1.8250062566949055e-05,2078.7861589999998,1374802396,0.4,-0.0002949560293927789,0.0009329924359917641,0.0004964950494468212,0.0014594318345189095,0.005921143107116222,-2.9256489276885986,0.0028646907303482294,-0.001044500502757728,0.9941723346710205,-0.10775953531265259
1766047057.6780822,0,+Z,0.4498900771141052,6.416877340598148e-07,0.45005539059638977,0.0001206104934681207,4.9640042561804876e-05,1.0,1.5920824807835743e-05,2078.836296,1374852533,0.4,-0.00029637268744409084,0.0009322744444943964,0.0004995372146368027,0.001386790070682764,0.005943071562796831,-2.9255874156951904,0.002879474079236388,-0.0010096613550558686,0.9941689968109131,-0.1077902615070343
1766047057.7283022,0,+Z,0.44989123940467834,3.917157300747931e-06,0.4500560462474823,0.00012177369353594258,3.7883528420934454e-05,1.0,1.7447950085625052e-05,2078.8862409999997,1374902477,0.37,-0.00020573881920427084,0.0008262094925157726,0.0005638169241137803,0.001417586230672896,0.006044687703251839,-2.9255998134613037,0.0029283324256539345,-0.0010304281022399664,0.9941694736480713,-0.1077839732170105
1766047057.7784967,0,+Z,0.44989144802093506,-5.706435146635158e-08,0.4500564932823181,0.00011892861948581412,3.4777764085447416e-05,1.0,1.4403621207748074e-05,2078.93617,1374952407,0.4,-4.659117985283956e-05,0.000788164499681443,0.0006962458719499409,0.00149960583075881,0.0060974666848778725,-2.9257047176361084,0.0029502040706574917,-0.0010738883865997195,0.9941750764846802,-0.1077316626906395
1766047059.9366772,0,-Z,0.44915762543678284,-0.0004631173796951771,0.2504022717475891,0.0006170191336423159,1.2174412233889598e-07,0.9999997615814209,0.00036679927143268287,2081.094158,1377110423,0.33,-0.00020211799710523337,0.0006924020708538592,0.0007351483800448477,0.0018001074204221368,0.006042113061994314,-2.925807237625122,0.0029065636917948723,-0.0012201331555843353,0.9941805601119995,-0.10768023133277893
1766047059.98686,0,-Z,0.4496915936470032,-0.00011492984049255028,0.24975818395614624,0.0006156900199130177,-2.1708074200432748e-05,0.9999998211860657,0.00012949740630574524,2081.146201,1377162467,0.43,-0.00015417889517266303,0.0007332380046136677,0.0007937594782561064,0.0018966208444908261,0.006001478061079979,-2.925886869430542,0.0028812182135879993,-0.0012658064952120185,0.9941849112510681,-0.10764051228761673
1766047060.0370855,0,-Z,0.4499112367630005,0.00013015171862207353,0.24990148842334747,0.00022487920068670064,2.654947093105875e-05,1.0,-8.580150461057201e-05,2081.1961579999997,1377212423,0.32,-0.0001317147834924981,0.0007178715313784778,0.0007929306593723595,0.001984810456633568,0.006000274792313576,-2.9259274005889893,0.0028758998960256577,-0.001309522078372538,0.99418705701828,-0.10762032866477966
1766047060.0873532,0,-Z,0.45006102323532104,0.00016197143122553825,0.250131756067276,-5.653949119732715e-05,2.3369848349830136e-05,1.0,-0.00013142154784873128,2081.246263,1377262533,0.42,-0.00015229520795401186,0.0005716069135814905,0.000639961683191359,0.0020787459798157215,0.00601607421413064,-2.925997734069824,0.00287874648347497,-0.0013569656293839216,0.9941907525062561,-0.10758518427610397
1766047060.137616,0,-Z,0.4501195549964905,0.00012058737775078043,0.2502139210700989,-0.00017560305423103273,1.4088517673371825e-05,1.0,-9.380013216286898e-05,2081.296297,1377312566,0.35,-0.00021846902382094413,0.0004915122408419847,0.0005323463119566441,0.002133026486262679,0.006023889873176813,-2.9260451793670654,0.0028797443956136703,-0.0013843000633642077,0.9941933155059814,-0.10756143927574158
1766047060.1878443,0,-Z,0.45010966062545776,0.00011537929822225124,0.25021812319755554,-0.00019168121798429638,8.461124707537238e-06,1.0,-9.693993342807516e-05,2081.346375,1377362645,0.41,-0.0002756832109298557,0.0005459722015075386,0.0004741777665913105,0.002074096817523241,0.006058035884052515,-2.9260058403015137,0.0028998609632253647,-0.0013568997383117676,0.9941911697387695,-0.10758106410503387
1766047060.238088,0,-Z,0.4501056373119354,0.00011678043665597215,0.2502254843711853,-0.00017932199989445508,1.6101066648843698e-05,1.0,-0.00010286456381436437,2081.396296,1377412566,0.38,-0.0002859944070223719,0.0006003397866152227,0.0005724537768401206,0.0019723554141819477,0.006063737440854311,-2.9259626865386963,0.002908139955252409,-0.0013066943502053618,0.9941888451576233,-0.10760276764631271
1766047060.2882557,0,-Z,0.45009803771972656,0.00011932731285924092,0.25022318959236145,-0.00017794212908484042,5.668536232406041e-06,1.0,-9.424734889762476e-05,2081.4463729999998,1377462641,0.39,-0.000241747940890491,0.00063834257889539,0.0008590661454945803,0.0018461074214428663,0.006085747852921486,-2.92604398727417,0.002925924491137266,-0.0012450022622942924,0.9941932559013367,-0.10756246000528336
1766047060.338463,0,-Z,0.45009931921958923,0.00010942634980892763,0.25021639466285706,-0.00017041745013557374,1.1341191566316411e-05,1.0,-9.438462438993156e-05,2081.4962929999997,1377512561,0.37,-8.572654041927308e-05,0.0006566889933310449,0.0010280178394168615,0.001843122998252511,0.006176766473799944,-2.9261136054992676,0.002971373498439789,-0.0012483104364946485,0.9941968321800232,-0.10752782225608826
1766047060.388619,0,-Z,0.4500962495803833,0.0001066216136678122,0.25021031498908997,-0.0001689266791800037,7.327440471271984e-06,1.0,-9.049801155924797e-05,2081.546342,1377562611,0.38,3.821658174274489e-05,0.0006020956789143384,0.001123454188928008,0.001955891028046608,0.006193116307258606,-2.9261634349823,0.0029734703712165356,-0.0013051722198724747,0.9941994547843933,-0.10750290751457214
1766047060.4388032,0,-Z,0.4500909149646759,0.00010733769158832729,0.2502075433731079,-0.00016518674965482205,1.4298576388682704e-05,1.0,-9.595031588105485e-05,2081.596169,1377612438,0.36,6.31136354058981e-05,0.000587727758102119,0.0011099447729066014,0.002062316983938217,0.00615049758926034,-2.9262781143188477,0.002946641528978944,-0.001355616725049913,0.99420565366745,-0.10744574666023254
1766047060.489055,0,-Z,0.45008859038352966,0.00010600143286865205,0.2502056956291199,-0.00016468395187985152,7.042027391435113e-06,1.0,-9.018697892315686e-05,2081.648247,1377664521,0.4,-1.860309566836804e-05,0.0006224199896678329,0.0009060967713594437,0.0021035473328083754,0.0060820854268968105,-2.9263875484466553,0.002910493640229106,-0.001372277969494462,0.9942116141319275,-0.10739133507013321
1766047060.5393052,0,-Z,0.45008906722068787,0.00010557538189459592,0.25020837783813477,-0.00016056423191912472,5.389164471125696e-06,1.0,-9.09675654838793e-05,2081.698175,1377714449,0.4,-0.0001618139212951064,0.0007022357312962413,0.0005962660070508718,0.0020418772473931313,0.0060470025055110455,-2.9263455867767334,0.002896337304264307,-0.0013397980947047472,0.9942094683647156,-0.10741221904754639
1766047060.5895364,0,-Z,0.45008593797683716,0.00010494648449821398,0.25020885467529297,-0.0001638160174479708,8.010626515897457e-06,1.0,-9.243785461876541e-05,2081.748301,1377764575,0.47,-0.00023820421483833343,0.0007518886704929173,0.00039743789238855243,0.0019754855893552303,0.00604264298453927,-2.9261720180511475,0.0028976225294172764,-0.0013068120460957289,0.9942001700401306,-0.1074986532330513
1766047060.639711,0,-Z,0.4500856101512909,0.00010636962542776018,0.250211238861084,-0.00016156303172465414,8.43534780869959e-06,1.0,-9.257916826754808e-05,2081.798275,1377814549,0.39,-0.00024685708922334015,0.0007703573210164905,0.00032379128970205784,0.0019743505399674177,0.006027385592460632,-2.9261128902435303,0.0028900604229420424,-0.001305513083934784,0.9941970109939575,-0.10752803832292557
1766047060.6898518,0,-Z,0.4500829577445984,0.000104751146864146,0.25021106004714966,-0.00016408880765084177,4.791979790752521e-06,1.0,-9.032190428115427e-05,2081.848294,1377864570,0.39,-0.00015771288599353284,0.0008382976520806551,0.00046540828770957887,0.002028900198638439,0.006045038811862469,-2.926011562347412,0.0028958353213965893,-0.0013337256386876106,0.9941914677619934,-0.10757838934659958
1766047060.7400284,0,-Z,0.4500845670700073,0.00010507518891245127,0.2502117156982422,-0.00016035151202231646,1.1518121937115211e-05,1.0,-8.7208223703783e-05,2081.898267,1377914543,0.35,-8.786080434219912e-05,0.000761611619964242,0.0007286833715625107,0.0021067180205136538,0.0060671656392514706,-2.926025152206421,0.0029026579577475786,-0.0013735786778852344,0.9941921830177307,-0.10757139325141907
1766047060.7902741,0,-Z,0.4500838816165924,0.00010370699601480737,0.25021234154701233,-0.00016125483671203256,7.50250137571129e-06,1.0,-8.595216058893129e-05,2081.948282,1377964557,0.38,-0.000110950531961862,0.0006901460001245141,0.0007986492128111422,0.0022081092465668917,0.006023005116730928,-2.926072597503662,0.0028752856887876987,-0.0014215365517884493,0.994194746017456,-0.10754773765802383
1766047060.8405643,0,-Z,0.45008420944213867,9.972587577067316e-05,0.2502109408378601,-0.00016076966130640358,3.5533034861146007e-06,1.0,-8.921486005419865e-05,2081.998165,1378014441,0.37,-0.00017789106641430408,0.000651752925477922,0.0007417472661472857,0.002167210215702653,0.006017845124006271,-2.9259982109069824,0.0028748679906129837,-0.001401035115122795,0.9941907525062561,-0.10758475959300995
1766047060.89079,0,-Z,0.45008423924446106,9.989157842937857e-05,0.25021103024482727,-0.00016013759886845946,9.062936442205682e-06,1.0,-8.847800199873745e-05,2082.0481689999997,1378064447,0.41,-0.00019040766346734017,0.0006898436695337296,0.0006713405018672347,0.0020078083034604788,0.0060365041717886925,-2.9259188175201416,0.002892665797844529,-0.0013229160103946924,0.994186520576477,-0.10762451589107513
1766047060.9410658,0,-Z,0.4500848948955536,0.00010201549594057724,0.25021111965179443,-0.00015732389874756336,7.707342774665449e-06,1.0,-8.496674854541197e-05,2082.1001699999997,1378116448,0.32,-0.00016861573385540396,0.0007400547037832439,0.0006625472451560199,0.0019137633498758078,0.006098521873354912,-2.9259228706359863,0.0029285582713782787,-0.0012794982176274061,0.9941866993904114,-0.10762258619070053
1766047060.9912581,0,-Z,0.45008474588394165,0.00010210847540292889,0.2502117156982422,-0.00015645328676328063,4.540482223092113e-06,1.0,-8.567333134124056e-05,2082.150243,1378166522,0.45,-0.00013707231846638024,0.0007620456162840128,0.0008079073741100729,0.0018766766879707575,0.0061502605676651,-2.9259817600250244,0.0029563100542873144,-0.0012637597974389791,0.9941897988319397,-0.10759332776069641
1766047061.041489,0,-Z,0.4500841200351715,0.00010246580495731905,0.25021132826805115,-0.0001563738042023033,8.049114512687083e-06,1.0,-8.440363308181986e-05,2082.200239,1378216517,0.37,-0.00012270075967535377,0.0008125333115458488,0.0008913108613342047,0.0019317324040457606,0.006164832506328821,-2.925973892211914,0.0029605866875499487,-0.001291923108510673,0.9941893219947815,-0.10759712010622025
1766047061.091723,0,-Z,0.4500822126865387,0.00010202800331171602,0.2502118647098541,-0.00015812549099791795,7.43406326364493e-06,1.0,-8.532376523362473e-05,2082.25024,1378266519,0.43,-7.478597399313003e-05,0.0007876268355175853,0.0009664404788054526,0.002001956570893526,0.006248030345886946,-2.925952672958374,0.0029981518164277077,-0.0013313391245901585,0.9941880106925964,-0.10760755091905594
1766047061.1419945,0,-Z,0.4500819146633148,0.0001022365759126842,0.25021296739578247,-0.00015693331079091877,6.115171800047392e-06,1.0,-8.778292976785451e-05,2082.3002389999997,1378316518,0.37,-5.7314045989187434e-05,0.0008026011055335402,0.0008427081629633904,0.002023976994678378,0.006252541206777096,-2.925910234451294,0.002999180695042014,-0.0013425915967673063,0.994185745716095,-0.10762856900691986
1766047061.1922064,0,-Z,0.4500812590122223,0.00010238899994874373,0.25021305680274963,-0.0001578558440087363,8.29675354907522e-06,1.0,-8.623332541901618e-05,2082.35027,1378366550,0.34,-0.00010410737013444304,0.0008061029366217554,0.0006255931803025305,0.001985806506127119,0.006206309422850609,-2.9259536266326904,0.0029782820492982864,-0.0013210646575316787,0.9941881895065308,-0.10760708898305893
1766047061.24241,0,-Z,0.4500839114189148,0.00010277102410327643,0.25021442770957947,-0.0001531076995888725,1.0783918696688488e-05,1.0,-8.41653672978282e-05,2082.400236,1378416516,0.37,-0.00011833263852167875,0.0008573825471103191,0.0005306339589878917,0.0019190351013094187,0.006192254833877087,-2.9259865283966064,0.00297490949742496,-0.001287067891098559,0.994189977645874,-0.10759085416793823
1766047061.2926376,0,-Z,0.4500841498374939,0.00010171393660129979,0.25021374225616455,-0.000152939697727561,4.4537800931720994e-06,1.0,-8.477753726765513e-05,2082.450244,1378466529,0.38,-0.00012855052773375064,0.0008694761781953275,0.0004946793196722865,0.0018432853976264596,0.006198581773787737,-2.925999879837036,0.002982138190418482,-0.0012497337302193046,0.9941906929016113,-0.10758436471223831
1766047061.3428278,0,-Z,0.45008385181427,9.815573139348999e-05,0.2502115070819855,-0.00015568772505503148,7.962042218423449e-06,1.0,-8.480225369567052e-05,2082.5002959999997,1378516580,0.35,-0.00014737035962752998,0.0008192704408429563,0.0005794543540105224,0.0018002359429374337,0.006192075088620186,-2.9259262084960938,0.002981174271553755,-0.0012280938681215048,0.9941867589950562,-0.10762108862400055
1766047061.3930576,0,-Z,0.45008447766304016,9.70071560004726e-05,0.2502102553844452,-0.00015440848073922098,2.0040188246639445e-06,1.0,-8.402427920373157e-05,2082.552296,1378568580,0.36,-9.899913857225329e-05,0.0007642761338502169,0.0006820642738603055,0.0019122026860713959,0.006230730563402176,-2.9259116649627686,0.002994355047121644,-0.0012858534464612603,0.9941858649253845,-0.10762802511453629
1766047061.4432352,0,-Z,0.45008301734924316,9.801741543924436e-05,0.2502106726169586,-0.00015587529924232513,7.028399977571098e-06,1.0,-8.262636401923373e-05,2082.6023,1378618585,0.32,-5.879129093955271e-05,0.0007462904904969037,0.0008148987544700503,0.0019821240566670895,0.006178942043334246,-2.9260220527648926,0.002964921062812209,-0.0013176602078601718,0.9941918849945068,-0.10757306963205338
1766047061.4934363,0,-Z,0.45008400082588196,9.848223271546885e-05,0.2502129375934601,-0.0001537224161438644,6.5399658524256665e-06,1.0,-8.313153375638649e-05,2082.6522999999997,1378668590,0.37,-3.001990626216866e-05,0.0006920407759025693,0.0007642026757821441,0.0021215553861111403,0.00614151218906045,-2.9259896278381348,0.0029387923423200846,-0.001385005540214479,0.9941901564598083,-0.10758908092975616
1766047061.543689,0,-Z,0.45008260011672974,9.90550106507726e-05,0.25021201372146606,-0.0001557692448841408,6.3110737755778246e-06,1.0,-8.114911179291084e-05,2082.702304,1378718595,0.33,-7.351751264650375e-05,0.0006261055823415518,0.0007380310562439263,0.002110446337610483,0.006113614421337843,-2.925908327102661,0.0029254662804305553,-0.0013781014131382108,0.9941858053207397,-0.10762949287891388
1766047061.5939035,0,-Z,0.45008331537246704,9.846721513895318e-05,0.2502124607563019,-0.0001548557193018496,9.558236342854798e-06,1.0,-8.087507740128785e-05,2082.752265,1378768556,0.42,-0.0001599836250534281,0.0005940284463576972,0.0005630449741147459,0.002087625442072749,0.006078068166971207,-2.9258172512054443,0.002908962545916438,-0.001364976866170764,0.9941809773445129,-0.10767484456300735
1766047061.6440775,0,-Z,0.4500841498374939,9.809665061766282e-05,0.25021272897720337,-0.00015308942238334566,2.6146192340092966e-06,1.0,-8.194212568923831e-05,2082.802294,1378818585,0.39,-0.00014973018551245332,0.0005704225623048842,0.00045031693298369646,0.0020816451869904995,0.006141906604170799,-2.9257521629333496,0.002940973499789834,-0.0013655367074534297,0.9941774010658264,-0.10770712792873383
1766047061.6942935,0,-Z,0.45008254051208496,9.70953333307989e-05,0.25021183490753174,-0.00015510011871811002,3.0479973247565795e-06,1.0,-8.325144153786823e-05,2082.852167,1378868460,0.39,-0.00011253343109274283,0.0005767711554653943,0.00043376971734687686,0.0022009643726050854,0.006232417654246092,-2.9256699085235596,0.002979480428621173,-0.0014298458117991686,0.9941727519035339,-0.10774778574705124
1766047061.7445529,0,-Z,0.45008355379104614,9.831341594690457e-05,0.25021305680274963,-0.0001541678502690047,3.700222578117973e-06,1.0,-8.085428271442652e-05,2082.90217,1378918462,0.41,-0.00010409319656901062,0.0005065986188128591,0.0005428827716968954,0.002328854985535145,0.006253921426832676,-2.9257116317749023,0.002983310492709279,-0.0014945147559046745,0.9941749572753906,-0.10772685706615448
1766047061.7948198,0,-Z,0.45008233189582825,9.805121953831986e-05,0.25021281838417053,-0.00015553110279142857,2.7237556423642673e-06,1.0,-8.234145207097754e-05,2082.952189,1378968482,0.35,-0.00012787480955012143,0.00046634042519144714,0.0006181700737215579,0.002484442899003625,0.00625202339142561,-2.925724983215332,0.0029739963356405497,-0.001571733271703124,0.9941756129264832,-0.10771993547677994
1766047061.8450549,0,-Z,0.45008206367492676,9.781197150005028e-05,0.2502131760120392,-0.00015629919653292745,4.848166554438649e-06,1.0,-8.221535244956613e-05,2083.004164,1379020457,0.36,-0.00012940567103214562,0.0005100860144011676,0.0005895168869756162,0.002499670721590519,0.006273258477449417,-2.9256982803344727,0.0029837109614163637,-0.0015804863069206476,0.9941741228103638,-0.10773313045501709
1766047061.8952913,0,-Z,0.4500806927680969,9.850140486378223e-05,0.2502124309539795,-0.00015800849359948188,5.573511316470103e-06,1.0,-8.181753219105303e-05,2083.054161,1379070452,0.37,-0.0001550056622363627,0.0006303011323325336,0.0005401430535130203,0.0023929555900394917,0.0062677315436303616,-2.925544261932373,0.0029865948017686605,-0.0015273719327524304,0.9941658973693848,-0.1078098714351654
1766047063.452046,1,+X,0.5479006767272949,-0.0006693706382066011,0.35004475712776184,0.0021890047937631607,-1.0685703273338731e-05,0.9999973773956299,0.0006340024992823601,2084.610205,1380626510,0.37,6.010993820382282e-05,0.0003127886448055506,0.0006324260029941797,0.002468549646437168,0.006429917644709349,-2.925967216491699,0.0030634719878435135,-0.0015730432933196425,0.9941883683204651,-0.1075994148850441
1766047063.5022871,1,+X,0.5491998791694641,-0.000345021893735975,0.35039493441581726,0.0005722626810893416,-6.762347038602456e-05,0.9999997615814209,0.00043882246245630085,2084.66028,1380676585,0.33,6.1012695368845016e-05,0.0005183800822123885,0.0006311744800768793,0.002408732892945409,0.006463722791522741,-2.925994634628296,0.0030835161451250315,-0.0015450852224603295,0.9941897988319397,-0.1075858548283577
1766047063.5525217,1,+X,0.5500940084457397,-5.9056274039903656e-05,0.35016390681266785,-0.00010718063276726753,-3.4709792089415714e-05,1.0,0.00011665560305118561,2084.710289,1380726600,0.35,7.643825665581971e-05,0.000604854489210993,0.0006475147092714906,0.002392360009253025,0.006497419439256191,-2.9260354042053223,0.0031011784449219704,-0.00153869588393718,0.9941919445991516,-0.10756562650203705
1766047063.6027436,1,+X,0.5504559874534607,0.00015892612282186747,0.3500058948993683,-0.0003984019858762622,-6.783987828384852e-06,0.9999999403953552,-6.720967212459072e-05,2084.760291,1380776602,0.45,0.00012043450988130644,0.0005805655964650214,0.000681883015204221,0.002455343957990408,0.006413152441382408,-2.926262140274048,0.0030560793820768595,-0.00156512635294348,0.9942042231559753,-0.1074528694152832
1766047063.6529367,1,+X,0.5505192279815674,0.0002142318699043244,0.35000401735305786,-0.00043955602450296283,-5.166144546819851e-06,0.9999998807907104,-0.00010548324644332752,2084.812254,1380828565,0.37,0.00010011774429585785,0.0005286681116558611,0.0007915246533229947,0.0024911118671298027,0.006436957512050867,-2.9265549182891846,0.0030662231147289276,-0.0015837367391213775,0.9942198991775513,-0.10730724036693573
1766047063.7031038,1,+X,0.5504615306854248,0.0002030422183452174,0.3500514626502991,-0.00039818682125769556,1.7645419347900315e-06,0.9999999403953552,-9.019047138281167e-05,2084.862243,1380878554,0.37,3.2176467357203364e-05,0.0005545293679460883,0.0008034435450099409,0.002415388822555542,0.006464467849582434,-2.9266715049743652,0.0030840521212667227,-0.0015473902458325028,0.9942261576652527,-0.10724935680627823
1766047063.753314,1,+X,0.5503642559051514,0.00018737773643806577,0.3500577509403229,-0.0003185937530361116,-9.848866284301039e-06,0.9999999403953552,-6.8452580308076e-05,2084.912168,1380928483,0.36,3.7623587559210137e-05,0.0006013895617797971,0.000747517857234925,0.0023214046377688646,0.006502742413431406,-2.926706314086914,0.003108145436272025,-0.001502667786553502,0.9942280054092407,-0.10723216086626053
1766047063.8035607,1,+X,0.5502848625183105,0.00018443650333210826,0.35004886984825134,-0.00022922636708244681,-2.6590948891680455e-06,1.0,-6.862534792162478e-05,2084.962302,1380978618,0.38,4.0867802454158664e-05,0.0006670909351669252,0.0006032470264472067,0.002260942943394184,0.00649882759898901,-2.9267842769622803,0.0031094986479729414,-0.0014722803607583046,0.9942322373390198,-0.10719350725412369
1766047063.8538198,1,+X,0.5502325296401978,0.00017034758639056236,0.35005319118499756,-0.00018200294289272279,-8.153145927281003e-07,1.0,-5.5087904911488295e-05,2085.0123,1381028615,0.39,-2.0428886273293756e-05,0.0007135961204767227,0.0005398758803494275,0.0021549027878791094,0.006510962266474962,-2.9267351627349854,0.003121179761365056,-0.0014202933525666595,0.9942296147346497,-0.10721814632415771
1766047063.9040456,1,+X,0.5502102971076965,0.00015890253416728228,0.3500518202781677,-0.00015536484715994447,3.2689238196326187e-06,1.0,-4.721865843748674e-05,2085.062296,1381078612,0.37,-2.873005314540933e-06,0.0006680434453301132,0.0005198840517550707,0.002110759261995554,0.006485652178525925,-2.926574945449829,0.0031108525581657887,-0.0013972412561997771,0.9942210912704468,-0.10729788988828659
1766047063.9542747,1,+X,0.5502109527587891,0.00015079339209478348,0.350045770406723,-0.00014813269081059843,7.0991686698107515e-06,1.0,-4.802045805263333e-05,2085.1123,1381128619,0.39,0.0001334837288595736,0.0005314982845447958,0.0004608024610206485,0.0022015750873833895,0.006527542602270842,-2.926487684249878,0.0031267411541193724,-0.0014447703724727035,0.9942163228988647,-0.10734102874994278
1766047064.0045714,1,+X,0.5502151846885681,0.00015225996321532875,0.3500438332557678,-0.00015432981308549643,6.910571300977608e-06,1.0,-5.679014793713577e-05,2085.1622979999997,1381178617,0.37,0.000258953106822446,0.0004303524037823081,0.0006073387921787798,0.0022566558327525854,0.006552714854478836,-2.9265081882476807,0.0031363130547106266,-0.0014734703581780195,0.9942173361778259,-0.10733074694871902
1766047064.054837,1,+X,0.5502188801765442,0.00015890477516222745,0.35004740953445435,-0.00015840680862311274,3.972562808485236e-06,1.0,-5.9700101701309904e-05,2085.212302,1381228622,0.47,0.0003087557852268219,0.0004300799919292331,0.0007324116886593401,0.0022699343971908092,0.006562445312738419,-2.9265379905700684,0.0031404595356434584,-0.0014805467799305916,0.9942188858985901,-0.10731594264507294
1766047064.1050708,1,+X,0.5502240657806396,0.00016842829063534737,0.35004714131355286,-0.00016159414371941239,1.2880202120868489e-05,1.0,-6.435696559492499e-05,2085.264382,1381280701,0.38,0.0002457091468386352,0.0005451502511277795,0.000757636153139174,0.002129187108948827,0.006577108521014452,-2.9266247749328613,0.0031553630251437426,-0.0014112298376858234,0.9942235946655273,-0.10727298259735107
1766047064.1553688,1,+X,0.5502288937568665,0.0001672082144068554,0.35004425048828125,-0.00016633461927995086,1.647303179197479e-05,1.0,-6.0877737269038334e-05,2085.314299,1381330622,0.44,0.0001455843448638916,0.0007146282005123794,0.0006401922437362373,0.002029614755883813,0.006570604629814625,-2.9265897274017334,0.0031574470922350883,-0.0013614377239719033,0.9942217469215393,-0.1072905883193016
1766047064.205642,1,+X,0.5502327680587769,0.00016289576888084412,0.35004284977912903,-0.00016932415019255131,1.3575919183494989e-05,1.0,-5.9117293858435005e-05,2085.364377,1381380699,0.4,6.379631668096408e-05,0.0007694780942983925,0.0004095578915439546,0.0019468441605567932,0.006557928863912821,-2.926449775695801,0.003155493875965476,-0.0013198324013501406,0.9942142963409424,-0.10736032575368881
1766047064.2559512,1,+X,0.5502314567565918,0.00016239355318248272,0.3500475585460663,-0.00017428222054149956,1.3038632459938526e-05,1.0,-7.17664515832439e-05,2085.4142979999997,1381430620,0.35,-2.9680133593501523e-05,0.0006570421392098069,0.00032142893178388476,0.0019607546273618937,0.006550133693963289,-2.9263298511505127,0.0031507923267781734,-0.0013265179004520178,0.9942078590393066,-0.10741990804672241
1766047064.3062625,1,+X,0.5502329468727112,0.00016527858679182827,0.3500487506389618,-0.0001787259243428707,1.3987236343382392e-05,1.0,-7.136112981243059e-05,2085.464386,1381480709,0.36,8.204786354326643e-06,0.00044656352838501334,0.00032119519892148674,0.0020830535795539618,0.006561814341694117,-2.9263229370117188,0.003150025149807334,-0.0013879514299333096,0.9942074418067932,-0.10742314904928207
1766047064.356563,1,+X,0.5502335429191589,0.00016269527259282768,0.3500502407550812,-0.00018193847790826112,1.7519610992167145e-05,1.0,-6.925593334017321e-05,2085.514302,1381530627,0.38,0.00019176665227860212,0.00024301503435708582,0.0002918763493653387,0.0022186751011759043,0.006675560958683491,-2.9263722896575928,0.0031993200536817312,-0.0014613999519497156,0.9942098259925842,-0.10739831626415253
1766047064.4068732,1,+X,0.5502351522445679,0.0001570927124703303,0.35005199909210205,-0.00018232027650810778,1.7524518625577912e-05,1.0,-6.869168282719329e-05,2085.564298,1381580622,0.37,0.0003654297615867108,9.80958211584948e-05,0.00026360302581451833,0.0023793079890310764,0.006849613040685654,-2.926300525665283,0.0032771602272987366,-0.00155071506742388,0.99420565366745,-0.1074335053563118
1766047064.4572299,1,+X,0.5502325892448425,0.0001628819154575467,0.3500535190105438,-0.00018585362704470754,1.6437134036095813e-05,1.0,-6.66827181703411e-05,2085.616303,1381632627,0.37,0.00043660393566824496,0.00014437850040849298,0.00025854347040876746,0.002405748935416341,0.006869918666779995,-2.926342010498047,0.003285866230726242,-0.0015648816479369998,0.9942078590393066,-0.10741285234689713
1766047064.5074484,1,+X,0.5502367615699768,0.00016063124348875135,0.3500528633594513,-0.00018310155428480357,2.3490169041906483e-05,1.0,-7.196752267191187e-05,2085.6662969999998,1381682621,0.38,0.0003050137893296778,0.0002994403475895524,0.0003025792830158025,0.002344148699194193,0.00686652259901166,-2.926574945449829,0.0032876653131097555,-0.0015336944488808513,0.9942203760147095,-0.10729710757732391
1766047064.557669,1,+X,0.5502370595932007,0.00016441586194559932,0.35004907846450806,-0.00018926503253169358,1.965666888281703e-05,1.0,-7.401646143989637e-05,2085.716301,1381732630,0.34,0.00020682405738625675,0.00033622828777879477,0.0004200877738185227,0.0022579850628972054,0.006883894093334675,-2.926548719406128,0.003300904296338558,-0.0014918369706720114,0.9942190051078796,-0.10731033235788345
1766047064.6078622,1,+X,0.5502393841743469,0.00016668482567183673,0.3500458896160126,-0.00019285899179521948,2.3597121980856173e-05,1.0,-7.368854130618274e-05,2085.766266,1381782595,0.31,9.061557648237795e-05,0.00038437769399024546,0.0004684782470576465,0.0022395984269678593,0.006840039510279894,-2.926435947418213,0.0032800068147480488,-0.0014805286191403866,0.9942129850387573,-0.1073664203286171
1766047064.6580396,1,+X,0.5502406358718872,0.00016995336045511067,0.350046843290329,-0.00019431121472734958,2.2608852304983884e-05,1.0,-7.071349682519212e-05,2085.816309,1381832637,0.35,-1.739556682878174e-05,0.0003680685767903924,0.0004453545843716711,0.0023799913469702005,0.006760905496776104,-2.926379680633545,0.0032330877147614956,-0.0015461619477719069,0.9942100644111633,-0.10739430785179138
1766047064.7082002,1,+X,0.5502403378486633,0.0001674318773439154,0.3500484824180603,-0.00019576767226681113,1.658637665968854e-05,1.0,-6.939261220395565e-05,2085.866301,1381882630,0.32,-1.0401112149338587e-06,0.00031387709896080196,0.00044974315096624196,0.002514461288228631,0.006736751180142164,-2.926384687423706,0.0032138635870069265,-0.0016117023769766092,0.9942103028297424,-0.10739155113697052
1766047064.758357,1,+X,0.550239086151123,0.00016543561650905758,0.3500513732433319,-0.00019801718008238822,1.9666122170747258e-05,1.0,-7.034601730993018e-05,2085.916149,1381932479,0.31,5.958120527793653e-05,0.00039125996408984065,0.0005577603005804121,0.0025884206406772137,0.006738411728292704,-2.9263622760772705,0.003210698952898383,-0.0016485931118950248,0.9942090511322021,-0.10740257054567337
1766047064.8085191,1,+X,0.5502418279647827,0.00016596299246884882,0.3500520586967468,-0.00019481753406580538,2.1102176106069237e-05,1.0,-7.153848855523393e-05,2085.966157,1381982486,0.25,0.00014719304454047233,0.00037755753146484494,0.00070630555273965,0.002758293179795146,0.006699301768094301,-2.926274061203003,0.0031820577569305897,-0.0017310775583609939,0.9942042827606201,-0.10744617134332657
1766047064.8586507,1,+X,0.5502394437789917,0.00016752675583120435,0.35005006194114685,-0.000197549830772914,2.4863325961632654e-05,1.0,-7.312952948268503e-05,2086.016158,1382032488,0.34,0.00012005656026303768,0.00031512274290435016,0.0008643514011055231,0.002798703033477068,0.006684431340545416,-2.9261744022369385,0.0031724071595817804,-0.0017505246214568615,0.9941989779472351,-0.10749565064907074
1766047064.9088671,1,+X,0.5502413511276245,0.00016933151346165687,0.35004791617393494,-0.00019366307242307812,2.8096186724724248e-05,1.0,-6.981885235290974e-05,2086.068158,1382084488,0.3,3.874878166243434e-05,0.00040588172851130366,0.0007994113257154822,0.0027848442550748587,0.006643746979534626,-2.9259495735168457,0.0031527322717010975,-0.0017418029019609094,0.9941869378089905,-0.1076074093580246
1766047064.9591782,1,+X,0.5502406358718872,0.0001645483571337536,0.3500474691390991,-0.00019701546989381313,2.444122583256103e-05,1.0,-7.259252743097022e-05,2086.1181579999998,1382134489,0.3,-6.484767072834074e-05,0.0005492196069099009,0.0004921645158901811,0.0027620575856417418,0.0066476562060415745,-2.925870180130005,0.003155832877382636,-0.0017308115493506193,0.9941826462745667,-0.10764694958925247
1766047065.0094821,1,+X,0.5502412915229797,0.0001672590442467481,0.3500482439994812,-0.00019757721747737378,2.40098870563088e-05,1.0,-7.468352123396471e-05,2086.168162,1382184494,0.4,-5.764329762314446e-05,0.0007341050659306347,0.00028277921956032515,0.002683686325326562,0.0066881184466183186,-2.9259045124053955,0.0031801939476281404,-0.001693977159447968,0.9941844940185547,-0.10762996971607208
1766047065.0597553,1,+X,0.5502417087554932,0.00016558471543248743,0.3500455319881439,-0.0002014549245359376,2.0603323719114996e-05,1.0,-7.595842907903716e-05,2086.218158,1382234490,0.37,-2.508659235900268e-05,0.0007205737638287246,0.00044601011904887855,0.0026957509107887745,0.006689528468996286,-2.9258813858032227,0.003180225845426321,-0.0017000871011987329,0.9941832423210144,-0.10764151066541672
1766047065.1099865,1,+X,0.5502452850341797,0.00016858239541761577,0.35004717111587524,-0.00019759991846513003,2.4020380806177855e-05,1.0,-7.27335354895331e-05,2086.268158,1382284489,0.37,2.3070291717885993e-05,0.0006735335336998105,0.000675563991535455,0.0026558239478617907,0.006690299604088068,-2.9258458614349365,0.0031827285420149565,-0.0016803375910967588,0.9941813349723816,-0.10765914618968964
1766047065.160216,1,+X,0.5502454042434692,0.0001690652861725539,0.3500460684299469,-0.0002000689273700118,2.08470464713173e-05,1.0,-7.070487481541932e-05,2086.318164,1382334493,0.34,0.00011580580758163705,0.0005873159389011562,0.0007495490135625005,0.00264323060400784,0.006635965313762426,-2.925877571105957,0.0031564238015562296,-0.0016711028292775154,0.9941831231117249,-0.10764351487159729
1766047065.2104661,1,+X,0.5502462387084961,0.00016522174701094627,0.350044846534729,-0.000204067473532632,3.052290776395239e-05,1.0,-6.981412298046052e-05,2086.368155,1382384485,0.31,0.00019476641318760812,0.0005491034244187176,0.0007028570980764925,0.0027254894375801086,0.006574581377208233,-2.925858497619629,0.003121466375887394,-0.0017087188316509128,0.9941821694374084,-0.10765283554792404
1766047065.2607417,1,+X,0.5502496957778931,0.00016523290832992643,0.35004308819770813,-0.0002041168772848323,2.9674169127247296e-05,1.0,-7.097496563801542e-05,2086.418158,1382434488,0.3,0.00015248825366143137,0.0005715092993341386,0.0005446702125482261,0.0027113091200590134,0.006569881457835436,-2.9256701469421387,0.0031197331845760345,-0.001701710862107575,0.9941720366477966,-0.10774654895067215
1766047065.3110204,1,+X,0.5502488613128662,0.0001678573462413624,0.35004445910453796,-0.0002063663414446637,2.7087742637377232e-05,1.0,-7.63439602451399e-05,2086.4701569999997,1382486486,0.31,0.00011639087460935116,0.0005719346809200943,0.00033474594238214195,0.002740234835073352,0.006541792303323746,-2.9255552291870117,0.003104113508015871,-0.0017147543840110302,0.9941658973693848,-0.1078035980463028
1766047065.3612862,1,+X,0.5502497553825378,0.00017091643530875444,0.35004550218582153,-0.00020542030688375235,1.8656042811926454e-05,1.0,-7.573527545901015e-05,2086.520166,1382536497,0.28,9.149067773250863e-05,0.0005595635739155114,0.00038042597589083016,0.002773093990981579,0.0064543262124061584,-2.925539493560791,0.0030588507652282715,-0.0017263978952541947,0.9941651225090027,-0.10781152546405792
1766047065.4114974,1,+X,0.5502505302429199,0.00016904393851291388,0.3500472605228424,-0.0002051906631095335,2.8633741749217734e-05,1.0,-7.533751340815797e-05,2086.5701799999997,1382586511,0.36,-2.7986396162305027e-05,0.00046296269283629954,0.00047014810843393207,0.0029610346537083387,0.006399826146662235,-2.925182342529297,0.00302130333147943,-0.0018174212891608477,0.9941458702087402,-0.10798873007297516
