wall_time,repeat_idx,direction,interp_idx,flexiv_x,flexiv_y,flexiv_z,flexiv_rw,flexiv_rx,flexiv_ry,flexiv_rz,slam_host_ts,slam_edge_ts,slam_confidence,slam_x,slam_y,slam_z,slam_roll,slam_pitch,slam_yaw,slam_qw,slam_qx,slam_qy,slam_qz
1766052447.6339848,0,+X,1,0.35839810967445374,-0.0009113936685025692,0.3002890348434448,0.0016259633703157306,-7.010303306742571e-06,0.9999983310699463,0.0008259841706603765,7468.7916239999995,6764812758,0.75,0.005692027974873781,-0.00036791310412809253,-0.003484533866867423,-1.5615707635879517,-2.6399924755096436,1.5674856901168823,-0.6095001101493835,-0.3640797436237335,-0.35846102237701416,0.606185793876648
1766052447.9348269,0,+X,2,0.36852598190307617,-0.000832978927064687,0.3002620339393616,0.0014746199594810605,6.107393346610479e-06,0.9999986290931702,0.000776887871325016,7469.09362,6765114759,0.68,0.011772925034165382,0.0002169985673390329,-0.0076673878356814384,-1.5614629983901978,-2.3519599437713623,1.2794392108917236,-0.6086403727531433,-0.36447587609291077,-0.3580731749534607,0.6070402264595032
1766052448.2360902,0,+X,3,0.378511518239975,-0.0008153311209753156,0.3001866936683655,0.0015704856486991048,7.905350685177837e-06,0.9999984502792358,0.0007672171341255307,7469.393607999999,6765414747,0.65,0.022706488147377968,-0.000308536778902635,-0.013923875987529755,-1.5617927312850952,-2.4543628692626953,1.381784439086914,-0.6089137196540833,-0.36428552865982056,-0.3582991361618042,0.6067469716072083
1766052448.5372488,0,+X,4,0.3885236084461212,-0.0008172142552211881,0.30017516016960144,0.0015047031920403242,2.6175089260505047e-06,0.9999985694885254,0.0007592258043587208,7469.6956119999995,6765716748,0.65,0.03247509524226189,-0.00035336651490069926,-0.0199825968593359,-1.5612870454788208,-2.6741867065429688,1.6021322011947632,-0.6097310185432434,-0.36396798491477966,-0.3582974374294281,0.6061174273490906
1766052448.8387043,0,+X,5,0.39848238229751587,-0.0008698079036548734,0.3001866936683655,0.0016192829934880137,-1.6776717529864982e-05,0.9999983310699463,0.0008260778849944472,7469.99755,6766018685,1.0,0.03965716063976288,-0.0007119729416444898,-0.023798497393727303,-1.5603086948394775,-2.531855344772339,1.459536075592041,-0.6094034910202026,-0.36459043622016907,-0.35783401131629944,0.6063464879989624
1766052449.1402361,0,+X,6,0.4085068106651306,-0.0008189193904399872,0.3001999855041504,0.0015493801329284906,1.0580159141682088e-05,0.9999985098838806,0.0007862919010221958,7470.299526,6766320663,1.0,0.04655292630195618,-0.00025676790392026305,-0.02942030131816864,-1.5591988563537598,-2.38910174369812,1.316451072692871,-0.608954131603241,-0.36525028944015503,-0.35737353563308716,0.6066722869873047
1766052449.4416611,0,+X,7,0.41851574182510376,-0.0008090204792097211,0.30015504360198975,0.001551438239403069,-1.4484782695944887e-05,0.9999984502792358,0.0008055532234720886,7470.5996669999995,6766620813,1.0,0.05750332772731781,-0.0007112522143870592,-0.034912850707769394,-1.5594124794006348,-2.511702537536621,1.4391415119171143,-0.609414279460907,-0.3649846017360687,-0.35758504271507263,0.6062453389167786
1766052449.7428894,0,+X,8,0.42856812477111816,-0.0007926501566544175,0.3001437187194824,0.0014730732655152678,3.4776901884470135e-05,0.9999986290931702,0.0007802252657711506,7470.901680999999,6766922831,1.0,0.06575684994459152,-0.0008177522686310112,-0.039772260934114456,-1.5595784187316895,-2.576165199279785,1.5041486024856567,-0.6097223162651062,-0.3646567463874817,-0.35758233070373535,0.6061344742774963
1766052450.0442219,0,+X,9,0.4386419355869293,-0.000721184944268316,0.30014896392822266,0.001389844692312181,9.141035661741626e-06,0.9999987483024597,0.0007681373972445726,7471.201752999999,6767222909,1.0,0.0755956768989563,-0.0009356177761219442,-0.0445232018828392,-1.5598706007003784,-2.651430130004883,1.5789226293563843,-0.6098406910896301,-0.36457350850105286,-0.3579646348953247,0.605839729309082
1766052450.345525,0,+X,10,0.4487222135066986,-0.0007512459997087717,0.3000916540622711,0.0013603784609586,9.021365258377045e-06,0.9999987483024597,0.0008140787831507623,7471.50353,6767524690,1.0,0.08390743285417557,-0.001064644893631339,-0.04953111335635185,-1.5597788095474243,-2.657327890396118,1.5847580432891846,-0.609865665435791,-0.36460813879966736,-0.3579675555229187,0.6057920455932617
1766052450.3957071,0,+X,10,0.44946300983428955,-0.000129749154439196,0.3001786768436432,0.0005541738355532289,6.193431909196079e-05,0.9999998211860657,0.00018986953364219517,7471.553531,6767574697,1.0,0.08522075414657593,-0.0007695270469412208,-0.049006637185811996,-1.5610957145690918,-2.8176019191741943,1.7449712753295898,-0.6100567579269409,-0.36390742659568787,-0.3587077856063843,0.6055830717086792
1766052450.445851,0,+X,10,0.4499301016330719,0.00015982658078428358,0.30013394355773926,4.562833419186063e-05,8.288824028568342e-05,1.0,4.258147964719683e-05,7471.603532,6767624698,1.0,0.08596677333116531,-0.0008751793066039681,-0.04899989813566208,-1.5611594915390015,-2.931100368499756,1.8586760759353638,-0.6103578805923462,-0.36355918645858765,-0.358930766582489,0.6053566932678223
1766052450.4959946,0,+X,10,0.45017296075820923,0.0001626336161280051,0.30009013414382935,-0.00014751010166946799,7.584955164929852e-05,1.0,-7.507017016905593e-06,7471.653525,6767674691,1.0,0.08614342659711838,-0.0012147565139457583,-0.04938092455267906,-1.5611728429794312,-2.967214822769165,1.8948992490768433,-0.6104559898376465,-0.3634311258792877,-0.3589927554130554,0.605297863483429
1766052450.5461283,0,+X,10,0.4502061605453491,0.0001533610193291679,0.30006271600723267,-0.00017023997497744858,6.712668982800096e-05,1.0,4.021813310828293e-06,7471.705529,6767726695,1.0,0.08576487749814987,-0.001516904914751649,-0.0495159737765789,-1.5612025260925293,-2.934680938720703,1.8623853921890259,-0.6103783845901489,-0.3635006248950958,-0.35891109704971313,0.6053828001022339
1766052450.5963295,0,+X,10,0.45016103982925415,0.0001447691465727985,0.3000722825527191,-0.0001306352933170274,5.754786616307683e-05,1.0,-3.918907623301493e-06,7471.755529999999,6767776700,1.0,0.08524805307388306,-0.0015099708689376712,-0.049391090869903564,-1.5613199472427368,-2.8943655490875244,1.8220503330230713,-0.6102510690689087,-0.3635762333869934,-0.35884764790534973,0.6055033802986145
1766052450.6465244,0,+X,10,0.4500943720340729,0.000144433302921243,0.3000895082950592,-8.398616046179086e-05,6.833513180026785e-05,1.0,-1.0988027270286693e-06,7471.805528999999,6767826699,1.0,0.08483228087425232,-0.0013267655158415437,-0.04921874776482582,-1.561356544494629,-2.8513400554656982,1.7790098190307617,-0.6101357340812683,-0.36367127299308777,-0.3587617874145508,0.6056133508682251
1766052450.6967125,0,+X,10,0.4500526487827301,0.00012838093971367925,0.3000977635383606,-4.6830871724523604e-05,6.843244045739993e-05,1.0,9.865166248346213e-06,7471.855525999999,6767876696,1.0,0.0846279039978981,-0.001148052979260683,-0.049166444689035416,-1.5614302158355713,-2.8259177207946777,1.7535570859909058,-0.6100500226020813,-0.3637177050113678,-0.35873398184776306,0.6056883335113525
1766052450.746884,0,+X,10,0.45003634691238403,0.00010565824049990624,0.3000960648059845,-3.153526267851703e-05,6.804504664614797e-05,1.0,2.002624751185067e-05,7471.905527,6767926698,1.0,0.08466055244207382,-0.0010292232036590576,-0.04918665438890457,-1.5614242553710938,-2.8032193183898926,1.7307723760604858,-0.6099785566329956,-0.3637944757938385,-0.3587096631526947,0.6057285666465759
1766052450.797045,0,+X,10,0.4500254988670349,9.48446977417916e-05,0.3000902831554413,-2.4180219043046236e-05,6.992911221459508e-05,1.0,2.5596347768441774e-05,7471.955526,6767976703,1.0,0.08482132107019424,-0.000979664153419435,-0.0491524338722229,-1.5614185333251953,-2.797469139099121,1.7249597311019897,-0.6099538207054138,-0.36382725834846497,-0.3587148189544678,0.6057307124137878
1766052450.8472126,0,+X,10,0.4500139057636261,9.362734272144735e-05,0.3000955283641815,-1.692892146820668e-05,6.263759132707492e-05,1.0,3.01168820442399e-05,7472.005528,6768026705,1.0,0.08494318276643753,-0.0010210189502686262,-0.04912325739860535,-1.5614724159240723,-2.7873048782348633,1.714730143547058,-0.6099039316177368,-0.3638537526130676,-0.3587281405925751,0.6057571768760681
1766052450.897453,0,+X,10,0.4500041604042053,8.961475396063179e-05,0.30010348558425903,-1.184752272820333e-05,7.053824083413929e-05,1.0,3.123363421764225e-05,7472.055523,6768076700,1.0,0.08501982688903809,-0.001019681105390191,-0.049125541001558304,-1.5616016387939453,-2.7805283069610596,1.7079482078552246,-0.6098572611808777,-0.36383378505706787,-0.3587515950202942,0.6058022975921631
1766052450.9476204,0,+X,10,0.4499981999397278,8.588276978116482e-05,0.30010786652565,-3.7907209389231866e-06,6.794017099309713e-05,1.0,3.509322050376795e-05,7472.105525,6768126702,1.0,0.0850353091955185,-0.0009244516841135919,-0.049168869853019714,-1.5615524053573608,-2.7745301723480225,1.7019017934799194,-0.6098438501358032,-0.363874226808548,-0.3587403893470764,0.6057981252670288
1766052450.9977674,0,+X,10,0.4499928653240204,7.758229185128585e-05,0.30010849237442017,8.900696570890432e-07,6.27505432930775e-05,1.0,4.171426553511992e-05,7472.155524,6768176706,1.0,0.08504677563905716,-0.0008622638415545225,-0.04923827201128006,-1.5615274906158447,-2.772226333618164,1.699566125869751,-0.6098375916481018,-0.3638954758644104,-0.35873842239379883,0.6057928204536438
1766052451.0478969,0,+X,10,0.4499874711036682,7.00509044690989e-05,0.30010974407196045,1.159697330876952e-05,5.3573690820485353e-05,1.0,4.290756260161288e-05,7472.205524,6768226706,1.0,0.0850641131401062,-0.0008761970675550401,-0.049297161400318146,-1.5615382194519043,-2.7747209072113037,1.7020117044448853,-0.6098327040672302,-0.3639024496078491,-0.35876134037971497,0.6057799458503723
1766052451.0980346,0,+X,10,0.4499795436859131,6.964384374441579e-05,0.30011212825775146,1.355833956040442e-05,5.182310997042805e-05,1.0,5.0228267355123535e-05,7472.255526999999,6768276708,1.0,0.08508028835058212,-0.0008496433729305863,-0.0492669902741909,-1.5615136623382568,-2.77425479888916,1.7015354633331299,-0.6098350286483765,-0.3639132082462311,-0.35875657200813293,0.6057739853858948
1766052451.148184,0,+X,10,0.44997256994247437,6.269219011301175e-05,0.3001134991645813,1.7935151845449582e-05,6.0639053117483854e-05,1.0,4.085512046003714e-05,7472.307524999999,6768328706,1.0,0.0850527286529541,-0.0008181806188076735,-0.0492018461227417,-1.5615887641906738,-2.7739014625549316,1.7011967897415161,-0.6098204851150513,-0.3638886511325836,-0.358772337436676,0.6057940721511841
1766052451.198326,0,+X,10,0.44996678829193115,6.614116136915982e-05,0.30011898279190063,2.0863715690211393e-05,5.817818600917235e-05,1.0,4.885623275185935e-05,7472.357526999999,6768378708,1.0,0.0850125402212143,-0.0008177527342922986,-0.04917971417307854,-1.5615588426589966,-2.77276611328125,1.7000919580459595,-0.6098296046257019,-0.36388999223709106,-0.3587525188922882,0.6057958006858826
1766052451.2484617,0,+X,10,0.44996386766433716,6.1016624385956675e-05,0.30012017488479614,2.8264077627682127e-05,6.948217924218625e-05,1.0,4.802652256330475e-05,7472.407526,6768428708,1.0,0.08502407371997833,-0.000860750034917146,-0.049196526408195496,-1.5616000890731812,-2.7710840702056885,1.6984400749206543,-0.6098218560218811,-0.363872766494751,-0.358751505613327,0.6058145761489868
1766052451.2986019,0,+X,10,0.4499598741531372,5.7826404372463e-05,0.3001183569431305,3.166723399772309e-05,5.3254985687090084e-05,1.0,5.901861368329264e-05,7472.4575239999995,6768478705,1.0,0.08504166454076767,-0.0008848339202813804,-0.04924793168902397,-1.5616413354873657,-2.7735016345977783,1.7008225917816162,-0.6098126769065857,-0.3638671636581421,-0.3587784767150879,0.6058111786842346
1766052451.348739,0,+X,10,0.4499523639678955,4.655660814023577e-05,0.3001197874546051,2.8987624318688177e-05,5.7133704103762284e-05,1.0,4.986006024410017e-05,7472.5075289999995,6768528710,1.0,0.08505596965551376,-0.0008673247066326439,-0.04923694208264351,-1.5617287158966064,-2.7721664905548096,1.6994394063949585,-0.6097816228866577,-0.36386018991470337,-0.35881468653678894,0.6058251857757568
1766052451.3988745,0,+X,10,0.44994860887527466,4.68887847091537e-05,0.30012479424476624,2.9761258701910265e-05,5.8998921304009855e-05,1.0,5.749840784119442e-05,7472.557527999999,6768578713,1.0,0.08511852473020554,-0.0008167853811755776,-0.04916975647211075,-1.5617038011550903,-2.771491289138794,1.6987495422363281,-0.6097826361656189,-0.3638728857040405,-0.3588108420372009,0.6058188080787659
1766052451.449014,0,+X,10,0.4499456584453583,4.5301931095309556e-05,0.3001309037208557,3.367655153851956e-05,5.61889391974546e-05,1.0,5.551206413656473e-05,7472.607529999999,6768628715,1.0,0.08515661954879761,-0.0007327317725867033,-0.049129385501146317,-1.5617767572402954,-2.7702362537384033,1.6974588632583618,-0.6097571849822998,-0.36386600136756897,-0.35883957147598267,0.605831503868103
1766052451.4991424,0,+X,10,0.4499446153640747,4.5481985580408946e-05,0.3001285791397095,3.450112126301974e-05,5.508969843504019e-05,1.0,6.428857886930928e-05,7472.657534999999,6768678720,1.0,0.08518058061599731,-0.0007057964685373008,-0.04916271194815636,-1.5618308782577515,-2.7718088626861572,1.6990259885787964,-0.6097484827041626,-0.3638495206832886,-0.3588593900203705,0.6058385372161865
1766052451.5492697,0,+X,10,0.44994691014289856,3.910138184437528e-05,0.30012473464012146,3.96834293496795e-05,5.952823266852647e-05,1.0,6.510481762234122e-05,7472.707549,6768728735,1.0,0.0851842388510704,-0.0007150020101107657,-0.04919299855828285,-1.5618239641189575,-2.770613193511963,1.6978178024291992,-0.609744668006897,-0.36385759711265564,-0.3588588833808899,0.6058377027511597
1766052451.5994134,0,+X,10,0.4499416649341583,3.546580046531744e-05,0.30012640357017517,3.7559817428700626e-05,5.610495645669289e-05,1.0,6.390034104697406e-05,7472.757575,6768778765,1.0,0.08519983291625977,-0.0007896738825365901,-0.049239177256822586,-1.5617725849151611,-2.7755517959594727,1.7027496099472046,-0.6097669005393982,-0.3638642728328705,-0.3588564097881317,0.6058128476142883
1766052451.6495368,0,+X,10,0.4499318301677704,3.747898881556466e-05,0.3001335561275482,3.6350760638015345e-05,5.322383367456496e-05,1.0,6.785562436562032e-05,7472.807526,6768828716,1.0,0.08518384397029877,-0.0008004799601621926,-0.0492539145052433,-1.5617623329162598,-2.777013063430786,1.7041932344436646,-0.6097695827484131,-0.3638695776462555,-0.3588618040084839,0.6058037281036377
1766052451.6996748,0,+X,10,0.4499313533306122,3.424102396820672e-05,0.30013614892959595,4.888605326414108e-05,5.1447394071146846e-05,1.0,6.415043026208878e-05,7472.857532999999,6768878722,1.0,0.085205078125,-0.0007926922990009189,-0.049249064177274704,-1.5618754625320435,-2.7746453285217285,1.7018173933029175,-0.6097375750541687,-0.36384543776512146,-0.3588910698890686,0.605833113193512
1766052451.749799,0,+X,10,0.4499264359474182,3.103964263573289e-05,0.30013135075569153,5.0518487114459276e-05,5.215700366534293e-05,1.0,7.272305083461106e-05,7472.907526999999,6768928716,1.0,0.085264191031456,-0.0008319818298332393,-0.04924014210700989,-1.561885952949524,-2.77927565574646,1.7064027786254883,-0.6097385883331299,-0.36384716629981995,-0.35891664028167725,0.6058159470558167
1766052451.7999303,0,+X,10,0.44992512464523315,2.8152830054750666e-05,0.30012911558151245,5.630870509776287e-05,5.183973553357646e-05,1.0,7.669821206945926e-05,7472.957531999999,6768978720,1.0,0.08531289547681808,-0.0008252881234511733,-0.04924142733216286,-1.561874508857727,-2.7777621746063232,1.7048524618148804,-0.6097306609153748,-0.3638645112514496,-0.3589216470718384,0.6058105230331421
1766052451.850095,0,+X,10,0.44992026686668396,2.4610422769910656e-05,0.30012956261634827,5.119524212204851e-05,5.073235297459178e-05,1.0,7.669141632504761e-05,7473.007530999999,6769028719,1.0,0.08531193435192108,-0.0008174858521670103,-0.04922846332192421,-1.5618637800216675,-2.7816333770751953,1.7087411880493164,-0.6097457408905029,-0.36385446786880493,-0.35892096161842346,0.6058017611503601
1766052451.9003685,0,+X,10,0.44992125034332275,2.385218431300018e-05,0.30013221502304077,5.7135977840516716e-05,5.1999992138007656e-05,1.0,7.900887430878356e-05,7473.059526999999,6769080715,1.0,0.08527886122465134,-0.0008058166713453829,-0.04920339956879616,-1.5619018077850342,-2.78110671043396,1.7082206010818481,-0.6097372174263,-0.36384323239326477,-0.3589286506175995,0.6058125495910645
1766052451.9505322,0,+X,10,0.4499187767505646,2.147641498595476e-05,0.3001311719417572,5.859565862920135e-05,4.960430305800401e-05,1.0,7.662532152608037e-05,7473.109527,6769130716,1.0,0.0852946862578392,-0.0007742560119368136,-0.04921445623040199,-1.561920404434204,-2.7826051712036133,1.7097089290618896,-0.6097349524497986,-0.36383822560310364,-0.3589397668838501,0.6058112382888794
1766052452.0006762,0,+X,10,0.4499170780181885,2.5757699404493906e-05,0.3001297414302826,5.929369945079088e-05,4.956819975632243e-05,1.0,7.98789769760333e-05,7473.1595259999995,6769180715,1.0,0.08530956506729126,-0.000770833867136389,-0.0491829589009285,-1.5618892908096313,-2.781205654144287,1.7082768678665161,-0.609732449054718,-0.36385947465896606,-0.3589383065700531,0.6058018803596497
1766052452.0508149,0,+X,10,0.44991952180862427,2.522181603126228e-05,0.3001278042793274,6.125238724052906e-05,5.165598849998787e-05,1.0,7.753374666208401e-05,7473.209524999999,6769230714,1.0,0.08537394553422928,-0.0008402948151342571,-0.04917960241436958,-1.561880111694336,-2.78202486038208,1.709062933921814,-0.6097304224967957,-0.3638705015182495,-0.35894739627838135,0.6057918667793274
1766052452.1009555,0,+X,10,0.44991809129714966,2.1405518054962158e-05,0.30012744665145874,5.7841738453134894e-05,4.559057197184302e-05,1.0,7.578014628961682e-05,7473.2595249999995,6769280714,1.0,0.0854087695479393,-0.0008826395496726036,-0.04919504001736641,-1.5619360208511353,-2.78462815284729,1.7116329669952393,-0.6097184419631958,-0.36386018991470337,-0.3589780926704407,0.6057919859886169
1766052452.1510994,0,+X,10,0.4499194622039795,2.053878597507719e-05,0.30013158917427063,6.112139817560092e-05,4.875500235357322e-05,1.0,8.072416676441208e-05,7473.309526,6769330716,1.0,0.08538445085287094,-0.0008572548977099359,-0.04922076687216759,-1.5620017051696777,-2.7831456661224365,1.710161566734314,-0.6097024083137512,-0.36384159326553345,-0.358989953994751,0.6058122515678406
1766052452.2012434,0,+X,10,0.44991737604141235,1.833671012718696e-05,0.3001318573951721,6.090953684179112e-05,4.810588143300265e-05,1.0,8.318728941958398e-05,7473.359525,6769380715,1.0,0.0853288397192955,-0.0008273903513327241,-0.04924190416932106,-1.5619813203811646,-2.7852206230163574,1.7122471332550049,-0.6097139120101929,-0.3638399541378021,-0.35898515582084656,0.6058045029640198
1766052452.251379,0,+X,10,0.44991427659988403,2.0524021238088608e-05,0.3001318871974945,6.32919545751065e-05,5.1262974011478946e-05,1.0,7.671088678762317e-05,7473.40953,6769430720,1.0,0.08529113233089447,-0.0008078726241365075,-0.049238499253988266,-1.5619994401931763,-2.7842724323272705,1.7112791538238525,-0.6097040176391602,-0.3638428747653961,-0.3589943051338196,0.6058073043823242
1766052452.3016262,0,+X,10,0.44991442561149597,2.007876173593104e-05,0.3001287579536438,6.549613317474723e-05,4.885399539489299e-05,1.0,7.890012057032436e-05,7473.459529,6769480719,1.0,0.08529958873987198,-0.0008081196574494243,-0.049247246235609055,-1.5619757175445557,-2.786088228225708,1.7130893468856812,-0.6097126007080078,-0.363847553730011,-0.3589930236339569,0.6057965755462646
1766052452.351843,0,+X,10,0.4499157965183258,1.7353657312924042e-05,0.30012577772140503,6.39804857200943e-05,4.2639778257580474e-05,1.0,8.590480138082057e-05,7473.509529999999,6769530719,1.0,0.08533158153295517,-0.0007742824382148683,-0.0492401197552681,-1.5619409084320068,-2.7822961807250977,1.7092792987823486,-0.609707772731781,-0.36386996507644653,-0.3589813709259033,0.6057949066162109
1766052452.7543683,0,-X,1,0.4312913417816162,0.0008324720547534525,0.30001071095466614,-0.001436123508028686,7.081616786308587e-05,0.9999987483024597,-0.0006802559946663678,7473.913525999999,6769934723,1.0,0.06207825243473053,0.0031386699993163347,-0.0388147197663784,-1.560713291168213,-2.4173154830932617,1.3455986976623535,-0.6090741157531738,-0.3644237518310547,-0.3576352894306183,0.6068946123123169
1766052453.1562464,0,-X,2,0.41136112809181213,0.000933794304728508,0.3000580966472626,-0.0014280729228630662,8.961495768744498e-05,0.9999986886978149,-0.0007789899245835841,7474.3155289999995,6770336711,1.0,0.045620549470186234,0.0030380457174032927,-0.028877587988972664,-1.559699296951294,-2.278444528579712,1.2067265510559082,-0.6086532473564148,-0.36489447951316833,-0.3571632504463196,0.6073118448257446
1766052453.5580318,0,-X,3,0.39144471287727356,0.0010149602312594652,0.2999941408634186,-0.0014627031050622463,6.522135663544759e-05,0.9999985694885254,-0.0008152134832926095,7474.7155299999995,6770736718,1.0,0.02964720129966736,0.002147048944607377,-0.01906060427427292,-1.5602227449417114,-2.29636549949646,1.2245826721191406,-0.608676552772522,-0.36472034454345703,-0.357377827167511,0.6072668433189392
1766052453.959465,0,-X,4,0.37153729796409607,0.0010748900240287185,0.3000219166278839,-0.00152877951040864,7.643343269592151e-05,0.9999984502792358,-0.0008824488031677902,7475.117525,6771138724,1.0,0.014912962913513184,0.0015184838557615876,-0.009059326723217964,-1.561492919921875,-2.454744577407837,1.3832358121871948,-0.6091453433036804,-0.36405882239341736,-0.3578750789165497,0.6069007515907288
1766052454.4112203,0,-X,5,0.3505488634109497,0.000425346486736089,0.3001112937927246,-0.0005642810137942433,7.99034969531931e-05,0.9999998211860657,-0.0003004687314387411,7475.569525,6771590733,1.0,-0.005562419071793556,0.0015859425766393542,0.0010697315447032452,-1.558839201927185,-2.172919511795044,1.1010457277297974,-0.6082324981689453,-0.36529356241226196,-0.3568571209907532,0.6076732873916626
1766052454.8628485,0,-X,6,0.3305705487728119,0.000512409838847816,0.300152450799942,-0.0005661557661369443,5.366601544665173e-05,0.9999997615814209,-0.0003317036316730082,7476.021527,6772042725,1.0,-0.022541379556059837,0.001881900941953063,0.010470540262758732,-1.5594472885131836,-2.217301607131958,1.145323634147644,-0.6083776950836182,-0.3650956153869629,-0.35711967945098877,0.6074926257133484
1766052455.3147728,0,-X,7,0.310537725687027,0.0004727008636109531,0.3002608120441437,-0.0006382180145010352,2.7963022148469463e-05,0.9999997615814209,-0.0003220079524908215,7476.473532,6772494747,1.0,-0.045033253729343414,0.003814579686149955,0.022094620391726494,-1.5544811487197876,-1.8480616807937622,0.7764804363250732,-0.6065216660499573,-0.36655741930007935,-0.3554043173789978,0.6094710230827332
1766052455.7662327,0,-X,8,0.290569543838501,0.0005967606557533145,0.30024388432502747,-0.0006010842625983059,2.6780899133882485e-05,0.9999997615814209,-0.0003568686079233885,7476.925526,6772946745,1.0,-0.06264390796422958,0.0032269565854221582,0.032269589602947235,-1.5526164770126343,-1.7654600143432617,0.6940932273864746,-0.6058804988861084,-0.3669700622558594,-0.3548554480075836,0.6101797819137573
1766052456.217619,0,-X,9,0.2705630362033844,0.0005871783941984177,0.3004089891910553,-0.0005998849519528449,3.8024780224077404e-05,0.9999997615814209,-0.0003518445009831339,7477.375529999999,6773396762,1.0,-0.08042038232088089,0.003741353750228882,0.04202055186033249,-1.5514450073242188,-1.6879616975784302,0.6169894337654114,-0.6053187251091003,-0.36704251170158386,-0.3545391261577606,0.6108772158622742
1766052456.6187308,0,-X,10,0.25142398476600647,0.0014381143264472485,0.3004833459854126,-0.0016631066100671887,0.00017877294158097357,0.9999978542327881,-0.0012056620325893164,7477.777526,6773798752,1.0,-0.09560215473175049,0.003333636559545994,0.051223061978816986,-1.5535528659820557,-1.6410459280014038,0.5707878470420837,-0.6054995656013489,-0.3660265803337097,-0.3551276922225952,0.6109657883644104
1766052456.6689699,0,-X,10,0.2505044937133789,0.0006862411973997951,0.3004300594329834,-0.0005773797747679055,9.940757445292547e-05,0.9999997019767761,-0.0005222246400080621,7477.8275269999995,6773848759,1.0,-0.09655383974313736,0.003334060776978731,0.050538159906864166,-1.5508229732513428,-1.659352421760559,0.5892056226730347,-0.6051956415176392,-0.36690792441368103,-0.3541695773601532,0.6112943291664124
1766052456.7191224,0,-X,10,0.2499692142009735,0.0002561585861258209,0.30029773712158203,-0.00010314031533198431,1.5521576642640866e-05,1.0,-0.0001381526526529342,7477.87753,6773898763,1.0,-0.09561947733163834,0.002864351263269782,0.050027959048748016,-1.55027437210083,-1.6887822151184082,0.6183881163597107,-0.6052587032318115,-0.3672460615634918,-0.35397982597351074,0.6111387014389038
1766052456.7692587,0,-X,10,0.2497987151145935,8.274121501017362e-05,0.30025622248649597,0.0001798135053832084,7.717914559179917e-05,1.0,2.4079630748019554e-05,7477.927530999999,6773948763,1.0,-0.09381970018148422,0.002440654905512929,0.049850720912218094,-1.5509196519851685,-1.714941143989563,0.6445621848106384,-0.6055248975753784,-0.3671063482761383,-0.3541126549243927,0.6108819246292114
1766052456.819404,0,-X,10,0.24974551796913147,6.0149210185045376e-05,0.3002495765686035,0.00020238742581568658,7.286085019586608e-05,1.0,5.2967588999308646e-05,7477.9775309999995,6773998764,1.0,-0.09204580634832382,0.0021200706250965595,0.049948420375585556,-1.5517640113830566,-1.731286883354187,0.6608944535255432,-0.6057407259941101,-0.3668770492076874,-0.354353129863739,0.6106662154197693
1766052456.8695729,0,-X,10,0.24978086352348328,0.00010947133705485612,0.30024269223213196,0.0001718983257887885,9.123458585236222e-05,1.0,2.03070740099065e-05,7478.027529999999,6774048767,1.0,-0.09079878032207489,0.001775485696271062,0.050175607204437256,-1.5531724691390991,-1.7488528490066528,0.6783762574195862,-0.6060137152671814,-0.36648058891296387,-0.3548053503036499,0.6103708148002625
1766052456.9197254,0,-X,10,0.24986523389816284,0.00015323849220294505,0.30024072527885437,0.00010408378147985786,8.769783016759902e-05,1.0,-8.897562111087609e-06,7478.077525,6774098763,1.0,-0.09004363417625427,0.00155551522038877,0.05035998299717903,-1.5539562702178955,-1.7590916156768799,0.6884577870368958,-0.6061410307884216,-0.3662909269332886,-0.35509318113327026,0.6101908087730408
1766052456.9698515,0,-X,10,0.2499341517686844,0.00019170947780366987,0.30023664236068726,2.0491470422712155e-05,9.027239866554737e-05,1.0,-4.3282052502036095e-05,7478.127525999999,6774148763,1.0,-0.08995311707258224,0.0014682769542559981,0.0504736490547657,-1.5548208951950073,-1.7710652351379395,0.7003201842308044,-0.6062905788421631,-0.3660610616207123,-0.3553932011127472,0.6100054979324341
1766052457.0199795,0,-X,10,0.24998946487903595,0.00023068743757903576,0.3002367615699768,-2.4962429961306043e-05,8.576448453823105e-05,1.0,-7.433086284436285e-05,7478.177525,6774198763,1.0,-0.09021665900945663,0.0015644162194803357,0.050444573163986206,-1.5551470518112183,-1.7745280265808105,0.7037423849105835,-0.6063399314880371,-0.3659712076187134,-0.3555086553096771,0.6099430322647095
1766052457.0701027,0,-X,10,0.25002411007881165,0.00025227866717614233,0.3002372980117798,-5.0518450734671205e-05,8.297352906083688e-05,1.0,-0.00010380706225987524,7478.227526,6774248766,1.0,-0.09051569551229477,0.0016002119518816471,0.05036933720111847,-1.555484414100647,-1.775473952293396,0.7046719193458557,-0.6063814163208008,-0.3658655285835266,-0.3556252419948578,0.609897255897522
1766052457.1203208,0,-X,10,0.2500377297401428,0.00027888399199582636,0.3002379834651947,-7.127354911062866e-05,8.271580009022728e-05,1.0,-0.00011272956180619076,7478.279525999999,6774300765,1.0,-0.09090182185173035,0.001599336159415543,0.05029746890068054,-1.5556352138519287,-1.7784547805786133,0.7076979875564575,-0.606422483921051,-0.3658067584037781,-0.35565686225891113,0.6098732352256775
1766052457.1705303,0,-X,10,0.2500503957271576,0.0002890152973122895,0.30024704337120056,-8.083989087026566e-05,8.102789433905855e-05,1.0,-0.0001188274472951889,7478.329529,6774350769,1.0,-0.09101121127605438,0.0016659165266901255,0.050230395048856735,-1.555741310119629,-1.7776466608047485,0.7069118618965149,-0.6064347624778748,-0.3657633662223816,-0.3556872308254242,0.6098693609237671
1766052457.2207403,0,-X,10,0.2500532865524292,0.00029480797820724547,0.3002449870109558,-8.44042660901323e-05,8.55786056490615e-05,1.0,-0.00012956498540006578,7478.379529999999,6774400769,1.0,-0.09106352925300598,0.0017295746365562081,0.05014767125248909,-1.5557993650436401,-1.7753416299819946,0.704681396484375,-0.6064435839653015,-0.36571747064590454,-0.3556879758834839,0.6098877191543579
1766052457.270942,0,-X,10,0.25005847215652466,0.00030266965040937066,0.30024468898773193,-8.424962288700044e-05,8.512889326084405e-05,1.0,-0.00013349925575312227,7478.429528,6774450771,1.0,-0.09113307297229767,0.0017306742956861854,0.05013269931077957,-1.5558240413665771,-1.773729920387268,0.7031238079071045,-0.6064482927322388,-0.3656900227069855,-0.35568252205848694,0.6099026203155518
1766052457.3211372,0,-X,10,0.25006043910980225,0.0003024267207365483,0.3002471923828125,-9.815778321353719e-05,8.471289766021073e-05,1.0,-0.00013534897880163044,7478.479528,6774500771,1.0,-0.09121646732091904,0.001748006558045745,0.050096090883016586,-1.555842399597168,-1.7785474061965942,0.7080126404762268,-0.6064875721931458,-0.3656705319881439,-0.35565871000289917,0.6098891496658325
1766052457.371319,0,-X,10,0.25006580352783203,0.0003050947852898389,0.300248920917511,-0.00010206073784502223,8.85689805727452e-05,1.0,-0.00012869448983110487,7478.529525999999,6774550768,1.0,-0.09133487939834595,0.0017453018808737397,0.0501781702041626,-1.555762529373169,-1.7831841707229614,0.7126678228378296,-0.6065050363540649,-0.3656994700431824,-0.35561835765838623,0.6098779439926147
1766052457.4216113,0,-X,10,0.25006794929504395,0.00030650245025753975,0.30025047063827515,-0.0001049170023179613,8.34400489111431e-05,1.0,-0.0001312887907261029,7478.57949,6774600733,1.0,-0.0915340706706047,0.0017110384069383144,0.05031697079539299,-1.55574369430542,-1.7809967994689941,0.7104654908180237,-0.6064891219139099,-0.3657066226005554,-0.35562029480934143,0.6098883748054504
1766052457.4718359,0,-X,10,0.2500683069229126,0.0003125357034150511,0.3002548813819885,-0.00010618467058520764,7.850605470594019e-05,1.0,-0.00013682377175427973,7478.629524999999,6774650772,1.0,-0.09174267202615738,0.0017310372786596417,0.050352033227682114,-1.555775761604309,-1.7844069004058838,0.713894248008728,-0.6065133810043335,-0.365695983171463,-0.3556196093559265,0.6098710298538208
1766052457.52204,0,-X,10,0.25007113814353943,0.00031778099946677685,0.30025580525398254,-0.00011121914576506242,7.688126061111689e-05,1.0,-0.00014041522808838636,7478.679523999999,6774700771,1.0,-0.09180259704589844,0.0016730517381802201,0.050385575741529465,-1.5558066368103027,-1.7847493886947632,0.7142263650894165,-0.6065167188644409,-0.36568939685821533,-0.35563263297080994,0.6098640561103821
1766052457.5722444,0,-X,10,0.2500747740268707,0.0003187266702298075,0.3002561926841736,-0.00011269737296970561,7.372725667664781e-05,1.0,-0.0001468988775741309,7478.731529,6774752777,1.0,-0.09180125594139099,0.001803767867386341,0.05031571909785271,-1.5558521747589111,-1.7828978300094604,0.7123104333877563,-0.6065008640289307,-0.36569058895111084,-0.35567066073417664,0.609856903553009
1766052457.6224627,0,-X,10,0.2500792145729065,0.00032326244399882853,0.3002561628818512,-0.00011285978689556941,7.951915904413909e-05,1.0,-0.0001427771640010178,7478.781567,6774802815,1.0,-0.09169213473796844,0.001918126130476594,0.050246525555849075,-1.5558936595916748,-1.7819286584854126,0.7113643884658813,-0.6065049767494202,-0.3656681180000305,-0.3556792140007019,0.6098613142967224
1766052457.6727176,0,-X,10,0.25007790327072144,0.0003195655008312315,0.3002602458000183,-0.00011708754027495161,8.035726204980165e-05,1.0,-0.00013870740076527,7478.831526,6774852778,1.0,-0.0916229784488678,0.001875954563729465,0.050252918154001236,-1.5559234619140625,-1.7849873304367065,0.7144595384597778,-0.6065303683280945,-0.3656521737575531,-0.35567301511764526,0.6098492741584778
1766052457.722904,0,-X,10,0.2500776946544647,0.00031433836556971073,0.30026188492774963,-0.00011468184675322846,7.472834113286808e-05,1.0,-0.0001296973932767287,7478.881528,6774902780,1.0,-0.09158638119697571,0.001797312987037003,0.05026205629110336,-1.5559486150741577,-1.7809103727340698,0.7103260159492493,-0.6065025925636292,-0.3656541705131531,-0.35570552945137024,0.6098567247390747
1766052457.7730677,0,-X,10,0.25007516145706177,0.0003107184893451631,0.3002565801143646,-0.00011325612285872921,6.755666981916875e-05,1.0,-0.00012904185859952122,7478.9315289999995,6774952780,1.0,-0.09157435595989227,0.0017045208951458335,0.050330325961112976,-1.5559577941894531,-1.7792028188705444,0.7086019515991211,-0.6064921617507935,-0.36565321683883667,-0.3557165265083313,0.6098612546920776
1766052457.8232458,0,-X,10,0.25007060170173645,0.0003055733977816999,0.30025869607925415,-0.00010408701200503856,6.705378473270684e-05,1.0,-0.00012551533291116357,7478.9815849999995,6775002837,1.0,-0.09149549156427383,0.0016626182477921247,0.050385069102048874,-1.5559501647949219,-1.7823858261108398,0.7117570638656616,-0.6065019965171814,-0.3656695783138275,-0.35571709275245667,0.6098413467407227
1766052457.8734534,0,-X,10,0.25006112456321716,0.00029408407863229513,0.3002602458000183,-9.727747965371236e-05,7.410893158521503e-05,1.0,-0.00011673309199977666,7479.031526,6775052773,1.0,-0.09146089106798172,0.0017641643062233925,0.050355855375528336,-1.5559109449386597,-1.7852157354354858,0.7146010994911194,-0.6065142154693604,-0.36568310856819153,-0.35569489002227783,0.6098340153694153
1766052457.9236598,0,-X,10,0.2500494718551636,0.0002853470214176923,0.30026310682296753,-8.91085437615402e-05,7.169260061345994e-05,1.0,-0.00011114623339381069,7479.081525,6775102772,1.0,-0.09145122766494751,0.0018916097469627857,0.0503251887857914,-1.5559179782867432,-1.7818655967712402,0.7112419009208679,-0.6064966320991516,-0.36567792296409607,-0.3557056188583374,0.6098483800888062
1766052457.9738786,0,-X,10,0.25004175305366516,0.0002859978994820267,0.30026325583457947,-8.18231055745855e-05,7.099915819708258e-05,1.0,-9.829226473812014e-05,7479.131525999999,6775152772,1.0,-0.09152539819478989,0.0019684445578604937,0.050294771790504456,-1.555910587310791,-1.784448266029358,0.7137855887413025,-0.6065015196800232,-0.365696519613266,-0.3557106852531433,0.6098293662071228
1766052458.0241158,0,-X,10,0.2500402331352234,0.0002798874629661441,0.3002600073814392,-7.55521105020307e-05,6.86993298586458e-05,1.0,-9.447654156247154e-05,7479.1814939999995,6775202740,1.0,-0.09167757630348206,0.001940449234098196,0.05028347671031952,-1.5558733940124512,-1.7901934385299683,0.719481885433197,-0.6065171360969543,-0.36573326587677,-0.35570356249809265,0.6097959280014038
1766052458.0743682,0,-X,10,0.2500349283218384,0.0002746378304436803,0.30025696754455566,-7.352856482611969e-05,6.937933358130977e-05,1.0,-9.460160799790174e-05,7479.233526,6775254775,1.0,-0.09178189933300018,0.00196624593809247,0.05017612874507904,-1.555902361869812,-1.7900906801223755,0.7193863987922668,-0.6065211892127991,-0.365721195936203,-0.35571128129959106,0.6097946763038635
1766052458.1246002,0,-X,10,0.25003254413604736,0.0002740479540079832,0.3002549707889557,-6.910948286531493e-05,6.993852730374783e-05,1.0,-9.492242679698393e-05,7479.283568,6775304817,1.0,-0.09182249754667282,0.0019711635541170835,0.05018001049757004,-1.5559699535369873,-1.7873908281326294,0.7166776657104492,-0.6065137386322021,-0.3656967878341675,-0.3557412028312683,0.6097992658615112
1766052458.1748137,0,-X,10,0.250029593706131,0.0002763798111118376,0.3002546727657318,-6.41802471363917e-05,6.672985182376578e-05,1.0,-9.579053585184738e-05,7479.3335289999995,6775354778,1.0,-0.09182507544755936,0.0018713054014369845,0.050229571759700775,-1.5559895038604736,-1.786834955215454,0.7161118984222412,-0.6065113544464111,-0.3656923770904541,-0.35575175285339355,0.6097981333732605
1766052458.2250373,0,-X,10,0.2500283122062683,0.0002781619259621948,0.30025309324264526,-5.8631569118006155e-05,6.412459333660081e-05,1.0,-9.32590919546783e-05,7479.383548,6775404797,1.0,-0.09181207418441772,0.0018297992646694183,0.05031744763255119,-1.5559927225112915,-1.7808082103729248,0.7100877165794373,-0.6064822673797607,-0.3656805753707886,-0.3557620644569397,0.6098281145095825
1766052458.2752895,0,-X,10,0.25002673268318176,0.00027738077915273607,0.30025023221969604,-5.6154523917939514e-05,6.85194245306775e-05,1.0,-8.840687951305881e-05,7479.433526,6775454780,1.0,-0.09176917374134064,0.0018438558327034116,0.05041855573654175,-1.555993914604187,-1.7829853296279907,0.712280809879303,-0.6064961552619934,-0.36567893624305725,-0.35575392842292786,0.6098200678825378
1766052458.3255107,0,-X,10,0.2500220239162445,0.000271754281129688,0.30024877190589905,-5.587720443145372e-05,6.667652633041143e-05,1.0,-8.692428673384711e-05,7479.483566,6775504820,1.0,-0.09172052890062332,0.0019216794753447175,0.0505090169608593,-1.5560084581375122,-1.7861816883087158,0.7154618501663208,-0.6065108180046082,-0.36568403244018555,-0.3557582199573517,0.609799861907959
1766052458.3757281,0,-X,10,0.2500182092189789,0.00027028241311199963,0.30025121569633484,-5.117590262671001e-05,6.577693420695141e-05,1.0,-8.376920595765114e-05,7479.533525999999,6775554779,1.0,-0.09170657396316528,0.0019364942563697696,0.05054548755288124,-1.5560357570648193,-1.7840564250946045,0.7133440375328064,-0.6065047979354858,-0.3656691312789917,-0.355768620967865,0.6098087430000305
1766052458.425944,0,-X,10,0.2500137388706207,0.0002642559411469847,0.30025264620780945,-4.7375051508424804e-05,6.606246461160481e-05,1.0,-7.857703167246655e-05,7479.583570999999,6775604824,1.0,-0.0917511060833931,0.0019390410743653774,0.050521496683359146,-1.556040644645691,-1.7850309610366821,0.7143261432647705,-0.6065115332603455,-0.36566680669784546,-0.3557663857936859,0.6098047494888306
1766052458.4761758,0,-X,10,0.2500110864639282,0.00026010721921920776,0.30025166273117065,-4.3812786316266283e-05,6.800250412197784e-05,1.0,-7.370106322923675e-05,7479.635525,6775656782,1.0,-0.0917540043592453,0.001816519652493298,0.05055740475654602,-1.5560846328735352,-1.7852799892425537,0.7145613431930542,-0.6065152883529663,-0.36565670371055603,-0.3557850122451782,0.6097962260246277
1766052458.5264091,0,-X,10,0.25000670552253723,0.00025672634365037084,0.3002515435218811,-4.174681816948578e-05,6.549603858729824e-05,1.0,-6.88259387970902e-05,7479.685527,6775706784,1.0,-0.0917576476931572,0.0017730856779962778,0.050556451082229614,-1.5561163425445557,-1.784824252128601,0.7140756845474243,-0.606511116027832,-0.36565446853637695,-0.35580554604530334,0.6097896695137024
1766052458.576601,0,-X,10,0.2500034272670746,0.0002549193159211427,0.3002528250217438,-3.89557535527274e-05,6.433745875256136e-05,1.0,-7.197361264843494e-05,7479.7355259999995,6775756782,1.0,-0.0917300209403038,0.0017981048440560699,0.0505811907351017,-1.5561225414276123,-1.7881550788879395,0.7173791527748108,-0.6065232753753662,-0.36566609144210815,-0.3558105528354645,0.609767735004425
1766052458.6267953,0,-X,10,0.2500002086162567,0.00025680597173050046,0.300254762172699,-3.5929719160776585e-05,6.098145240684971e-05,1.0,-7.114771869964898e-05,7479.785523,6775806780,1.0,-0.09172157943248749,0.0018777120858430862,0.05051887035369873,-1.5561004877090454,-1.7892060279846191,0.7184476852416992,-0.606529176235199,-0.3656698167324066,-0.35579603910446167,0.6097680926322937
1766052458.9789097,0,+Y,1,0.25847646594047546,0.009305561892688274,0.3000447452068329,0.001600628369487822,2.6859761419473216e-06,0.9999983310699463,0.0008771842694841325,7480.1375259999995,6776158789,1.0,-0.07529628276824951,-9.418071567779407e-05,0.05405228212475777,-1.5571330785751343,-1.812756061553955,0.7413046956062317,-0.6066270470619202,-0.3655686676502228,-0.3563212752342224,0.6094245910644531
1766052459.3302,0,+Y,2,0.2685672342777252,0.019313516095280647,0.30008500814437866,0.0015245758695527911,2.9979546525282785e-05,0.9999985098838806,0.0008364868117496371,7480.489525,6776510796,1.0,-0.06372172385454178,0.00033108232310041785,0.058269865810871124,-1.557694435119629,-1.7496976852416992,0.677724301815033,-0.6063135862350464,-0.3654443323612213,-0.35676437616348267,0.6095518469810486
1766052459.6811368,0,+Y,3,0.2785334885120392,0.0292960237711668,0.3000898063182831,0.001577985007315874,7.16784707037732e-05,0.9999983906745911,0.000874186574947089,7480.839523,6776860806,1.0,-0.049536969512701035,-6.647706322837621e-05,0.061583444476127625,-1.559138536453247,-1.7998285293579102,0.7283698320388794,-0.6067839860916138,-0.36487877368927,-0.35702019929885864,0.6092727184295654
1766052460.032216,0,+Y,4,0.28846463561058044,0.039133548736572266,0.30020758509635925,0.00156854756642133,4.0910246752901e-05,0.9999983310699463,0.0009182809735648334,7481.191526,6777212816,1.0,-0.036814622581005096,0.00011935299698961899,0.0652155876159668,-1.5596429109573364,-1.828122854232788,0.7568419575691223,-0.6069779396057129,-0.3646875023841858,-0.3571043908596039,0.6091446876525879
1766052460.383342,0,+Y,5,0.2984573245048523,0.04903235286474228,0.30026039481163025,0.001663979608565569,-1.016506394080352e-05,0.9999980926513672,0.0010339295258745551,7481.541609,6777562891,1.0,-0.02332165278494358,3.8459889765363187e-05,0.06906896829605103,-1.5594512224197388,-1.824806571006775,0.7530503869056702,-0.6068595051765442,-0.3648930490016937,-0.3571874499320984,0.6090908646583557
1766052460.784456,0,+Y,6,0.3093405067920685,0.059555429965257645,0.3003014624118805,0.0006133606075309217,9.79289961833274e-06,0.9999997019767761,0.0004679885460063815,7481.943687,6777964975,1.0,-0.0069485935382544994,-0.0006153683643788099,0.07271571457386017,-1.5639160871505737,-1.965800404548645,0.8940773010253906,-0.6076458692550659,-0.3634423017501831,-0.3586253821849823,0.6083288788795471
1766052461.1856322,0,+Y,7,0.31920579075813293,0.06949993222951889,0.3002875745296478,0.0007373036933131516,-2.235949068563059e-05,0.9999995827674866,0.0005554886301979423,7482.34361,6778364907,1.0,0.006335665471851826,-0.0009080666932277381,0.07595168054103851,-1.5646531581878662,-2.10823655128479,1.0361483097076416,-0.6079251766204834,-0.36331722140312195,-0.35897335410118103,0.6079191565513611
1766052461.5867848,0,+Y,8,0.32913675904273987,0.07943005114793777,0.3003728985786438,0.0007646966842003167,3.488372021820396e-05,0.9999995231628418,0.0006034240359440446,7482.745613,6778766909,1.0,0.019740063697099686,-0.000984018319286406,0.07975756376981735,-1.5645413398742676,-2.109544277191162,1.0376574993133545,-0.6079646348953247,-0.36329546570777893,-0.35887253284454346,0.6079522371292114
1766052461.987943,0,+Y,9,0.3390885889530182,0.08936910331249237,0.3004778325557709,0.0008064624853432178,2.7297572160023265e-05,0.999999463558197,0.0006494795088656247,7483.145611999999,6779166917,1.0,0.03319110348820686,-0.0016170035814866424,0.08267143368721008,-1.5646945238113403,-2.1313717365264893,1.0599241256713867,-0.6080914735794067,-0.36310723423957825,-0.3587939441204071,0.6079842448234558
1766052462.3891845,0,+Y,10,0.3490219712257385,0.09929351508617401,0.30043935775756836,0.0009487178758718073,7.017851021373644e-05,0.9999993443489075,0.0006805133889429271,7483.547538999999,6779568841,1.0,0.04703933000564575,-0.0013635024661198258,0.08599238842725754,-1.5651696920394897,-2.1587135791778564,1.0872164964675903,-0.60813307762146,-0.36295250058174133,-0.3589792847633362,0.6079255938529968
1766052462.4393888,0,+Y,10,0.34968432784080505,0.09980020672082901,0.3002358078956604,0.0003431558725424111,4.254579471307807e-05,0.9999998807907104,0.00029983813874423504,7483.597538,6779618841,1.0,0.04717513918876648,-0.001142352120950818,0.08630897849798203,-1.5661565065383911,-2.261444091796875,1.1897692680358887,-0.6082509756088257,-0.3626411259174347,-0.35939955711364746,0.6077451109886169
1766052462.4896033,0,+Y,10,0.35001808404922485,0.10009311139583588,0.3001646101474762,1.5966408682288602e-05,5.487057569553144e-05,1.0,3.629164712037891e-05,7483.647537999999,6779668844,1.0,0.04633157327771187,-0.00033662316855043173,0.08656308054924011,-1.5662965774536133,-2.2211649417877197,1.1494834423065186,-0.6081787347793579,-0.36260294914245605,-0.35944196581840515,0.607815146446228
1766052462.5397635,0,+Y,10,0.35013845562934875,0.10022522509098053,0.300157368183136,-0.00013245655281934887,5.4013129556551576e-05,1.0,-4.648426329367794e-05,7483.697537999999,6779718844,1.0,0.045225590467453,0.0006780137191526592,0.08677000552415848,-1.5659770965576172,-2.1716935634613037,1.0999395847320557,-0.608094334602356,-0.36274459958076477,-0.3593440651893616,0.6078729033470154
1766052462.5898974,0,+Y,10,0.3501538634300232,0.10022813081741333,0.30017396807670593,-0.00013877333549316972,5.9077367041027173e-05,1.0,-7.597757939947769e-05,7483.747538,6779768845,1.0,0.04423251375555992,0.0013103182427585125,0.08679307997226715,-1.565197467803955,-2.068915367126465,0.9971316456794739,-0.6079028844833374,-0.3630311191082001,-0.3590749204158783,0.6080523729324341
1766052462.6400301,0,+Y,10,0.350127249956131,0.10019128024578094,0.30017605423927307,-0.00010757652489701286,5.301507917465642e-05,1.0,-4.328847353463061e-05,7483.79761,6779818917,1.0,0.043695807456970215,0.0016859720926731825,0.08673985302448273,-1.5646454095840454,-2.0134246349334717,0.9416326284408569,-0.6077731251716614,-0.3632204830646515,-0.35888999700546265,0.6081781983375549
1766052462.6901603,0,+Y,10,0.35006430745124817,0.10017955303192139,0.3001769483089447,-5.9964055253658444e-05,4.680181518779136e-05,1.0,-3.180521889589727e-05,7483.847610999999,6779868923,1.0,0.043517619371414185,0.0017834260361269116,0.0867336243391037,-1.5640106201171875,-1.9569625854492188,0.8851625323295593,-0.6076156497001648,-0.36342960596084595,-0.35868507623672485,0.6083314418792725
1766052462.7402916,0,+Y,10,0.3500286638736725,0.10016541182994843,0.30018138885498047,-7.5369339356257115e-06,5.344143937691115e-05,1.0,-2.1128958906047046e-05,7483.899616,6779920929,1.0,0.04356667399406433,0.0016345977783203125,0.0867278203368187,-1.5636587142944336,-1.9293862581253052,0.8575674295425415,-0.6075246930122375,-0.36354678869247437,-0.3585788607597351,0.6084149479866028
1766052462.7904289,0,+Y,10,0.3500036597251892,0.10014429688453674,0.3001835346221924,2.551745865275734e-06,5.0280181312700734e-05,1.0,-1.4647840544057544e-05,7483.949607,6779970920,1.0,0.04378239065408707,0.0013861637562513351,0.08670420944690704,-1.5633907318115234,-1.9162594079971313,0.8443586230278015,-0.6074589490890503,-0.36365845799446106,-0.3585166335105896,0.6084504127502441
1766052462.8405879,0,+Y,10,0.3499981164932251,0.10012372583150864,0.3001907169818878,1.018671719066333e-05,4.40996591350995e-05,1.0,4.464580342755653e-06,7483.999610999999,6780020923,1.0,0.04385576769709587,0.00122104084584862,0.08660289645195007,-1.56321382522583,-1.9101496934890747,0.8382685780525208,-0.6074344515800476,-0.3637106418609619,-0.3584522604942322,0.6084817051887512
1766052462.8907385,0,+Y,10,0.34998416900634766,0.10011672228574753,0.30019792914390564,1.4245220882003196e-05,5.1328072004253045e-05,1.0,2.1421008568722755e-05,7484.049612,6780070920,1.0,0.04388115555047989,0.0011077739764004946,0.08653669059276581,-1.5630906820297241,-1.9006577730178833,0.828805685043335,-0.6074057221412659,-0.3637392818927765,-0.35840582847595215,0.6085205674171448
1766052462.9409752,0,+Y,10,0.3499772548675537,0.10010910034179688,0.30020129680633545,3.196659599780105e-05,4.892327342531644e-05,1.0,2.6149404220632277e-05,7484.099619,6780120927,1.0,0.04390547797083855,0.0010703012812882662,0.08652736991643906,-1.563004493713379,-1.8946447372436523,0.8227687478065491,-0.6073788404464722,-0.36377283930778503,-0.35838666558265686,0.6085386276245117
1766052462.9911315,0,+Y,10,0.349968284368515,0.10009972751140594,0.3001980185508728,3.254805415053852e-05,4.882688517682254e-05,1.0,2.624086664582137e-05,7484.149606,6780170914,1.0,0.043888404965400696,0.0010394110577180982,0.0865020900964737,-1.5629788637161255,-1.8917185068130493,0.8198142647743225,-0.6073638796806335,-0.36378851532936096,-0.35838809609413147,0.608543336391449
1766052463.0412793,0,+Y,10,0.3499651551246643,0.100091852247715,0.3002013564109802,3.4999535273527727e-05,4.5843484258512035e-05,1.0,3.482479223748669e-05,7484.199608999999,6780220916,1.0,0.04389920458197594,0.001061924616806209,0.08637574315071106,-1.5629332065582275,-1.9057737588882446,0.833878219127655,-0.6074001789093018,-0.363809734582901,-0.35836154222488403,0.6085100769996643
1766052463.091412,0,+Y,10,0.3499584496021271,0.10008470714092255,0.30020543932914734,3.133180507575162e-05,4.487068872549571e-05,1.0,3.701323294080794e-05,7484.24961,6780270918,1.0,0.04390216991305351,0.0011093305656686425,0.08631470799446106,-1.5629256963729858,-1.9109119176864624,0.839037299156189,-0.6074174642562866,-0.3638087809085846,-0.3583497405052185,0.6085003614425659
1766052463.1415365,0,+Y,10,0.3499543070793152,0.10008381307125092,0.3002105951309204,3.5720357118407264e-05,5.078089816379361e-05,1.0,4.0521252230973914e-05,7484.299567,6780320880,1.0,0.04389761760830879,0.0010556250344961882,0.08634966611862183,-1.562946081161499,-1.9096388816833496,0.8378138542175293,-0.6074244379997253,-0.3637860119342804,-0.3583424687385559,0.6085112690925598
1766052463.1916995,0,+Y,10,0.34995201230049133,0.10008078813552856,0.30021238327026367,4.60649243905209e-05,4.954671749146655e-05,1.0,4.465747406356968e-05,7484.349658,6780370971,1.0,0.04393567144870758,0.0009602601057849824,0.08641109615564346,-1.5629303455352783,-1.9079082012176514,0.8361257314682007,-0.6074263453483582,-0.3637775480747223,-0.35832497477531433,0.608524739742279
1766052463.2418694,0,+Y,10,0.3499463200569153,0.10007753223180771,0.3002097010612488,4.8919013352133334e-05,4.890855052508414e-05,1.0,5.0923128583235666e-05,7484.399606,6780420919,1.0,0.04393288865685463,0.001004414982162416,0.08643098920583725,-1.5629152059555054,-1.9046450853347778,0.8328660130500793,-0.6074169874191284,-0.3637799024581909,-0.3583205044269562,0.6085352897644043
1766052463.292021,0,+Y,10,0.34994325041770935,0.10007040947675705,0.3002096116542816,4.7639689000789076e-05,4.672004797612317e-05,1.0,5.204739863984287e-05,7484.449538,6780470851,1.0,0.04396170377731323,0.0011026633437722921,0.08645831793546677,-1.5628730058670044,-1.899244785308838,0.8274295926094055,-0.6073925495147705,-0.36380240321159363,-0.3583199679851532,0.6085465550422668
1766052463.34215,0,+Y,10,0.34994232654571533,0.10006736218929291,0.3002122640609741,5.03957926412113e-05,4.337816790211946e-05,1.0,6.1019840359222144e-05,7484.499537,6780520850,1.0,0.04401712119579315,0.001160257263109088,0.08649999648332596,-1.5628654956817627,-1.8990386724472046,0.8272092938423157,-0.6073888540267944,-0.36380916833877563,-0.35832175612449646,0.6085451245307922
1766052463.3922698,0,+Y,10,0.349936842918396,0.10006257146596909,0.30021387338638306,5.4581476433668286e-05,4.83620424347464e-05,1.0,5.495764344232157e-05,7484.551609,6780572922,1.0,0.04412718117237091,0.0011495621874928474,0.08655021339654922,-1.5628814697265625,-1.9049136638641357,0.8330585956573486,-0.6074014902114868,-0.3638148307800293,-0.3583317697048187,0.6085232496261597
1766052463.4424334,0,+Y,10,0.34993231296539307,0.10006661713123322,0.30021628737449646,5.7372788432985544e-05,4.659464320866391e-05,1.0,6.0555456002475694e-05,7484.60154,6780622853,1.0,0.04423752427101135,0.001139952801167965,0.08663769066333771,-1.562894582748413,-1.9023317098617554,0.8304507732391357,-0.6073906421661377,-0.36381667852401733,-0.3583456575870514,0.6085247993469238
1766052463.492609,0,+Y,10,0.349931925535202,0.10005998611450195,0.3002175986766815,5.835020056110807e-05,4.9020658480003476e-05,1.0,6.0626982303801924e-05,7484.65155,6780672863,1.0,0.044252652674913406,0.0011977008543908596,0.08667926490306854,-1.5629115104675293,-1.9077544212341309,0.8358634114265442,-0.6074048280715942,-0.3638169467449188,-0.35835155844688416,0.608506977558136
1766052463.542785,0,+Y,10,0.34992921352386475,0.10005917400121689,0.30021950602531433,5.4250776884146035e-05,4.3603347876342013e-05,1.0,6.67482236167416e-05,7484.70161,6780722924,1.0,0.04423017054796219,0.0013015749864280224,0.0866604596376419,-1.5629279613494873,-1.9162026643753052,0.8443087935447693,-0.6074285507202148,-0.36381664872169495,-0.3583535850048065,0.608482301235199
1766052463.5929387,0,+Y,10,0.3499315083026886,0.10005451738834381,0.30022212862968445,5.9323720051907e-05,4.62464195152279e-05,1.0,6.382382707670331e-05,7484.751609,6780772923,1.0,0.04420051723718643,0.001294138259254396,0.08659256249666214,-1.5629490613937378,-1.914680004119873,0.8428105115890503,-0.6074302792549133,-0.36380115151405334,-0.3583543300628662,0.6084893941879272
1766052463.643103,0,+Y,10,0.3499290645122528,0.10005185753107071,0.3002219498157501,6.155806477181613e-05,4.555242776405066e-05,1.0,6.40541547909379e-05,7484.801541999999,6780822855,1.0,0.04418918117880821,0.0012350556207820773,0.08653150498867035,-1.562976360321045,-1.914851188659668,0.8429622054100037,-0.6074290871620178,-0.36379769444465637,-0.3583696484565735,0.6084836721420288
1766052463.693258,0,+Y,10,0.34992462396621704,0.1000518798828125,0.30022117495536804,6.207130354596302e-05,4.5999222493264824e-05,1.0,6.642757216468453e-05,7484.851544,6780872858,1.0,0.044202063232660294,0.0011587798362597823,0.08642753958702087,-1.5629569292068481,-1.9205564260482788,0.8486812114715576,-0.6074457764625549,-0.3638032376766205,-0.35835573077201843,0.6084718704223633
1766052463.7433996,0,+Y,10,0.3499228358268738,0.10005084425210953,0.30022311210632324,6.0125330492155626e-05,4.445518061402254e-05,1.0,7.007025851635262e-05,7484.9016329999995,6780922947,1.0,0.04420282319188118,0.0011023132828995585,0.08639761805534363,-1.5629891157150269,-1.9219005107879639,0.850019633769989,-0.607450544834137,-0.3637944757938385,-0.3583679795265198,0.6084651350975037
1766052463.7935307,0,+Y,10,0.3499222695827484,0.10004647821187973,0.3002241253852844,5.945516750216484e-05,4.140818418818526e-05,1.0,7.039683987386525e-05,7484.95155,6780972865,1.0,0.044254422187805176,0.00112738402094692,0.08632515370845795,-1.5629810094833374,-1.9248570203781128,0.8529769778251648,-0.6074581742286682,-0.36379849910736084,-0.35836338996887207,0.6084578037261963
1766052463.8437235,0,+Y,10,0.34992170333862305,0.10004664957523346,0.30022481083869934,6.285028939601034e-05,4.9254416808253154e-05,1.0,7.150724559323862e-05,7485.001684999999,6781022999,1.0,0.04433136805891991,0.0011905122082680464,0.08627629280090332,-1.5629758834838867,-1.9243818521499634,0.8525869250297546,-0.6074720621109009,-0.3637741804122925,-0.358335942029953,0.608474612236023
1766052463.893979,0,+Y,10,0.34992077946662903,0.10004831850528717,0.3002241849899292,6.742493860656396e-05,4.515589535003528e-05,1.0,6.912961544003338e-05,7485.051544999999,6781072859,1.0,0.0443459190428257,0.0012749821180477738,0.08629688620567322,-1.5629026889801025,-1.9280591011047363,0.8562740683555603,-0.6074791550636292,-0.36379843950271606,-0.3583056330680847,0.6084709167480469
1766052463.9441986,0,+Y,10,0.34991851449012756,0.10004588216543198,0.300222784280777,6.731571920681745e-05,4.3858741264557466e-05,1.0,6.690448935842142e-05,7485.103539,6781124859,1.0,0.04426125809550285,0.001354225561954081,0.08635138720273972,-1.5628798007965088,-1.9256892204284668,0.8538960814476013,-0.6074696779251099,-0.36380764842033386,-0.3583013117313385,0.6084774136543274
1766052463.9944985,0,+Y,10,0.34991973638534546,0.10004515945911407,0.30022454261779785,6.760608084732667e-05,4.9502432375447825e-05,1.0,7.782991451676935e-05,7485.153553,6781174873,1.0,0.04426665976643562,0.0014352890430018306,0.086318738758564,-1.5628776550292969,-1.9281749725341797,0.8564232587814331,-0.6074839234352112,-0.36379703879356384,-0.35828670859336853,0.6084781289100647
1766052464.0446901,0,+Y,10,0.3499152958393097,0.10004276037216187,0.30022376775741577,6.21313156443648e-05,3.589372136048041e-05,1.0,7.289039058377966e-05,7485.203614,6781224934,1.0,0.04435670003294945,0.0015515506966039538,0.08624454587697983,-1.5629401206970215,-1.931047797203064,0.8593477010726929,-0.607505202293396,-0.3637610971927643,-0.358291357755661,0.6084756851196289
1766052464.094917,0,+Y,10,0.34991586208343506,0.10004383325576782,0.30022573471069336,6.533299892907962e-05,4.8855992645258084e-05,1.0,7.720007124589756e-05,7485.253608999999,6781274928,1.0,0.04448686167597771,0.0016253062058240175,0.08613736182451248,-1.5629148483276367,-1.9385274648666382,0.866913914680481,-0.6075398921966553,-0.36374711990356445,-0.3582526445388794,0.6084721684455872
1766052464.1451385,0,+Y,10,0.3499135375022888,0.10004588216543198,0.30022406578063965,6.971908442210406e-05,4.544127659755759e-05,1.0,7.405477663269266e-05,7485.303613,6781324936,1.0,0.044547755271196365,0.0016084585804492235,0.08609675616025925,-1.5629355907440186,-1.9443349838256836,0.8727396726608276,-0.6075603365898132,-0.3637370765209198,-0.358251690864563,0.6084582805633545
1766052464.195339,0,+Y,10,0.34991440176963806,0.10004686564207077,0.30022478103637695,7.481683132937178e-05,4.6537457819795236e-05,1.0,7.456207094946876e-05,7485.353609,6781374932,1.0,0.04453715309500694,0.001529611530713737,0.08608527481555939,-1.5629527568817139,-1.9371967315673828,0.8656065464019775,-0.6075427532196045,-0.3637262284755707,-0.3582594096660614,0.608477771282196
1766052464.2455554,0,+Y,10,0.34991195797920227,0.10004622489213943,0.30022427439689636,6.985794607317075e-05,4.624759458238259e-05,1.0,7.827517401892692e-05,7485.403614999999,6781424937,1.0,0.04452810809016228,0.0014692838303744793,0.08611147850751877,-1.5630061626434326,-1.9394396543502808,0.8678876161575317,-0.6075590252876282,-0.3636971116065979,-0.3582654595375061,0.608475387096405
1766052464.2958043,0,+Y,10,0.34991177916526794,0.100041963160038,0.3002253770828247,6.907914212206379e-05,4.318147693993524e-05,1.0,7.649341569049284e-05,7485.453608,6781474931,1.0,0.044518981128931046,0.0013940123608335853,0.08624328672885895,-1.5630232095718384,-1.941611409187317,0.870049774646759,-0.6075642108917236,-0.3636951148509979,-0.35827329754829407,0.6084668040275574
1766052464.3460145,0,+Y,10,0.3499133288860321,0.10003945976495743,0.3002270460128784,7.007426756899804e-05,4.4084979890612885e-05,1.0,8.312099816976115e-05,7485.503551999999,6781524879,1.0,0.04451948404312134,0.0013329451903700829,0.0862959697842598,-1.5630122423171997,-1.946677327156067,0.8750947713851929,-0.6075735092163086,-0.3637075126171112,-0.35827359557151794,0.6084499359130859
1766052464.396218,0,+Y,10,0.3499131202697754,0.10003875195980072,0.3002256751060486,7.618903327966109e-05,4.521661685430445e-05,1.0,7.871197158237919e-05,7485.553626,6781574954,1.0,0.04452052339911461,0.0012503111502155662,0.08628281205892563,-1.563024640083313,-1.9459354877471924,0.8743568658828735,-0.6075729131698608,-0.3637017011642456,-0.35827702283859253,0.6084519624710083
1766052464.7987168,0,-Y,1,0.35158663988113403,0.08087772130966187,0.2998889088630676,-0.0015895242104306817,-0.0001408665266353637,0.9999985098838806,-0.0006714347400702536,7485.957535,6781978864,1.0,0.032666996121406555,0.0026024694088846445,0.06869502365589142,-1.5619703531265259,-2.1056392192840576,1.0337363481521606,-0.6079491376876831,-0.36420756578445435,-0.35796669125556946,0.607956051826477
1766052465.2006304,0,-Y,2,0.3513181507587433,0.06068045273423195,0.2999171316623688,-0.001226504915393889,-4.763684046338312e-05,0.9999991059303284,-0.0004818715970031917,7486.359539,6782380869,1.0,0.023350851610302925,0.0026042808312922716,0.05138394609093666,-1.5598483085632324,-2.1357078552246094,1.063840389251709,-0.6080679297447205,-0.3649435341358185,-0.35720545053482056,0.6078436374664307
1766052465.602985,0,-Y,3,0.35126566886901855,0.04054154083132744,0.29998114705085754,-0.0011793792946264148,-5.4944477597018704e-05,0.9999992251396179,-0.00037060087197460234,7486.761617,6782782948,1.0,0.014158454723656178,0.0022300381679087877,0.03467930480837822,-1.55906081199646,-2.2016234397888184,1.129766821861267,-0.6083495020866394,-0.36520084738731384,-0.3569399416446686,0.6075631976127625
1766052466.005432,0,-Y,4,0.3511869013309479,0.020415032282471657,0.30006664991378784,-0.0011584169697016478,-5.832684473716654e-05,0.9999992847442627,-0.00024202810891438276,7487.163643,6783184983,1.0,0.004280345048755407,0.002653819974511862,0.017127051949501038,-1.558958888053894,-2.248605966567993,1.1762218475341797,-0.6084516644477844,-0.365373820066452,-0.3570873737335205,0.6072702407836914
1766052466.4077487,0,-Y,5,0.35114163160324097,0.00033612357219681144,0.3000737726688385,-0.0010917921317741275,-2.560919165262021e-05,0.9999994039535522,-0.00020038650836795568,7487.565525999999,6783586867,1.0,-0.004687688313424587,0.0027928997296839952,-0.0009749953169375658,-1.5582715272903442,-2.3327796459198,1.2608124017715454,-0.6089272499084473,-0.3654186725616455,-0.3567875325679779,0.6069427132606506
1766052466.7600243,0,-Y,6,0.35182592272758484,-0.019257493317127228,0.2999962866306305,-0.0016823544865474105,3.6053868370800046e-06,0.9999984502792358,-0.0005181027227081358,7487.917528,6783938881,1.0,-0.012092946097254753,0.0018344434211030602,-0.016921410337090492,-1.5599868297576904,-2.531031608581543,1.4590483903884888,-0.6095082759857178,-0.3645927309989929,-0.35762688517570496,0.606361985206604
1766052467.1111577,0,-Y,7,0.35162845253944397,-0.03937768563628197,0.3000756800174713,-0.0015635582385584712,3.39920588885434e-05,0.9999986886978149,-0.0003803783329203725,7488.269526,6784290881,1.0,-0.02413223497569561,0.002322552492842078,-0.034965287894010544,-1.55647873878479,-2.4203977584838867,1.3486868143081665,-0.609539806842804,-0.3658379316329956,-0.3562081754207611,0.606415331363678
1766052467.4622357,0,-Y,8,0.35147371888160706,-0.059502605348825455,0.30013734102249146,-0.0014795601600781083,3.960000685765408e-05,0.9999988675117493,-0.00027779070660471916,7488.621528,6784642895,1.0,-0.03341338783502579,0.0023359160404652357,-0.05214140936732292,-1.555645227432251,-2.4013314247131348,1.3297934532165527,-0.6095631122589111,-0.36609503626823425,-0.35584375262260437,0.6064507365226746
1766052467.8131695,0,-Y,9,0.35136091709136963,-0.07964834570884705,0.3000730872154236,-0.0012824616860598326,8.249560778494924e-06,0.9999991655349731,-0.00015360488032456487,7488.971527,6784992894,1.0,-0.04240060970187187,0.002396374475210905,-0.06994856894016266,-1.5543909072875977,-2.4220495223999023,1.3503364324569702,-0.6097714900970459,-0.3665347993373871,-0.3555067777633667,0.6061731576919556
1766052468.1642878,0,-Y,10,0.35118985176086426,-0.09972582012414932,0.3001210391521454,-0.001082459231838584,3.1614225008524954e-05,0.9999994039535522,-4.546259151538834e-05,7489.323579,6785344957,1.0,-0.05173401162028313,0.0021747667342424393,-0.08685977756977081,-1.5539302825927734,-2.4422214031219482,1.3704540729522705,-0.609924852848053,-0.3666670024394989,-0.35540616512298584,0.6059978604316711
1766052468.21446,0,-Y,10,0.3507252633571625,-0.10002487152814865,0.3001110255718231,-0.0006844489835202694,-4.857690510107204e-05,0.9999997615814209,0.00013933992886450142,7489.373525999999,6785394903,1.0,-0.052561644464731216,0.0023070895113050938,-0.08640894293785095,-1.553586483001709,-2.399191379547119,1.327003002166748,-0.6096377372741699,-0.36699047684669495,-0.35533761978149414,0.6061311960220337
1766052468.2647173,0,-Y,10,0.35035455226898193,-0.09981692582368851,0.3001905381679535,-0.00030268781119957566,1.6525118553545326e-05,0.9999999403953552,-4.90063575853128e-05,7489.423578,6785444956,1.0,-0.05271130055189133,0.0020881984382867813,-0.0851232185959816,-1.5542744398117065,-2.3552143573760986,1.2828397750854492,-0.609287679195404,-0.3668839633464813,-0.35555949807167053,0.6064174175262451
1766052468.3149297,0,-Y,10,0.35015928745269775,-0.09975482523441315,0.300159215927124,-0.00010695395030779764,0.00010926436516456306,1.0,-0.00010532899614190683,7489.473526,6785494904,1.0,-0.05244965851306915,0.0018526754574850202,-0.08454416692256927,-1.554591417312622,-2.332925796508789,1.2608017921447754,-0.6091828346252441,-0.3667294383049011,-0.3555625379085541,0.6066144704818726
1766052468.365079,0,-Y,10,0.35010483860969543,-0.09983070939779282,0.3001335561275482,-5.389943180489354e-05,5.5663869716227055e-05,1.0,-3.014624053321313e-05,7489.523569999999,6785544951,1.0,-0.05198946222662926,0.0018563114572316408,-0.08449651300907135,-1.554870367050171,-2.3350982666015625,1.2629398107528687,-0.6091669797897339,-0.36664149165153503,-0.3556722402572632,0.6066191792488098
1766052468.415215,0,-Y,10,0.35010001063346863,-0.0998620092868805,0.30013930797576904,-4.507498306338675e-05,3.963350536650978e-05,1.0,-1.5580940271320287e-06,7489.573527,6785594909,1.0,-0.05157657712697983,0.0018364116549491882,-0.0845610648393631,-1.5550243854522705,-2.340834617614746,1.2686069011688232,-0.6091734766960144,-0.36660248041152954,-0.3557538688182831,0.6065884232521057
1766052468.4653761,0,-Y,10,0.3501087725162506,-0.09984259307384491,0.30014768242836,-6.044744441169314e-05,3.766448935493827e-05,1.0,-1.92418501683278e-05,7489.623575,6785644957,1.0,-0.05128969997167587,0.0018377184169366956,-0.08468480408191681,-1.5552222728729248,-2.354356050491333,1.282105803489685,-0.6092259287834167,-0.36652377247810364,-0.3558467924594879,0.6065287590026855
1766052468.515535,0,-Y,10,0.350123792886734,-0.0998372957110405,0.30015820264816284,-7.414101128233597e-05,3.387955075595528e-05,1.0,-2.698118260013871e-05,7489.673526,6785694908,1.0,-0.051165368407964706,0.0017434828914701939,-0.08480720221996307,-1.5552825927734375,-2.3634767532348633,1.291176676750183,-0.6092601418495178,-0.3665059208869934,-0.35589510202407837,0.6064768433570862
1766052468.565772,0,-Y,10,0.3501358926296234,-0.09983088821172714,0.3001612722873688,-9.267790301237255e-05,3.288927109679207e-05,1.0,-2.40729350480251e-05,7489.723564,6785744949,1.0,-0.05118097364902496,0.001676699030213058,-0.08490221202373505,-1.5553491115570068,-2.376260995864868,1.3039582967758179,-0.6093212962150574,-0.36646586656570435,-0.3559368848800659,0.6064150929450989
1766052468.6159303,0,-Y,10,0.35014793276786804,-0.09983339160680771,0.30015936493873596,-0.00010489860869711265,2.7404807042330503e-05,1.0,-1.8929578800452873e-05,7489.773526,6785794911,1.0,-0.0512954518198967,0.0016548106214031577,-0.085029236972332,-1.5552968978881836,-2.382612466812134,1.31027090549469,-0.6093524694442749,-0.3664860427379608,-0.35594016313552856,0.6063696146011353
1766052468.666059,0,-Y,10,0.35015159845352173,-0.0998307392001152,0.3001609444618225,-0.00010982022649841383,3.09698298224248e-05,1.0,-2.3271142708836123e-05,7489.82357,6785844955,1.0,-0.05135100334882736,0.001633753883652389,-0.0850701779127121,-1.5553103685379028,-2.385822296142578,1.3134713172912598,-0.6093663573265076,-0.3664796054363251,-0.3559524416923523,0.6063523292541504
1766052468.7161815,0,-Y,10,0.3501547574996948,-0.0998339131474495,0.30016374588012695,-0.00010759171709651127,3.1039999157655984e-05,1.0,-2.184107324865181e-05,7489.875526,6785896911,1.0,-0.05144732818007469,0.0016140710795298219,-0.08504977077245712,-1.5553085803985596,-2.389791965484619,1.3174726963043213,-0.6093932390213013,-0.3664644956588745,-0.35594823956489563,0.6063369512557983
1766052468.7663085,0,-Y,10,0.35015201568603516,-0.09983576089143753,0.3001656234264374,-0.0001086175034288317,2.7754591428674757e-05,1.0,-2.020036117755808e-05,7489.925528,6785946918,1.0,-0.05146704986691475,0.0015949381049722433,-0.08497890084981918,-1.5553356409072876,-2.3884975910186768,1.3161832094192505,-0.6093847155570984,-0.36645588278770447,-0.35595405101776123,0.6063473224639893
1766052468.816499,0,-Y,10,0.35015174746513367,-0.09983734041452408,0.30016982555389404,-0.00010516865586396307,3.002904668392148e-05,1.0,-2.152010529243853e-05,7489.975512999999,6785996902,1.0,-0.05146205797791481,0.0016831890679895878,-0.08489420264959335,-1.555421233177185,-2.388178586959839,1.3158742189407349,-0.6093767285346985,-0.3664243221282959,-0.35597968101501465,0.6063593626022339
1766052468.8666475,0,-Y,10,0.3501478433609009,-0.0998372733592987,0.3001704514026642,-0.00010844700591405854,2.7708092602551915e-05,1.0,-2.0185785615467466e-05,7490.025527999999,6786046917,1.0,-0.05147312581539154,0.0017089445609599352,-0.08484169095754623,-1.5554288625717163,-2.3895201683044434,1.3172056674957275,-0.6093811392784119,-0.36642277240753174,-0.35598739981651306,0.606351375579834
1766052468.9168165,0,-Y,10,0.35014569759368896,-0.09984046220779419,0.3001743257045746,-0.00010827860387507826,2.827977732522413e-05,1.0,-2.610044612083584e-05,7490.075526,6786096916,1.0,-0.05151280760765076,0.0017198366113007069,-0.08485116064548492,-1.555407166481018,-2.393909454345703,1.3215898275375366,-0.6094051599502563,-0.3664250373840332,-0.3559882938861847,0.6063253283500671
1766052468.9669583,0,-Y,10,0.35014232993125916,-0.09984121471643448,0.30017611384391785,-0.00010595781350275502,2.8354143069009297e-05,1.0,-1.984009395528119e-05,7490.1255249999995,6786146918,1.0,-0.05152502283453941,0.0017154188826680183,-0.08487524837255478,-1.55543851852417,-2.394530773162842,1.3221701383590698,-0.609397828578949,-0.3664259612560272,-0.3560123145580292,0.6063179969787598
1766052469.0171633,0,-Y,10,0.3501419126987457,-0.09983992576599121,0.3001774251461029,-0.00010364438639953732,2.7498443159856834e-05,1.0,-1.7577480321051553e-05,7490.175526999999,6786196920,1.0,-0.05150555819272995,0.0017320902552455664,-0.08494649827480316,-1.555451512336731,-2.3959403038024902,1.323574185371399,-0.6094028949737549,-0.36642104387283325,-0.35602056980133057,0.606311023235321
1766052469.067341,0,-Y,10,0.3501419425010681,-0.09983967244625092,0.3001787066459656,-0.00010431066766614094,2.6975203581969254e-05,1.0,-1.6840695025166497e-05,7490.225525,6786246919,1.0,-0.051505979150533676,0.001718604937195778,-0.08501234650611877,-1.5554864406585693,-2.3978774547576904,1.3254696130752563,-0.6094018816947937,-0.3664189875125885,-0.3560481071472168,0.6062971353530884
1766052469.1175122,0,-Y,10,0.35014164447784424,-0.09983997792005539,0.30018043518066406,-0.00010273905354551971,2.5743504011188634e-05,1.0,-2.0701754692709073e-05,7490.275525999999,6786296919,1.0,-0.051532041281461716,0.0017250966047868133,-0.0850176215171814,-1.5555295944213867,-2.3972580432891846,1.3248368501663208,-0.6093919277191162,-0.3664094805717468,-0.35606592893600464,0.6063024401664734
1766052469.1676733,0,-Y,10,0.35013747215270996,-0.09984227269887924,0.3001806437969208,-0.00010684694279916584,2.4986977223306894e-05,1.0,-2.5570507204975e-05,7490.325524,6786346920,1.0,-0.05157928913831711,0.0017799453344196081,-0.08503196388483047,-1.5555181503295898,-2.3975014686584473,1.3250676393508911,-0.609391987323761,-0.3664168119430542,-0.3560662269592285,0.6062977313995361
1766052469.2178319,0,-Y,10,0.3501395583152771,-0.09984209388494492,0.30018213391304016,-0.0001008401159197092,2.721609234868083e-05,1.0,-2.1893965822528116e-05,7490.375614,6786397010,1.0,-0.051654573529958725,0.0018359412206336856,-0.08501562476158142,-1.555463194847107,-2.3967535495758057,1.324333667755127,-0.6093961000442505,-0.3664323091506958,-0.35604214668273926,0.6062983870506287
1766052469.2680502,0,-Y,10,0.35013705492019653,-0.09984070062637329,0.3001813590526581,-0.00010522302909521386,2.524358751543332e-05,1.0,-2.1050669602118433e-05,7490.425614,6786447010,1.0,-0.0516941100358963,0.0018607323290780187,-0.08497995883226395,-1.5554444789886475,-2.393986940383911,1.3215713500976562,-0.6093843579292297,-0.3664414882659912,-0.3560301959514618,0.6063116788864136
1766052469.3182435,0,-Y,10,0.35013890266418457,-0.09984104335308075,0.30018171668052673,-0.00010477349860593677,2.4510045477654785e-05,1.0,-2.3836930267862044e-05,7490.477537,6786498933,1.0,-0.051702793687582016,0.0018906589830294251,-0.08491995185613632,-1.5554356575012207,-2.3933138847351074,1.3209222555160522,-0.6093860864639282,-0.36643821001052856,-0.35601887106895447,0.6063185334205627
1766052469.3684201,0,-Y,10,0.3501371443271637,-0.09983841329813004,0.30018150806427,-0.0001106675190385431,2.427478648314718e-05,1.0,-2.5043047571671195e-05,7490.527615,6786549015,1.0,-0.05169568210840225,0.0018726832931861281,-0.08487395197153091,-1.5554510354995728,-2.391786813735962,1.319391131401062,-0.6093758940696716,-0.366436630487442,-0.35602307319641113,0.6063272953033447
1766052469.4185572,0,-Y,10,0.35013899207115173,-0.09983927756547928,0.30018332600593567,-0.00010948974522762,2.7215864975005388e-05,1.0,-2.773525375232566e-05,7490.577609999999,6786599009,1.0,-0.0517294816672802,0.0017846166156232357,-0.0847838893532753,-1.555413007736206,-2.392115354537964,1.3197405338287354,-0.6093851327896118,-0.36644259095191956,-0.3560042083263397,0.6063254475593567
1766052469.4687185,0,-Y,10,0.3501386344432831,-0.09983938932418823,0.30018287897109985,-0.00011207807256141677,2.618660255393479e-05,1.0,-2.544242306612432e-05,7490.627549999999,6786648949,1.0,-0.05170788615942001,0.001771499402821064,-0.08474383503198624,-1.5553431510925293,-2.3923213481903076,1.3199185132980347,-0.6093878746032715,-0.366474449634552,-0.3559892475605011,0.6063122749328613
1766052469.5188427,0,-Y,10,0.35014039278030396,-0.09983906894922256,0.30018356442451477,-0.00011134595843032002,2.283285721205175e-05,1.0,-2.6224555767839774e-05,7490.677551,6786698951,1.0,-0.05167915299534798,0.0017665016930550337,-0.08480576425790787,-1.5553265810012817,-2.3962931632995605,1.3238825798034668,-0.6094088554382324,-0.36647623777389526,-0.3559921681880951,0.6062883734703064
1766052469.5689662,0,-Y,10,0.3501400649547577,-0.09984135627746582,0.300182580947876,-0.00011296895536361262,1.8940732843475416e-05,1.0,-2.349523128941655e-05,7490.727556999999,6786748958,1.0,-0.051669396460056305,0.0018127227667719126,-0.08488206565380096,-1.5552728176116943,-2.3966736793518066,1.3242746591567993,-0.6094182729721069,-0.36649027466773987,-0.35597091913223267,0.6062828898429871
1766052469.619097,0,-Y,10,0.3501369059085846,-0.09984228760004044,0.30018314719200134,-0.00011837233614642173,1.8225691746920347e-05,1.0,-2.6493624318391085e-05,7490.777537999999,6786798939,1.0,-0.0516996830701828,0.0017906681168824434,-0.08486789464950562,-1.555281400680542,-2.396716833114624,1.3243036270141602,-0.6094151139259338,-0.3664915859699249,-0.35597819089889526,0.606281042098999
1766052469.6692183,0,-Y,10,0.35013800859451294,-0.09984365850687027,0.30018654465675354,-0.0001171442199847661,2.3410917492583394e-05,1.0,-2.7587468139245175e-05,7490.8276049999995,6786849006,1.0,-0.0517478808760643,0.001776625053025782,-0.08487868309020996,-1.5552988052368164,-2.393768787384033,1.3213953971862793,-0.6094051599502563,-0.36647823452949524,-0.3559674620628357,0.6063053607940674
1766052469.7193394,0,-Y,10,0.3501400947570801,-0.09984240680932999,0.3001875579357147,-0.00011423776595620438,2.5889574317261577e-05,1.0,-2.3851926016504876e-05,7490.877606,6786899008,1.0,-0.0517989918589592,0.001777527155354619,-0.08486492931842804,-1.55525541305542,-2.392829656600952,1.320486068725586,-0.6094099283218384,-0.36648526787757874,-0.3559421896934509,0.6063112020492554
1766052469.769472,0,-Y,10,0.3501380681991577,-0.09984365850687027,0.3001873195171356,-0.00011806964175775647,2.0541907360893674e-05,1.0,-2.5119405108853243e-05,7490.927611,6786949014,1.0,-0.05188187211751938,0.0017529894830659032,-0.08483285456895828,-1.5552341938018799,-2.388678789138794,1.3163455724716187,-0.609391987323761,-0.36649560928344727,-0.35592538118362427,0.6063328385353088
1766052469.819646,0,-Y,10,0.350139319896698,-0.0998430922627449,0.3001890778541565,-0.00011447028373368084,1.9914807126042433e-05,1.0,-1.928278106788639e-05,7490.977613,6786999016,1.0,-0.0519413985311985,0.0017328724497929215,-0.08481617271900177,-1.5552188158035278,-2.3888275623321533,1.316485047340393,-0.609392523765564,-0.36650344729423523,-0.35592323541641235,0.6063288450241089
1766052469.8697863,0,-Y,10,0.35013794898986816,-0.09984559565782547,0.3001894950866699,-0.00011657247523544356,1.7343643776257522e-05,1.0,-2.7990417947876267e-05,7491.027614,6787049017,1.0,-0.0519266203045845,0.0017008519498631358,-0.08480648696422577,-1.5552529096603394,-2.3879752159118652,1.3156282901763916,-0.6093839406967163,-0.3664945065975189,-0.35593488812446594,0.6063359975814819
1766052469.9199169,0,-Y,10,0.35013869404792786,-0.09984242916107178,0.3001883029937744,-0.00011793259182013571,1.9097626136499457e-05,1.0,-2.4132566977641545e-05,7491.077611,6787099014,1.0,-0.05187452211976051,0.001692851772531867,-0.08478645980358124,-1.555253028869629,-2.387334108352661,1.314993143081665,-0.6093816757202148,-0.3664936423301697,-0.3559321165084839,0.6063404679298401
1766052469.9700398,0,-Y,10,0.35014474391937256,-0.09983983635902405,0.3001875579357147,-0.00011193103273399174,1.532347232569009e-05,1.0,-2.0703653717646375e-05,7491.127613,6787149018,1.0,-0.051883574575185776,0.0016309530474245548,-0.08474504202604294,-1.5551888942718506,-2.3866991996765137,1.3143383264541626,-0.6093807220458984,-0.3665223717689514,-0.3559153378009796,0.60633385181427
1766052470.0201683,0,-Y,10,0.3501428961753845,-0.09984330087900162,0.3001849353313446,-0.00011708863166859373,2.3430648070643656e-05,1.0,-2.389471592323389e-05,7491.177613999999,6787199018,1.0,-0.05191389471292496,0.0015875613316893578,-0.08471798151731491,-1.5551650524139404,-2.389554023742676,1.3172093629837036,-0.6094011664390564,-0.3665211498737335,-0.3559066355228424,0.6063191890716553
1766052470.070298,0,-Y,10,0.3501405417919159,-0.09984226524829865,0.30018603801727295,-0.00011917913070647046,2.209880403825082e-05,1.0,-2.725755621213466e-05,7491.229614999999,6787251019,1.0,-0.05191370099782944,0.0015919598517939448,-0.08470003306865692,-1.5552219152450562,-2.388756513595581,1.3164290189743042,-0.6093946099281311,-0.36649787425994873,-0.35591959953308105,0.6063321828842163
1766052470.120425,0,-Y,10,0.3501388728618622,-0.09984184056520462,0.3001883327960968,-0.00011978849215665832,1.6028283425839618e-05,1.0,-2.591096745163668e-05,7491.279608,6787301013,1.0,-0.05187208950519562,0.0015913904644548893,-0.08465637266635895,-1.5552200078964233,-2.388401508331299,1.3160256147384644,-0.6093840599060059,-0.36651381850242615,-0.3559330701828003,0.6063252687454224
1766052470.1705685,0,-Y,10,0.35013547539711,-0.09984667599201202,0.300190806388855,-0.00011940441618207842,1.736079684633296e-05,1.0,-2.133266389137134e-05,7491.32961,6787351016,1.0,-0.05182845517992973,0.0016297338297590613,-0.08466210961341858,-1.5553042888641357,-2.386824369430542,1.3144855499267578,-0.609374463558197,-0.3664764165878296,-0.35594820976257324,0.6063486337661743
1766052470.4722714,0,+Z,1,0.349465936422348,-0.08964918553829193,0.31028246879577637,0.0006579106557182968,0.00010626009316183627,0.9999997615814209,-0.00010495122114662081,7491.631609,6787653017,1.0,-0.04542945697903633,0.010950208641588688,-0.07560015469789505,-1.5567362308502197,-2.331714391708374,1.2592527866363525,-0.608950138092041,-0.3660975694656372,-0.3564055263996124,0.6067350506782532
1766052470.7734518,0,+Z,2,0.3493731617927551,-0.07973204553127289,0.3202175498008728,0.000758269801735878,0.00010300141002517194,0.9999997019767761,-6.194321031216532e-05,7491.931527,6787952943,1.0,-0.040932945907115936,0.0211230106651783,-0.06712798774242401,-1.556990146636963,-2.333956480026245,1.262152075767517,-0.6090615391731262,-0.36580780148506165,-0.35629650950431824,0.6068620085716248
1766052471.074839,0,+Z,3,0.349305659532547,-0.06982231140136719,0.33022341132164,0.0007834604475647211,2.8238382583367638e-05,0.9999997019767761,1.643531140871346e-05,7492.233526,6788254946,1.0,-0.03616844862699509,0.03094819188117981,-0.05903227999806404,-1.5581203699111938,-2.352512836456299,1.2806710004806519,-0.6090478301048279,-0.36541178822517395,-0.35671794414520264,0.6068667769432068
1766052471.3760633,0,+Z,4,0.34913647174835205,-0.059881068766117096,0.3402542769908905,0.0008696330478414893,7.530283619416878e-05,0.9999996423721313,6.752705667167902e-05,7492.533527,6788554949,1.0,-0.03198928013443947,0.041206058114767075,-0.0510115921497345,-1.5588496923446655,-2.314950466156006,1.2430354356765747,-0.6088184714317322,-0.36522045731544495,-0.356955349445343,0.6070724129676819
1766052471.6774242,0,+Z,5,0.34908339381217957,-0.04982220008969307,0.35026171803474426,0.0008712763665243983,9.675113687990233e-05,0.9999996423721313,-5.132923251949251e-05,7492.835526,6788856954,1.0,-0.026766937226057053,0.050709761679172516,-0.042048901319503784,-1.5595139265060425,-2.279423475265503,1.2076107263565063,-0.6086506247520447,-0.3649870753288269,-0.35712799429893494,0.6072795391082764
1766052471.9785125,0,+Z,6,0.3489946126937866,-0.03997938334941864,0.3602295517921448,0.0009567990782670677,3.543005732353777e-05,0.9999995231628418,9.999932808568701e-05,7493.137525,6789158959,1.0,-0.02194315381348133,0.06060121953487396,-0.03393838554620743,-1.5594775676727295,-2.239384412765503,1.1677842140197754,-0.6085332036018372,-0.3649594187736511,-0.3570263683795929,0.6074735522270203
1766052472.2797103,0,+Z,7,0.3489106595516205,-0.03000325709581375,0.37023115158081055,0.0010477642063051462,3.018621646333486e-05,0.9999994039535522,0.00019889675604645163,7493.437524999999,6789458961,1.0,-0.016967477276921272,0.07020679116249084,-0.024903032928705215,-1.5598318576812744,-2.2363364696502686,1.1646074056625366,-0.6084820032119751,-0.3648763597011566,-0.3571884334087372,0.607479453086853
1766052472.5809789,0,+Z,8,0.3488313555717468,-0.020029911771416664,0.380123496055603,0.0012247629929333925,8.426792919635773e-05,0.9999992251396179,0.00021904835011810064,7493.739528,6789760968,1.0,-0.011620462872087955,0.07989942282438278,-0.017378203570842743,-1.5604890584945679,-2.1535534858703613,1.0820220708847046,-0.6081886291503906,-0.3646130859851837,-0.35733282566070557,0.6078463196754456
1766052472.88242,0,+Z,9,0.3487538695335388,-0.010056624189019203,0.3901570439338684,0.0012589219259098172,5.7938381360145286e-05,0.9999991655349731,0.00020496637444011867,7494.041526999999,6790062968,1.0,-0.0063911559991538525,0.08968056738376617,-0.00951467826962471,-1.5615102052688599,-2.2207934856414795,1.1490180492401123,-0.6083487868309021,-0.36430978775024414,-0.35778623819351196,0.6076011061668396
1766052473.1837745,0,+Z,10,0.3486827313899994,-0.0001657750690355897,0.40009236335754395,0.0012753736227750778,1.9470502593321726e-05,0.9999991655349731,0.0003074430860579014,7494.341528,6790362972,1.0,-0.0019993833266198635,0.09957011044025421,-0.0005680231843143702,-1.5614631175994873,-2.195042371749878,1.1229513883590698,-0.6082085967063904,-0.36443081498146057,-0.3578569293022156,0.607627272605896
1766052473.2340662,0,+Z,10,0.3492252826690674,-2.2370250007952563e-06,0.40033620595932007,0.0005831456510350108,8.71494848979637e-05,0.9999998211860657,0.00014254265988711268,7494.391525,6790412969,1.0,-0.00045519982813857496,0.09918014705181122,-0.0015216098399832845,-1.5626113414764404,-2.4213650226593018,1.350038766860962,-0.6089537739753723,-0.36366382241249084,-0.3581607937812805,0.6071612238883972
1766052473.2842834,0,+Z,10,0.34978458285331726,-4.1546576539985836e-05,0.40012127161026,0.0001812418777262792,-5.852391041116789e-05,0.9999999403953552,0.00021686086256522685,7494.443525,6790464969,1.0,0.00011387373524485156,0.0989568680524826,-0.0024953403044492006,-1.5623786449432373,-2.5293128490448,1.4575819969177246,-0.609204888343811,-0.36374935507774353,-0.358320951461792,0.6067634224891663
1766052473.3345044,0,+Z,10,0.35003024339675903,4.305919719627127e-05,0.4000217318534851,2.8228538212715648e-05,-1.2403648725012317e-05,1.0,0.00012472056550905108,7494.493525999999,6790514969,1.0,-0.0003437466511968523,0.09919362515211105,-0.002664491767063737,-1.5624064207077026,-2.5080647468566895,1.4361317157745361,-0.6091063618659973,-0.36382725834846497,-0.3583660423755646,0.6067890524864197
1766052473.384714,0,+Z,10,0.35005539655685425,0.00014884256233926862,0.4000408351421356,-1.0382949767517857e-05,-1.103468457586132e-05,1.0,3.616879985202104e-05,7494.543570999999,6790565014,1.0,-0.0013430387480184436,0.09962161630392075,-0.0024212959688156843,-1.5622122287750244,-2.437969446182251,1.365903615951538,-0.6089102029800415,-0.364006906747818,-0.35826683044433594,0.6069367527961731
1766052473.4349387,0,+Z,10,0.35004040598869324,0.0001380170724587515,0.40005940198898315,-1.651596903684549e-05,-5.46040564586292e-06,1.0,4.442960562300868e-05,7494.593526,6790614971,1.0,-0.0023023204412311316,0.100004643201828,-0.0021087804343551397,-1.5619468688964844,-2.4019532203674316,1.329896092414856,-0.6088347434997559,-0.3641274869441986,-0.3581405580043793,0.6070146560668945
1766052473.485152,0,+Z,10,0.3500158488750458,0.0001044713644660078,0.40008023381233215,9.262575076718349e-06,6.054105597286252e-06,1.0,6.848679186077788e-05,7494.6435679999995,6790665012,1.0,-0.0029971327167004347,0.1002926155924797,-0.001961569068953395,-1.5615413188934326,-2.3505489826202393,1.2785245180130005,-0.6087197065353394,-0.36429914832115173,-0.357948362827301,0.6071403622627258
1766052473.5353513,0,+Z,10,0.3499745726585388,9.546100773150101e-05,0.4000851511955261,4.0450551750836894e-05,-6.616877726628445e-06,1.0,7.872383866924793e-05,7494.693528999999,6790714973,1.0,-0.00324107869528234,0.10042501240968704,-0.0019193285843357444,-1.5613887310028076,-2.325035810470581,1.2529573440551758,-0.6086400747299194,-0.3643872141838074,-0.35789281129837036,0.6072000861167908
1766052473.5855553,0,+Z,10,0.3499419093132019,0.0001050486825988628,0.4000694453716278,7.747826020931825e-05,3.115200343017932e-06,1.0,7.64945216360502e-05,7494.743568999999,6790765013,1.0,-0.003190119517967105,0.10046786814928055,-0.0019675935618579388,-1.5611650943756104,-2.3080155849456787,1.2359942197799683,-0.6086105704307556,-0.36445891857147217,-0.35778602957725525,0.6072495579719543
1766052473.635783,0,+Z,10,0.3499234914779663,9.565659274812788e-05,0.4000677764415741,9.673397289589047e-05,4.188169100416417e-07,1.0,7.657906098756939e-05,7494.793527,6790814973,1.0,-0.0029544259887188673,0.10047692805528641,-0.0020524628926068544,-1.5610486268997192,-2.3021926879882812,1.2301771640777588,-0.6086000204086304,-0.36450135707855225,-0.3577398955821991,0.6072618365287781
1766052473.686001,0,+Z,10,0.34991657733917236,8.841945964377373e-05,0.4000711441040039,0.00010315435065422207,-5.7755669331527315e-06,1.0,8.633246034150943e-05,7494.84357,6790865016,1.0,-0.0027560286689549685,0.10039133578538895,-0.0020391358993947506,-1.560986876487732,-2.2938404083251953,1.2218031883239746,-0.6085718274116516,-0.36453482508659363,-0.35771945118904114,0.6072821021080017
1766052473.7362955,0,+Z,10,0.3499096930027008,8.668320515425876e-05,0.40007367730140686,0.00010820804891409352,1.1788740721385693e-06,1.0,8.600527507951483e-05,7494.895528999999,6790916974,1.0,-0.0026276467833667994,0.10019081830978394,-0.0020285011269152164,-1.5609791278839111,-2.2929093837738037,1.2208805084228516,-0.6085706353187561,-0.3645355701446533,-0.35771363973617554,0.6072862148284912
1766052473.7866287,0,+Z,10,0.3499048352241516,9.171967394649982e-05,0.40007370710372925,0.00011086379527114332,3.836281393887475e-06,1.0,8.605769835412502e-05,7494.945527,6790966973,1.0,-0.00258531142026186,0.10012190788984299,-0.001969840843230486,-1.560916781425476,-2.2853379249572754,1.213279128074646,-0.6085431575775146,-0.3645710349082947,-0.35769620537757874,0.607302725315094
1766052473.8368506,0,+Z,10,0.34990325570106506,9.531095565762371e-05,0.400073379278183,0.00011450651072664186,6.540777576446999e-06,1.0,7.261434802785516e-05,7494.995527,6791016971,1.0,-0.002644204068928957,0.10002713650465012,-0.0018771409522742033,-1.5608996152877808,-2.2807421684265137,1.208675742149353,-0.6085270047187805,-0.3645821809768677,-0.3576897382736206,0.6073160767555237
1766052473.8870556,0,+Z,10,0.34990304708480835,9.907889034366235e-05,0.40006959438323975,0.00011296081356704235,4.132090452912962e-06,1.0,7.75220469222404e-05,7495.045524,6791066968,1.0,-0.002678945194929838,0.10002420097589493,-0.0018378202803432941,-1.560839056968689,-2.2771365642547607,1.2050669193267822,-0.6085174679756165,-0.3646063804626465,-0.3576674461364746,0.6073241829872131
1766052473.9372609,0,+Z,10,0.34990182518959045,9.412033978151157e-05,0.40007051825523376,0.0001137682847911492,6.95956805429887e-06,1.0,7.599739183206111e-05,7495.095526,6791116970,1.0,-0.0026244111359119415,0.10007529705762863,-0.0018380992114543915,-1.5608055591583252,-2.278388023376465,1.206325888633728,-0.6085252165794373,-0.36461493372917175,-0.3576541244983673,0.607319176197052
1766052473.9874701,0,+Z,10,0.3499022424221039,9.543685155222192e-05,0.40007254481315613,0.00011749535769922659,8.980172424344346e-06,1.0,7.478042971342802e-05,7495.145525,6791166969,1.0,-0.0024824414867907763,0.10019435733556747,-0.0019552127923816442,-1.5607677698135376,-2.282196283340454,1.210139274597168,-0.6085416674613953,-0.36462417244911194,-0.35764172673225403,0.6073043942451477
1766052474.0376785,0,+Z,10,0.34990087151527405,9.750823664944619e-05,0.40007108449935913,0.00011474961502244696,1.0731114343798254e-05,1.0,7.839516911190003e-05,7495.195525,6791216976,1.0,-0.0024127301294356585,0.10018719732761383,-0.0020402262452989817,-1.5607643127441406,-2.2818074226379395,1.2097605466842651,-0.6085423231124878,-0.3646225333213806,-0.3576372265815735,0.6073073744773865
1766052474.0878947,0,+Z,10,0.34990039467811584,9.504004992777482e-05,0.4000714123249054,0.00011481122055556625,1.3003180356463417e-05,1.0,8.409497240791097e-05,7495.245526,6791266977,1.0,-0.002359956270083785,0.10013620555400848,-0.0020717165898531675,-1.560734510421753,-2.2835440635681152,1.2115310430526733,-0.6085563898086548,-0.36462149024009705,-0.3576176166534424,0.6073054671287537
1766052474.1381016,0,+Z,10,0.3498976528644562,9.155284351436421e-05,0.40007197856903076,0.00011301482300041243,1.212989809573628e-05,1.0,8.532243373338133e-05,7495.295526,6791316977,1.0,-0.002374095842242241,0.10007523745298386,-0.0020718162413686514,-1.560665249824524,-2.286076068878174,1.21407151222229,-0.6085710525512695,-0.3646414279937744,-0.35759249329566956,0.6072936058044434
1766052474.188311,0,+Z,10,0.34989893436431885,8.952803909778595e-05,0.4000746011734009,0.00012226378021296114,1.4692152035422623e-05,1.0,8.164595055859536e-05,7495.347526,6791368977,1.0,-0.0024029375053942204,0.10009133070707321,-0.002042048377916217,-1.5606720447540283,-2.279073476791382,1.2070708274841309,-0.6085463166236877,-0.364642858505249,-0.3575899302959442,0.6073190569877625
1766052474.238498,0,+Z,10,0.3498939871788025,8.768786210566759e-05,0.400071382522583,0.00012057903222739697,1.2211913599458057e-05,1.0,9.457996929995716e-05,7495.397527,6791418978,1.0,-0.0024215218145400286,0.10008873790502548,-0.002021612599492073,-1.5606333017349243,-2.282144546508789,1.2101447582244873,-0.6085599660873413,-0.3646535575389862,-0.3575774133205414,0.6073063015937805
1766052474.288673,0,+Z,10,0.34989383816719055,8.334469748660922e-05,0.4000706970691681,0.00012550798419397324,1.335003526037326e-05,1.0,9.15403725230135e-05,7495.447526,6791468977,1.0,-0.002454275032505393,0.10001840442419052,-0.0020425051916390657,-1.5606415271759033,-2.2788209915161133,1.2068266868591309,-0.6085487604141235,-0.36465099453926086,-0.35757651925086975,0.6073195934295654
1766052474.3388567,0,+Z,10,0.3498939275741577,8.438301301794127e-05,0.40007296204566956,0.00013088059495203197,2.125284845533315e-05,1.0,8.544271986465901e-05,7495.497526,6791518977,1.0,-0.002464735647663474,0.09990471601486206,-0.002007276052609086,-1.5607144832611084,-2.2780919075012207,1.2061148881912231,-0.6085450053215027,-0.3646208941936493,-0.3575963079929352,0.6073297262191772
1766052474.3890429,0,+Z,10,0.34989312291145325,9.705549746286124e-05,0.4000690281391144,0.0001246218162123114,1.3005608707317151e-05,1.0,8.546833123546094e-05,7495.547527,6791568978,1.0,-0.0024107336066663265,0.09987127035856247,-0.001953008584678173,-1.5607343912124634,-2.282238006591797,1.2102550268173218,-0.6085572838783264,-0.36461326479911804,-0.3576076924800873,0.6073153614997864
1766052474.4392323,0,+Z,10,0.3498968482017517,9.761507681105286e-05,0.4000670313835144,0.00012504470942076296,1.6405287169618532e-05,1.0,8.238005102612078e-05,7495.597526,6791618977,1.0,-0.002257441869005561,0.09992161393165588,-0.0020277530420571566,-1.5606985092163086,-2.2868354320526123,1.2148982286453247,-0.608583927154541,-0.36460888385772705,-0.357584148645401,0.607305109500885
1766052474.489441,0,+Z,10,0.3498956263065338,9.493902325630188e-05,0.4000660479068756,0.00012218559277243912,1.2945838534506038e-05,1.0,9.050154767464846e-05,7495.647527,6791668978,1.0,-0.002150249667465687,0.09998269379138947,-0.0020852943416684866,-1.560697078704834,-2.292184829711914,1.2202812433242798,-0.6086089611053467,-0.3645956814289093,-0.3575769066810608,0.6072922945022583
1766052474.5397358,0,+Z,10,0.34989821910858154,8.608413918409497e-05,0.40006911754608154,0.000128602419863455,1.6751439034123905e-05,1.0,8.500194235239178e-05,7495.697526999999,6791718977,1.0,-0.0021417688112705946,0.09998587518930435,-0.002088871318846941,-1.56075119972229,-2.288595199584961,1.2167274951934814,-0.6085994839668274,-0.3645683526992798,-0.3575825095176697,0.6073148250579834
1766052474.5899775,0,+Z,10,0.34989312291145325,8.977879770100117e-05,0.40007010102272034,0.00012449966743588448,1.79777907760581e-05,1.0,8.7296350102406e-05,7495.747526,6791768977,1.0,-0.002179353730753064,0.09985384345054626,-0.0019986042752861977,-1.5608140230178833,-2.289123296737671,1.2172765731811523,-0.6086012125015259,-0.36453983187675476,-0.3575984239578247,0.6073208451271057
1766052474.640199,0,+Z,10,0.34989386796951294,9.515892452327535e-05,0.40007030963897705,0.00012584215437527746,1.908959893626161e-05,1.0,8.376049663638696e-05,7495.799524,6791820975,1.0,-0.0021514424588531256,0.09975913912057877,-0.0018902817973867059,-1.560858964920044,-2.291543483734131,1.2197072505950928,-0.6086087226867676,-0.36451950669288635,-0.3576124310493469,0.607317328453064
1766052474.6904204,0,+Z,10,0.3498963713645935,9.750958270160481e-05,0.4000682234764099,0.00012584950309246778,1.8025428289547563e-05,1.0,8.786145190242678e-05,7495.849525,6791870976,1.0,-0.0021492757368832827,0.09962151199579239,-0.0018529286608099937,-1.5609081983566284,-2.284470319747925,1.2125784158706665,-0.6085711121559143,-0.36452382802963257,-0.3576419949531555,0.6073349714279175
1766052474.7406356,0,+Z,10,0.3498969078063965,9.720477828523144e-05,0.4000646770000458,0.00012110279931221157,2.1456762624438852e-05,1.0,8.284804789582267e-05,7495.899525999999,6791920976,1.0,-0.0021402044221758842,0.09955763816833496,-0.0018649586709216237,-1.5609098672866821,-2.2877776622772217,1.2158809900283813,-0.6085814833641052,-0.3645226061344147,-0.3576461374759674,0.6073228716850281
1766052474.7908218,0,+Z,10,0.34989944100379944,9.977820445783436e-05,0.4000657796859741,0.00012382250861264765,1.4449086847889703e-05,1.0,7.787559297867119e-05,7495.949527,6791970978,1.0,-0.002071204362437129,0.09966888278722763,-0.0019816835410892963,-1.5609495639801025,-2.2942593097686768,1.2223947048187256,-0.6086070537567139,-0.3644949197769165,-0.3576543629169464,0.6073089838027954
1766052474.8411136,0,+Z,10,0.34989896416664124,0.0001011866916087456,0.40006697177886963,0.00012094158591935411,2.1281219233060256e-05,1.0,8.370927389478311e-05,7495.999527999999,6792020983,1.0,-0.001988155534490943,0.09985151141881943,-0.0020943046547472477,-1.5609327554702759,-2.2996060848236084,1.2277780771255493,-0.6086331605911255,-0.36448606848716736,-0.3576408624649048,0.6072961091995239
1766052474.891348,0,+Z,10,0.34989994764328003,0.00010292355000274256,0.4000673294067383,0.00012073101970599964,2.6493438781471923e-05,1.0,8.184694888768718e-05,7496.049526,6792070982,1.0,-0.0020288603845983744,0.09995762258768082,-0.002115282230079174,-1.5608787536621094,-2.299377679824829,1.2275574207305908,-0.6086373925209045,-0.36450257897377014,-0.3576195538043976,0.6072945594787598
1766052474.941552,0,+Z,10,0.34990164637565613,0.00010670691699488088,0.4000687003135681,0.00011836037447210401,2.2374986656359397e-05,1.0,8.175330731319264e-05,7496.099526,6792120982,1.0,-0.0021301759406924248,0.10001826286315918,-0.0022025241050869226,-1.5608521699905396,-2.295757293701172,1.2239320278167725,-0.6086257100105286,-0.3645157217979431,-0.35760942101478577,0.6073043346405029
1766052474.991725,0,+Z,10,0.34990182518959045,0.00010623599519021809,0.4000687599182129,0.0001162826520157978,2.1904323148191907e-05,1.0,7.777364226058125e-05,7496.149528,6792170984,1.0,-0.0021460941061377525,0.10008389502763748,-0.00220950273796916,-1.560892939567566,-2.2859020233154297,1.2140544652938843,-0.6085850596427917,-0.36451470851898193,-0.3576241433620453,0.6073369979858398
1766052475.0418646,0,+Z,10,0.3499019145965576,0.00010330153600079939,0.40006986260414124,0.0001168559247162193,2.3890013835625723e-05,1.0,8.019305823836476e-05,7496.199525999999,6792220984,1.0,-0.002111549023538828,0.10014675557613373,-0.0021740873344242573,-1.5608587265014648,-2.288663387298584,1.2168630361557007,-0.6086053252220154,-0.3645104169845581,-0.35759955644607544,0.6073337197303772
1766052475.0920098,0,+Z,10,0.34989866614341736,0.00010453057620907202,0.4000711143016815,0.00011394240573281422,2.3844379029469565e-05,1.0,7.87812823546119e-05,7496.249527,6792270986,1.0,-0.0021647994872182608,0.10016315430402756,-0.0021771760657429695,-1.5608546733856201,-2.288266658782959,1.2164711952209473,-0.6086050868034363,-0.3645106554031372,-0.35759642720222473,0.6073356866836548
1766052475.1422586,0,+Z,10,0.3498999774456024,0.0001061298607965,0.40007367730140686,0.00011989894846919924,2.4548113287892193e-05,1.0,7.883636862970889e-05,7496.301528,6792322987,1.0,-0.002183551201596856,0.10008146613836288,-0.0021430354099720716,-1.5608094930648804,-2.2936153411865234,1.2218462228775024,-0.6086313128471375,-0.3645148277282715,-0.3575761020183563,0.6073188781738281
1766052475.1924949,0,+Z,10,0.3498998284339905,0.00010956431651720777,0.40007254481315613,0.00011875190102728084,1.9621757019194774e-05,1.0,7.743726746411994e-05,7496.351527,6792372986,1.0,-0.002109632594510913,0.10001973807811737,-0.002088862005621195,-1.5608268976211548,-2.2933735847473145,1.2215774059295654,-0.6086243987083435,-0.3645172119140625,-0.35759028792381287,0.6073160171508789
1766052475.5449562,0,-Z,1,0.3503974676132202,0.0003477330901660025,0.37987959384918213,-0.00043542886851355433,3.720744280144572e-05,0.9999998807907104,-0.0002102438738802448,7496.703573,6792725041,1.0,-0.0044675590470433235,0.08082450926303864,-0.0010900066699832678,-1.5608865022659302,-2.280749797821045,1.2090688943862915,-0.6085980534553528,-0.36446937918663025,-0.35756805539131165,0.6073841452598572
1766052475.8958585,0,-Z,2,0.35023412108421326,0.0002946576860267669,0.36001917719841003,-0.0003059576847590506,5.208916263654828e-05,0.9999999403953552,-0.0001294504472753033,7497.053526,6793075004,1.0,-0.00390626210719347,0.06059979274868965,-0.0005761156207881868,-1.5601025819778442,-2.2493813037872314,1.1775468587875366,-0.6084997057914734,-0.3648070693016052,-0.3573223054409027,0.6074246168136597
1766052476.2467995,0,-Z,3,0.35003364086151123,0.00022625175188295543,0.3399715721607208,-6.580166518688202e-05,5.150575816514902e-05,1.0,-7.062625809339806e-05,7497.405526,6793427010,1.0,-0.00489261606708169,0.0408712662756443,0.0004287205811124295,-1.5599017143249512,-2.1797447204589844,1.1079670190811157,-0.6082532405853271,-0.3648888170719147,-0.35720574855804443,0.6076908707618713
1766052476.5979824,0,-Z,4,0.34985244274139404,7.81990383984521e-05,0.32008591294288635,9.642154327593744e-05,6.38049968983978e-05,1.0,4.779333175974898e-05,7497.755526,6793777008,1.0,-0.0046771070919930935,0.021019570529460907,0.0010822428157553077,-1.559462547302246,-2.20967435836792,1.1376792192459106,-0.6083436012268066,-0.365098774433136,-0.35712701082229614,0.607520580291748
1766052476.9492917,0,-Z,5,0.3495875298976898,-8.559339767089114e-05,0.3001919686794281,0.0002970609930343926,3.7922240153420717e-05,0.9999999403953552,0.0001815383875509724,7498.107526999999,6794129004,1.0,-0.004517385270446539,0.0006355167715810239,0.0016865853685885668,-1.5596683025360107,-2.2316770553588867,1.1591386795043945,-0.608323335647583,-0.3651820123195648,-0.357374370098114,0.6073453426361084
1766052477.3007061,0,-Z,6,0.34935349225997925,-0.00019722466822713614,0.2803119122982025,0.0005443132249638438,1.1700462891894858e-06,0.9999998211860657,0.0003243967948947102,7498.459526,6794481009,1.0,-0.005070056766271591,-0.018182625994086266,0.001976265572011471,-1.5591797828674316,-2.275308132171631,1.2025146484375,-0.608474612236023,-0.3654043972492218,-0.3573061525821686,0.6071001887321472
1766052477.6518328,0,-Z,7,0.34904971718788147,-0.0003880130825564265,0.26074570417404175,0.000640481011942029,-3.836816540569998e-05,0.9999997019767761,0.0004727625928353518,7498.809526,6794831010,1.0,-0.007757986430078745,-0.03763505816459656,0.0034015194978564978,-1.5573148727416992,-2.1824724674224854,1.1096429824829102,-0.6081357002258301,-0.366117000579834,-0.3566111922264099,0.607418954372406
1766052478.002995,0,-Z,8,0.34882307052612305,-0.0005602890742011368,0.24102994799613953,0.0008082253043539822,-2.6020379664259963e-05,0.999999463558197,0.0006187990074977279,7499.161572999999,6795183053,1.0,-0.008347847498953342,-0.05775588005781174,0.004364644642919302,-1.55672025680542,-2.158846616744995,1.086020827293396,-0.6080335974693298,-0.36633217334747314,-0.3563922345638275,0.6075199246406555
1766052478.4043033,0,-Z,9,0.34914830327033997,-0.00042002322152256966,0.2200196236371994,0.0010570090962573886,4.532264938461594e-05,0.9999992847442627,0.0005086005548946559,7499.563528,6795585018,1.0,-0.008141012862324715,-0.0780048817396164,0.0048883878625929356,-1.5563955307006836,-2.079226493835449,1.0062965154647827,-0.6076145172119141,-0.36648285388946533,-0.35630401968955994,0.6078999638557434
1766052478.8058994,0,-Z,10,0.34902679920196533,-0.0005733889993280172,0.2002059668302536,0.0011114865774288774,2.2611975509789772e-05,0.9999992251396179,0.0006106368964537978,7499.963526,6795985027,1.0,-0.00887341145426035,-0.09718640893697739,0.005727503448724747,-1.5553532838821411,-2.0570569038391113,0.9839100241661072,-0.6074410676956177,-0.3669109642505646,-0.3560049831867218,0.6079902648925781
1766052478.8561323,0,-Z,10,0.34958416223526,-0.00022159999934956431,0.19988253712654114,0.0007838366436772048,-8.226865588767396e-08,0.9999996423721313,0.0003826937754638493,7500.013526,6796035025,1.0,-0.007216372527182102,-0.0973990261554718,0.005818801466375589,-1.555885672569275,-2.060516595840454,0.9870359897613525,-0.6074088215827942,-0.3668259382247925,-0.3562942147254944,0.6079043745994568
1766052478.9063504,0,-Z,10,0.34992220997810364,-6.632327767874813e-06,0.2000163495540619,0.0002999522548634559,1.9572669771150686e-05,0.9999999403953552,0.00017331147682853043,7500.065527,6796087026,1.0,-0.005823640618473291,-0.09752792865037918,0.005733664147555828,-1.557168960571289,-2.114936113357544,1.0413848161697388,-0.6076820492744446,-0.3664010167121887,-0.35676538944244385,0.6076111197471619
1766052478.9566727,0,-Z,10,0.3500936031341553,8.404546679230407e-05,0.20014561712741852,4.112301667191787e-06,-6.380523132065719e-07,1.0,0.00012377920211292803,7500.115526,6796137025,1.0,-0.005049980245530605,-0.09766410291194916,0.005591895896941423,-1.5577231645584106,-2.1573104858398438,1.0837234258651733,-0.6078709363937378,-0.3662111163139343,-0.35697850584983826,0.6074115037918091
1766052479.0068848,0,-Z,10,0.3501361906528473,0.00010477456817170605,0.20024284720420837,-8.815203182166442e-05,1.599170104782388e-06,1.0,0.00010339891741750762,7500.1655279999995,6796187027,1.0,-0.0049560656771063805,-0.09771732985973358,0.005456225946545601,-1.5579698085784912,-2.1774322986602783,1.103843331336975,-0.6079578399658203,-0.3661194443702698,-0.3570718765258789,0.6073248982429504
1766052479.0571365,0,-Z,10,0.35009312629699707,0.00011814153549494222,0.20027507841587067,-0.00012313885963521898,-5.187190254218876e-06,1.0,0.0001341378956567496,7500.215523999999,6796237026,1.0,-0.005270408000797033,-0.09749417752027512,0.005311164539307356,-1.5578910112380981,-2.1924500465393066,1.1189074516296387,-0.608036458492279,-0.3661276698112488,-0.35703516006469727,0.6072627902030945
1766052479.1073582,0,-Z,10,0.3500823974609375,8.829027501633391e-05,0.20031152665615082,-9.30228125071153e-05,8.347763468918856e-06,1.0,0.00011792322766268626,7500.265525999999,6796287028,1.0,-0.005756607744842768,-0.09730706363916397,0.005184369161725044,-1.5577774047851562,-2.180973529815674,1.1075879335403442,-0.6080156564712524,-0.36612409353256226,-0.35694319009780884,0.6073397994041443
1766052479.1575906,0,-Z,10,0.35006073117256165,7.898202602518722e-05,0.20031963288784027,-8.326118404511362e-05,-5.277972832118394e-07,1.0,0.00014215860574040562,7500.315484,6796336987,1.0,-0.00607787910848856,-0.09716551005840302,0.005177869461476803,-1.5576902627944946,-2.1739859580993652,1.1006040573120117,-0.6079861521720886,-0.36615583300590515,-0.35690900683403015,0.6073703169822693
1766052479.2077954,0,-Z,10,0.35004517436027527,7.034747977741063e-05,0.2003205120563507,-6.780948751838878e-05,-2.549831378928502e-06,1.0,0.00014530561747960746,7500.365524999999,6796387027,1.0,-0.006103032268583775,-0.09712207317352295,0.005316553171724081,-1.5576732158660889,-2.1677844524383545,1.0943979024887085,-0.6079569458961487,-0.36616501212120056,-0.35690250992774963,0.6073977947235107
1766052479.2580068,0,-Z,10,0.35003238916397095,6.439762364607304e-05,0.2003215104341507,-5.381115261116065e-05,8.301380489683652e-07,1.0,0.00013577543722931296,7500.415524999999,6796437031,1.0,-0.006035654339939356,-0.0971154198050499,0.0053724623285233974,-1.5576637983322144,-2.1609890460968018,1.087573766708374,-0.6079203486442566,-0.36617887020111084,-0.3569061756134033,0.6074239611625671
1766052479.3081965,0,-Z,10,0.3500262498855591,6.338595994748175e-05,0.20032267272472382,-4.942871964885853e-05,-1.477219711887301e-06,1.0,0.00013831033720634878,7500.467524,6796489031,1.0,-0.005935646593570709,-0.09703970700502396,0.0052634491585195065,-1.5576083660125732,-2.156951665878296,1.083544373512268,-0.6079039573669434,-0.3661969006061554,-0.35688310861587524,0.6074430346488953
1766052479.358357,0,-Z,10,0.35002249479293823,6.139836477814242e-05,0.20032314956188202,-5.001793397241272e-05,2.270975073770387e-06,1.0,0.00014298908354248852,7500.517524999999,6796539031,1.0,-0.005906370934098959,-0.09705039858818054,0.005225147120654583,-1.5575820207595825,-2.1557135581970215,1.0823146104812622,-0.6079001426696777,-0.3662039041519165,-0.3568709194660187,0.6074497699737549
1766052479.408521,0,-Z,10,0.3500199019908905,5.996636537020095e-05,0.2003214955329895,-5.1774266466964036e-05,-3.5328739613760263e-06,1.0,0.0001514934265287593,7500.567526,6796589033,1.0,-0.005970319267362356,-0.09709879755973816,0.005281517282128334,-1.5575129985809326,-2.1511802673339844,1.0777671337127686,-0.6078773140907288,-0.36623355746269226,-0.3568498492240906,0.6074671745300293
1766052479.4587002,0,-Z,10,0.35001736879348755,5.7605167967267334e-05,0.20032016932964325,-5.324408630258404e-05,4.944692591379862e-06,1.0,0.0001586891885381192,7500.617525,6796639037,1.0,-0.006002797279506922,-0.09715618193149567,0.005337049253284931,-1.5574862957000732,-2.152897596359253,1.0794824361801147,-0.6078853607177734,-0.3662431240081787,-0.3568413257598877,0.6074582934379578
1766052479.508867,0,-Z,10,0.35001638531684875,5.445191345643252e-05,0.20032331347465515,-4.9745292926672846e-05,2.1862836092623184e-06,1.0,0.00014782045036554337,7500.667525999999,6796689037,1.0,-0.0059760212898254395,-0.09718672931194305,0.005360427312552929,-1.5575062036514282,-2.1565065383911133,1.0830283164978027,-0.6078904867172241,-0.3662545084953308,-0.35686829686164856,0.6074304580688477
1766052479.559037,0,-Z,10,0.3500155508518219,5.448735464597121e-05,0.20032566785812378,-4.7844325308687985e-05,-1.7929240812009084e-06,1.0,0.00014762088540010154,7500.717535,6796739047,1.0,-0.006055284757167101,-0.09720239043235779,0.0052910069935023785,-1.557542324066162,-2.1566970348358154,1.0831888914108276,-0.6078853607177734,-0.3662508428096771,-0.3568902015686035,0.6074249744415283
1766052479.6092622,0,-Z,10,0.35001280903816223,5.2669085562229156e-05,0.20032384991645813,-5.1596529374364763e-05,4.149650578710862e-07,1.0,0.0001517006749054417,7500.767524,6796789036,1.0,-0.006101488601416349,-0.09727554768323898,0.005187643226236105,-1.557552695274353,-2.1585347652435303,1.0850189924240112,-0.6078923940658569,-0.36624908447265625,-0.35689669847488403,0.6074151992797852
1766052479.6595664,0,-Z,10,0.3500138223171234,5.4168678616406396e-05,0.2003253698348999,-4.945160253555514e-05,-5.8425839597475715e-06,1.0,0.0001554269838379696,7500.817529,6796839046,1.0,-0.006118658930063248,-0.0973535031080246,0.005169240292161703,-1.557509422302246,-2.15738582611084,1.0838078260421753,-0.6078763008117676,-0.36628347635269165,-0.3568999469280243,0.6074086427688599
1766052479.7098148,0,-Z,10,0.3500138223171234,5.186440466786735e-05,0.2003265619277954,-4.754094698000699e-05,-1.8948859406009433e-06,1.0,0.00015346508007496595,7500.867526,6796889043,1.0,-0.006055531091988087,-0.09739235788583755,0.0052621751092374325,-1.5575461387634277,-2.1589226722717285,1.0853747129440308,-0.607888400554657,-0.3662610948085785,-0.3569042384624481,0.6074075102806091
1766052479.7600353,0,-Z,10,0.3500119745731354,5.231132308836095e-05,0.20032884180545807,-4.930333307129331e-05,2.6761358640214894e-06,1.0,0.00015798857202753425,7500.917527,6796939044,1.0,-0.005907544866204262,-0.09731968492269516,0.005298871546983719,-1.5575883388519287,-2.1568539142608643,1.083329677581787,-0.6078823804855347,-0.3662395477294922,-0.3569115400314331,0.6074221730232239
1766052479.810352,0,-Z,10,0.35001063346862793,5.1376093324506655e-05,0.20033098757266998,-5.026991493650712e-05,-3.767164116652566e-06,1.0,0.00015620079648215324,7500.9695249999995,6796991041,1.0,-0.005841343197971582,-0.0972202718257904,0.005326122045516968,-1.5576297044754028,-2.1572682857513428,1.083725929260254,-0.6078804135322571,-0.36623039841651917,-0.35693174600601196,0.6074178814888
1766052479.860611,0,-Z,10,0.35000938177108765,5.031630280427635e-05,0.2003326416015625,-5.069436883786693e-05,2.967279215226881e-06,1.0,0.0001531555608380586,7501.0195269999995,6797041044,1.0,-0.005862353835254908,-0.09717478603124619,0.005339587107300758,-1.557684063911438,-2.154285430908203,1.0807623863220215,-0.6078692674636841,-0.3662061095237732,-0.3569445312023163,0.6074361801147461
1766052479.9108224,0,-Z,10,0.3500087559223175,5.034152854932472e-05,0.20033353567123413,-5.0943082896992564e-05,-6.254969775909558e-06,1.0,0.00015881232684478164,7501.069522999999,6797091040,1.0,-0.0058639319613575935,-0.09704753011465073,0.005318342708051205,-1.5576471090316772,-2.157508373260498,1.0839403867721558,-0.6078765392303467,-0.3662320375442505,-0.3569457530975342,0.6074125170707703
1766052479.9611013,0,-Z,10,0.35000863671302795,4.770882151206024e-05,0.2003353387117386,-5.373490785132162e-05,1.226630729433964e-06,1.0,0.0001594801724422723,7501.119527,6797141045,1.0,-0.005855811759829521,-0.09698282182216644,0.005184909328818321,-1.5576810836791992,-2.1605045795440674,1.0869646072387695,-0.607895016670227,-0.36621081829071045,-0.3569500148296356,0.6074042916297913
1766052480.011351,0,-Z,10,0.3500092029571533,4.7706951590953395e-05,0.20033758878707886,-4.9937745643546805e-05,2.2055996851122472e-06,1.0,0.00015561193868052214,7501.169527999999,6797191045,1.0,-0.005852966103702784,-0.09699352830648422,0.00513714924454689,-1.5577031373977661,-2.163295030593872,1.0897117853164673,-0.6078996062278748,-0.3662154972553253,-0.3569716215133667,0.6073841452598572
1766052480.061601,0,-Z,10,0.3500058352947235,4.867011739406735e-05,0.20033562183380127,-5.499194230651483e-05,-2.2980138965067454e-06,1.0,0.00016239157412201166,7501.219526,6797241045,1.0,-0.005903330631554127,-0.09701525419950485,0.005034963134676218,-1.5576809644699097,-2.1666295528411865,1.0930205583572388,-0.6079107522964478,-0.3662302494049072,-0.35697248578071594,0.6073636412620544
1766052480.1118863,0,-Z,10,0.35000622272491455,4.526623888523318e-05,0.2003345489501953,-5.6013770517893136e-05,-8.411787348450162e-06,1.0,0.00016376771964132786,7501.269526,6797291045,1.0,-0.005920423194766045,-0.09711765497922897,0.004959436599165201,-1.5576121807098389,-2.1709952354431152,1.0973777770996094,-0.6079307794570923,-0.3662557899951935,-0.3569519817829132,0.6073402166366577
1766052480.1621165,0,-Z,10,0.3500073552131653,4.1477076592855155e-05,0.20033520460128784,-5.697596134268679e-05,-9.437827429792378e-06,1.0,0.00016680588305462152,7501.319528999999,6797341047,1.0,-0.005931805353611708,-0.09720949828624725,0.00501422630622983,-1.5576444864273071,-2.164971351623535,1.0913474559783936,-0.6079009771347046,-0.36624807119369507,-0.3569636344909668,0.6073678135871887
1766052480.2123516,0,-Z,10,0.3500082790851593,3.9471269701607525e-05,0.20033633708953857,-5.394945037551224e-05,8.017897812351293e-07,1.0,0.0001608244638191536,7501.371526999999,6797393045,1.0,-0.00595391308888793,-0.09727522730827332,0.005042846780270338,-1.5576727390289307,-2.1640982627868652,1.0905089378356934,-0.6079027652740479,-0.36622780561447144,-0.3569629192352295,0.6073786616325378
1766052480.2626133,0,-Z,10,0.35000860691070557,4.32277811341919e-05,0.20033785700798035,-5.1221606554463506e-05,-4.349167738837423e-06,1.0,0.00016268303443212062,7501.421569,6797443092,1.0,-0.005939073394984007,-0.09724481403827667,0.0050320737063884735,-1.55762779712677,-2.171236515045166,1.0977054834365845,-0.6079474091529846,-0.36622393131256104,-0.3569313585758209,0.6073548793792725
1766052480.3129296,0,-Z,10,0.35000744462013245,4.15888789575547e-05,0.20033669471740723,-5.3050964197609574e-05,-4.972999931851518e-07,1.0,0.00016253828653134406,7501.471527,6797493050,1.0,-0.005914893001317978,-0.09717915952205658,0.005009290296584368,-1.5576140880584717,-2.171902894973755,1.0984231233596802,-0.6079602241516113,-0.3662129342556,-0.3569110929965973,0.6073606610298157
1766052480.363221,0,-Z,10,0.3500065803527832,4.153329064138234e-05,0.20033617317676544,-5.3553787438431755e-05,-4.166394774074433e-06,1.0,0.0001662524591665715,7501.521567999999,6797543090,1.0,-0.005921500269323587,-0.09714751690626144,0.0050341603346168995,-1.5575867891311646,-2.1719553470611572,1.0984727144241333,-0.6079605221748352,-0.36622336506843567,-0.35690227150917053,0.6073592305183411
1766052480.4135418,0,-Z,10,0.35000520944595337,4.053520751767792e-05,0.20033596456050873,-5.50884215044789e-05,-7.47939111533924e-06,1.0,0.00016899631009437144,7501.571526,6797593049,1.0,-0.005943064112216234,-0.09710416942834854,0.005053610075265169,-1.5576064586639404,-2.1719260215759277,1.0984138250350952,-0.6079545021057129,-0.3662255108356476,-0.3569182753562927,0.6073545217514038
1766052480.4638066,0,-Z,10,0.3500065803527832,3.9316735637839884e-05,0.2003372758626938,-5.1098457333864644e-05,-2.760576990112895e-06,1.0,0.00016493521980009973,7501.621576,6797643098,1.0,-0.005996454507112503,-0.09719078242778778,0.005049371626228094,-1.557607889175415,-2.1735191345214844,1.1000173091888428,-0.6079638004302979,-0.3662213385105133,-0.35691606998443604,0.6073490381240845
1766052480.51403,0,-Z,10,0.3500068485736847,4.112625174457207e-05,0.20033854246139526,-4.8449772293679416e-05,-2.7825331017083954e-06,1.0,0.0001633132342249155,7501.671531999999,6797693053,1.0,-0.00596279464662075,-0.09716366976499557,0.005014977417886257,-1.557623267173767,-2.1741645336151123,1.1006646156311035,-0.6079668402671814,-0.36621513962745667,-0.35692116618156433,0.607346773147583
1766052480.5642493,0,-Z,10,0.3500041663646698,4.05927567044273e-05,0.200337752699852,-5.221182436798699e-05,-2.9310185709618963e-06,1.0,0.00016316679830197245,7501.723524,6797745046,1.0,-0.005855323281139135,-0.09709019213914871,0.004960155580192804,-1.5576138496398926,-2.1771399974823,1.1036455631256104,-0.6079818606376648,-0.36621588468551636,-0.3569171130657196,0.6073336601257324
1766052480.6144469,0,-Z,10,0.35000407695770264,4.2411160393385217e-05,0.20033970475196838,-5.222199251875281e-05,-6.156606559670763e-06,1.0,0.0001667214382905513,7501.773526,6797795048,1.0,-0.005740385968238115,-0.09699093550443649,0.004879285115748644,-1.55753755569458,-2.184507131576538,1.1109904050827026,-0.608013927936554,-0.36624693870544434,-0.3568994104862213,0.6072931885719299
1766052480.6646483,0,-Z,10,0.35000279545783997,4.308596544433385e-05,0.20034046471118927,-5.359575152397156e-05,-3.9047590689733624e-06,1.0,0.00016754171520005912,7501.8235669999995,6797845091,1.0,-0.005679266527295113,-0.09692125767469406,0.004801338538527489,-1.5575087070465088,-2.190248489379883,1.1167218685150146,-0.6080397367477417,-0.3662579357624054,-0.3568943738937378,0.6072636842727661
1766052480.7148454,0,-Z,10,0.35000351071357727,4.222937423037365e-05,0.20034298300743103,-4.9741418479243293e-05,2.5725944396981504e-06,1.0,0.00015867983165662736,7501.873525,6797895050,1.0,-0.005724926013499498,-0.09696769714355469,0.004758051130920649,-1.5575376749038696,-2.1875946521759033,1.1140811443328857,-0.6080289483070374,-0.3662447929382324,-0.35689958930015564,0.607279360294342
1766052480.7650793,0,-Z,10,0.3500007390975952,4.526455086306669e-05,0.20034320652484894,-5.165860056877136e-05,-4.730370164907072e-06,1.0,0.00016145136032719165,7501.923527,6797945052,1.0,-0.00581458630040288,-0.09705746173858643,0.004700032062828541,-1.5574954748153687,-2.188176393508911,1.1146694421768188,-0.6080339550971985,-0.3662573993206024,-0.3568829298019409,0.6072764992713928
1766052480.815317,0,-Z,10,0.35000061988830566,4.470490966923535e-05,0.20034341514110565,-5.299927215673961e-05,1.995671709664748e-06,1.0,0.00016208202578127384,7501.973526,6797995051,1.0,-0.005859500728547573,-0.09714335203170776,0.00472364341840148,-1.5575169324874878,-2.189086675643921,1.115576148033142,-0.608036994934082,-0.3662506341934204,-0.356891930103302,0.6072722673416138
