wall_time,repeat_idx,direction,interp_idx,flexiv_x,flexiv_y,flexiv_z,flexiv_rw,flexiv_rx,flexiv_ry,flexiv_rz,slam_host_ts,slam_edge_ts,slam_confidence,slam_x,slam_y,slam_z,slam_roll,slam_pitch,slam_yaw,slam_qw,slam_qx,slam_qy,slam_qz
1766058113.3100572,0,+X,1,0.46485722064971924,0.008336884900927544,0.3698488175868988,0.5511095523834229,0.011602571234107018,0.8342755436897278,-0.011312060989439487,13134.467455,12430488470,1.0,-0.00018940975132863969,-0.0005826615961268544,-0.008495815098285675,-0.4084269404411316,-0.0006345561123453081,-0.0006763394339941442,-0.20279690623283386,-0.0003792650531977415,-0.0003954858402721584,0.9792206883430481
1766058113.661978,0,+X,2,0.47491541504859924,0.008523750118911266,0.3694286346435547,0.5514245629310608,0.011797039769589901,0.8340593576431274,-0.01169592048972845,13134.819443999999,12430840467,1.0,-0.000682310143020004,-0.0022457558661699295,-0.017854832112789154,-0.40756288170814514,0.0002962522266898304,-0.0007845676736906171,-0.20237401127815247,6.567308446392417e-05,-0.0003541899495758116,0.9793082475662231
1766058114.0138514,0,+X,3,0.4848959445953369,0.008618197403848171,0.3691067695617676,0.5516860485076904,0.011975010856986046,0.8338803052902222,-0.011948831379413605,13135.171419999999,12431192451,1.0,0.0002741400385275483,-0.00329760555177927,-0.02833367884159088,-0.406880646944046,0.0012663708766922355,-0.0012560506584122777,-0.20204021036624908,0.0004932411247864366,-0.0004871449200436473,0.9793769717216492
1766058114.3656585,0,+X,4,0.49488916993141174,0.008663363754749298,0.3688422739505768,0.5519187450408936,0.01206476055085659,0.8337231874465942,-0.012074303813278675,13135.523466999999,12431544503,1.0,-0.0007468037074431777,-0.0037059716414660215,-0.03726005554199219,-0.40712881088256836,0.002126590581610799,-0.002118749311193824,-0.20216229557991028,0.0008271753322333097,-0.0008225430501624942,0.9793513417243958
1766058114.7168312,0,+X,5,0.5048561096191406,0.008742201142013073,0.36866557598114014,0.5520524978637695,0.012129371054470539,0.8336323499679565,-0.012166235595941544,13135.875423,12431896463,1.0,0.0004425469087436795,-0.004122413694858551,-0.04837751016020775,-0.40777814388275146,0.0028579887002706528,-0.002939258934929967,-0.2024810016155243,0.0011018236400559545,-0.0011498448438942432,0.9792848825454712
1766058115.0681832,0,+X,6,0.5148619413375854,0.008766821585595608,0.36854180693626404,0.5521787405014038,0.012201618403196335,0.8335464596748352,-0.012248802930116653,13136.227440999999,12432248484,1.0,6.2380830058828e-05,-0.0043091801926493645,-0.05783598870038986,-0.4075150489807129,0.0030512402299791574,-0.0028773583471775055,-0.20235224068164825,0.00120294070802629,-0.0011002056999132037,0.979311466217041
1766058115.419422,0,+X,7,0.524840235710144,0.008752197027206421,0.36848345398902893,0.552273154258728,0.012197953648865223,0.8334835767745972,-0.01227412186563015,13136.577532,12432598579,1.0,0.00039837509393692017,-0.005083128809928894,-0.0688638761639595,-0.40755829215049744,0.0035244603641331196,-0.003175330115482211,-0.20237389206886292,0.0014044665731489658,-0.001198186306282878,0.9793065786361694
1766058115.7203865,0,+X,8,0.5340113639831543,0.008205120451748371,0.368905246257782,0.5521917343139648,0.012058673426508904,0.8335418701171875,-0.012118029408156872,13136.879520999999,12432900566,1.0,-0.000927802873775363,-0.0032742777839303017,-0.07668116688728333,-0.4087499976158142,0.002979047829285264,-0.003075361717492342,-0.20295698940753937,0.0011464419076219201,-0.0012033701641485095,0.9791862368583679
1766058116.0212827,0,+X,9,0.5440882444381714,0.008234580978751183,0.3688403069972992,0.5522421598434448,0.012041413225233555,0.8335089087486267,-0.01210596039891243,13137.179441,12433200493,1.0,-0.00019208584853913635,-0.004249809309840202,-0.08755595237016678,-0.4087095856666565,0.0025968304835259914,-0.0031756944954395294,-0.20293700695037842,0.0009491660166531801,-0.0012913114624097943,0.979190468788147
1766058116.3223977,0,+X,10,0.5540856122970581,0.00825174804776907,0.36887261271476746,0.5521880388259888,0.012018492445349693,0.8335446119308472,-0.012137390673160553,13137.481568,12433502625,1.0,-0.0010303384624421597,-0.003321895143017173,-0.0961989089846611,-0.40903571248054504,0.002385174622759223,-0.0034681649412959814,-0.2030966728925705,0.00081554742064327,-0.0014557322720065713,0.9791572690010071
1766058116.3726435,0,+X,10,0.5549341440200806,0.008829047903418541,0.3684251308441162,0.5524075627326965,0.012195687741041183,0.8333942294120789,-0.012297973968088627,13137.531561,12433552621,1.0,0.0001032540894811973,-0.004289083182811737,-0.09719296544790268,-0.4086804687976837,0.0028819157741963863,-0.0037054968997836113,-0.2029232233762741,0.0010350147495046258,-0.0015217990148812532,0.9791929125785828
1766058116.4228292,0,+X,10,0.5551816821098328,0.009142499417066574,0.3681800961494446,0.5525133609771729,0.012340107932686806,0.8333194255828857,-0.01246759295463562,13137.581589,12433602649,1.0,0.0009066406637430191,-0.004871040116995573,-0.09731752425432205,-0.40846771001815796,0.003491393756121397,-0.003906032769009471,-0.20281963050365448,0.001313307206146419,-0.0015583658823743463,0.9792140126228333
1766058116.4729981,0,+X,10,0.5552006959915161,0.009207974188029766,0.36813125014305115,0.5525339841842651,0.012416564859449863,0.8333042860031128,-0.012490314431488514,13137.631582,12433652642,1.0,0.0012790668988600373,-0.005068275146186352,-0.09714812785387039,-0.4084375500679016,0.0037960989866405725,-0.003970550838857889,-0.20280516147613525,0.0014559854753315449,-0.0015590883558616042,0.9792168140411377
1766058116.5231678,0,+X,10,0.5551424622535706,0.00918558333069086,0.3681386411190033,0.5525327324867249,0.012383718974888325,0.833305299282074,-0.012511393055319786,13137.681583,12433702643,1.0,0.0015066114719957113,-0.005323066376149654,-0.09724752604961395,-0.40838509798049927,0.003963004797697067,-0.0040097529999911785,-0.2027796357870102,0.0015337907243520021,-0.0015614189906045794,0.9792219400405884
1766058116.5733411,0,+X,10,0.5550929307937622,0.009143072180449963,0.36817994713783264,0.5525240898132324,0.01239150669425726,0.8333110213279724,-0.012503506615757942,13137.731499,12433752563,1.0,0.0014304791111499071,-0.005313783884048462,-0.09736013412475586,-0.4083799719810486,0.004074041731655598,-0.0039970967918634415,-0.2027771919965744,0.0015894449315965176,-0.0015439704293385148,0.9792224168777466
1766058116.6235523,0,+X,10,0.5550636649131775,0.009119059890508652,0.3682142496109009,0.5525068044662476,0.0123790567740798,0.8333228826522827,-0.012486840598285198,13137.781565,12433802629,1.0,0.001017624163068831,-0.005043996497988701,-0.09726060926914215,-0.40836188197135925,0.0041262065060436726,-0.004033440258353949,-0.20276841521263123,0.0016113221645355225,-0.0015564976492896676,0.9792241454124451
1766058116.6737258,0,+X,10,0.5550394058227539,0.00910247303545475,0.36822381615638733,0.5525035262107849,0.012378149665892124,0.8333249092102051,-0.012496920302510262,13137.831462999999,12433852526,1.0,0.0006390599883161485,-0.004718013107776642,-0.09720323979854584,-0.4083625376224518,0.004227399826049805,-0.004082906991243362,-0.20276884734630585,0.0016558516072109342,-0.0015704568941146135,0.9792239665985107
1766058116.7239606,0,+X,10,0.5550349354743958,0.00909452885389328,0.36822709441185,0.5525009036064148,0.012374671176075935,0.8333266973495483,-0.012499134987592697,13137.881506,12433902570,1.0,0.00046793013461865485,-0.00456542894244194,-0.0972704067826271,-0.408414363861084,0.004296612460166216,-0.004121477250009775,-0.20279431343078613,0.0016857651062309742,-0.0015822590794414282,0.979218602180481
1766058116.7741826,0,+X,10,0.5550344586372375,0.009095078334212303,0.3682243525981903,0.5525023937225342,0.012371922843158245,0.8333258628845215,-0.012490924447774887,13137.933528,12433954594,1.0,0.0005841187085025012,-0.004556700587272644,-0.09739374369382858,-0.40841013193130493,0.004285105969756842,-0.004076941404491663,-0.2027921974658966,0.0016846524085849524,-0.001561625744216144,0.9792190790176392
1766058116.824366,0,+X,10,0.5550310611724854,0.009094283916056156,0.3682178854942322,0.5525068640708923,0.01237246673554182,0.8333228230476379,-0.012495479546487331,13137.983499,12434004565,1.0,0.0007323335739783943,-0.004697294905781746,-0.09747938066720963,-0.40843746066093445,0.004319059196859598,-0.004095576237887144,-0.20280562341213226,0.0016993532190099359,-0.0015672723529860377,0.9792162775993347
1766058116.8746402,0,+X,10,0.5550331473350525,0.009088204242289066,0.3682188391685486,0.5525137782096863,0.012372800149023533,0.8333181142807007,-0.012501604855060577,13138.033433999999,12434054499,1.0,0.0008558997069485486,-0.004856427665799856,-0.09759777784347534,-0.4084286093711853,0.004360608756542206,-0.004147553816437721,-0.20280136168003082,0.0017144365701824427,-0.0015885191969573498,0.9792171120643616
1766058116.9248533,0,+X,10,0.5550307631492615,0.009087285958230495,0.36821508407592773,0.5525123476982117,0.012372001074254513,0.8333191275596619,-0.012499267235398293,13138.083435999999,12434104501,1.0,0.0008794396999292076,-0.0049109128303825855,-0.09751883149147034,-0.4083632230758667,0.004311700817197561,-0.0041712806560099125,-0.20276932418346405,0.001688165939413011,-0.0016051779966801405,0.9792237877845764
1766058116.9750645,0,+X,10,0.5550298094749451,0.009085262194275856,0.36821433901786804,0.552513062953949,0.012373054400086403,0.8333186507225037,-0.012501777149736881,13138.133432999999,12434154490,1.0,0.0007078898488543928,-0.004661710001528263,-0.0971532091498375,-0.4083813726902008,0.004371524788439274,-0.0042505329474806786,-0.20277833938598633,0.0017093984642997384,-0.0016378924483433366,0.9792218208312988
1766058117.0252144,0,+X,10,0.5550298690795898,0.009084046818315983,0.36821457743644714,0.5525119304656982,0.01237077359110117,0.8333194255828857,-0.012500656768679619,13138.183528,12434204585,1.0,0.000508159282617271,-0.004472291097044945,-0.09682036191225052,-0.40832605957984924,0.004436626564711332,-0.0043578799813985825,-0.20275139808654785,0.001730460673570633,-0.0016839222516864538,0.9792272448539734
1766058117.0753593,0,+X,10,0.5550280213356018,0.009085954166948795,0.3682151734828949,0.5525134801864624,0.012372395023703575,0.8333183526992798,-0.012503097765147686,13138.233433,12434254490,1.0,0.0005186776397749782,-0.00442663487046957,-0.09674292057752609,-0.40828701853752136,0.004358053207397461,-0.0043291011825203896,-0.20273219048976898,0.0016949577257037163,-0.0016778473509475589,0.9792312979698181
1766058117.1255052,0,+X,10,0.5550268292427063,0.00908546894788742,0.3682170808315277,0.5525155067443848,0.012368269264698029,0.83331698179245,-0.012507699429988861,13138.283612,12434304669,1.0,0.0005130490753799677,-0.004409024491906166,-0.09681425988674164,-0.4082866311073303,0.004344933666288853,-0.0043725124560296535,-0.20273202657699585,0.001684134011156857,-0.001700432738289237,0.9792313575744629
1766058117.1756148,0,+X,10,0.5550246834754944,0.009083494544029236,0.3682139813899994,0.5525112152099609,0.012378687039017677,0.8333197236061096,-0.012502338737249374,13138.333567,12434354624,1.0,0.0003604478552006185,-0.004269848577678204,-0.09676620364189148,-0.4082999527454376,0.004386807791888714,-0.004364346154034138,-0.20273858308792114,0.0017054469790309668,-0.001692172372713685,0.9792299270629883
1766058117.2257845,0,+X,10,0.5550236105918884,0.00908411480486393,0.36821553111076355,0.5525137782096863,0.01237214170396328,0.8333181142807007,-0.012505782768130302,13138.383645,12434404702,1.0,0.0002047121961368248,-0.004169762134552002,-0.09664025902748108,-0.40827125310897827,0.004393856972455978,-0.004397233482450247,-0.20272456109523773,0.0017056019278243184,-0.001707597402855754,0.9792328476905823
1766058117.2759473,0,+X,10,0.5550228357315063,0.00908092875033617,0.36821305751800537,0.5525117516517639,0.012370648793876171,0.8333194255828857,-0.01250600814819336,13138.433562,12434454619,1.0,7.605793507536873e-05,-0.004085222724825144,-0.09653005748987198,-0.40824374556541443,0.004469696898013353,-0.004451449029147625,-0.20271120965480804,0.0017372750444337726,-0.0017264912603423,0.9792355298995972
1766058117.3261147,0,+X,10,0.5550233721733093,0.00907945167273283,0.3682118058204651,0.5525120496749878,0.012372160330414772,0.8333193063735962,-0.012502308934926987,13138.483665,12434504722,1.0,3.462103268248029e-05,-0.00398355582728982,-0.09644876420497894,-0.4081864058971405,0.004421328194439411,-0.004424073733389378,-0.20268306136131287,0.0017164426390081644,-0.0017180650029331446,0.9792413711547852
1766058117.3762634,0,+X,10,0.5550251603126526,0.009077385067939758,0.36821386218070984,0.5525179505348206,0.012373375706374645,0.833315372467041,-0.012502009980380535,13138.535569,12434556630,1.0,-2.218231384176761e-05,-0.0038973584305495024,-0.0963258370757103,-0.40820515155792236,0.00440407358109951,-0.004436681512743235,-0.20269224047660828,0.0017066921573132277,-0.0017259621527045965,0.9792394638061523
1766058117.426469,0,+X,10,0.555022120475769,0.009078803472220898,0.36820968985557556,0.5525159239768982,0.012370348908007145,0.8333167433738708,-0.01250399649143219,13138.585509999999,12434606570,1.0,-1.4836600712442305e-05,-0.0038837131578475237,-0.09624018520116806,-0.40818458795547485,0.0043504927307367325,-0.0044186972081661224,-0.20268210768699646,0.0016823072219267488,-0.001722613349556923,0.9792416095733643
1766058117.4766662,0,+X,10,0.555020272731781,0.009079065173864365,0.3682107925415039,0.5525143146514893,0.012371204793453217,0.8333178162574768,-0.01250340137630701,13138.635527999999,12434656588,1.0,0.00027271974249742925,-0.004207442980259657,-0.09640179574489594,-0.40817487239837646,0.004313252866268158,-0.004399765748530626,-0.20267729461193085,0.001666005002334714,-0.0017171306535601616,0.9792426824569702
1766058117.526829,0,+X,10,0.5550212860107422,0.009078345261514187,0.36821305751800537,0.5525181293487549,0.012370670214295387,0.8333153128623962,-0.012502268888056278,13138.685517,12434706578,1.0,0.0006809838232584298,-0.004626699257642031,-0.09668858349323273,-0.4081520438194275,0.004351798910647631,-0.004445667844265699,-0.20266619324684143,0.0016802562167868018,-0.0017357285832986236,0.9792448878288269
1766058117.5770223,0,+X,10,0.5550205111503601,0.009076482616364956,0.3682105541229248,0.5525169372558594,0.012365753762423992,0.8333160877227783,-0.012505506165325642,13138.735515999999,12434756580,1.0,0.0007754010730423033,-0.004668006207793951,-0.09678162634372711,-0.40816161036491394,0.004381921142339706,-0.004486708901822567,-0.20267093181610107,0.0016908332472667098,-0.0017527583986520767,0.9792438745498657
1766058117.6272192,0,+X,10,0.5550181269645691,0.009078240022063255,0.3682088851928711,0.552516758441925,0.012365083210170269,0.8333162069320679,-0.012506146915256977,13138.785593999999,12434806658,1.0,0.0007929853745736182,-0.004630747251212597,-0.09679249674081802,-0.408159464597702,0.004417967516928911,-0.004524591378867626,-0.20266994833946228,0.0017046465072780848,-0.001767656416632235,0.9792440533638
1766058117.677416,0,+X,10,0.555019199848175,0.009077027440071106,0.36820992827415466,0.552518904209137,0.0123725775629282,0.8333147168159485,-0.01250380463898182,13138.835493999999,12434856558,1.0,0.0008650230593048036,-0.0047153569757938385,-0.09682998806238174,-0.40815556049346924,0.00445036543533206,-0.004537710454314947,-0.20266808569431305,0.0017191849183291197,-0.001770801842212677,0.9792443513870239
1766058117.7276218,0,+X,10,0.555020272731781,0.00907574500888586,0.3682101368904114,0.5525182485580444,0.01237020269036293,0.8333151936531067,-0.01250403095036745,13138.885502,12434906567,1.0,0.0008267420926131308,-0.00471982778981328,-0.09679342061281204,-0.40811625123023987,0.0044616153463721275,-0.004549822770059109,-0.20264886319637299,0.0017235183622688055,-0.001775644370354712,0.9792483448982239
1766058117.777843,0,+X,10,0.5550205111503601,0.009075217880308628,0.3682118356227875,0.5525164008140564,0.0123690040782094,0.833316445350647,-0.012504911981523037,13138.935507,12434956577,1.0,0.0008184549515135586,-0.00471793906763196,-0.09677432477474213,-0.40815991163253784,0.004373135045170784,-0.004503926727920771,-0.2026701271533966,0.0016847888473421335,-0.0017620811704546213,0.9792440533638
1766058117.828156,0,+X,10,0.5550209283828735,0.009075281210243702,0.368214875459671,0.5525194406509399,0.012373751029372215,0.8333143591880798,-0.012502778321504593,13138.985505999999,12435006576,1.0,0.0006317763472907245,-0.004552974831312895,-0.09670673310756683,-0.4081595838069916,0.004359401762485504,-0.0044867065735161304,-0.2026699334383011,0.001679810113273561,-0.001755041885189712,0.9792441129684448
1766058117.878365,0,+X,10,0.5550177693367004,0.009077229537069798,0.3682123124599457,0.5525168776512146,0.012372400611639023,0.8333160281181335,-0.012505956925451756,13139.037500999999,12435058570,1.0,0.0006510888342745602,-0.004535841289907694,-0.09683290868997574,-0.4081660807132721,0.004310280084609985,-0.0044506690464913845,-0.2026730328798294,0.0016594026237726212,-0.0017423663521185517,0.9792435169219971
1766058117.9286244,0,+X,10,0.5550156235694885,0.009077565744519234,0.36821261048316956,0.5525164604187012,0.012371880933642387,0.8333162665367126,-0.01251090969890356,13139.087502999999,12435108572,1.0,0.0009385382873006165,-0.004705987870693207,-0.09717151522636414,-0.408160924911499,0.004322954919189215,-0.0044496445916593075,-0.20267052948474884,0.0016657189698889852,-0.0017405871767550707,0.9792439937591553
1766058117.9788024,0,+X,10,0.5550152659416199,0.009079884737730026,0.36821249127388,0.5525144934654236,0.01237289048731327,0.8333175778388977,-0.012507890351116657,13139.137501,12435158575,1.0,0.0010939096100628376,-0.004942410625517368,-0.09749109297990799,-0.40816402435302734,0.0043396116234362125,-0.004473589360713959,-0.202672079205513,0.0016714438097551465,-0.0017506190342828631,0.9792436957359314
1766058118.028955,0,+X,10,0.555017352104187,0.009079295210540295,0.3682159185409546,0.5525168776512146,0.012372776865959167,0.8333159685134888,-0.012510431930422783,13139.187500999999,12435208574,1.0,0.0009586168453097343,-0.0049233222380280495,-0.09743073582649231,-0.40814268589019775,0.0043485513888299465,-0.004468774423003197,-0.2026616334915161,0.0016763368621468544,-0.0017473832704126835,0.9792458415031433
1766058118.079129,0,+X,10,0.5550155639648438,0.009080233983695507,0.36821651458740234,0.5525180101394653,0.012372087687253952,0.8333152532577515,-0.01250913180410862,13139.237502,12435258576,1.0,0.0006713205948472023,-0.004744391422718763,-0.09709449112415314,-0.4081094563007355,0.004381841514259577,-0.004515693057328463,-0.2026454359292984,0.0016879263566806912,-0.001767025445587933,0.979249119758606
1766058118.1292918,0,+X,10,0.5550138354301453,0.00907930638641119,0.3682135045528412,0.5525165796279907,0.012374536134302616,0.8333162069320679,-0.012508850544691086,13139.287435,12435308509,1.0,0.00016239756951108575,-0.004286931827664375,-0.09652014821767807,-0.4081021845340729,0.004331937525421381,-0.004466120153665543,-0.2026417851448059,0.0016685245791450143,-0.0017478191293776035,0.9792499542236328
1766058118.1794918,0,+X,10,0.5550138354301453,0.009078597649931908,0.36821284890174866,0.5525152683258057,0.012375588528811932,0.83331698179245,-0.01251052226871252,13139.33751,12435358584,1.0,-8.73656608746387e-05,-0.004127969965338707,-0.0962202176451683,-0.408071368932724,0.0043438454158604145,-0.004468340426683426,-0.20262672007083893,0.0016741703730076551,-0.0017477396177127957,0.9792530536651611
1766058118.2296264,0,+X,10,0.5550135970115662,0.009079488925635815,0.36821550130844116,0.5525169372558594,0.01237055379897356,0.833315908908844,-0.012512424029409885,13139.387512,12435408586,1.0,6.984441279200837e-05,-0.004238604102283716,-0.09635522216558456,-0.4080454707145691,0.004375483840703964,-0.004503890872001648,-0.20261408388614655,0.0016860939795151353,-0.0017619743011891842,0.9792556166648865
1766058118.2797706,0,+X,10,0.5550151467323303,0.009078963659703732,0.3682210445404053,0.552518904209137,0.012372697703540325,0.8333145976066589,-0.012511927634477615,13139.437504,12435458578,1.0,0.000465518853161484,-0.0045100306160748005,-0.09665285795927048,-0.40803441405296326,0.004366509150713682,-0.0044889673590660095,-0.20260865986347198,0.0016832262044772506,-0.0017555906670168042,0.9792567491531372
1766058118.32992,0,+X,10,0.5550127625465393,0.00908034760504961,0.3682202398777008,0.5525152683258057,0.012373963370919228,0.8333170413970947,-0.012509690597653389,13139.4875,12435508574,1.0,0.0007984870462678373,-0.00481613352894783,-0.0970143973827362,-0.40806353092193604,0.0043359179981052876,-0.004462401382625103,-0.20262286067008972,0.0016709009651094675,-0.0017456448404118419,0.979253888130188
1766058118.7823732,0,-X,1,0.534118115901947,0.009376412257552147,0.36700934171676636,0.5538087487220764,0.013212212361395359,0.8324231505393982,-0.01389415841549635,13139.941520999999,12435962602,1.0,0.0003760802501346916,-0.004912643693387508,-0.07658271491527557,-0.40357351303100586,0.007563166320323944,-0.005134702194482088,-0.2004275768995285,0.0031902892515063286,-0.0017573378281667829,0.9797017574310303
1766058119.2346635,0,-X,2,0.5144022107124329,0.009387710131704807,0.3671107292175293,0.5536686778068542,0.013170442543923855,0.8325175642967224,-0.013858584687113762,13140.393426999999,12436414510,1.0,0.0004861020133830607,-0.004845088813453913,-0.05792322754859924,-0.4034039080142975,0.007309997454285622,-0.00429763738065958,-0.20034296810626984,0.0031504000071436167,-0.0013730117352679372,0.9797198176383972
1766058119.6868546,0,-X,3,0.49465081095695496,0.009455696679651737,0.36708447337150574,0.5537897944450378,0.013195709325373173,0.8324361443519592,-0.013887984678149223,13140.845507,12436866593,1.0,0.0012760453391820192,-0.004289521370083094,-0.03839487209916115,-0.4026142656803131,0.007013846188783646,-0.003684046445414424,-0.19995500147342682,0.0030677812173962593,-0.001103605842217803,0.9797996282577515
1766058120.1390886,0,-X,4,0.47537142038345337,0.010216312482953072,0.3682096302509308,0.5519292950630188,0.013921654783189297,0.8336428999900818,-0.014823908917605877,13141.297434,12437318517,1.0,0.002375443698838353,-0.002946702763438225,-0.020064175128936768,-0.4062831997871399,0.009572605602443218,-0.004198429640382528,-0.2017544060945511,0.004264350980520248,-0.0010904069058597088,0.9794262647628784
1766058120.6406069,0,-X,5,0.45559361577033997,0.010479390621185303,0.37006548047065735,0.5495614409446716,0.01428332831710577,0.8351883292198181,-0.015447801910340786,13141.799423999999,12437820503,1.0,0.0019365691114217043,0.0008923492860049009,-0.00010480247874511406,-0.41010981798171997,0.010329578071832657,-0.004766917787492275,-0.20362968742847443,0.004571233876049519,-0.0012818402610719204,0.9790364503860474
1766058125.7058065,0,-X,6,0.43610498309135437,0.010683120228350163,0.3710126280784607,0.5483687520027161,0.014455065131187439,0.835966944694519,-0.015558923594653606,13146.86364,12442884748,1.0,0.003039419185370207,0.0031599977519363165,0.01840108446776867,-0.41228675842285156,0.00979563221335411,-0.004113986622542143,-0.20469343662261963,0.004373054951429367,-0.0010109057184308767,0.9788158535957336
1766058130.7717097,0,-X,7,0.4163149297237396,0.010723195038735867,0.3725341856479645,0.5466439127922058,0.014593042433261871,0.8370921611785889,-0.0156270619481802,13151.929422,12447950562,1.0,0.003398472908884287,0.006680435501039028,0.03852119296789169,-0.4150126874446869,0.010020332410931587,-0.003710479475557804,-0.20602653920650482,0.004520445130765438,-0.0007832265109755099,0.9785356521606445
1766058135.8358006,0,-X,8,0.40160098671913147,0.009251045063138008,0.3748796284198761,0.5439485907554626,0.012965670786798,0.8389139175415039,-0.013240261003375053,13156.993421,12453014603,1.0,0.001778074773028493,0.010516442358493805,0.05246778205037117,-0.42096981406211853,0.0017782688373699784,0.0010192556073889136,-0.20893357694149017,0.000975989387370646,0.0006841504364274442,0.9779291152954102
1766058140.9012713,0,-X,9,0.3891105651855469,0.006078972015529871,0.37892088294029236,0.5397348999977112,0.010190869681537151,0.8417250514030457,-0.009018243290483952,13162.059422,12458080630,1.0,-0.0022790972143411636,0.015978528186678886,0.06468340009450912,-0.43015342950820923,-0.008653916418552399,0.00570863950997591,-0.21343156695365906,-0.003618065733462572,0.001865063444711268,0.9769495129585266
1766058145.971922,0,-X,10,0.37559470534324646,0.002486933721229434,0.38386914134025574,0.5350548624992371,0.007496584672480822,0.844770073890686,-0.0048556760884821415,13167.129421,12463150659,1.0,-0.006864976603537798,0.023509662598371506,0.07668941468000412,-0.44050660729408264,-0.020130915567278862,0.012139555998146534,-0.2185213416814804,-0.008495921269059181,0.0037238169461488724,0.9757880568504333
1766058146.022239,0,-X,10,0.37559446692466736,0.002487391931936145,0.38386985659599304,0.5350552201271057,0.007500411011278629,0.8447698354721069,-0.004852348007261753,13167.181423,12463202661,1.0,-0.007305395323783159,0.023957503959536552,0.07700984179973602,-0.440459281206131,-0.020111097022891045,0.01213611476123333,-0.21849820017814636,-0.008486819453537464,0.003724567126482725,0.9757933616638184
1766058146.0724795,0,-X,10,0.37559446692466736,0.0024879712145775557,0.38387084007263184,0.5350562930107117,0.007498379796743393,0.8447691798210144,-0.004852978512644768,13167.231423,12463252665,1.0,-0.007264403626322746,0.02376512996852398,0.07710426300764084,-0.4403923749923706,-0.02009403333067894,0.012099888175725937,-0.21846537292003632,-0.00848272256553173,0.003709128824993968,0.9758008122444153
1766058146.122652,0,-X,10,0.37559470534324646,0.0024871116038411856,0.38387051224708557,0.535055935382843,0.007499240338802338,0.8447694182395935,-0.004853654187172651,13167.281421,12463302663,1.0,-0.007117561995983124,0.023415779694914818,0.07700824737548828,-0.4403964877128601,-0.02004614844918251,0.01204726006835699,-0.21846707165241241,-0.008465091697871685,0.0036886592861264944,0.975800633430481
1766058146.1728365,0,-X,10,0.3755945563316345,0.0024879516568034887,0.38387057185173035,0.535055935382843,0.007497633341699839,0.8447694182395935,-0.004854209255427122,13167.331422,12463352664,1.0,-0.007144597824662924,0.02342197485268116,0.07716244459152222,-0.4403999447822571,-0.02007393166422844,0.012043185532093048,-0.2184687852859497,-0.00847907830029726,0.00368361733853817,0.9758001565933228
1766058146.2229898,0,-X,10,0.37559452652931213,0.0024876324459910393,0.3838704526424408,0.5350556969642639,0.0074967578984797,0.8447695374488831,-0.004855085164308548,13167.381425,12463402667,1.0,-0.007177270017564297,0.023630015552043915,0.0772213414311409,-0.4403907358646393,-0.020034605637192726,0.012024038471281528,-0.21846413612365723,-0.008462020196020603,0.003678621957078576,0.9758013486862183
1766058146.2731264,0,-X,10,0.3755943179130554,0.0024881758727133274,0.38387051224708557,0.5350555777549744,0.007495997007936239,0.8447696566581726,-0.004854535683989525,13167.431419999999,12463452666,1.0,-0.007025683764368296,0.023658083751797676,0.0769207775592804,-0.4403866231441498,-0.020049557089805603,0.012054436840116978,-0.2184622883796692,-0.00846601091325283,0.0036918430123478174,0.9758017063140869
1766058146.3232522,0,-X,10,0.375593900680542,0.002488555619493127,0.383870929479599,0.5350557565689087,0.007495854049921036,0.8447695374488831,-0.004853456746786833,13167.481420999999,12463502667,1.0,-0.006499031558632851,0.02322401851415634,0.07647266238927841,-0.4404042661190033,-0.02003796026110649,0.012079451233148575,-0.2184709757566452,-0.008457548916339874,0.003705216571688652,0.9757997393608093
1766058146.3733902,0,-X,10,0.37559425830841064,0.0024871432688087225,0.3838706612586975,0.5350554585456848,0.007497598882764578,0.8447697162628174,-0.004854569677263498,13167.531421,12463552668,1.0,-0.006087350659072399,0.0228279959410429,0.07623065263032913,-0.44041383266448975,-0.020037425681948662,0.012122130021452904,-0.2184758335351944,-0.008452586829662323,0.0037260449025779963,0.9757986664772034
1766058146.4235244,0,-X,10,0.37559404969215393,0.0024875884409993887,0.3838704228401184,0.5350550413131714,0.00749691016972065,0.8447700142860413,-0.004854952916502953,13167.581422,12463602669,1.0,-0.005626849364489317,0.022357402369379997,0.07600826025009155,-0.4404096305370331,-0.020001308992505074,0.012130229733884335,-0.21847374737262726,-0.008434098213911057,0.0037339655682444572,0.9757992625236511
1766058146.4736123,0,-X,10,0.3755941092967987,0.002487391699105501,0.3838708996772766,0.5350555181503296,0.007497173268347979,0.8447696566581726,-0.004855013452470303,13167.63142,12463652672,1.0,-0.005512559786438942,0.022176766768097878,0.07601374387741089,-0.4403946101665497,-0.019965657964348793,0.012107769027352333,-0.21846626698970795,-0.008419218473136425,0.0037269839085638523,0.9758010506629944
1766058146.5237465,0,-X,10,0.37559381127357483,0.00248812697827816,0.3838709890842438,0.5350555777549744,0.00749604357406497,0.8447696566581726,-0.004855227191001177,13167.681423999999,12463702675,1.0,-0.0056967963464558125,0.022202664986252785,0.0761970728635788,-0.440395712852478,-0.01999497599899769,0.012106074951589108,-0.2184668481349945,-0.00843370333313942,0.0037229489535093307,0.9758008122444153
1766058146.5738752,0,-X,10,0.3755938410758972,0.002486972138285637,0.38387009501457214,0.5350547432899475,0.007496916688978672,0.8447701930999756,-0.004855975043028593,13167.731421999999,12463752673,1.0,-0.00590170593932271,0.022285806015133858,0.07636500895023346,-0.44035953283309937,-0.02003537304699421,0.012126948684453964,-0.21844935417175293,-0.008451279252767563,0.003728921292349696,0.9758045673370361
1766058146.6240213,0,-X,10,0.37559375166893005,0.0024872131180018187,0.38387033343315125,0.5350548028945923,0.007497608195990324,0.8447701334953308,-0.004855758510529995,13167.781421,12463802673,1.0,-0.006041970569640398,0.02247266098856926,0.07638347148895264,-0.44038617610931396,-0.020106861367821693,0.012125092558562756,-0.2184624820947647,-0.008486254140734673,0.003720059059560299,0.9758013486862183
1766058146.674189,0,-X,10,0.3755936026573181,0.0024872778449207544,0.3838699460029602,0.5350545048713684,0.007496463134884834,0.8447703123092651,-0.004856505431234837,13167.833419999999,12463854675,1.0,-0.006224179640412331,0.02266732044517994,0.0765380784869194,-0.44040098786354065,-0.020073143765330315,0.012084360234439373,-0.21846947073936462,-0.008474191650748253,0.00370378652587533,0.9757999777793884
1766058146.7243648,0,-X,10,0.37559303641319275,0.002489721402525902,0.3838694095611572,0.5350538492202759,0.00749495904892683,0.8447707891464233,-0.0048549300990998745,13167.883466,12463904722,1.0,-0.006198740564286709,0.022604582831263542,0.07652850449085236,-0.440356969833374,-0.020039094612002373,0.012034362182021141,-0.2184477150440216,-0.008463218808174133,0.0036833561025559902,0.9758049845695496
1766058146.7745674,0,-X,10,0.37559348344802856,0.002488083438947797,0.38386988639831543,0.5350543856620789,0.007496179081499577,0.8447703719139099,-0.004856325685977936,13167.933422999999,12463954678,1.0,-0.006236930377781391,0.022504175081849098,0.07647613435983658,-0.4403463900089264,-0.02007429674267769,0.012055487371981144,-0.21844270825386047,-0.008478129282593727,0.003689876990392804,0.9758059978485107
1766058146.8247852,0,-X,10,0.37559378147125244,0.00248718005605042,0.38386958837509155,0.5350540280342102,0.007495787460356951,0.844770610332489,-0.004857768304646015,13167.983500999999,12464004756,1.0,-0.006228997837752104,0.022559095174074173,0.07627271860837936,-0.4403517246246338,-0.020081039518117905,0.012039395049214363,-0.21844525635242462,-0.008483155630528927,0.0036812592297792435,0.975805401802063
1766058146.8749943,0,-X,10,0.3755941689014435,0.0024870384950190783,0.38386979699134827,0.5350542664527893,0.007495789788663387,0.8447704911231995,-0.004857806954532862,13168.033421999999,12464054675,1.0,-0.006188295315951109,0.02252023294568062,0.07618995755910873,-0.4403088390827179,-0.020074639469385147,0.012054597958922386,-0.21842437982559204,-0.00847854558378458,0.0036896138917654753,0.9758100509643555
1766058146.925182,0,-X,10,0.3755941390991211,0.002487958176061511,0.38387009501457214,0.5350541472434998,0.007494483143091202,0.8447705507278442,-0.004858195316046476,13168.083466999999,12464104720,1.0,-0.0063336496241390705,0.022569019347429276,0.07636406272649765,-0.44032275676727295,-0.0200591292232275,0.01203835941851139,-0.21843107044696808,-0.008472694084048271,0.0036833081394433975,0.9758086204528809
1766058146.9754717,0,-X,10,0.375593900680542,0.0024874096270650625,0.38386988639831543,0.5350537300109863,0.007497387006878853,0.8447707891464233,-0.004857840482145548,13168.133421999999,12464154675,1.0,-0.006298454944044352,0.022434476763010025,0.07649274170398712,-0.4403780698776245,-0.020077893510460854,0.012062430381774902,-0.21845820546150208,-0.008478997275233269,0.0036926954053342342,0.975802481174469
1766058147.0257146,0,-X,10,0.37559351325035095,0.002488372614607215,0.383868932723999,0.5350528955459595,0.007498712278902531,0.8447713255882263,-0.004856309853494167,13168.183444,12464204698,1.0,-0.005974687170237303,0.0220020841807127,0.07640974968671799,-0.4403766095638275,-0.020081300288438797,0.01205985527485609,-0.21845747530460358,-0.008480946533381939,0.003691075136885047,0.9758026599884033
1766058147.0759122,0,-X,10,0.37559330463409424,0.0024898673873394728,0.3838697075843811,0.5350531339645386,0.007501176558434963,0.8447712063789368,-0.004852436948567629,13168.233420999999,12464254677,1.0,-0.005711423698812723,0.021717991679906845,0.07609445601701736,-0.44034290313720703,-0.020049624145030975,0.012051422148942947,-0.2184409499168396,-0.008466548286378384,0.0036906078457832336,0.975806474685669
1766058147.1261559,0,-X,10,0.3755934238433838,0.0024908885825425386,0.38387057185173035,0.535054087638855,0.007500177714973688,0.8447705507278442,-0.004853452555835247,13168.285421999999,12464306678,1.0,-0.005550773348659277,0.02156611531972885,0.07577385008335114,-0.44027039408683777,-0.0200374573469162,0.012039339169859886,-0.21840550005435944,-0.008462224155664444,0.003686443204060197,0.9758144617080688
1766058147.1763847,0,-X,10,0.375593364238739,0.002491922816261649,0.3838713765144348,0.5350543856620789,0.007499511819332838,0.8447703719139099,-0.004853527061641216,13168.335421,12464356678,1.0,-0.0053594764322042465,0.02143784984946251,0.07556884735822678,-0.44029879570007324,-0.020036185160279274,0.012045678682625294,-0.2184193730354309,-0.008460797369480133,0.0036895177327096462,0.9758113622665405
1766058147.2266347,0,-X,10,0.3755936622619629,0.002490774029865861,0.3838717043399811,0.535054624080658,0.007499936036765575,0.8447701930999756,-0.00485518341884017,13168.385423,12464406680,1.0,-0.005204009357839823,0.021376751363277435,0.07554806023836136,-0.4402666985988617,-0.020075645297765732,0.012077023275196552,-0.21840393543243408,-0.008476757444441319,0.0037006796337664127,0.9758146405220032
1766058147.2768166,0,-X,10,0.3755934238433838,0.002489592880010605,0.383870929479599,0.5350542664527893,0.007500586565583944,0.8447704315185547,-0.004856878891587257,13168.435421999999,12464456677,1.0,-0.005273913964629173,0.02154075913131237,0.07576484233140945,-0.4402714669704437,-0.020002681761980057,0.01202666200697422,-0.21840590238571167,-0.00844663754105568,0.003684049239382148,0.9758145213127136
1766058147.3270028,0,-X,10,0.3755936622619629,0.002489509992301464,0.383871853351593,0.5350549221038818,0.007500498555600643,0.8447700142860413,-0.0048569077625870705,13168.485422,12464506678,1.0,-0.005639164708554745,0.022054200991988182,0.07617038488388062,-0.4402558505535126,-0.01998450793325901,0.01199768390506506,-0.21839812397956848,-0.008440998382866383,0.003671982092782855,0.9758163094520569
1766058147.3771803,0,-X,10,0.37559348344802856,0.0024900350254029036,0.383871465921402,0.5350547432899475,0.007499739993363619,0.8447701334953308,-0.004856869112700224,13168.535420999999,12464556676,1.0,-0.006231571547687054,0.022803068161010742,0.07662563771009445,-0.4402293264865875,-0.019919972866773605,0.011955817230045795,-0.21838490664958954,-0.008414188399910927,0.0036587482318282127,0.9758195877075195
1766058147.4273293,0,-X,10,0.3755934238433838,0.0024891935754567385,0.3838718831539154,0.5350551605224609,0.007499882951378822,0.8447698950767517,-0.004858070984482765,13168.585422,12464606678,1.0,-0.006777061149477959,0.02349492534995079,0.0770621970295906,-0.4401930272579193,-0.01993311569094658,0.01197165809571743,-0.21836726367473602,-0.008419016376137733,0.00366524257697165,0.9758234620094299
1766058147.4774616,0,-X,10,0.37559306621551514,0.0024897665716707706,0.3838716149330139,0.5350543856620789,0.007498920429497957,0.8447703719139099,-0.004857557825744152,13168.635422,12464656674,1.0,-0.007147639058530331,0.023911233991384506,0.07738684117794037,-0.4401535391807556,-0.019932016730308533,0.011919141747057438,-0.21834777295589447,-0.008424372412264347,0.0036399569362401962,0.9758278727531433
1766058147.5276163,0,-X,10,0.3755931258201599,0.0024892897345125675,0.3838721215724945,0.5350549817085266,0.007497960701584816,0.8447700142860413,-0.004859196953475475,13168.685421,12464706673,1.0,-0.007263823412358761,0.024076808243989944,0.07747810333967209,-0.44016316533088684,-0.019908767193555832,0.011906791478395462,-0.21835237741470337,-0.00841433834284544,0.0036364158149808645,0.9758269190788269
1766058147.57777,0,-X,10,0.37559300661087036,0.002489711157977581,0.3838724195957184,0.5350549817085266,0.007499180734157562,0.8447699546813965,-0.004857518244534731,13168.735421,12464756673,1.0,-0.007324644830077887,0.02403184399008751,0.0776052251458168,-0.44019046425819397,-0.01993505470454693,0.011894975788891315,-0.21836569905281067,-0.008428345434367657,0.0036276306491345167,0.9758238792419434
1766058147.6279097,0,-X,10,0.3755928575992584,0.0024899737909436226,0.38387176394462585,0.5350543856620789,0.007499730680137873,0.8447703719139099,-0.0048576523549854755,13168.78542,12464806672,1.0,-0.007327781990170479,0.02367289550602436,0.07749100029468536,-0.4401467740535736,-0.019963420927524567,0.01188306137919426,-0.21834439039230347,-0.008443661034107208,0.0036189614329487085,0.9758285284042358
1766058147.678057,0,-X,10,0.37559279799461365,0.002490502782166004,0.38387131690979004,0.5350537896156311,0.007498868275433779,0.8447707295417786,-0.004858213011175394,13168.837421999999,12464858676,1.0,-0.007144391071051359,0.023205483332276344,0.0773109421133995,-0.4401540756225586,-0.020019490271806717,0.01189891342073679,-0.21834811568260193,-0.008469258435070515,0.0036205339711159468,0.9758274555206299
1766058147.7282088,0,-X,10,0.3755928874015808,0.002490246668457985,0.38387101888656616,0.5350534319877625,0.007498669903725386,0.8447709679603577,-0.0048582907766103745,13168.887421,12464908676,1.0,-0.006691189017146826,0.022643903270363808,0.07702961564064026,-0.44014135003089905,-0.02005719020962715,0.011967111378908157,-0.21834225952625275,-0.008480258285999298,0.0036497635301202536,0.9758285880088806
1766058147.7783678,0,-X,10,0.3755930960178375,0.002489827573299408,0.3838711977005005,0.5350536704063416,0.007497631013393402,0.8447708487510681,-0.004859331529587507,13168.937420999999,12464958675,1.0,-0.006092885509133339,0.022072281688451767,0.07663483917713165,-0.4401305317878723,-0.020071594044566154,0.012013178318738937,-0.21833722293376923,-0.00848230067640543,0.0036707278341054916,0.9758296012878418
1766058147.8285291,0,-X,10,0.3755926191806793,0.002490665763616562,0.38387101888656616,0.535053551197052,0.007498800288885832,0.8447709083557129,-0.0048576039262115955,13168.987422,12465008677,1.0,-0.005670483689755201,0.02173798345029354,0.07635221630334854,-0.44008809328079224,-0.020030764862895012,0.012000716291368008,-0.21831637620925903,-0.008463910780847073,0.003669339930638671,0.9758344292640686
1766058147.8787103,0,-X,10,0.37559282779693604,0.0024907130282372236,0.3838716149330139,0.5350539684295654,0.007497585378587246,0.8447706699371338,-0.004858389031141996,13169.037420999999,12465058674,1.0,-0.005519450176507235,0.02152995765209198,0.07620759308338165,-0.4400915205478668,-0.020016711205244064,0.012027274817228317,-0.2183181345462799,-0.008454140275716782,0.0036838131491094828,0.9758340716362
1766058147.9288526,0,-X,10,0.3755928874015808,0.002490411512553692,0.3838721215724945,0.5350544452667236,0.00749837514013052,0.8447703719139099,-0.004857609514147043,13169.087422999999,12465108675,1.0,-0.005696367006748915,0.02163516916334629,0.07617421448230743,-0.44007277488708496,-0.020031988620758057,0.012031761929392815,-0.21830904483795166,-0.0084611801430583,0.0036844389978796244,0.9758360385894775
1766058147.9790654,0,-X,10,0.37559279799461365,0.0024894471280276775,0.3838716447353363,0.535054087638855,0.007498464547097683,0.8447705507278442,-0.004858746193349361,13169.137421,12465158674,1.0,-0.006055296864360571,0.021977461874485016,0.07630251348018646,-0.4400330185890198,-0.020002447068691254,0.012014832347631454,-0.21828950941562653,-0.008448773995041847,0.003679623594507575,0.9758405685424805
1766058153.045811,0,+Y,1,0.3873576521873474,0.011599953286349773,0.3805222809314728,0.5362299084663391,0.006217100191861391,0.8440428376197815,-0.0032348751556128263,13174.203512999999,12470224809,1.0,0.0010782924946397543,0.01935660094022751,0.06642121076583862,-0.4399834871292114,-0.023981865495443344,0.012855194509029388,-0.21827657520771027,-0.010298890061676502,0.003655629698187113,0.9758257269859314
1766058158.1131968,0,+Y,2,0.3944782614707947,0.02247927151620388,0.37815791368484497,0.5374220609664917,0.006368160247802734,0.8432825803756714,-0.0033812294714152813,13179.271507,12475292842,1.0,0.011910218745470047,0.014762910082936287,0.05950435996055603,-0.43833377957344055,-0.02290242165327072,0.0103335315361619,-0.2174571007490158,-0.010053629986941814,0.002553223632276058,0.9760147333145142
1766058163.1805954,0,+Y,3,0.40235811471939087,0.03359010070562363,0.37700486183166504,0.5370445847511292,0.00668101292103529,0.8435183167457581,-0.003912728279829025,13184.339419,12480360794,1.0,0.02267598547041416,0.014752819202840328,0.05190782621502876,-0.4403921067714691,-0.02166670188307762,0.009174184873700142,-0.21845431625843048,-0.009569603018462658,0.002109897555783391,0.9757979512214661
1766058168.253774,0,+Y,4,0.4090695083141327,0.04477603733539581,0.3757699728012085,0.5368550419807434,0.007317775394767523,0.8436293601989746,-0.004759408067911863,13189.411438,12485432841,1.0,0.03356914967298508,0.01232967060059309,0.046332310885190964,-0.44102102518081665,-0.01779015175998211,0.006169248837977648,-0.21874487400054932,-0.008004868403077126,0.0010642437264323235,0.9757486581802368
1766058168.7061014,0,+Y,5,0.41486024856567383,0.05579220876097679,0.3750494718551636,0.5362889170646667,0.00804904568940401,0.8439745903015137,-0.00602685147896409,13189.865439,12485886846,1.0,0.04332897439599037,0.012009530328214169,0.04057785123586655,-0.44408249855041504,-0.014604874886572361,0.004142050165683031,-0.2202296257019043,-0.006667012814432383,0.00041199204861186445,0.9754251837730408
1766058173.7808104,0,+Y,6,0.42339199781417847,0.0663917064666748,0.3731551766395569,0.5367480516433716,0.007884271442890167,0.8436870574951172,-0.005614107474684715,13194.939422,12490960873,1.0,0.05421445146203041,0.009463179856538773,0.03217141702771187,-0.4440624713897705,-0.014382862485945225,0.003698603017255664,-0.22021836042404175,-0.006607597693800926,0.00022023834753781557,0.9754282236099243
1766058174.232454,0,+Y,7,0.4311010241508484,0.07675574719905853,0.37209078669548035,0.5365361571311951,0.007760599255561829,0.8438233137130737,-0.005567248445004225,13195.391423,12491412879,1.0,0.06384603679180145,0.00847346056252718,0.025684133172035217,-0.44585371017456055,-0.013802381232380867,0.001601870753802359,-0.22108504176139832,-0.006553291343152523,-0.0007446398376487195,0.9752322435379028
1766058174.6838124,0,+Y,8,0.43912696838378906,0.08743101358413696,0.37058907747268677,0.5367737412452698,0.007767562288790941,0.8436726927757263,-0.005478186067193747,13195.841434,12491862891,1.0,0.07353564351797104,0.0072031691670417786,0.018003301694989204,-0.44591468572616577,-0.012639643624424934,0.0008959509432315826,-0.22111305594444275,-0.006064298562705517,-0.0009605178493075073,0.9752288460731506
1766058175.1354814,0,+Y,9,0.4471812844276428,0.09796261042356491,0.36933866143226624,0.536630392074585,0.0076970593072474,0.8437646627426147,-0.005459086503833532,13196.293436,12492314896,1.0,0.08425910770893097,0.004320587031543255,0.00948781706392765,-0.44722631573677063,-0.011536293663084507,-0.0005665586213581264,-0.2217489629983902,-0.005687320604920387,-0.0015553256962448359,0.975085973739624
1766058175.5882635,0,+Y,10,0.4552325904369354,0.10860944539308548,0.3678615987300873,0.5367404222488403,0.007675780449062586,0.8436955213546753,-0.00535582285374403,13196.74744,12492768901,1.0,0.09384952485561371,0.0026216174010187387,0.0017725732177495956,-0.4468068480491638,-0.011076061986386776,-0.0009227474220097065,-0.2215438336133957,-0.005502593237906694,-0.0016768440837040544,0.9751334190368652
1766058175.6385305,0,+Y,10,0.45561087131500244,0.10888785123825073,0.3676196336746216,0.5367798805236816,0.007773987948894501,0.843668520450592,-0.0055054426193237305,13196.797509,12492818970,1.0,0.09368141740560532,0.002875649370253086,0.001430128701031208,-0.4468623697757721,-0.010459430515766144,-0.0012913454556837678,-0.2215704470872879,-0.005242759827524424,-0.0017883926630020142,0.9751286506652832
1766058175.6888938,0,+Y,10,0.45575150847435,0.10901346802711487,0.36754053831100464,0.5368012189865112,0.007770247757434845,0.8436548709869385,-0.005527517292648554,13196.847565999999,12492869026,1.0,0.09371122717857361,0.0030978615395724773,0.0014532327186316252,-0.44674164056777954,-0.010534298606216908,-0.0014272859552875161,-0.22151115536689758,-0.005294350907206535,-0.0018626662204042077,0.975141704082489
1766058175.7392578,0,+Y,10,0.4557628929615021,0.10901957005262375,0.3675484359264374,0.5368200540542603,0.007815578952431679,0.8436425924301147,-0.005503370426595211,13196.897454,12492918917,1.0,0.09399889409542084,0.003023706376552582,0.0014087508898228407,-0.4465809166431427,-0.010492649860680103,-0.0012350106844678521,-0.22143332660198212,-0.005252793896943331,-0.0017639052821323276,0.975159764289856
1766058175.7895424,0,+Y,10,0.4557291865348816,0.10898333787918091,0.3675636649131775,0.5368030071258545,0.007771651726216078,0.8436539173126221,-0.0054931193590164185,13196.947441999999,12492968904,1.0,0.09450668096542358,0.002556591760367155,0.0014276995789259672,-0.4464542865753174,-0.010620208457112312,-0.0011905886931344867,-0.221371591091156,-0.005310108419507742,-0.0017560494598001242,0.9751734733581543
1766058175.8398197,0,+Y,10,0.4556809961795807,0.10894113034009933,0.3675917387008667,0.5368094444274902,0.007769353222101927,0.8436498641967773,-0.005494463257491589,13196.997432999999,12493018895,1.0,0.09458310902118683,0.0023774299770593643,0.001692240359261632,-0.44616663455963135,-0.010513235814869404,-0.0012465139152482152,-0.22123129665851593,-0.005264219827950001,-0.0017707600491121411,0.9752055406570435
1766058175.890233,0,+Y,10,0.4556358754634857,0.10891558974981308,0.3676220178604126,0.5368055701255798,0.007761065382510424,0.843652606010437,-0.005462097469717264,13197.047508,12493068971,1.0,0.09450133889913559,0.0023539355024695396,0.002084326231852174,-0.44598016142845154,-0.010635890066623688,-0.0011703487252816558,-0.22114045917987823,-0.0053156581707298756,-0.001746717724017799,0.9752259254455566
1766058175.9407341,0,+Y,10,0.4556088447570801,0.10887985676527023,0.36763930320739746,0.5368055105209351,0.007756347302347422,0.8436527252197266,-0.005457743536680937,13197.099556,12493121018,1.0,0.09412461519241333,0.002560853259637952,0.0022774627432227135,-0.44583380222320557,-0.010623189620673656,-0.0011593224480748177,-0.2210691273212433,-0.0053082904778420925,-0.001739567145705223,0.9752421379089355
1766058175.9911575,0,+Y,10,0.4555909037590027,0.10886603593826294,0.3676551878452301,0.5368093848228455,0.007748498115688562,0.8436504006385803,-0.005444498732686043,13197.149432,12493170894,1.0,0.09383777529001236,0.0027769531589001417,0.0023117284290492535,-0.44579529762268066,-0.010755441151559353,-0.001098225824534893,-0.22105039656162262,-0.0053660380654037,-0.0017242948524653912,0.9752460718154907
1766058176.0416548,0,+Y,10,0.4555733799934387,0.10885141044855118,0.36766183376312256,0.5368102788925171,0.007747103460133076,0.8436498641967773,-0.005447429604828358,13197.199503,12493220965,1.0,0.09358593076467514,0.0028767921030521393,0.0021683911327272654,-0.44575607776641846,-0.01069454662501812,-0.0011680222814902663,-0.22103114426136017,-0.005344070959836245,-0.0017514991341158748,0.9752505421638489
1766058176.0922492,0,+Y,10,0.45556074380874634,0.10884430259466171,0.3676691949367523,0.5368134379386902,0.007746428716927767,0.8436478972434998,-0.005442746914923191,13197.249546,12493271008,1.0,0.09370823204517365,0.0028144996613264084,0.001932958490215242,-0.44577348232269287,-0.010695028118789196,-0.0011531501077115536,-0.22103968262672424,-0.005342656746506691,-0.0017443445976823568,0.9752486348152161
1766058176.1427393,0,+Y,10,0.45555421710014343,0.10883523523807526,0.3676741421222687,0.5368115901947021,0.007745510898530483,0.8436490893363953,-0.0054313428699970245,13197.301535999999,12493322995,1.0,0.09392246603965759,0.0026867398992180824,0.0018275222973898053,-0.44572845101356506,-0.010682043619453907,-0.0011654776753857732,-0.22101768851280212,-0.005337701179087162,-0.001748806331306696,0.9752536416053772
1766058176.1931136,0,+Y,10,0.4555472731590271,0.10882356017827988,0.3676750063896179,0.5368088483810425,0.007742326706647873,0.8436509370803833,-0.005425985436886549,13197.351567,12493373027,1.0,0.09400512278079987,0.0026073975022882223,0.0017852074233815074,-0.44577327370643616,-0.010724694468080997,-0.0011321003548800945,-0.22103959321975708,-0.005354796536266804,-0.0017373583978042006,0.9752485752105713
1766058176.243606,0,+Y,10,0.45553863048553467,0.10881610959768295,0.3676815330982208,0.5368162989616394,0.00774019118398428,0.8436461687088013,-0.005426360759884119,13197.401463,12493422923,1.0,0.09394272416830063,0.0026806374080479145,0.001859752694144845,-0.44569846987724304,-0.010678243823349476,-0.0011946487938985229,-0.221002995967865,-0.005339081399142742,-0.0017625350737944245,0.9752569198608398
1766058176.2940826,0,+Y,10,0.4555272161960602,0.10880939662456512,0.3676835894584656,0.5368161797523499,0.0077428389340639114,0.843646228313446,-0.0054269530810415745,13197.451589999999,12493473049,1.0,0.09384278208017349,0.0027369337622076273,0.00205796305090189,-0.4456535279750824,-0.010706453584134579,-0.0011939231771975756,-0.22098106145858765,-0.005352770444005728,-0.0017651841044425964,0.9752618074417114
1766058176.3445086,0,+Y,10,0.4555213153362274,0.10880454629659653,0.3676914572715759,0.5368171334266663,0.007735778111964464,0.8436457514762878,-0.005420174449682236,13197.503637,12493525092,1.0,0.09388267993927002,0.002707045990973711,0.0021644020453095436,-0.445592999458313,-0.010687909089028835,-0.001253714901395142,-0.2209514081478119,-0.005350351333618164,-0.0017921378603205085,0.9752684831619263
1766058176.394998,0,+Y,10,0.45551586151123047,0.10879390686750412,0.3676963448524475,0.5368132591247559,0.00773591548204422,0.8436481952667236,-0.005416087806224823,13197.55357,12493575025,1.0,0.09384135901927948,0.0027249071281403303,0.002178310416638851,-0.44561490416526794,-0.010804018005728722,-0.0012362527195364237,-0.2209620177745819,-0.005405034404247999,-0.0017965061124414206,0.9752658009529114
1766058176.4454765,0,+Y,10,0.45550772547721863,0.10878865420818329,0.3677010238170624,0.5368132591247559,0.007737153209745884,0.8436482548713684,-0.0054094502702355385,13197.603557999999,12493625012,1.0,0.09366316348314285,0.002932000206783414,0.0021488890051841736,-0.4456818699836731,-0.010851363651454449,-0.0012474949471652508,-0.22099460661411285,-0.005429343786090612,-0.001807391527108848,0.9752582311630249
1766058176.4959645,0,+Y,10,0.4554959237575531,0.10878565907478333,0.36770302057266235,0.5368158221244812,0.007734215818345547,0.8436466455459595,-0.005414499901235104,13197.653473,12493674928,1.0,0.09347718954086304,0.0031166975386440754,0.002248661359772086,-0.44560763239860535,-0.010859299451112747,-0.0012685628607869148,-0.22095833718776703,-0.005435563158243895,-0.0018183503998443484,0.9752663969993591
1766058176.546403,0,+Y,10,0.4554910659790039,0.10877905786037445,0.367707759141922,0.5368182063102722,0.007738233543932438,0.8436450958251953,-0.005410511512309313,13197.705560999999,12493727017,1.0,0.0933760404586792,0.003122736932709813,0.0022358291316777468,-0.4455447196960449,-0.010859702713787556,-0.001287809805944562,-0.22092761099338531,-0.005437904037535191,-0.0018276182236149907,0.9752733111381531
1766058176.5968752,0,+Y,10,0.45548784732818604,0.1087702065706253,0.36771127581596375,0.5368156433105469,0.007731621619313955,0.8436468243598938,-0.005407755263149738,13197.755519999999,12493776976,1.0,0.09333816170692444,0.002985562663525343,0.002194189466536045,-0.4454982280731201,-0.01087275706231594,-0.0013334351824596524,-0.22090479731559753,-0.005449322983622551,-0.0018511890666559339,0.975278377532959
1766058176.647353,0,+Y,10,0.45548367500305176,0.10876577347517014,0.3677121698856354,0.5368137955665588,0.007731825113296509,0.8436480164527893,-0.005401807837188244,13197.805424,12493826881,1.0,0.09348123520612717,0.0027449552435427904,0.0020895316265523434,-0.44545191526412964,-0.01082682330161333,-0.0013633589260280132,-0.22088217735290527,-0.005430240649729967,-0.001860588788986206,0.9752836227416992
1766058176.6978235,0,+Y,10,0.4554804861545563,0.10876350849866867,0.367715060710907,0.536817729473114,0.007729260716587305,0.8436455726623535,-0.0054001277312636375,13197.855421999999,12493876878,1.0,0.09377437084913254,0.002501849317923188,0.0019467925885692239,-0.4454589784145355,-0.010839608497917652,-0.0014242194592952728,-0.22088544070720673,-0.005443195346742868,-0.001891696942038834,0.9752827286720276
1766058176.7482514,0,+Y,10,0.4554740786552429,0.10876138508319855,0.36771297454833984,0.5368190407752991,0.007730651181191206,0.8436446785926819,-0.005405018571764231,13197.907422,12493928885,1.0,0.09402143955230713,0.0024045638274401426,0.0019040495390072465,-0.4454166889190674,-0.010791806504130363,-0.0014738446334376931,-0.22086472809314728,-0.005425375886261463,-0.0019105091923847795,0.9752874970436096
1766058176.798604,0,+Y,10,0.4554741382598877,0.1087602898478508,0.3677171766757965,0.5368228554725647,0.007729773875325918,0.8436422944068909,-0.005400944035500288,13197.957422,12493978885,1.0,0.09405555576086044,0.0024860594421625137,0.0019967618864029646,-0.44542041420936584,-0.01082110870629549,-0.0014506897423416376,-0.2208665907382965,-0.00543710682541132,-0.0019024632638320327,0.9752870202064514
1766058176.8489184,0,+Y,10,0.45547136664390564,0.10875338315963745,0.3677198886871338,0.5368193984031677,0.007727441843599081,0.8436445593833923,-0.005396001972258091,13198.007421,12494028884,1.0,0.09380557388067245,0.002792677842080593,0.002120338613167405,-0.44545021653175354,-0.010792426764965057,-0.0014140276471152902,-0.22088123857975006,-0.005419064313173294,-0.0018814938375726342,0.9752838611602783
1766058176.899235,0,+Y,10,0.4554681181907654,0.10874689370393753,0.3677200973033905,0.5368175506591797,0.0077302297577261925,0.8436456918716431,-0.005392154213041067,13198.057421,12494078884,1.0,0.09361962229013443,0.0029968118760734797,0.0021792910993099213,-0.4454346001148224,-0.010746334679424763,-0.0014088174793869257,-0.22087368369102478,-0.00539601594209671,-0.0018738229991868138,0.9752857089042664
1766058176.9497106,0,+Y,10,0.4554622769355774,0.1087452843785286,0.3677225708961487,0.5368194580078125,0.007721659727394581,0.8436445593833923,-0.005395285319536924,13198.107420999999,12494128883,1.0,0.0935136079788208,0.0031236899085342884,0.002223447198048234,-0.44545847177505493,-0.010785817168653011,-0.0014098885003477335,-0.2208852767944336,-0.005415381398051977,-0.0018787664594128728,0.9752829670906067
1766058177.0001388,0,+Y,10,0.45545798540115356,0.10874512791633606,0.36772406101226807,0.536819577217102,0.007727412506937981,0.8436444401741028,-0.005390496458858252,13198.159424,12494180887,1.0,0.09364524483680725,0.003008768195286393,0.0021207306999713182,-0.44549012184143066,-0.010862955823540688,-0.0013426478253677487,-0.22090083360671997,-0.005445562768727541,-0.0018545780330896378,0.9752793312072754
1766058177.050438,0,+Y,10,0.45545777678489685,0.10874458402395248,0.3677271604537964,0.5368209481239319,0.007725646253675222,0.8436435461044312,-0.00539349764585495,13198.209422,12494230885,1.0,0.09381578862667084,0.00280459551140666,0.0019475443987175822,-0.44549310207366943,-0.010891828685998917,-0.0013023036299273372,-0.22090236842632294,-0.005455185659229755,-0.0018381014233455062,0.975278913974762
1766058177.1005921,0,+Y,10,0.45545580983161926,0.10874634981155396,0.3677254319190979,0.5368180274963379,0.007726277690380812,0.843645453453064,-0.0053948606364429,13198.259420999999,12494280883,1.0,0.09396867454051971,0.002482910640537739,0.001814558170735836,-0.44545745849609375,-0.010864771902561188,-0.001308346982114017,-0.2208849936723709,-0.005442669149488211,-0.0018379680113866925,0.9752829670906067
1766058177.1507573,0,+Y,10,0.4554556906223297,0.10874398797750473,0.36772391200065613,0.5368167757987976,0.0077275619842112064,0.843646228313446,-0.005392374936491251,13198.309422,12494330889,1.0,0.09424112737178802,0.0021901146974414587,0.0016459303442388773,-0.44547316431999207,-0.010853390209376812,-0.0012972878757864237,-0.22089268267154694,-0.0054358928464353085,-0.0018313585314899683,0.9752812385559082
1766058177.200911,0,+Y,10,0.455453097820282,0.10874283313751221,0.3677198886871338,0.5368154644966125,0.007727684918791056,0.8436470627784729,-0.005393723491579294,13198.359418,12494380885,1.0,0.0943310335278511,0.0021134382113814354,0.0015299784718081355,-0.44550755620002747,-0.010907410643994808,-0.0012922456953674555,-0.22090941667556763,-0.005461668595671654,-0.0018349550664424896,0.975277304649353
1766058177.2510684,0,+Y,10,0.455453485250473,0.10874325037002563,0.3677242696285248,0.5368212461471558,0.007726463954895735,0.8436433672904968,-0.005394481122493744,13198.409421999999,12494430888,1.0,0.09410271048545837,0.002374527044594288,0.0016209370223805308,-0.4454876780509949,-0.0108529357239604,-0.0013147471472620964,-0.22089971601963043,-0.005437595769762993,-0.0018398595275357366,0.9752796292304993
1766058177.3012116,0,+Y,10,0.45545414090156555,0.10874010622501373,0.3677250146865845,0.5368208885192871,0.007728260941803455,0.8436436057090759,-0.005392725579440594,13198.459422,12494480889,1.0,0.09373960644006729,0.0026275196578353643,0.0017894222401082516,-0.4455116391181946,-0.0107947438955307,-0.001330647966824472,-0.2209114134311676,-0.005410968791693449,-0.0018412474310025573,0.9752771258354187
1766058177.3513446,0,+Y,10,0.4554543197154999,0.10873793065547943,0.36772552132606506,0.5368185043334961,0.007722220849245787,0.8436451554298401,-0.005392046179622412,13198.509420999999,12494530888,1.0,0.093370720744133,0.0029590115882456303,0.002092610578984022,-0.44552215933799744,-0.010782555676996708,-0.0013512165751308203,-0.2209165096282959,-0.005407294258475304,-0.0018499580910429358,0.975275993347168
1766058177.4014719,0,+Y,10,0.4554557204246521,0.10873692482709885,0.36772575974464417,0.5368185043334961,0.007723684888333082,0.8436452150344849,-0.0053870477713644505,13198.55942,12494580888,1.0,0.09318779408931732,0.003263174556195736,0.0023827420081943274,-0.44554752111434937,-0.01080379355698824,-0.0014094925718382,-0.22092869877815247,-0.005424081347882748,-0.0018807864980772138,0.975273072719574
1766058177.4516044,0,+Y,10,0.4554537534713745,0.10873439162969589,0.3677259385585785,0.5368188619613647,0.007725925650447607,0.8436449766159058,-0.00538830179721117,13198.609422,12494630890,1.0,0.09328628331422806,0.003197990357875824,0.0024786796420812607,-0.4455418288707733,-0.010844241827726364,-0.0014053615741431713,-0.22092588245868683,-0.005443350411951542,-0.001883225399069488,0.975273609161377
1766058177.50176,0,+Y,10,0.4554501473903656,0.10873617976903915,0.36772671341896057,0.5368190407752991,0.00772108044475317,0.8436448574066162,-0.00538988970220089,13198.659439,12494680907,1.0,0.09358508884906769,0.0028288946487009525,0.0023772381246089935,-0.4454761743545532,-0.010955078527331352,-0.0013372177490964532,-0.2208939492702484,-0.005489889997988939,-0.0018620688933879137,0.9752805829048157
1766058177.551924,0,+Y,10,0.45544859766960144,0.10873734205961227,0.367728054523468,0.5368220806121826,0.0077237519435584545,0.8436428904533386,-0.005392033606767654,13198.70942,12494730892,1.0,0.09382046014070511,0.0024939775466918945,0.002191974315792322,-0.44549113512039185,-0.010982495732605457,-0.0013173604384064674,-0.22090129554271698,-0.0055010621435940266,-0.0018554527778178453,0.975278913974762
1766058177.6021414,0,+Y,10,0.455446720123291,0.10873644053936005,0.3677283823490143,0.5368210077285767,0.0077208555303514,0.8436436057090759,-0.005393906496465206,13198.76148,12494782952,1.0,0.09386342018842697,0.0024149231612682343,0.0021213917061686516,-0.44553878903388977,-0.010949166491627693,-0.00133993080817163,-0.2209244817495346,-0.0054872892796993256,-0.00186290149576962,0.9752737283706665
1766058178.1545646,0,-Y,1,0.45507025718688965,0.08856333047151566,0.36605578660964966,0.5382437705993652,0.007963051088154316,0.8427302837371826,-0.005996388848870993,13199.313425999999,12495334907,1.0,0.07526044547557831,0.0012247805716469884,0.0021184361539781094,-0.44038400053977966,-0.010199790820479393,0.00025415097479708493,-0.2184147834777832,-0.004948984365910292,-0.0009898932185024023,0.9758429527282715
1766058178.7060328,0,-Y,2,0.4549967646598816,0.06866907328367233,0.36624395847320557,0.5382535457611084,0.00810698326677084,0.8427221179008484,-0.006073004100471735,13199.865423,12495886902,1.0,0.05563366785645485,0.0015300074592232704,0.002002628054469824,-0.43921539187431335,-0.01163493748754263,0.0024981668684631586,-0.217849999666214,-0.0054056099615991116,-4.82454415760003e-05,0.975967288017273
1766058179.207568,0,-Y,3,0.4551994204521179,0.04894236475229263,0.3664543330669403,0.5380859375,0.008196312002837658,0.8428261876106262,-0.006354210432618856,13200.365421999999,12496386909,1.0,0.037863969802856445,0.0012888511409983039,0.001133543555624783,-0.43890196084976196,-0.01154857873916626,0.0028776295948773623,-0.21769805252552032,-0.005322552286088467,0.00014726525114383548,0.9760016202926636
1766058179.7090175,0,-Y,4,0.45519980788230896,0.02897319197654724,0.36655545234680176,0.5381361842155457,0.008250564336776733,0.8427937626838684,-0.006326961796730757,13200.867422,12496888912,1.0,0.018305985257029533,0.002593054436147213,0.000906066270545125,-0.43801572918891907,-0.012909945100545883,0.0045432597398757935,-0.21727052330970764,-0.00580719904974103,0.0008149180794134736,0.9760938286781311
1766058180.1604123,0,-Y,5,0.45568913221359253,0.009096586145460606,0.36677300930023193,0.5378106236457825,0.008167896419763565,0.8430026769638062,-0.006284781266003847,13201.319419,12497340913,1.0,-0.0018333462066948414,0.0013807840878143907,0.0009733935003168881,-0.43753769993782043,-0.014204389415681362,0.005321941804140806,-0.21704018115997314,-0.0063553438521921635,0.0010561225935816765,0.9761413931846619
1766058180.6116738,0,-Y,6,0.4555171728134155,-0.01087892334908247,0.36695608496665955,0.5378282070159912,0.008225660771131516,0.8429903388023376,-0.0063583520241081715,13201.769422,12497790914,1.0,-0.020250050351023674,0.0023390764836221933,0.0003552449925336987,-0.4367966949939728,-0.013861184008419514,0.005919294897466898,-0.21668016910552979,-0.006124637555330992,0.001387662487104535,0.9762224555015564
1766058181.012887,0,-Y,7,0.45649731159210205,-0.030505752190947533,0.36840492486953735,0.5357611775398254,0.008506568148732185,0.8443003296852112,-0.006674447562545538,13202.171422,12498192918,1.0,-0.039549320936203,0.004894316662102938,-0.000928904686588794,-0.44075047969818115,-0.013385647907853127,0.007247147615998983,-0.2186131328344345,-0.005738791078329086,0.0020728500094264746,0.9757925271987915
1766058181.41446,0,-Y,8,0.456569105386734,-0.05034763365983963,0.36993199586868286,0.5339322090148926,0.00884762778878212,0.8454512357711792,-0.007096016779541969,13202.573421,12498594921,1.0,-0.05851083993911743,0.006254092790186405,-0.0024584210477769375,-0.44475603103637695,-0.01284363679587841,0.007348362356424332,-0.22056667506694794,-0.0054532792419195175,0.002167314291000366,0.9753542542457581
1766058181.8162353,0,-Y,9,0.4565906524658203,-0.07034846395254135,0.3708951771259308,0.532697856426239,0.008898235857486725,0.8462280035018921,-0.007207371760159731,13202.975422,12498996916,1.0,-0.07826493680477142,0.0074241310358047485,-0.0029832590371370316,-0.4470779001712799,-0.013550806790590286,0.008613243699073792,-0.22170321643352509,-0.00565203744918108,0.002697400515899062,0.9750940799713135
1766058186.8836877,0,-Y,10,0.45616233348846436,-0.09006939828395844,0.3713545501232147,0.5324229598045349,0.00925659853965044,0.8463941216468811,-0.007553492207080126,13208.041424,12504062965,1.0,-0.09766674041748047,0.009577621705830097,-0.0025818319991230965,-0.447355717420578,-0.012686273083090782,0.008492155000567436,-0.2218371480703354,-0.005243188701570034,0.0027332089375704527,0.9750658273696899
1766058186.9339283,0,-Y,10,0.45616257190704346,-0.09007035195827484,0.371354877948761,0.5324234366416931,0.009256014600396156,0.8463938236236572,-0.007555097341537476,13208.091422,12504112963,1.0,-0.09770458936691284,0.00967476051300764,-0.002457608701661229,-0.44735845923423767,-0.01270634587854147,0.008491589687764645,-0.22183851897716522,-0.005253029987215996,0.002730696927756071,0.9750654697418213
1766058186.9840884,0,-Y,10,0.45616239309310913,-0.09006951004266739,0.3713545501232147,0.5324230194091797,0.009255848824977875,0.8463941216468811,-0.00755379069596529,13208.143468999999,12504165009,1.0,-0.09746081382036209,0.009396148845553398,-0.0025300937704741955,-0.44729965925216675,-0.01274688821285963,0.008527892641723156,-0.2218099981546402,-0.005268932785838842,0.0027441096026450396,0.9750717878341675
1766058187.0343084,0,-Y,10,0.45616284012794495,-0.09007138758897781,0.3713548481464386,0.5324233770370483,0.00925643090158701,0.846393883228302,-0.007555302698165178,13208.193426,12504214967,1.0,-0.0970727950334549,0.00900041963905096,-0.0028571023140102625,-0.4473191797733307,-0.01280625443905592,0.008534406311810017,-0.22181960940361023,-0.005297099240124226,0.002740630879998207,0.9750694632530212
1766058187.0844743,0,-Y,10,0.45616233348846436,-0.09006993472576141,0.37135472893714905,0.5324231386184692,0.009257265366613865,0.8463940024375916,-0.007552261929959059,13208.243467999999,12504265008,1.0,-0.09681931883096695,0.008750333450734615,-0.0030593289993703365,-0.4473172426223755,-0.012822872027754784,0.008551953360438347,-0.221818745136261,-0.005303259938955307,0.002747349441051483,0.9750696420669556
1766058187.1346428,0,-Y,10,0.4561626613140106,-0.09007153660058975,0.37135541439056396,0.5324246883392334,0.009257985278964043,0.8463930487632751,-0.007552728988230228,13208.293426,12504314967,1.0,-0.09671647101640701,0.008733098395168781,-0.0032054882030934095,-0.44732052087783813,-0.01277906820178032,0.008533820509910583,-0.22182023525238037,-0.005283906124532223,0.0027433554641902447,0.9750694036483765
1766058187.1847928,0,-Y,10,0.45616236329078674,-0.09007024019956589,0.37135523557662964,0.5324245095252991,0.009258060716092587,0.8463931679725647,-0.00755109079182148,13208.34347,12504365011,1.0,-0.09672155976295471,0.008781282231211662,-0.0032206973992288113,-0.4473276436328888,-0.012799604795873165,0.008554394356906414,-0.2218237966299057,-0.005291616078466177,0.0027510831132531166,0.9750685095787048
1766058187.2349448,0,-Y,10,0.4561624228954315,-0.09007151424884796,0.3713550567626953,0.5324245095252991,0.009259217418730259,0.8463931679725647,-0.007552084978669882,13208.393422,12504414966,1.0,-0.09641025215387344,0.008480505086481571,-0.0033812543842941523,-0.44735458493232727,-0.012833938002586365,0.00858413614332676,-0.22183704376220703,-0.005304981023073196,0.002761678071692586,0.9750654101371765
1766058187.285078,0,-Y,10,0.4561626613140106,-0.09007282555103302,0.37135541439056396,0.5324257016181946,0.009259865619242191,0.8463923931121826,-0.007554113399237394,13208.443465999999,12504465009,1.0,-0.09615518897771835,0.008192953653633595,-0.0035111254546791315,-0.4474024474620819,-0.012819966301321983,0.008554195053875446,-0.22186027467250824,-0.00530135678127408,0.0027484579477459192,0.9750601649284363
1766058187.3352246,0,-Y,10,0.45616254210472107,-0.09007100760936737,0.3713553547859192,0.5324254631996155,0.00925831962376833,0.8463925719261169,-0.007554175797849894,13208.493423,12504514967,1.0,-0.0961751937866211,0.008192643523216248,-0.0035397319588810205,-0.4474109411239624,-0.012861047871410847,0.008557217195630074,-0.2218644767999649,-0.005321025848388672,0.002745343605056405,0.9750591516494751
1766058187.385372,0,-Y,10,0.4561627507209778,-0.09007041156291962,0.3713553845882416,0.532425582408905,0.009252229705452919,0.8463925123214722,-0.007558307610452175,13208.543466,12504565010,1.0,-0.09642721712589264,0.008361284621059895,-0.0034554514568299055,-0.4473842680454254,-0.012920668348670006,0.00862031802535057,-0.22185172140598297,-0.005343167576938868,0.0027695903554558754,0.97506183385849
1766058187.435528,0,-Y,10,0.45616310834884644,-0.09007291495800018,0.37135472893714905,0.532424807548523,0.009256638586521149,0.8463929295539856,-0.007558068726211786,13208.59342,12504614968,1.0,-0.09670750051736832,0.008576855063438416,-0.003395844716578722,-0.4474096894264221,-0.012972889468073845,0.008664569817483425,-0.22186431288719177,-0.005363646894693375,0.002785278717055917,0.9750587940216064
1766058187.485693,0,-Y,10,0.45616257190704346,-0.09007030725479126,0.3713553845882416,0.5324256420135498,0.00925501063466072,0.8463924527168274,-0.007555296178907156,13208.643472,12504665020,1.0,-0.097057044506073,0.008755494840443134,-0.0033250204287469387,-0.447395384311676,-0.012927431613206863,0.008633515797555447,-0.2218572050333023,-0.005344970151782036,0.002775233704596758,0.9750605821609497
1766058187.5358446,0,-Y,10,0.45616331696510315,-0.09007249027490616,0.3713553845882416,0.5324260592460632,0.009256151504814625,0.8463922142982483,-0.007556217256933451,13208.693422,12504714970,1.0,-0.0971822738647461,0.008694442920386791,-0.0033742389641702175,-0.44739270210266113,-0.012917140498757362,0.008646744303405285,-0.22185590863227844,-0.005338492803275585,0.002782834228128195,0.9750608801841736
1766058187.5859945,0,-Y,10,0.4561631977558136,-0.09007252007722855,0.3713550865650177,0.5324261784553528,0.009256413206458092,0.8463920950889587,-0.007556336931884289,13208.743469,12504765017,1.0,-0.09716852009296417,0.008686702698469162,-0.0034241173416376114,-0.44738084077835083,-0.012963967397809029,0.008637908846139908,-0.2218501716852188,-0.005362335592508316,0.0027733757160604,0.9750620722770691
1766058187.6361415,0,-Y,10,0.45616263151168823,-0.09007185697555542,0.371355265378952,0.5324264764785767,0.009256151504814625,0.8463919162750244,-0.007554683368653059,13208.795423,12504816971,1.0,-0.0967942625284195,0.00833818968385458,-0.0037362705916166306,-0.44738027453422546,-0.012999246828258038,0.008682082407176495,-0.22185005247592926,-0.005374637432396412,0.002791000297293067,0.9750620126724243
1766058187.6862783,0,-Y,10,0.4561624825000763,-0.09007158875465393,0.3713555335998535,0.5324264168739319,0.009257200174033642,0.8463919758796692,-0.007553913164883852,13208.84542,12504866968,1.0,-0.09647250920534134,0.0080691734328866,-0.004031509160995483,-0.4473893940448761,-0.01298091933131218,0.008658080361783504,-0.22185441851615906,-0.005368338897824287,0.002781298477202654,0.9750610589981079
1766058187.7364178,0,-Y,10,0.45616239309310913,-0.09007182717323303,0.3713546395301819,0.5324258804321289,0.00925715547055006,0.8463922739028931,-0.007553914561867714,13208.895419999999,12504916967,1.0,-0.09642063826322556,0.007974637672305107,-0.0041224220767617226,-0.4474164545536041,-0.013019944541156292,0.008682907558977604,-0.22186774015426636,-0.005384533666074276,0.0027889744378626347,0.9750578999519348
1766058187.7865736,0,-Y,10,0.45616230368614197,-0.09007205069065094,0.3713550269603729,0.5324262380599976,0.009256916120648384,0.8463920950889587,-0.007553699892014265,13208.945423,12504966971,1.0,-0.09649461507797241,0.008050954900681973,-0.004001988563686609,-0.4474167227745056,-0.013067265041172504,0.008731351234018803,-0.22186805307865143,-0.005402229260653257,0.0028073417488485575,0.9750576615333557
1766058187.83685,0,-Y,10,0.4561619162559509,-0.09007067233324051,0.371355265378952,0.5324263572692871,0.009256006218492985,0.846392035484314,-0.0075530000030994415,13208.995421,12505016968,1.0,-0.09648282825946808,0.008071034215390682,-0.003845714032649994,-0.4474300146102905,-0.013083446770906448,0.008723258972167969,-0.22187453508377075,-0.005410978104919195,0.002801552414894104,0.9750561714172363
1766058187.8870513,0,-Y,10,0.45616158843040466,-0.09006906300783157,0.3713550269603729,0.5324261784553528,0.009253882803022861,0.8463921546936035,-0.007553188595920801,13209.045423,12505066970,1.0,-0.09650430828332901,0.008071226067841053,-0.0037432711105793715,-0.4474175274372101,-0.013108017854392529,0.008741026744246483,-0.22186852991580963,-0.005421021953225136,0.00280753499828279,0.9750574827194214
1766058187.9372408,0,-Y,10,0.4561620056629181,-0.09007000923156738,0.371355265378952,0.5324263572692871,0.009254839271306992,0.846392035484314,-0.007554609328508377,13209.095421,12505116968,1.0,-0.09671401977539062,0.008275812491774559,-0.003503920044749975,-0.4474041759967804,-0.013090605847537518,0.008745255880057812,-0.22186200320720673,-0.005412101745605469,0.002811577869579196,0.9750589728355408
1766058187.9873924,0,-Y,10,0.4561624228954315,-0.0900716558098793,0.37135496735572815,0.5324267148971558,0.009255921468138695,0.8463917970657349,-0.0075568449683487415,13209.145503,12505167050,1.0,-0.09692279249429703,0.008441416546702385,-0.003351283725351095,-0.4473892152309418,-0.013048297725617886,0.008738833479583263,-0.22185462713241577,-0.005392230581492186,0.0028131946455687284,0.975060760974884
1766058188.0375412,0,-Y,10,0.4561619162559509,-0.09006985276937485,0.3713543713092804,0.5324262976646423,0.009254049509763718,0.846392035484314,-0.007555024698376656,13209.195486999999,12505217034,1.0,-0.09716464579105377,0.008756719529628754,-0.003155849874019623,-0.44736596941947937,-0.013035099022090435,0.008755898103117943,-0.22184333205223083,-0.005383969284594059,0.0028230634052306414,0.9750633835792542
1766058188.0877795,0,-Y,10,0.4561619758605957,-0.09007152169942856,0.371354341506958,0.532426655292511,0.00925486721098423,0.8463917970657349,-0.007555828429758549,13209.245423,12505266970,1.0,-0.09737580269575119,0.00915306806564331,-0.002986480947583914,-0.44736969470977783,-0.012964361347258091,0.008696870878338814,-0.2218448966741562,-0.005356019362807274,0.0028021184261888266,0.9750632047653198
1766058188.1379485,0,-Y,10,0.4561615288257599,-0.09006982296705246,0.3713546693325043,0.5324267745018005,0.009253965690732002,0.8463917374610901,-0.007554293144494295,13209.295422,12505316969,1.0,-0.0974687784910202,0.009459025226533413,-0.0028840138111263514,-0.4473625421524048,-0.01290355809032917,0.008644720539450645,-0.22184118628501892,-0.0053321802988648415,0.0027834640350192785,0.9750642776489258
1766058188.1881392,0,-Y,10,0.4561614692211151,-0.09007037431001663,0.37135353684425354,0.5324259996414185,0.009253771044313908,0.8463922739028931,-0.007554991636425257,13209.347429,12505368976,1.0,-0.09729019552469254,0.009291540831327438,-0.0030378014780580997,-0.44735628366470337,-0.01291690208017826,0.008654133416712284,-0.22183816134929657,-0.005337659735232592,0.002786595607176423,0.9750649333000183
1766058188.2383351,0,-Y,10,0.4561619758605957,-0.0900716707110405,0.3713535666465759,0.532426118850708,0.009255188517272472,0.8463921546936035,-0.007554848212748766,13209.397421,12505418968,1.0,-0.0969238430261612,0.008869950659573078,-0.003346640383824706,-0.44737377762794495,-0.012925578281283379,0.008670524694025517,-0.22184675931930542,-0.005340022034943104,0.0027935607358813286,0.975062906742096
1766058188.2885368,0,-Y,10,0.45616161823272705,-0.09007085859775543,0.371352881193161,0.5324258208274841,0.009253759868443012,0.8463923335075378,-0.007554574869573116,13209.447419999999,12505468966,1.0,-0.09671246260404587,0.008585508912801743,-0.003488922491669655,-0.447380930185318,-0.012973353266716003,0.008660480380058289,-0.22185029089450836,-0.0053644077852368355,0.002783338539302349,0.9750620126724243
1766058188.338741,0,-Y,10,0.4561615288257599,-0.09007187187671661,0.371352881193161,0.532426118850708,0.009255152195692062,0.8463921546936035,-0.007553659845143557,13209.49742,12505518967,1.0,-0.09686342626810074,0.00865145493298769,-0.003399729263037443,-0.44740355014801025,-0.01306008268147707,0.008709520101547241,-0.2218615710735321,-0.005401187110692263,0.0027975435368716717,0.9750592112541199
1766058188.3889072,0,-Y,10,0.45616114139556885,-0.09007249772548676,0.3713526725769043,0.5324259996414185,0.009256957098841667,0.8463922739028931,-0.007551707327365875,13209.547422,12505568969,1.0,-0.09710302948951721,0.00881738681346178,-0.0031985221430659294,-0.44742387533187866,-0.013058166019618511,0.00870006624609232,-0.22187145054340363,-0.00540124299004674,0.00279307272285223,0.9750569462776184
1766058188.439091,0,-Y,10,0.4561612010002136,-0.09007204324007034,0.37135249376296997,0.5324258804321289,0.009256507270038128,0.8463923335075378,-0.007552452385425568,13209.59742,12505618971,1.0,-0.09709274768829346,0.00877159833908081,-0.003193554701283574,-0.44742050766944885,-0.013045067898929119,0.008689376525580883,-0.22186975181102753,-0.005396053194999695,0.0027893264777958393,0.9750573635101318
1766058188.4892755,0,-Y,10,0.4561617076396942,-0.09007250517606735,0.3713526129722595,0.5324262380599976,0.009255891665816307,0.8463920950889587,-0.007553731091320515,13209.647421,12505668972,1.0,-0.09683754295110703,0.008418836630880833,-0.0034321940038353205,-0.4474183917045593,-0.013049989007413387,0.008690079674124718,-0.22186873853206635,-0.005398380570113659,0.0027891311328858137,0.9750576019287109
1766058188.5394223,0,-Y,10,0.4561619758605957,-0.09007201343774796,0.37135300040245056,0.5324262380599976,0.009255842305719852,0.8463920950889587,-0.007553325034677982,13209.697423,12505718974,1.0,-0.09663188457489014,0.008173974230885506,-0.0036272364668548107,-0.4474124610424042,-0.013017969205975533,0.008677801117300987,-0.22186575829982758,-0.0053841485641896725,0.002786718774586916,0.975058376789093
1766058188.5896013,0,-Y,10,0.45616188645362854,-0.09007234871387482,0.3713530898094177,0.5324265360832214,0.009255643002688885,0.8463918566703796,-0.00755417812615633,13209.747421,12505768972,1.0,-0.09655359387397766,0.00813949666917324,-0.0036859263200312853,-0.4473862648010254,-0.013000480830669403,0.008706736378371716,-0.22185304760932922,-0.005372487474232912,0.0028028611559420824,0.975061297416687
1766058188.6397488,0,-Y,10,0.4561612010002136,-0.09007147699594498,0.37135252356529236,0.532426118850708,0.009254669770598412,0.8463921546936035,-0.007553813047707081,13209.797421,12505818977,1.0,-0.09642121195793152,0.007948832586407661,-0.003921543713659048,-0.44737815856933594,-0.012999292463064194,0.00871539767831564,-0.22184912860393524,-0.0053709703497588634,0.002807245124131441,0.9750621914863586
1766058188.689878,0,-Y,10,0.4561613202095032,-0.09007097780704498,0.37135252356529236,0.5324259400367737,0.009254968725144863,0.8463922739028931,-0.007552315015345812,13209.847423,12505868979,1.0,-0.09633585810661316,0.007760725915431976,-0.004078791011124849,-0.4473404586315155,-0.012980800122022629,0.008689883165061474,-0.22183063626289368,-0.0053648920729756355,0.002796994987875223,0.9750664234161377
1766058188.7400026,0,-Y,10,0.4561615288257599,-0.0900723934173584,0.37135306000709534,0.5324265360832214,0.00925571657717228,0.8463919162750244,-0.0075540076941251755,13209.897421,12505918977,1.0,-0.09652072191238403,0.007945151999592781,-0.0038779666647315025,-0.44734883308410645,-0.013009739108383656,0.008686378598213196,-0.22183476388454437,-0.005379365291446447,0.00279204617254436,0.9750654101371765
1766058188.7901525,0,-Y,10,0.4561619460582733,-0.09007292985916138,0.37135347723960876,0.5324267745018005,0.009255737066268921,0.8463917374610901,-0.007554402109235525,13209.949419999999,12505970975,1.0,-0.09682689607143402,0.008241544477641582,-0.0036300867795944214,-0.4473769962787628,-0.013123036362230778,0.008733578026294708,-0.2218487709760666,-0.005429285578429699,0.0028023868799209595,0.9750619530677795
1766058188.8403752,0,-Y,10,0.4561617374420166,-0.09007250517606735,0.3713526129722595,0.5324261784553528,0.009256542660295963,0.8463921546936035,-0.007553704548627138,13209.9995,12506021056,1.0,-0.09703141450881958,0.008402056060731411,-0.0034419368021190166,-0.44736671447753906,-0.013147233054041862,0.008760330267250538,-0.2218438684940338,-0.005438144318759441,0.0028127834666520357,0.9750629663467407
1766058188.8905969,0,-Y,10,0.45616135001182556,-0.09007109701633453,0.3713529109954834,0.5324262380599976,0.009255911223590374,0.8463920950889587,-0.007551947608590126,13210.049503999999,12506071059,1.0,-0.09713856875896454,0.008522548712790012,-0.0033054479863494635,-0.4473187327384949,-0.013133036904036999,0.008728493936359882,-0.22182036936283112,-0.005434891674667597,0.002799013629555702,0.9750683903694153
1766058189.2426617,0,+Z,1,0.45600777864456177,-0.07950957864522934,0.37934327125549316,0.5336284041404724,0.01004722248762846,0.8456122279167175,-0.00892854854464531,13210.401532,12506423090,1.0,-0.08643636107444763,0.01554577425122261,-0.0028506596572697163,-0.4459843039512634,-0.008924869820475578,0.006271138321608305,-0.22115902602672577,-0.003658490953966975,0.002071043709293008,0.9752287268638611
1766058189.5942638,0,+Z,2,0.4560833275318146,-0.06953694671392441,0.38945987820625305,0.5332455635070801,0.010036070831120014,0.8458530306816101,-0.009006788954138756,13210.753507,12506775070,1.0,-0.07748556137084961,0.025518514215946198,-0.0026332263369113207,-0.44756489992141724,-0.008563339710235596,0.005619700998067856,-0.2219281643629074,-0.0035513234324753284,0.0017895796336233616,0.975054919719696
1766058189.9456506,0,+Z,3,0.4562373757362366,-0.05971607565879822,0.39908140897750854,0.5334822535514832,0.009935082867741585,0.8457068800926208,-0.008824771270155907,13211.103578999999,12507125148,1.0,-0.06779037415981293,0.03459949418902397,-0.002472266322001815,-0.44793352484703064,-0.008527801372110844,0.005159693770110607,-0.22210700809955597,-0.0035844037774950266,0.0015683851670473814,0.9750144481658936
1766058190.2969651,0,+Z,4,0.4561617374420166,-0.04988573491573334,0.40890029072761536,0.5335841178894043,0.0099006537348032,0.8456441760063171,-0.008714952506124973,13211.455501999999,12507477078,1.0,-0.058152951300144196,0.04414353519678116,-0.0032131385523825884,-0.4482516050338745,-0.00836250465363264,0.00521103898063302,-0.22226203978061676,-0.003497566794976592,0.001611032523214817,0.9749793410301208
1766058190.6482134,0,+Z,5,0.45609667897224426,-0.04006156697869301,0.41862794756889343,0.5338444113731384,0.009834357537329197,0.8454827070236206,-0.008511255495250225,13211.807508,12507829088,1.0,-0.0481899119913578,0.0531989224255085,-0.00344932172447443,-0.4483811855316162,-0.009015402756631374,0.004865949973464012,-0.22232505679130554,-0.0038539792876690626,0.0013699281262233853,0.9749640226364136
1766058190.9995754,0,+Z,6,0.4561364948749542,-0.03018883243203163,0.4284170866012573,0.5337862968444824,0.009749283082783222,0.8455204367637634,-0.008505182340741158,13212.157422,12508179002,1.0,-0.0390729121863842,0.06288442760705948,-0.003143597859889269,-0.4488540291786194,-0.00781771820038557,0.003087348071858287,-0.22255170345306396,-0.003467279253527522,0.0006350446492433548,0.9749144911766052
1766058191.4007986,0,+Z,7,0.4561057984828949,-0.020258434116840363,0.43854793906211853,0.5336005091667175,0.009801476262509823,0.8456363081932068,-0.008582530543208122,13212.559419,12508581004,1.0,-0.029539888724684715,0.07264429330825806,-0.0032450049184262753,-0.4497185945510864,-0.0065871975384652615,0.0022885543294250965,-0.22297151386737823,-0.0029555391520261765,0.00038109501474536955,0.9748204350471497
1766058191.7519224,0,+Z,8,0.45607203245162964,-0.010450971312820911,0.44804704189300537,0.5338950157165527,0.009710568003356457,0.8454527258872986,-0.008457759395241737,13212.909421999999,12508931013,1.0,-0.020163819193840027,0.08178964257240295,-0.0038317835424095392,-0.4494311809539795,-0.00686658313497901,0.0017495922511443496,-0.2228306382894516,-0.0031520335469394922,8.776087634032592e-05,0.9748520851135254
1766058192.1534998,0,+Z,9,0.4561876654624939,-0.0005174256511963904,0.4581778347492218,0.5336832404136658,0.00973555538803339,0.8455862998962402,-0.008435724303126335,13213.311423,12509333016,1.0,-0.011018017306923866,0.09142246842384338,-0.0043282825499773026,-0.45025870203971863,-0.006617384031414986,0.0017655965639278293,-0.22323398292064667,-0.0030281227082014084,0.00012191043060738593,0.9747601747512817
1766058192.5550208,0,+Z,10,0.45611149072647095,0.009385504759848118,0.46814459562301636,0.5335862040519714,0.009724054485559464,0.8456471562385559,-0.00849100574851036,13213.713420999999,12509735019,1.0,-0.0018456248799338937,0.10171421617269516,-0.0037041776813566685,-0.45084190368652344,-0.005025493912398815,-0.00021753800683654845,-0.22351571917533875,-0.002473483793437481,-0.0006676571210846305,0.974696934223175
1766058192.605181,0,+Z,10,0.4560878574848175,0.009338620118796825,0.4681551456451416,0.5335423350334167,0.009709704667329788,0.8456751704216003,-0.008472865447402,13213.763465999999,12509785064,1.0,-0.0020446612033993006,0.10166538506746292,-0.0038183138240128756,-0.4508883059024811,-0.0048534502275288105,-0.0003926199278794229,-0.22353817522525787,-0.0024091971572488546,-0.0007338096620514989,0.9746919274330139
1766058192.655315,0,+Z,10,0.4560484290122986,0.009276305325329304,0.4680485129356384,0.5336774587631226,0.009700366295874119,0.8455907106399536,-0.008403151296079159,13213.813420999999,12509835019,1.0,-0.00205643055960536,0.10155344754457474,-0.0038747049402445555,-0.4506649971008301,-0.004860319662839174,-0.00035632523940876126,-0.2234293818473816,-0.002408529631793499,-0.0007166293798945844,0.9747169017791748
1766058192.7054398,0,+Z,10,0.4560369551181793,0.00921492837369442,0.46793878078460693,0.5338113307952881,0.00966210849583149,0.8455073833465576,-0.008328229188919067,13213.863464999999,12509885059,1.0,-0.0018161641201004386,0.10131189972162247,-0.004089219495654106,-0.4503873288631439,-0.005000022239983082,-0.00032028541318140924,-0.22329404950141907,-0.0024726444389671087,-0.0007143385009840131,0.9747477173805237
1766058192.7555704,0,+Z,10,0.4560278058052063,0.009172492660582066,0.46786466240882874,0.5339566469192505,0.009645187295973301,0.845416247844696,-0.008283538743853569,13213.913422,12509935017,1.0,-0.0016069367993623018,0.10119295865297318,-0.004355950281023979,-0.44999197125434875,-0.004935521632432938,-0.00047870786511339247,-0.2231011837720871,-0.0024589586537331343,-0.0007838832098059356,0.9747918844223022
1766058192.8057845,0,+Z,10,0.45601341128349304,0.009145871736109257,0.4677772521972656,0.5340405702590942,0.009629836305975914,0.8453638553619385,-0.008241074159741402,13213.963466,12509985061,1.0,-0.0016557868802919984,0.10102593898773193,-0.004402371123433113,-0.44971737265586853,-0.0051169623620808125,-0.0004815131542272866,-0.222967267036438,-0.0025477511808276176,-0.0008051552576944232,0.9748222827911377
1766058192.8559473,0,+Z,10,0.45601731538772583,0.009143857285380363,0.46772995591163635,0.5340729355812073,0.009625701233744621,0.845343291759491,-0.008256254717707634,13214.013422,12510035017,1.0,-0.0017985223094001412,0.10081779956817627,-0.004389545414596796,-0.44951343536376953,-0.005094151943922043,-0.0005373318563215435,-0.22286781668663025,-0.0025428871158510447,-0.000829571858048439,0.9748449921607971
1766058192.9061167,0,+Z,10,0.45604681968688965,0.009156442247331142,0.467728853225708,0.5340729355812073,0.009631597436964512,0.8453431725502014,-0.008263085968792439,13214.065427,12510087024,1.0,-0.0020005530677735806,0.10070399194955826,-0.004127326421439648,-0.44938525557518005,-0.005101370625197887,-0.00047472186270169914,-0.22280541062355042,-0.0025394505355507135,-0.000799702771473676,0.9748592972755432
1766058192.956387,0,+Z,10,0.45609474182128906,0.00918489694595337,0.46773529052734375,0.5340650677680969,0.009639834985136986,0.8453479409217834,-0.00827113538980484,13214.115421999999,12510137018,1.0,-0.0021144740749150515,0.10068746656179428,-0.003931764047592878,-0.44940119981765747,-0.005120821762830019,-0.0004123754915781319,-0.22281324863433838,-0.0025419830344617367,-0.0007714997627772391,0.9748575091362
1766058193.0065563,0,+Z,10,0.4561460316181183,0.009207144379615784,0.4677245616912842,0.5340651869773865,0.009667803533375263,0.8453473448753357,-0.008291843347251415,13214.165422,12510187019,1.0,-0.0021549861412495375,0.10060835629701614,-0.0038690355140715837,-0.44934600591659546,-0.0051571400836110115,-0.00035726052010431886,-0.22278641164302826,-0.0025535563472658396,-0.0007486129179596901,0.9748636484146118
1766058193.0567312,0,+Z,10,0.4561741352081299,0.00923271756619215,0.4677114486694336,0.5340707898139954,0.009660403244197369,0.8453436493873596,-0.008314666338264942,13214.215422,12510237019,1.0,-0.0019803671166300774,0.1004713922739029,-0.004026153590530157,-0.4492727518081665,-0.005298439413309097,-0.00031165630207397044,-0.2227507084608078,-0.0026173663791269064,-0.0007420305046252906,0.9748716354370117
1766058193.1068926,0,+Z,10,0.4561782479286194,0.009237656369805336,0.46770307421684265,0.5340843796730042,0.009678344242274761,0.8453347086906433,-0.00833061058074236,13214.265421,12510287022,1.0,-0.0017200382426381111,0.10040808469057083,-0.004208770114928484,-0.4492342472076416,-0.005380590446293354,-0.0001917932095238939,-0.2227320522069931,-0.0026440697256475687,-0.0006927044014446437,0.9748758673667908
1766058193.1571038,0,+Z,10,0.4561590850353241,0.009239394217729568,0.4676937758922577,0.5340908765792847,0.00968072097748518,0.8453304767608643,-0.008342660032212734,13214.315421,12510337022,1.0,-0.001447081915102899,0.10037750750780106,-0.004319330677390099,-0.44911444187164307,-0.005432278383523226,-5.626118309010053e-06,-0.22267389297485352,-0.002648567780852318,-0.0006075571873225272,0.9748892188072205
1766058193.207307,0,+Z,10,0.45612379908561707,0.009221917949616909,0.46770015358924866,0.5340946912765503,0.009674767963588238,0.8453282117843628,-0.008331921882927418,13214.365421999999,12510387022,1.0,-0.0012443488230928779,0.10045347362756729,-0.0043451786041259766,-0.4490872025489807,-0.005571376997977495,0.000169534730957821,-0.22266080975532532,-0.0026968782767653465,-0.0005376255721785128,0.9748920798301697
1766058193.2575269,0,+Z,10,0.456079363822937,0.009198333136737347,0.46770772337913513,0.5340983271598816,0.009668408893048763,0.8453260660171509,-0.008326188661158085,13214.415421,12510437022,1.0,-0.0012081953464075923,0.10059183090925217,-0.004202543292194605,-0.44902050495147705,-0.005641615018248558,0.00017391119035892189,-0.22262828052043915,-0.002730651991441846,-0.0005432195612229407,0.974899411201477
1766058193.3077192,0,+Z,10,0.45603883266448975,0.009182623587548733,0.467712938785553,0.5341022610664368,0.009670273400843143,0.8453235626220703,-0.008324303664267063,13214.465423,12510487026,1.0,-0.0011973707005381584,0.1007184162735939,-0.003979586064815521,-0.4490158259868622,-0.005693759303539991,0.00017006391135510057,-0.2226259857416153,-0.0027564996853470802,-0.0005508928443305194,0.9748998880386353
1766058193.3579192,0,+Z,10,0.4560193717479706,0.009174037724733353,0.4677235186100006,0.5341070294380188,0.009662509895861149,0.8453205823898315,-0.008331649005413055,13214.515421999999,12510537024,1.0,-0.001247744308784604,0.10087643563747406,-0.003832079702988267,-0.44902855157852173,-0.005704611539840698,0.00011249435192439705,-0.22263211011886597,-0.002768193371593952,-0.0005801808438263834,0.9748984575271606
1766058193.4081311,0,+Z,10,0.45601987838745117,0.009174536913633347,0.4677277207374573,0.5340922474861145,0.00966864824295044,0.8453298211097717,-0.008331464603543282,13214.567422,12510589025,1.0,-0.0013715719105675817,0.10097846388816833,-0.0038587041199207306,-0.44909238815307617,-0.005748316645622253,8.872440957929939e-05,-0.22266317903995514,-0.002792121609672904,-0.0005967222969047725,0.9748912453651428
1766058193.4583404,0,+Z,10,0.4560324549674988,0.00919148325920105,0.46773067116737366,0.5340847373008728,0.009674725122749805,0.8453344106674194,-0.00834386795759201,13214.617420999999,12510639023,1.0,-0.0014463617699220777,0.10109256207942963,-0.003968649543821812,-0.4490625560283661,-0.005674457643181086,2.452900844218675e-06,-0.22264854609966278,-0.002765733515843749,-0.0006305108545348048,0.974894642829895
1766058193.5085497,0,+Z,10,0.45605239272117615,0.009218175895512104,0.46773818135261536,0.5340908169746399,0.009674344211816788,0.8453304767608643,-0.008356234058737755,13214.667422999999,12510689024,1.0,-0.001505199121311307,0.10117882490158081,-0.00395601661875844,-0.44915124773979187,-0.005673196166753769,-0.00013606948778033257,-0.22269156575202942,-0.0027805145364254713,-0.0006980147445574403,0.9748847484588623
1766058193.5587618,0,+Z,10,0.456074059009552,0.009229527786374092,0.46773841977119446,0.5340796113014221,0.009677493013441563,0.845337450504303,-0.008362120017409325,13214.717422,12510739024,1.0,-0.0015144216595217586,0.10113897174596786,-0.004039911553263664,-0.4492166340351105,-0.005558232311159372,-0.00027021110872738063,-0.22272330522537231,-0.0027393964119255543,-0.0007506879628635943,0.9748775362968445
1766058193.6089194,0,+Z,10,0.45609524846076965,0.009239889681339264,0.4677365720272064,0.5340730547904968,0.00968603789806366,0.8453415036201477,-0.008362543769180775,13214.767413,12510789015,1.0,-0.0015398351242765784,0.10100537538528442,-0.00398970628157258,-0.44919660687446594,-0.005461518652737141,-0.00037002371391281486,-0.222713440656662,-0.002703373786062002,-0.0007885440136305988,0.9748798608779907
1766058193.659004,0,+Z,10,0.4561143219470978,0.009243922308087349,0.46773868799209595,0.534080982208252,0.00967445783317089,0.8453366160392761,-0.008364585228264332,13214.817411999999,12510839013,1.0,-0.0015863043954595923,0.10089597851037979,-0.0039564515464007854,-0.4491174519062042,-0.005483273882418871,-0.00043746118899434805,-0.22267475724220276,-0.0027215038426220417,-0.000823734502773732,0.9748886227607727
1766058193.7091594,0,+Z,10,0.4561293125152588,0.009244397282600403,0.46773067116737366,0.534083366394043,0.009663841687142849,0.8453352451324463,-0.0083567313849926,13214.867422,12510889028,1.0,-0.0016903228824958205,0.10089920461177826,-0.0038248328492045403,-0.44900068640708923,-0.0055260430090129375,-0.0004933251184411347,-0.2226177453994751,-0.0027485929895192385,-0.0008555728127248585,0.974901556968689
1766058193.7593775,0,+Z,10,0.4561290442943573,0.00923891831189394,0.4677228629589081,0.5340962409973145,0.009666867554187775,0.8453271985054016,-0.00834902934730053,13214.917421999999,12510939027,1.0,-0.0016532023437321186,0.10090241581201553,-0.0036280248314142227,-0.4489619731903076,-0.005572246853262186,-0.0005194809637032449,-0.2225988209247589,-0.002774033462628722,-0.0008734138682484627,0.974905788898468
1766058193.8096607,0,+Z,10,0.45611900091171265,0.009235156700015068,0.46771669387817383,0.534088671207428,0.009654959663748741,0.8453320860862732,-0.008347757160663605,13214.967422,12510989028,1.0,-0.0015917541459202766,0.10087079554796219,-0.003534856718033552,-0.44893208146095276,-0.005516747012734413,-0.0006090129027143121,-0.22258415818214417,-0.0027569495141506195,-0.000910840230062604,0.9749091267585754
1766058193.8599017,0,+Z,10,0.4560982286930084,0.009220968931913376,0.4677242040634155,0.5340976119041443,0.00965388398617506,0.8453264832496643,-0.008347036316990852,13215.017423,12511039029,1.0,-0.0015330684836953878,0.10071899741888046,-0.003529428271576762,-0.4489023685455322,-0.005494740325957537,-0.0006840267451480031,-0.2225695699453354,-0.0027545748744159937,-0.0009449182543903589,0.9749124646186829
1766058193.910223,0,+Z,10,0.4560728669166565,0.009210960939526558,0.4677256643772125,0.5340986251831055,0.009638579562306404,0.8453260660171509,-0.008341383188962936,13215.069421999999,12511091028,1.0,-0.0014638067223131657,0.10053794831037521,-0.0036779677029699087,-0.4488654136657715,-0.005454559810459614,-0.0008179561118595302,-0.2225514054298401,-0.0027498968411237,-0.0010056840255856514,0.9749165773391724
1766058193.9604506,0,+Z,10,0.4560518264770508,0.009194489568471909,0.4677247405052185,0.5340934991836548,0.00963133666664362,0.8453294634819031,-0.008337179198861122,13215.119418999999,12511141025,1.0,-0.001335150795057416,0.10044330358505249,-0.0037486546207219362,-0.4488980174064636,-0.005524646490812302,-0.000841322005726397,-0.22256721556186676,-0.0027866577729582787,-0.001024915254674852,0.9749128222465515
1766058194.0106628,0,+Z,10,0.45603060722351074,0.009182170033454895,0.4677298963069916,0.5340976119041443,0.009626422077417374,0.8453270196914673,-0.008324829861521721,13215.169421999999,12511191028,1.0,-0.0012835175730288029,0.1005048081278801,-0.0038290685042738914,-0.4488874673843384,-0.005589200649410486,-0.0008569809142500162,-0.2225620299577713,-0.0028198687359690666,-0.0010397181613370776,0.9749138951301575
1766058194.0608597,0,+Z,10,0.45601388812065125,0.009172861464321613,0.46772897243499756,0.5340939164161682,0.009612918831408024,0.8453295230865479,-0.00832680519670248,13215.219421,12511241028,1.0,-0.0012333824997767806,0.10059070587158203,-0.00380398565903306,-0.44890543818473816,-0.005677422508597374,-0.0008809924474917352,-0.22257070243358612,-0.00286554335616529,-0.0010612641926854849,0.9749117493629456
1766058194.1110322,0,+Z,10,0.4560006558895111,0.009169291704893112,0.46773096919059753,0.5340918898582458,0.009604464285075665,0.8453309535980225,-0.008319430984556675,13215.269423,12511291032,1.0,-0.001278863986954093,0.1006317287683487,-0.0036837987136095762,-0.44894176721572876,-0.005777662619948387,-0.0008798904600553215,-0.22258836030960083,-0.002914279466494918,-0.0010719316778704524,0.9749075770378113
1766058194.1612158,0,+Z,10,0.4559977352619171,0.009160779416561127,0.4677372872829437,0.534089207649231,0.009603778831660748,0.845332682132721,-0.00831258948892355,13215.319421,12511341030,1.0,-0.0013720644637942314,0.1007043793797493,-0.0035793001297861338,-0.4489039182662964,-0.0057737394236028194,-0.0008628263603895903,-0.22256994247436523,-0.002910471986979246,-0.0010631256736814976,0.9749118089675903
1766058194.2114334,0,+Z,10,0.455996036529541,0.009159217588603497,0.46773555874824524,0.5340802073478699,0.009596196003258228,0.8453384637832642,-0.008316099643707275,13215.369419999999,12511391029,1.0,-0.001441284315660596,0.10077689588069916,-0.0035664516035467386,-0.4489281177520752,-0.005832406226545572,-0.0008388739661313593,-0.22258174419403076,-0.0029364011716097593,-0.0010580118978396058,0.9749090075492859
1766058194.261645,0,+Z,10,0.45600229501724243,0.009163224138319492,0.467741996049881,0.5340837836265564,0.00959430355578661,0.8453362584114075,-0.008313257247209549,13215.419423,12511441032,1.0,-0.0016103166854009032,0.10097178816795349,-0.003522649873048067,-0.4488995373249054,-0.005889048334211111,-0.0008032373152673244,-0.2225678265094757,-0.0029600493144243956,-0.0010469045955687761,0.974912166595459
1766058194.3118181,0,+Z,10,0.4560074806213379,0.009164080023765564,0.4677376449108124,0.5340679883956909,0.009590821340680122,0.8453462719917297,-0.00831378623843193,13215.469422,12511491036,1.0,-0.0017719987081363797,0.10117936134338379,-0.003449586220085621,-0.44894763827323914,-0.005867119412869215,-0.0007899740594439209,-0.22259129583835602,-0.0029478776268661022,-0.001038065762259066,0.974906861782074
1766058194.36203,0,+Z,10,0.45600903034210205,0.009168884716928005,0.4677394926548004,0.5340681076049805,0.009590709581971169,0.845346212387085,-0.008309735916554928,13215.519424,12511541038,1.0,-0.0018969076918438077,0.10128293931484222,-0.003417195053771138,-0.4489431083202362,-0.00595569284632802,-0.0007311917725019157,-0.2225891351699829,-0.002984511200338602,-0.0010192635236307979,0.9749072194099426
1766058194.412213,0,+Z,10,0.4560108184814453,0.009169447235763073,0.46773943305015564,0.5340688824653625,0.00958964042365551,0.845345675945282,-0.008314104750752449,13215.571423,12511593037,1.0,-0.0019313247175887227,0.1011684238910675,-0.0034708743914961815,-0.448936402797699,-0.005934351589530706,-0.0007375572458840907,-0.22258587181568146,-0.002974817994982004,-0.00101998180616647,0.9749079942703247
1766058194.462395,0,+Z,10,0.4560147225856781,0.009166078642010689,0.4677397310733795,0.5340708494186401,0.009586295112967491,0.8453444838523865,-0.008316216990351677,13215.621421,12511643035,1.0,-0.001855818321928382,0.1010388657450676,-0.0034366443287581205,-0.4488564431667328,-0.005951905623078346,-0.0007507572299800813,-0.22254687547683716,-0.00298485578969121,-0.0010282573057338595,0.9749168753623962
1766058194.5125954,0,+Z,10,0.45601803064346313,0.009169848635792732,0.4677388370037079,0.5340651273727417,0.009584411978721619,0.8453481793403625,-0.00831241998821497,13215.671421,12511693038,1.0,-0.001668425858952105,0.10088701546192169,-0.003392640734091401,-0.4488125145435333,-0.0059651657938957214,-0.0007686063763685524,-0.22252541780471802,-0.0029933119658380747,-0.0010383714688941836,0.9749217629432678
1766058194.5628161,0,+Z,10,0.45602133870124817,0.009169872850179672,0.4677376449108124,0.5340598225593567,0.009586751461029053,0.8453514575958252,-0.008314140141010284,13215.721424,12511743041,1.0,-0.001402648980729282,0.10064326226711273,-0.0035817204043269157,-0.44879886507987976,-0.005817790050059557,-0.0008012420730665326,-0.22251880168914795,-0.0029251049272716045,-0.0010378638980910182,0.9749234318733215
1766058194.9149396,0,-Z,1,0.45481589436531067,0.009614539332687855,0.4479524791240692,0.5332363247871399,0.010381340980529785,0.845841646194458,-0.010157782584428787,13216.073421,12512095034,1.0,2.448084342177026e-05,0.08154681324958801,-0.0025129690766334534,-0.45121651887893677,-0.0027628696989268064,-0.0027543986216187477,-0.2236969769001007,-0.0016545032849535346,-0.0016513224691152573,0.9746559262275696
1766058195.265996,0,-Z,2,0.4548724293708801,0.009579241275787354,0.42744243144989014,0.5342154502868652,0.010372628457844257,0.8452261686325073,-0.009948160499334335,13216.423469,12512445083,1.0,-0.00019980732758995146,0.0618429034948349,-0.0014075880171731114,-0.44844046235084534,-0.0035101163666695356,-0.0018450429197400808,-0.22234416007995605,-0.0019162422977387905,-0.0012896573171019554,0.974965512752533
1766058195.6169531,0,-Z,3,0.45444491505622864,0.009323249571025372,0.4076283276081085,0.5343149900436401,0.010429280810058117,0.8451627492904663,-0.009935826994478703,13216.775421,12512797038,1.0,-0.0004986025742255151,0.04249696433544159,-0.00017472506442572922,-0.4475051164627075,-0.003796857316046953,-0.001578583032824099,-0.22188825905323029,-0.002026238013058901,-0.0011908566812053323,0.9750692844390869
1766058195.9680371,0,-Z,4,0.4541959762573242,0.009197860956192017,0.387783408164978,0.5344532132148743,0.010368280112743378,0.8450759649276733,-0.009941513650119305,13217.127419999999,12513149029,1.0,-0.00021602057677228004,0.02283543162047863,0.0006950474344193935,-0.4465349614620209,-0.004494712688028812,-0.0009051867527887225,-0.22141560912132263,-0.0022917846217751503,-0.0009389613405801356,0.9751763939857483
1766058196.470029,0,-Z,5,0.4554317593574524,0.009220327250659466,0.36675697565078735,0.5354897975921631,0.01011248305439949,0.8444293141365051,-0.009357455186545849,13217.627422,12513649034,1.0,-3.40687511197757e-05,0.0032651545479893684,0.00013636895164381713,-0.4439809322357178,-0.005662258714437485,6.741668767062947e-05,-0.22017090022563934,-0.0027542314492166042,-0.0005904526333324611,0.9754572510719299
1766058196.871716,0,-Z,6,0.454836905002594,0.009051001630723476,0.3483569025993347,0.5338406562805176,0.010384534485638142,0.8454620838165283,-0.01000872440636158,13218.029423,12514051037,1.0,-1.641063136048615e-06,-0.012198376469314098,0.0009579456527717412,-0.4473239481449127,-0.004536943044513464,0.00015968563093338162,-0.22180147469043732,-0.002194256754592061,-0.0004252968938089907,0.9750893115997314
1766058201.9373996,0,-Z,7,0.45743533968925476,0.011885511688888073,0.33345919847488403,0.5259420871734619,0.012818383984267712,0.8503218293190002,-0.013168228790163994,13223.095421,12519117058,1.0,0.0036641790065914392,-0.024946575984358788,-0.0013266638852655888,-0.46684449911117554,0.004346584901213646,-0.002819155575707555,-0.23131051659584045,0.0017883038381114602,-0.0008686473593115807,0.9728779196739197
1766058207.0034134,0,-Z,8,0.4593380391597748,0.01380990818142891,0.3180731236934662,0.5188513994216919,0.014685232192277908,0.854590654373169,-0.01588539034128189,13228.161468,12524183155,1.0,0.007579459343105555,-0.03680965304374695,-0.003612849861383438,-0.4838626980781555,0.010687140747904778,-0.0042780726216733456,-0.23958531022071838,0.004675454460084438,-0.0007965162512846291,0.9708637595176697
