host_timestamp,edge_timestamp,confidence,pos_x,pos_y,pos_z,roll,pitch,yaw,quat_w,quat_x,quat_y,quat_z
948.147388,244127972,0.09,0.00033874408109113574,-0.00047928449930623174,0.00032742629991844296,-0.8009759783744812,1.533814787864685,0.010819685645401478,0.6374750137329102,0.27411699295043945,-0.28418099880218506,0.6616091132164001
948.315309,244295831,0.09,-0.0013704748125746846,-0.0017462183022871614,0.0008026281138882041,-0.8135519623756409,1.5263872146606445,-0.0006548957899212837,0.6349225640296936,0.2732692360877991,-0.2857018709182739,0.6637557744979858
948.331296,244311818,0.1,-0.0013123609824106097,-0.0017768549732863903,0.0010846127988770604,-0.8047309517860413,1.528538703918457,0.003330697538331151,0.6362723112106323,0.2720940411090851,-0.2837485074996948,0.6637839674949646
948.3353139999999,244315835,0.1,-0.0012659147614613175,-0.0017743572825565934,0.0012015880784019828,-0.8084735870361328,1.5298551321029663,-0.002746290061622858,0.6370614767074585,0.2714551091194153,-0.2828772962093353,0.66366046667099
948.339308,244319830,0.1,-0.00127610.1,-0.001398953958414495,-0.0018588592065498233,0.001531355082988739,-0.7759426236152649,1.5351191759109497,0.020180948078632355,0.6399940252304077,0.2694002687931061,-0.27870750427246094,0.663440465927124
948.4033,244383822,0.07,-0.001803640031975969672,-0.0017851163865998387,0.0012696312041953206,-0.806563138961792,1.5307869911193848,-0.002689870772883296,0.6376214623451233,0.27099746465682983,-0.28213411569595337,0.6636260747909546
948.3613029999999,244341824,3926089406,-0.0019593939650803804,0.0015140445902943611,-0.8041767477989197,1.5460398197174072,-0.0071960678324103355,0.6436114311218262,0.270901620388031,-0.2778099775314331,0.659695565700531
948.407292,244387814,0.07,-0.00187580450437963,-0.001898200367577374,0.0014685775386169553,-0.7310991287231445,1.5456773042678833,0.0671459287405014,0.6430826783180237,0.27187275886535645,-0.27766141295433044,0.6598742604255676
948.4332899999999,244413812,0.07,-0.0023928461596369743,-0.0007323138415813446,0.0010162671096622944,-0.053939491510391235,1.5211931467056274,0.7516276240348816,0.633840024471283,0.2830808162689209,-0.27109307050704956,0.6667987704277039
948.4472959999999,244427890,0.07,-0.0023238968569785357,-0.00013352032692637295,0.0007384938071481884,0.06175363436341286,1.5040255784988403,0.8686439990997314,0.6288791298866272,0.2880359888076782,-0.26685965061187744,0.671068012714386
948.465293,244445888,0.07,-0.0017464429838582873,0.0005889604799449444,7.58052701712586e-05,0.1537763774394989,1.4856616258621216,0.9582141041755676,0.6245282888412476,0.29243552684783936,-0.26067256927490234,0.6756446957588196
948.481289,244461884,0.07,0.0005562222795560956,0.0026892749592661858,-0.001300128293223679,0.22069066762924194,1.4647667407989502,1.022101879119873,0.6197140216827393,0.2972460389137268,-0.25361862778663635,0.6806445121765137
948.49929,244479885,0.07,0.001543913851492107,0.004503388423472643,-0.002582167973741889,0.28872451186180115,1.4283720254898071,1.0906727313995361,0.6105572581291199,0.30730894207954407,-0.24328133463859558,0.688182532787323
948.513291,244493886,0.07,0.0024214088916778564,0.005983240902423859,-0.0038246989715844393,0.3491349518299103,1.4041259288787842,1.1505515575408936,0.6057612299919128,0.3149779736995697,-0.23475076258182526,0.6919062733650208
948.529289,244509884,0.07,0.0035893479362130165,0.007628610823303461,-0.005381870549172163,0.41029882431030273,1.377440333366394,1.2096805572509766,0.6012694835662842,0.323309987783432,-0.22443822026252747,0.6953942179679871
948.541293,244521888,0.07,0.004552824422717094,0.008913936093449593,-0.006783847231417894,0.46276772022247314,1.3633904457092285,1.2602187395095825,0.6004640460014343,0.3285987973213196,-0.21751165390014648,0.6958121061325073
948.5632889999999,244543884,0.07,0.006439683493226767,0.011166664771735668,-0.009864882566034794,0.5543696880340576,1.3502733707427979,1.3489288091659546,0.6029199957847595,0.3352915346622467,-0.20856072008609772,0.6932311654090881
948.577289,244557884,0.07,0.007794925477355719,0.012608684599399567,-0.012083690613508224,0.5722464323043823,1.3435368537902832,1.36489999294281,0.6026713848114014,0.33727678656578064,-0.20513489842414856,0.6935064792633057
948.5872939999999,244567888,0.07,0.008807544596493244,0.01362797524780035,-0.013814086094498634,0.562103807926178,1.3422907590866089,1.3545126914978027,0.6017309427261353,0.337066650390625,-0.20514781773090363,0.6944208741188049
948.59929,244579885,0.07,0.0100691057741642,0.014855676330626011,-0.016012294217944145,0.5270755887031555,1.3435182571411133,1.3197718858718872,0.5997252464294434,0.33517834544181824,-0.20726048946380615,0.6964396834373474
948.61329,244593885,0.07,0.011681496165692806,0.016346927732229233,-0.018816722556948662,0.4578828811645508,1.350122332572937,1.2521275281906128,0.597018837928772,0.33057451248168945,-0.21306943893432617,0.6992069482803345
948.6212889999999,244601883,0.07,0.012640370056033134,0.017241189256310463,-0.02049773745238781,0.41409993171691895,1.3538635969161987,1.209209680557251,0.5954412221908569,0.32768747210502625,-0.21662890911102295,0.7008156776428223
948.623292,244603887,0.07,0.012883123941719532,0.017467860132455826,-0.020930154249072075,0.4027668833732605,1.3547427654266357,1.1980890035629272,0.5950383543968201,0.3269525468349457,-0.21752750873565674,0.7012225985527039
948.6272899999999,244607884,0.07,0.013369059190154076,0.01792454533278942,-0.021810226142406464,0.3800145387649536,1.3563487529754639,1.175768256187439,0.5942185521125793,0.32550954818725586,-0.21929746866226196,0.7020373344421387
948.629293,244609888,0.07,0.013613153249025345,0.018156563863158226,-0.022260632365942,0.36878833174705505,1.357064962387085,1.1647778749465942,0.5938060879707336,0.3248196840286255,-0.22016116976737976,0.7024354338645935
948.633292,244613887,0.07,0.0141038428992033,0.01862921565771103,-0.02317972667515278,0.3473529815673828,1.3583368062973022,1.1437935829162598,0.5930196046829224,0.3235173523426056,-0.22179286181926727,0.7031871676445007
948.637291,244617886,0.07,0.014600717462599277,0.01911422610282898,-0.02412392757833004,0.32750415802001953,1.359466552734375,1.1242775917053223,0.592319905757904,0.3222839832305908,-0.22327475249767303,0.7038739919662476
948.639291,244619886,0.07,0.014852598309516907,0.019361015409231186,-0.024604732170701027,0.31813767552375793,1.3599812984466553,1.114996314048767,0.5920032858848572,0.32167795300483704,-0.2239508479833603,0.7042027115821838
948.643293,244623888,0.07,0.015364659950137138,0.019861994311213493,-0.02558257430791855,0.30070534348487854,1.360964059829712,1.0975346565246582,0.5914614200592041,0.3204740881919861,-0.2251640260219574,0.7048197984695435
948.647292,244627887,0.07,0.015887819230556488,0.020370284095406532,-0.026580320671200752,0.2849993407726288,1.3618768453598022,1.081545352935791,0.5910319685935974,0.31928855180740356,-0.22619213163852692,0.7053886651992798
948.651292,244632050,0.07,0.01642196998000145,0.020884035155177116,-0.027596935629844666,0.27063727378845215,1.3626660108566284,1.066658616065979,0.5906733870506287,0.31811657547950745,-0.22704647481441498,0.7059438228607178
948.6552909999999,244636048,0.07,0.016965698450803757,0.02140079066157341,-0.028632553294301033,0.25761961936950684,1.3633109331130981,1.052949070930481,0.5903658866882324,0.3169889748096466,-0.22774377465248108,0.7064834237098694
948.6592959999999,244640053,0.07,0.01751835271716118,0.021918252110481262,-0.029690740630030632,0.24558894336223602,1.3638336658477783,1.040202260017395,0.5900797843933105,0.3159312903881073,-0.228351891040802,0.7069997787475586
948.663294,244644052,0.07,0.018074551597237587,0.022433100268244743,-0.030762655660510063,0.23409923911094666,1.3643165826797485,1.0280303955078125,0.5898119807243347,0.3149220049381256,-0.22893235087394714,0.7074856162071228
948.6692989999999,244650056,0.07,0.01892746053636074,0.02319590374827385,-0.03244468569755554,0.2197803258895874,1.3649095296859741,1.0130616426467896,0.5894670486450195,0.3137328326702118,-0.22971661388874054,0.7080469727516174
948.681293,244662051,0.07,0.02064863219857216,0.02470652014017105,-0.03589379042387009,0.19301176071166992,1.365668773651123,0.985492467880249,0.5887038707733154,0.3117092251777649,-0.23124206066131592,0.7090784311294556
948.687293,244668051,0.07,0.02150726690888405,0.02540980651974678,-0.03782053664326668,0.18608318269252777,1.3642337322235107,0.9797617197036743,0.5878183245658875,0.3119736611843109,-0.23171447217464447,0.7095423936843872
948.693311,244674069,0.07,0.022353893145918846,0.026096688583493233,-0.039733920246362686,0.17632605135440826,1.3634867668151855,0.9707087278366089,0.5871019959449768,0.3117598593235016,-0.23236392438411713,0.7100169062614441
948.7013129999999,244682070,0.07,0.02346346154808998,0.026976753026247025,-0.04234882816672325,0.1651259809732437,1.3613659143447876,0.9599199891090393,0.5859106183052063,0.31158268451690674,-0.23274748027324677,0.7109525799751282
948.709294,244690052,0.07,0.024551989510655403,0.027799434959888458,-0.04502490535378456,0.15551316738128662,1.3593053817749023,0.9497193694114685,0.5849159359931946,0.31112152338027954,-0.23276832699775696,0.7119660377502441
948.715296,244696054,0.07,0.02537434548139572,0.028399737551808357,-0.04708528146147728,0.1506580114364624,1.3566458225250244,0.9429730772972107,0.5840557813644409,0.31058672070503235,-0.231999471783638,0.7131556272506714
948.723297,244704055,0.07,0.026485469192266464,0.02917361631989479,-0.0498647578060627,0.14770957827568054,1.3530670404434204,0.9363692402839661,0.5831601023674011,0.30968862771987915,-0.2304210066795349,0.7147890329360962
948.729302,244710060,0.07,0.027334988117218018,0.029735887423157692,-0.051975201815366745,0.1476413905620575,1.3502463102340698,0.9329928755760193,0.582586944103241,0.3089695870876312,-0.22890892624855042,0.7160523533821106
948.735322,244716080,0.07,0.02821190096437931,0.030302878469228745,-0.054125819355249405,0.1510266363620758,1.3469078540802002,0.9329091310501099,0.5819926857948303,0.3085082471370697,-0.22701720893383026,0.7173356413841248
948.74331,244724068,0.07,0.02941351942718029,0.03107634000480175,-0.05703676864504814,0.16022975742816925,1.3415498733520508,0.9380219578742981,0.5810286402702332,0.30856359004974365,-0.22414104640483856,0.7189958095550537
948.74731,244728068,0.07,0.03004685789346695,0.03144402056932449,-0.05852543190121651,0.16625206172466278,1.3399444818496704,0.9425512552261353,0.5809112787246704,0.30871379375457764,-0.2229709029197693,0.7193899154663086
948.751302,244732060,0.07,0.030685316771268845,0.03179921954870224,-0.060021985322237015,0.171650230884552,1.3384109735488892,0.9467555284500122,0.5807620286941528,0.30891960859298706,-0.22194144129753113,0.7197403311729431
948.7552939999999,244736051,0.07,0.031323835253715515,0.032142966985702515,-0.061536043882369995,0.17664213478565216,1.3367525339126587,0.9510983228683472,0.5804964900016785,0.3093179166316986,-0.22106952965259552,0.7200517654418945
948.757304,244738062,0.07,0.03164324909448624,0.03231170028448105,-0.0623059943318367,0.1788942813873291,1.335805058479309,0.9532577395439148,0.5802891850471497,0.309605211019516,-0.22069233655929565,0.7202110886573792
948.7612939999999,244742051,0.07,0.032272934913635254,0.03263784945011139,-0.06384656578302383,0.18292851746082306,1.333804726600647,0.9573652744293213,0.5797926783561707,0.310261070728302,-0.22002121806144714,0.7205339074134827
948.7652889999999,244746046,0.07,0.03289595618844032,0.03294938802719116,-0.06540682911872864,0.1859629899263382,1.3316324949264526,0.960938572883606,0.5791456699371338,0.3110477328300476,-0.21951593458652496,0.7208691835403442
948.769289,244750047,0.07,0.03349363058805466,0.03319976106286049,-0.06702490150928497,0.1843995898962021,1.3285949230194092,0.9611014723777771,0.5778691172599792,0.3120880424976349,-0.21949991583824158,0.7214486598968506
948.7712919999999,244752049,0.07,0.0337919145822525,0.033322907984256744,-0.06783629953861237,0.18353870511054993,1.327086091041565,0.9609511494636536,0.5772462487220764,0.3125447928905487,-0.219455748796463,0.7217628955841064
948.7752909999999,244756048,0.07,0.03437981754541397,0.0335528589785099,-0.06946871429681778,0.18105179071426392,1.3239259719848633,0.9599003195762634,0.57591313123703,0.31343013048171997,-0.21939921379089355,0.7224608063697815
948.7793059999999,244760063,0.07,0.03495350107550621,0.033749621361494064,-0.07112977653741837,0.17616763710975647,1.3201985359191895,0.956139087677002,0.574306070804596,0.3141166567802429,-0.21931728720664978,0.7234660983085632
948.783343,244764101,0.07,0.03552550822496414,0.03393426537513733,-0.0728045254945755,0.1711731255054474,1.3163292407989502,0.9517208933830261,0.5726988315582275,0.3146091401576996,-0.21906769275665283,0.7246009111404419
948.7894329999999,244770190,0.07,0.03638197481632233,0.03418803587555885,-0.07533510029315948,0.16340844333171844,1.3102203607559204,0.943280816078186,0.5703255534172058,0.31479334831237793,-0.21823449432849884,0.7266413569450378
948.7954269999999,244776184,0.07,0.03722628578543663,0.0344233363866806,-0.07782378047704697,0.15622803568840027,1.303934097290039,0.9336749315261841,0.5680912733078003,0.314380407333374,-0.21685269474983215,0.7289802432060242
948.801305,244782063,0.07,0.03806150332093239,0.03464847058057785,-0.08026132732629776,0.1501322090625763,1.2972558736801147,0.9233091473579407,0.5659530758857727,0.3134078085422516,-0.21481506526470184,0.7316605448722839
948.807295,244788053,0.07,0.03893384337425232,0.034862980246543884,-0.08273538202047348,0.14456863701343536,1.29149329662323,0.9120076894760132,0.5642922520637512,0.31175696849823,-0.21253074705600739,0.7343108654022217
948.8132989999999,244794056,0.07,0.03984007239341736,0.03506846725940704,-0.08519948273897171,0.13932925462722778,1.2866268157958984,0.9001719951629639,0.5630300045013428,0.30964288115501404,-0.2101796269416809,0.7368466854095459
948.821293,244802051,0.07,0.041069161146879196,0.03532502427697182,-0.08846122771501541,0.13215374946594238,1.2807451486587524,0.8845252394676208,0.561488687992096,0.3067851662635803,-0.2073083370923996,0.7400246858596802
948.825299,244806057,0.07,0.04168706759810448,0.03543486446142197,-0.09008882194757462,0.12758301198482513,1.27777898311615,0.8763695359230042,0.5605823397636414,0.3054927587509155,-0.20615553855895996,0.7415668964385986
948.831291,244812049,0.07,0.04261258617043495,0.0355728417634964,-0.09251585602760315,0.11958654969930649,1.2728999853134155,0.8637505173683167,0.55892413854599,0.30376505851745605,-0.20468762516975403,0.7439311742782593
948.835299,244816057,0.07,0.04322710260748863,0.03562267869710922,-0.09413798153400421,0.11224740743637085,1.2691818475723267,0.8546038269996643,0.5574146509170532,0.30294501781463623,-0.20418758690357208,0.74553382396698
948.841292,244822050,0.07,0.04413757473230362,0.03566686064004898,-0.09656645357608795,0.10093200206756592,1.2639292478561401,0.8414167761802673,0.5551557540893555,0.3019106686115265,-0.20379874110221863,0.7477419972419739
948.8472949999999,244828052,0.07,0.045032598078250885,0.03567055985331535,-0.0990062952041626,0.08944778889417648,1.2578513622283936,0.8293046355247498,0.5524508953094482,0.30138808488845825,-0.203672394156456,0.7499871850013733
948.853308,244834066,0.07,0.045903854072093964,0.0356314554810524,-0.10145874321460724,0.07831636816263199,1.25072181224823,0.81839519739151,0.5492769479751587,0.30130431056022644,-0.20361341536045074,0.7523643374443054
948.8612969999999,244841816,0.07,0.047016654163599014,0.03550776466727257,-0.10470949858427048,0.06448297202587128,1.239059329032898,0.8050234317779541,0.5442498326301575,0.30154040455818176,-0.20319360494613647,0.7560276985168457
948.867305,244847825,0.07,0.047823771834373474,0.035366155207157135,-0.10712303221225739,0.05586463212966919,1.2287750244140625,0.7960129380226135,0.5400373935699463,0.30173829197883606,-0.20229984819889069,0.7592024803161621
948.873298,244853818,0.07,0.04861340671777725,0.035177215933799744,-0.10948900133371353,0.048873547464609146,1.2186708450317383,0.7874608635902405,0.536060094833374,0.30158427357673645,-0.2009943276643753,0.7624223232269287
948.879299,244859819,0.07,0.049394574016332626,0.03494858369231224,-0.11180727928876877,0.04369285702705383,1.2089335918426514,0.7794709205627441,0.5324082970619202,0.3010612428188324,-0.19925335049629211,0.7656380534172058
948.883295,244863815,0.07,0.04991010203957558,0.034782882779836655,-0.11332254856824875,0.041550301015377045,1.2027559280395508,0.774928867816925,0.5301970839500427,0.3006029427051544,-0.19786976277828217,0.7677085995674133
948.889294,244869814,0.07,0.0506824292242527,0.034520141780376434,-0.1155553013086319,0.04027093946933746,1.1941394805908203,0.7695590257644653,0.5272569060325623,0.29985830187797546,-0.1955566108226776,0.7706119418144226
948.893295,244873815,0.07,0.05119802802801132,0.03433666750788689,-0.11701826751232147,0.04047364741563797,1.18891179561615,0.7669561505317688,0.5255463719367981,0.299390971660614,-0.19395527243614197,0.7723647952079773
948.899293,244879813,0.07,0.05197310447692871,0.03405050188302994,-0.11917845904827118,0.042416658252477646,1.1821861267089844,0.7650347948074341,0.5234502553939819,0.29889389872550964,-0.1916218101978302,0.7745600938796997
948.903292,244883812,0.07,0.052491623908281326,0.03385278582572937,-0.12059900164604187,0.044246967881917953,1.1783437728881836,0.7646303176879883,0.5222904086112976,0.2986895442008972,-0.1901896595954895,0.7757739424705505
948.9092959999999,244889815,0.07,0.053272735327482224,0.03354400023818016,-0.12270461767911911,0.04781550168991089,1.1735416650772095,0.7654192447662354,0.5209071040153503,0.2986047863960266,-0.18823601305484772,0.7772117853164673
948.913376,244893896,0.07,0.05380048602819443,0.03331867232918739,-0.12411189079284668,0.050898224115371704,1.1711976528167725,0.7674477100372314,0.5202778577804565,0.29885563254356384,-0.18718579411506653,0.7777903079986572
948.919325,244899845,0.07,0.05455578491091728,0.03296123817563057,-0.12614859640598297,0.05482850968837738,1.167500376701355,0.770598828792572,0.5191534757614136,0.29948076605796814,-0.18587231636047363,0.7786157131195068
948.927367,244907887,0.07,0.055532507598400116,0.03240776062011719,-0.12886060774326324,0.05916064605116844,1.1621465682983398,0.7753158807754517,0.51731276512146,0.3008096218109131,-0.1845257431268692,0.7796481847763062
948.9333799999999,244913900,0.07,0.056215979158878326,0.03194410353899002,-0.13084976375102997,0.06186716631054878,1.1574194431304932,0.7788845300674438,0.5155781507492065,0.3020484447479248,-0.18360663950443268,0.7805347442626953
948.93935,244919870,0.07,0.05685942620038986,0.031451061367988586,-0.13278774917125702,0.06457269191741943,1.1518405675888062,0.7824209332466125,0.5135217905044556,0.3033807575702667,-0.18252643942832947,0.7816262245178223
948.9453599999999,244925879,0.07,0.057488661259412766,0.030944544821977615,-0.13469678163528442,0.06827327609062195,1.1457430124282837,0.7863789796829224,0.5113817453384399,0.30469197034835815,-0.181064635515213,0.7828583121299744
948.9513069999999,244931826,0.07,0.05810273066163063,0.03045155107975006,-0.13653922080993652,0.07377003133296967,1.1397992372512817,0.7912174463272095,0.5095005631446838,0.30588358640670776,-0.1791336089372635,0.7840635180473328
948.9572979999999,244937817,0.07,0.058718446642160416,0.029975008219480515,-0.13834886252880096,0.08114396780729294,1.1341750621795654,0.7970544099807739,0.5079498887062073,0.30696749687194824,-0.1767556369304657,0.7851848602294922
948.965295,244945815,0.07,0.05954562500119209,0.029369166120886803,-0.14070527255535126,0.0933450385928154,1.127540946006775,0.8061206340789795,0.5064873695373535,0.3082405924797058,-0.17309796810150146,0.7864447832107544
948.973302,244953822,0.07,0.06041020527482033,0.028797822073101997,-0.1429559886455536,0.10996289551258087,1.1245461702346802,0.8180841207504272,0.5068829655647278,0.309110164642334,-0.1690562516450882,0.7867277264595032
948.9793149999999,244959834,0.07,0.06106139346957207,0.028368676081299782,-0.1446283459663391,0.12244861572980881,1.1231504678726196,0.827669084072113,0.5074798464775085,0.3098939061164856,-0.16632024943828583,0.7866178154945374
948.987298,244967818,0.07,0.06190923601388931,0.027796514332294464,-0.14680378139019012,0.13910776376724243,1.1223682165145874,0.8415022492408752,0.5086306929588318,0.3112047016620636,-0.16313815116882324,0.7860231399536133
948.9953029999999,244975822,0.07,0.06271976232528687,0.02720331773161888,-0.14895938336849213,0.15466701984405518,1.1215159893035889,0.8557145595550537,0.5095875859260559,0.3129441738128662,-0.16048061847686768,0.7852594256401062
949.00131,244981830,0.07,0.06327886134386063,0.026734471321105957,-0.15058037638664246,0.16454248130321503,1.1203656196594238,0.8660838007926941,0.509877622127533,0.3146595060825348,-0.15902259945869446,0.7846820950508118
949.0093019999999,244989821,0.07,0.06397143006324768,0.026097282767295837,-0.1527419090270996,0.17592903971672058,1.1177916526794434,0.8789240717887878,0.5097002983093262,0.317164808511734,-0.15731778740882874,0.7841321229934692
949.0173,244997820,0.07,0.06460282951593399,0.02546905167400837,-0.15487827360630035,0.1855519860982895,1.113427996635437,0.8898472189903259,0.5087565779685974,0.3196404278278351,-0.15544305741786957,0.7841136455535889
949.023296,245003816,0.07,0.0650414526462555,0.02501504123210907,-0.15645593404769897,0.19211244583129883,1.1091939210891724,0.8966571092605591,0.5077119469642639,0.3212769031524658,-0.15373261272907257,0.7844590544700623
949.031296,245011816,0.07,0.06559979170560837,0.02443053014576435,-0.15853987634181976,0.2003175914287567,1.1031016111373901,0.904548704624176,0.506178081035614,0.32321545481681824,-0.15124937891960144,0.7851364016532898
949.037304,245017824,0.07,0.0659937933087349,0.024040449410676956,-0.16006723046302795,0.20581059157848358,1.0986562967300415,0.9082489013671875,0.5051462650299072,0.32395896315574646,-0.14909636974334717,0.7859059572219849
949.04531,245025830,0.07,0.0665205717086792,0.02354300208389759,-0.16206470131874084,0.21298889815807343,1.0935938358306885,0.9123820066452026,0.5041354894638062,0.3245522379875183,-0.14624843001365662,0.7868447303771973
949.053321,245033841,0.07,0.06703919172286987,0.02307426743209362,-0.16399148106575012,0.21904858946800232,1.0893257856369019,0.9143133759498596,0.503403902053833,0.3244483172893524,-0.1434425264596939,0.7878718376159668
949.059304,245039824,0.07,0.06742081791162491,0.02274681255221367,-0.1653941124677658,0.22285033762454987,1.086480736732483,0.9148815274238586,0.502930223941803,0.3241592347621918,-0.14148008823394775,0.7886477708816528
949.0673109999999,245047774,0.07,0.0679243803024292,0.022333595901727676,-0.16724348068237305,0.22675631940364838,1.0835227966308594,0.9149379730224609,0.5024675130844116,0.32366231083869934,-0.1393204629421234,0.7895308136940002
949.0732889999999,245053752,0.07,0.06829468905925751,0.022045517340302467,-0.16860999166965485,0.22865916788578033,1.081737995147705,0.9145739078521729,0.5021418333053589,0.32332032918930054,-0.1380951702594757,0.790093183517456
949.079305,245059769,0.07,0.06865639984607697,0.021773455664515495,-0.16997507214546204,0.22972026467323303,1.0799895524978638,0.9139240980148315,0.501712441444397,0.3230714201927185,-0.13713791966438293,0.7906343340873718
949.0873029999999,245067766,0.07,0.06910770386457443,0.02144843153655529,-0.17178085446357727,0.22997865080833435,1.0772552490234375,0.9127102494239807,0.5008266568183899,0.32295483350753784,-0.13614535331726074,0.791414737701416
949.095297,245075761,0.07,0.06952943652868271,0.02117312327027321,-0.1735670417547226,0.22959363460540771,1.0740408897399902,0.9111210107803345,0.49968278408050537,0.32292407751083374,-0.135211780667305,0.7923098802566528
949.105343,245085807,0.07,0.07000583410263062,0.02092318795621395,-0.17576748132705688,0.22836478054523468,1.068469762802124,0.9079468250274658,0.4976312518119812,0.3228380084037781,-0.13371644914150238,0.7938883304595947
949.1153019999999,245095765,0.07,0.07040785998106003,0.020774850621819496,-0.17791397869586945,0.22677592933177948,1.0607620477676392,0.9039181470870972,0.49477285146713257,0.32282036542892456,-0.13170495629310608,0.7960155010223389
949.121308,245101772,0.07,0.07061411440372467,0.020738618448376656,-0.17918942868709564,0.2259044051170349,1.0551164150238037,0.9011769890785217,0.49270278215408325,0.3228083550930023,-0.1301746666431427,0.7975545525550842
949.129298,245109762,0.07,0.07085530459880829,0.020750556141138077,-0.18086622655391693,0.22548891603946686,1.0473805665969849,0.8977895379066467,0.4899553060531616,0.3227354884147644,-0.12786631286144257,0.7996472716331482
949.137299,245117763,0.07,0.07104641199111938,0.0208345465362072,-0.18254533410072327,0.22608405351638794,1.0392552614212036,0.8950650691986084,0.48716843128204346,0.32272869348526,-0.1252402812242508,0.8017655611038208
949.1452999999999,245125763,0.07,0.07119980454444885,0.020949816331267357,-0.18422535061836243,0.2269754409790039,1.0318942070007324,0.8924712538719177,0.4846964478492737,0.32257920503616333,-0.12269339710474014,0.8037153482437134
949.153298,245133762,0.07,0.07128827273845673,0.021105894818902016,-0.18591651320457458,0.22834931313991547,1.0247946977615356,0.8901153802871704,0.4823755919933319,0.32236364483833313,-0.12006853520870209,0.8055923581123352
949.161297,245141761,0.07,0.07132259011268616,0.021313847973942757,-0.18764230608940125,0.230909064412117,1.0176962614059448,0.8887885212898254,0.4801754355430603,0.32227417826652527,-0.11721429228782654,0.8073609471321106
949.1673049999999,245147769,0.07,0.07131893187761307,0.02153494767844677,-0.18896788358688354,0.2353610098361969,1.0125166177749634,0.8896733522415161,0.47887516021728516,0.32233959436416626,-0.11452897638082504,0.8084917068481445
949.175311,245155775,0.07,0.07129780203104019,0.02188558131456375,-0.19075293838977814,0.24182775616645813,1.0059218406677246,0.8911270499229431,0.4773307144641876,0.32237353920936584,-0.11085464805364609,0.8099024295806885
949.1813159999999,245161779,0.07,0.07124865800142288,0.022212902083992958,-0.1921132355928421,0.24855484068393707,1.000857949256897,0.8934218287467957,0.47636649012565613,0.32246583700180054,-0.10759098827838898,0.8108729720115662
949.1873019999999,245167765,0.07,0.0711752399802208,0.022565871477127075,-0.19348272681236267,0.25557416677474976,0.9949612617492676,0.8961333632469177,0.47511643171310425,0.3227950930595398,-0.1041172444820404,0.8119281530380249
949.1932969999999,245173760,0.07,0.07107234746217728,0.02292519435286522,-0.19487705826759338,0.26288238167762756,0.9900166392326355,0.8996366858482361,0.4742410182952881,0.3232432007789612,-0.10090775787830353,0.8126665353775024
949.201301,245181765,0.07,0.07090508937835693,0.02337055094540119,-0.1967645138502121,0.2717205584049225,0.9857391715049744,0.9044574499130249,0.47381067276000977,0.32377171516418457,-0.09752297401428223,0.8131202459335327
949.20732,245187784,0.07,0.07075618207454681,0.02367919124662876,-0.19819976389408112,0.27748796343803406,0.9839158654212952,0.908033013343811,0.4738825857639313,0.32414475083351135,-0.09562385827302933,0.8131552934646606
949.215299,245195763,0.07,0.07051241397857666,0.024054383859038353,-0.2001185566186905,0.2837756872177124,0.9825236797332764,0.9124394655227661,0.47416821122169495,0.32466596364974976,-0.09380366653203964,0.8129928708076477
949.2212969999999,245201760,0.07,0.07028654962778091,0.02430746704339981,-0.20156289637088776,0.2871610224246979,0.9818141460418701,0.9149913191795349,0.4743315577507019,0.3250134587287903,-0.09287481755018234,0.8128653764724731
949.2272949999999,245207758,0.07,0.07002861052751541,0.024541014805436134,-0.2029917985200882,0.2896118462085724,0.9812912344932556,0.9166741371154785,0.47445523738861084,0.325199693441391,-0.0921611413359642,0.8127999305725098
949.2312989999999,245211762,0.07,0.06985209137201309,0.024694643914699554,-0.20394261181354523,0.29118338227272034,0.9809551239013672,0.9177230596542358,0.47453615069389343,0.32530704140663147,-0.09169613569974899,0.8127623200416565
949.237401,245217865,0.07,0.0695284977555275,0.024917006492614746,-0.20531031489372253,0.29199498891830444,0.9811728000640869,0.9167541861534119,0.4747942090034485,0.3246856927871704,-0.091185063123703,0.8129175305366516
949.2414269999999,245221890,0.07,0.06930987536907196,0.025064617395401,-0.20620587468147278,0.2926759123802185,0.9811732769012451,0.9161832332611084,0.4749308228492737,0.324291855096817,-0.09077282249927521,0.813041090965271
949.24745,245227914,0.07,0.0689564198255539,0.02528766356408596,-0.20750834047794342,0.29322755336761475,0.9810863137245178,0.9143686294555664,0.475069522857666,0.323436975479126,-0.09009812027215958,0.8133755922317505
949.253419,245233883,0.07,0.06858007609844208,0.025519829243421555,-0.20875903964042664,0.29356449842453003,0.980883002281189,0.9119358062744141,0.4751565158367157,0.32239991426467896,-0.08933771401643753,0.8138202428817749
949.2574239999999,245237887,0.07,0.06831508129835129,0.025684336200356483,-0.20957401394844055,0.2936769723892212,0.9807683229446411,0.9100086688995361,0.4752172529697418,0.3216072618961334,-0.08880850672721863,0.8141562342643738
949.263376,245243840,0.07,0.0679062157869339,0.025930646806955338,-0.21075861155986786,0.2936442792415619,0.9806290864944458,0.9068347811698914,0.4752998352050781,0.3203448951244354,-0.08803663402795792,0.8146893978118896
949.271389,245251889,0.07,0.06730305403470993,0.0262331273406744,-0.21230970323085785,0.2913588285446167,0.9807603359222412,0.9009034037590027,0.47524482011795044,0.3184497058391571,-0.0875876247882843,0.815512478351593
949.2793829999999,245259882,0.07,0.06666682660579681,0.026518771424889565,-0.21382728219032288,0.28811413049697876,0.9812130928039551,0.8947235941886902,0.4751715660095215,0.3166278600692749,-0.0875425711274147,0.8162689805030823
949.2874559999999,245267955,0.07,0.06598450988531113,0.0268048457801342,-0.2153303027153015,0.2845892608165741,0.9813539981842041,0.8889251351356506,0.4749222993850708,0.3150753080844879,-0.08763536065816879,0.8170045018196106
949.295444,245275944,0.07,0.0652775913476944,0.027084140107035637,-0.21678701043128967,0.2813010811805725,0.9814725518226624,0.8838940858840942,0.4746710956096649,0.3137814402580261,-0.08781050890684128,0.8176293969154358
949.301444,245281944,0.07,0.0647301971912384,0.027274535968899727,-0.21784603595733643,0.2788207530975342,0.9819927215576172,0.8805134892463684,0.4746292531490326,0.31290698051452637,-0.08813483268022537,0.817953884601593
949.307414,245287914,0.07,0.06417082995176315,0.027454974129796028,-0.21887609362602234,0.27661895751953125,0.982486367225647,0.8773711919784546,0.47461214661598206,0.31206780672073364,-0.08839607983827591,0.818256139755249
949.313468,245293968,0.07,0.06357874721288681,0.027635743841528893,-0.21989020705223083,0.2751174569129944,0.9829636216163635,0.8749696016311646,0.4746665060520172,0.3113679587841034,-0.08854293823242188,0.8184753060340881
949.321417,245301917,0.07,0.06276250630617142,0.027877425774931908,-0.22116097807884216,0.2747228443622589,0.9831938743591309,0.8732511401176453,0.47476908564567566,0.31072288751602173,-0.08834587037563324,0.8186822533607483
949.327453,245307953,0.07,0.06211710721254349,0.028066838160157204,-0.22206811606884003,0.2755161225795746,0.9829222559928894,0.8727884292602539,0.47480887174606323,0.3103868365287781,-0.08785316348075867,0.8188396096229553
949.335431,245315931,0.07,0.06124238297343254,0.02832871302962303,-0.22318026423454285,0.2779986262321472,0.9823194146156311,0.8732873797416687,0.4749419093132019,0.3100945055484772,-0.08682608604431152,0.8189827799797058
949.3414349999999,245321934,0.07,0.06057293713092804,0.0285282414406538,-0.22396329045295715,0.2805195450782776,0.9819332957267761,0.8743330836296082,0.47514015436172485,0.3099835515022278,-0.08595935255289078,0.8190012574195862
949.3493239999999,245329823,0.07,0.05968466028571129,0.02880088798701763,-0.2249174267053604,0.28483936190605164,0.9814276695251465,0.8771759867668152,0.4754957854747772,0.31019943952560425,-0.08475740253925323,0.818838357925415
949.3572979999999,245337797,0.07,0.05879050865769386,0.029108235612511635,-0.2258387804031372,0.2905622124671936,0.9811782240867615,0.8821133375167847,0.4760817289352417,0.3108978867530823,-0.08353561908006668,0.8183584213256836
949.3653109999999,245345810,0.07,0.05790700763463974,0.029458407312631607,-0.2267351895570755,0.29799115657806396,0.9813754558563232,0.8896335363388062,0.47700193524360657,0.312171995639801,-0.08233240246772766,0.817458987236023
949.371304,245351804,0.07,0.05725860223174095,0.0297275148332119,-0.22740395367145538,0.3037550747394562,0.982276976108551,0.8964320421218872,0.47796517610549927,0.31342849135398865,-0.0817994773387909,0.8164684176445007
949.381317,245361817,0.07,0.056187767535448074,0.030175138264894485,-0.2285652607679367,0.31196945905685425,0.9842731356620789,0.9090966582298279,0.47949090600013733,0.316301554441452,-0.08192594349384308,0.8144506812095642
949.391306,245371806,0.07,0.05511093884706497,0.03064882569015026,-0.2297937273979187,0.31802499294281006,0.9837437272071838,0.9220579266548157,0.47972387075424194,0.32020941376686096,-0.08245129883289337,0.8127316236495972
949.3992959999999,245379795,0.07,0.05425229296088219,0.031076764687895775,-0.23080618679523468,0.32238203287124634,0.9815296530723572,0.9324551224708557,0.4791714549064636,0.3237568736076355,-0.08266898989677429,0.8116292357444763
949.405301,245385801,0.07,0.05360738933086395,0.03142419829964638,-0.23157832026481628,0.32552865147590637,0.9796524047851562,0.9401625990867615,0.4786669909954071,0.32644566893577576,-0.08280594646930695,0.8108355402946472
949.4133039999999,245393803,0.07,0.052759844809770584,0.031897250562906265,-0.23262476921081543,0.329256147146225,0.9776096343994141,0.9497859477996826,0.47812288999557495,0.3297993540763855,-0.08312314748764038,0.8097662925720215
949.421302,245401802,0.07,0.05193375423550606,0.032368022948503494,-0.23367726802825928,0.33180320262908936,0.975877046585083,0.9576001167297363,0.47757938504219055,0.33264872431755066,-0.08355370163917542,0.8088766932487488
949.429321,245409821,0.07,0.05111529305577278,0.03286270797252655,-0.23472853004932404,0.3340863883495331,0.9744121432304382,0.9645215272903442,0.4771311283111572,0.33515316247940063,-0.08393733203411102,0.8080673217773438
949.435297,245415797,0.07,0.050516702234745026,0.033252790570259094,-0.23552432656288147,0.33486610651016235,0.9729185104370117,0.967754602432251,0.47657695412635803,0.3365306556224823,-0.08403939753770828,0.8078112006187439
949.4432949999999,245423794,0.07,0.049730222672224045,0.03378886356949806,-0.23660486936569214,0.3353351056575775,0.9715201258659363,0.9711321592330933,0.4759999215602875,0.33802422881126404,-0.08432211726903915,0.8074982762336731
949.449304,245429804,0.07,0.04914924129843712,0.03420138731598854,-0.23742201924324036,0.33529698848724365,0.9712190628051758,0.9728091359138489,0.47581204771995544,0.3387622833251953,-0.08466485887765884,0.8072637915611267
949.4573039999999,245437803,0.07,0.04838642105460167,0.03474760055541992,-0.2385057806968689,0.33401089906692505,0.9712587594985962,0.9732465147972107,0.4755900502204895,0.33923783898353577,-0.08529741317033768,0.8071283102035522
949.463298,245443798,0.07,0.04781876131892204,0.0351489894092083,-0.23931553959846497,0.33199501037597656,0.9713594913482666,0.9722824692726135,0.4753263592720032,0.3393106460571289,-0.0859057828783989,0.8071885108947754
949.471291,245451791,0.07,0.047038592398166656,0.03565090149641037,-0.24042542278766632,0.3268706202507019,0.9712132215499878,0.9686833620071411,0.47455906867980957,0.3390996754169464,-0.08708509057760239,0.8076021671295166
949.481309,245461795,0.07,0.046012815088033676,0.03623562306165695,-0.24186141788959503,0.318499892950058,0.9694448113441467,0.9624783992767334,0.47275975346565247,0.3388752341270447,-0.0885806679725647,0.808588445186615
949.4893,245469786,0.07,0.045159075409173965,0.036675792187452316,-0.2430260330438614,0.3110944628715515,0.9658856391906738,0.9562254548072815,0.47046297788619995,0.3386877477169037,-0.08926952630281448,0.8099297285079956
949.497296,245477782,0.07,0.044282782822847366,0.037096526473760605,-0.24420827627182007,0.30361464619636536,0.961075484752655,0.9495676159858704,0.46770092844963074,0.33853814005851746,-0.08962254226207733,0.8115513324737549
949.505316,245485802,0.07,0.04336535185575485,0.03746328130364418,-0.24543218314647675,0.2964707016944885,0.9547173380851746,0.942868709564209,0.46440818905830383,0.33851686120033264,-0.08949770778417587,0.8134626746177673
949.511302,245491788,0.07,0.0426730252802372,0.03771645203232765,-0.24634766578674316,0.2917742133140564,0.9500475525856018,0.938362181186676,0.46205592155456543,0.33852100372314453,-0.08929570019245148,0.8148215413093567
949.517302,245497788,0.07,0.04197610914707184,0.03794466331601143,-0.24726392328739166,0.28785383701324463,0.945501983165741,0.9343492388725281,0.4598529636859894,0.3385120630264282,-0.0889325886964798,0.8161101937294006
949.523294,245503780,0.07,0.041283268481492996,0.03814374655485153,-0.24817563593387604,0.2847558856010437,0.9413570165634155,0.9308812618255615,0.4579106569290161,0.3384610712528229,-0.08846040815114975,0.8172739148139954
949.5292919999999,245509778,0.07,0.040593113750219345,0.03832131624221802,-0.2490854561328888,0.28238531947135925,0.9375555515289307,0.927993655204773,0.45619142055511475,0.3384179174900055,-0.08790916949510574,0.8183121085166931
949.5352929999999,245515778,0.07,0.0399075485765934,0.038473811000585556,-0.24999405443668365,0.2814287543296814,0.9348804950714111,0.9264078140258789,0.4550798833370209,0.3384038805961609,-0.08733514696359634,0.8189979791641235
949.5392919999999,245519777,0.07,0.03945431485772133,0.038566704839468,-0.25059932470321655,0.28077462315559387,0.9327398538589478,0.9252697825431824,0.45420214533805847,0.33841922879219055,-0.08686140924692154,0.8195290565490723
949.5452919999999,245525777,0.07,0.038774821907281876,0.038691096007823944,-0.2515060305595398,0.2795419991016388,0.9282225966453552,0.9231932759284973,0.45235714316368103,0.3385467827320099,-0.0858784168958664,0.8205997943878174
949.5492979999999,245529783,0.07,0.038317687809467316,0.03876449912786484,-0.2521095871925354,0.2786110043525696,0.9245002865791321,0.9217504858970642,0.45083609223365784,0.3387385904788971,-0.08509741723537445,0.8214386105537415
949.555291,245535777,0.07,0.03762637823820114,0.03885432332754135,-0.2530112862586975,0.27719277143478394,0.9185147881507874,0.9197866320610046,0.4483821988105774,0.3391683101654053,-0.08389425277709961,0.8227272033691406
949.5592969999999,245539782,0.07,0.0371612086892128,0.03890254348516464,-0.2536133825778961,0.27630823850631714,0.914431095123291,0.9186815619468689,0.4467080235481262,0.3395346403121948,-0.08309478312730789,0.8235675096511841
949.565302,245545788,0.07,0.036468397825956345,0.0389404259622097,-0.2545190751552582,0.2752118408679962,0.9081747531890869,0.917668342590332,0.4441530704498291,0.34031161665916443,-0.0819183811545372,0.8247457146644592
949.5732969999999,245553782,0.07,0.03556016832590103,0.038926366716623306,-0.255731463432312,0.2738797068595886,0.9004390239715576,0.9167709946632385,0.44097450375556946,0.3414040207862854,-0.08053649216890335,0.8261347413063049
949.579301,245559787,0.07,0.03488725423812866,0.03887766972184181,-0.2566419541835785,0.2736265957355499,0.8952299952507019,0.91700679063797,0.43890559673309326,0.34233981370925903,-0.07952595502138138,0.8269467353820801
949.5872969999999,245567782,0.07,0.03399878740310669,0.03879862278699875,-0.25784173607826233,0.27454033493995667,0.8889398574829102,0.9182524085044861,0.4365752637386322,0.3435979187488556,-0.07800954580307007,0.8278025388717651
949.5912959999999,245571782,0.07,0.03355935215950012,0.03874681890010834,-0.25843456387519836,0.27512380480766296,0.8857987523078918,0.9188101887702942,0.43543535470962524,0.3441718518733978,-0.07718392461538315,0.828241765499115
949.5972909999999,245577776,0.07,0.03290334716439247,0.03865232691168785,-0.25931763648986816,0.2756616771221161,0.8808529376983643,0.919221818447113,0.4335918724536896,0.3449649512767792,-0.07593835890293121,0.8289937376976013
949.599308,245579794,0.07,0.032683975994586945,0.03859752044081688,-0.2596080005168915,0.27512258291244507,0.8787750005722046,0.9185386896133423,0.43271708488464355,0.3451084792613983,-0.07554656267166138,0.8294267654418945
949.603293,245583779,0.07,0.03225023299455643,0.038499098271131516,-0.26018333435058594,0.2744876444339752,0.8750831484794617,0.9176954627037048,0.43120256066322327,0.3454449474811554,-0.07479805499315262,0.8301429748535156
949.6072899999999,245587775,0.07,0.03181758522987366,0.03838266059756279,-0.26075175404548645,0.2734597325325012,0.8713933229446411,0.9164130687713623,0.4296347498893738,0.34568044543266296,-0.07412032037973404,0.8309182524681091
949.6112889999999,245591775,0.07,0.03138735517859459,0.038245491683483124,-0.26131027936935425,0.27204471826553345,0.8678430914878845,0.9147084355354309,0.42806723713874817,0.345799058675766,-0.07354686409235,0.8317285180091858
949.613293,245593779,0.07,0.031172705814242363,0.03816813603043556,-0.26158633828163147,0.2712051570415497,0.8661624789237976,0.913730263710022,0.4273010790348053,0.3458186984062195,-0.07331056147813797,0.8321350812911987
949.6172889999999,245597774,0.07,0.03074626438319683,0.03799626603722572,-0.2621292769908905,0.26935020089149475,0.8630974292755127,0.9116077423095703,0.42585834860801697,0.3457794785499573,-0.0729447528719902,0.8329227566719055
949.619293,245599779,0.07,0.030533093959093094,0.037901632487773895,-0.26239776611328125,0.2683480679988861,0.8616963624954224,0.9104883074760437,0.42517679929733276,0.34573063254356384,-0.07281134277582169,0.8333027958869934
949.623291,245603777,0.07,0.03010929375886917,0.0376971997320652,-0.26292574405670166,0.2662981152534485,0.8591971397399902,0.9082168936729431,0.42392435669898987,0.3455817997455597,-0.07262691855430603,0.8340184092521667
949.6272889999999,245607774,0.07,0.029687928035855293,0.03747648745775223,-0.2634451389312744,0.26426002383232117,0.8570057153701782,0.9059699773788452,0.4227924346923828,0.34539228677749634,-0.0725145936012268,0.83468097448349
949.62929,245609776,0.07,0.029477151110768318,0.03736536204814911,-0.26370474696159363,0.26324477791786194,0.8558939099311829,0.9048495888710022,0.4222202003002167,0.34529897570610046,-0.07245513796806335,0.8350143432617188
949.633292,245613778,0.07,0.029063154011964798,0.037103962153196335,-0.2641979157924652,0.2615653872489929,0.8551041483879089,0.9028714299201965,0.42169103026390076,0.3449404239654541,-0.07256428152322769,0.8354203701019287
949.6352929999999,245615778,0.07,0.02885637991130352,0.03697272017598152,-0.2644442319869995,0.2607634365558624,0.8545399308204651,0.9019114375114441,0.4213651418685913,0.3447889983654022,-0.072572261095047,0.8356465697288513
949.63929,245619776,0.07,0.028445886448025703,0.03669973090291023,-0.26492881774902344,0.2593606114387512,0.8536020517349243,0.9001446962356567,0.420817494392395,0.34447968006134033,-0.07257960736751556,0.8360493779182434
949.64329,245623776,0.07,0.028038397431373596,0.03641292825341225,-0.26540347933769226,0.25824642181396484,0.8528401255607605,0.8986327052116394,0.420379638671875,0.3441900908946991,-0.07255967706441879,0.8363906145095825
949.64729,245627776,0.07,0.027634188532829285,0.03611307218670845,-0.2658672630786896,0.25745832920074463,0.8522247076034546,0.8974382281303406,0.4200441539287567,0.3439432978630066,-0.07250300794839859,0.8366655707359314
949.649293,245629779,0.07,0.02743300423026085,0.03595815598964691,-0.26609542965888977,0.25719738006591797,0.851984977722168,0.8969806432723999,0.4199211001396179,0.3438405692577362,-0.07246339321136475,0.8367729783058167
949.6533,245633786,0.07,0.027032969519495964,0.0356399305164814,-0.26654449105262756,0.25695183873176575,0.8515939116477966,0.896370530128479,0.4197463393211365,0.3436921238899231,-0.07235220074653625,0.8369312286376953
949.657302,245637788,0.07,0.026636654511094093,0.03531432896852493,-0.26698508858680725,0.25711461901664734,0.8512153029441833,0.8962255716323853,0.4196297824382782,0.34365078806877136,-0.07217054069042206,0.8370223045349121
949.6613169999999,245641802,0.07,0.026241794228553772,0.034983474761247635,-0.2674214243888855,0.2576131522655487,0.8508171439170837,0.8964484333992004,0.4195499122142792,0.3436957597732544,-0.0719212144613266,0.8370653390884399
949.665354,245645840,0.07,0.02584891952574253,0.03464747592806816,-0.2678496837615967,0.2587505877017975,0.8504499197006226,0.897342324256897,0.41956815123558044,0.3438832461833954,-0.07155199348926544,0.8370108604431152
949.671297,245651783,0.07,0.025277497246861458,0.03414531797170639,-0.2684631049633026,0.2612797021865845,0.8502768874168396,0.899569034576416,0.41985559463500977,0.3443088233470917,-0.07092290371656418,0.8367452621459961
949.675296,245655782,0.07,0.024897154420614243,0.03379649668931961,-0.26886218786239624,0.26336750388145447,0.8504778146743774,0.9015966057777405,0.42022284865379333,0.3446897864341736,-0.07051978260278702,0.8364380598068237
949.6792919999999,245659777,0.07,0.02452019415795803,0.03343752771615982,-0.2692486345767975,0.2656666338443756,0.8509124517440796,0.9039397239685059,0.4207083582878113,0.34512385725975037,-0.07014729827642441,0.8360462784767151
949.683307,245663793,0.07,0.024143705144524574,0.033066365867853165,-0.2696237564086914,0.26808419823646545,0.8516731858253479,0.9065788388252258,0.42133307456970215,0.34560832381248474,-0.0698615089058876,0.8355553150177002
949.6892909999999,245669776,0.07,0.023588160052895546,0.03249732404947281,-0.2701582908630371,0.2718210518360138,0.8530462980270386,0.9107439517974854,0.42237427830696106,0.34636035561561584,-0.06948579847812653,0.834749162197113
949.6932929999999,245673857,0.07,0.02322031930088997,0.032110679894685745,-0.2705029845237732,0.27438488602638245,0.8535820841789246,0.9135286808013916,0.42293238639831543,0.34690234065055847,-0.06912446767091751,0.8342714309692383
949.69729,245677855,0.07,0.022853007540106773,0.03172460198402405,-0.27084726095199585,0.2769353687763214,0.8541545867919922,0.9163044691085815,0.4235037863254547,0.34743618965148926,-0.06877685338258743,0.8337879776954651
949.7032939999999,245683858,0.07,0.022313999012112617,0.03113560378551483,-0.27133604884147644,0.2806404232978821,0.8522967100143433,0.9200368523597717,0.4232940375804901,0.3484816253185272,-0.06760361790657043,0.8335540890693665
949.7072929999999,245687857,0.07,0.021955203264951706,0.03074670024216175,-0.27165669202804565,0.28321316838264465,0.8511810898780823,0.9227079749107361,0.42321687936782837,0.34921565651893616,-0.06684417277574539,0.8333473205566406
949.7132929999999,245693857,0.07,0.02141650579869747,0.030164824798703194,-0.27211928367614746,0.28716298937797546,0.8490950465202332,0.9267991781234741,0.42295774817466736,0.3503953218460083,-0.06558986008167267,0.8330833315849304
949.7172929999999,245697857,0.07,0.021057970821857452,0.029774514958262444,-0.2724154591560364,0.2897777557373047,0.8477289080619812,0.9295717477798462,0.4227931797504425,0.35120174288749695,-0.06477513909339905,0.8328909873962402
949.723293,245703858,0.07,0.02052483707666397,0.029185105115175247,-0.27284103631973267,0.2936398983001709,0.8458719849586487,0.9336812496185303,0.42261725664138794,0.35237595438957214,-0.06360993534326553,0.8325740694999695
949.7272929999999,245707857,0.07,0.0201703067868948,0.028789233416318893,-0.27311310172080994,0.2961289584636688,0.8446839451789856,0.9363124966621399,0.4225108325481415,0.3531249761581421,-0.06285639852285385,0.8323679566383362
949.733297,245713862,0.07,0.01963813789188862,0.028193486854434013,-0.2735025882720947,0.2995815575122833,0.843024730682373,0.9400054812431335,0.4223614037036896,0.35418444871902466,-0.06181643158197403,0.8320714831352234
949.7372939999999,245717858,0.07,0.019282687455415726,0.02779785543680191,-0.27375221252441406,0.30166828632354736,0.841654360294342,0.9422264099121094,0.4221310317516327,0.3548768162727356,-0.06109953671693802,0.8319463133811951
949.743312,245723877,0.07,0.018744420260190964,0.02720615454018116,-0.2741173505783081,0.30443915724754333,0.839196503162384,0.9452024102210999,0.4215797483921051,0.3559063673019409,-0.060003139078617096,0.8318658471107483
949.747298,245727863,0.07,0.018387192860245705,0.026817921549081802,-0.2743541896343231,0.30602172017097473,0.8373068571090698,0.9469044804573059,0.4210781753063202,0.35657089948654175,-0.05926280468702316,0.8318883776664734
949.751438,245732003,0.07,0.018016569316387177,0.026417942717671394,-0.2745981514453888,0.3075374364852905,0.8351619243621826,0.9484789967536926,0.42047083377838135,0.3572365641593933,-0.05846241116523743,0.8319666385650635
949.755372,245735937,0.07,0.017665136605501175,0.026041004806756973,-0.27482807636260986,0.3089000880718231,0.8329452872276306,0.9498136043548584,0.4198164939880371,0.35784658789634705,-0.05765702575445175,0.8320910930633545
949.759335,245739900,0.07,0.017311550676822662,0.025664299726486206,-0.2750578224658966,0.31017449498176575,0.8305798172950745,0.950964629650116,0.41909492015838623,0.35842254757881165,-0.05681359022855759,0.8322649598121643
949.763335,245743900,0.07,0.016954805701971054,0.02528454177081585,-0.2752894461154938,0.3114677369594574,0.8282113075256348,0.9521453380584717,0.41837549209594727,0.35900819301605225,-0.055966462939977646,0.8324318528175354
949.76531,245745875,0.07,0.01677892543375492,0.025102006271481514,-0.2754007875919342,0.3119513988494873,0.8269269466400146,0.9523343443870544,0.41795921325683594,0.35918378829956055,-0.05550279840826988,0.8325963020324707
949.7693099999999,245749874,0.07,0.01642228476703167,0.02472933940589428,-0.2756287157535553,0.3130590319633484,0.8244594931602478,0.9530554413795471,0.41718167066574097,0.35963326692581177,-0.054611869156360626,0.8328510522842407
949.773339,245753904,0.07,0.016062067821621895,0.024356665089726448,-0.2758590579032898,0.31403782963752747,0.8218833804130554,0.9535470604896545,0.41634535789489746,0.3600313365459442,-0.05370016768574715,0.8331568241119385
949.77734,245757905,0.07,0.015702802687883377,0.02398952841758728,-0.27608925104141235,0.31488513946533203,0.8191903829574585,0.9538068175315857,0.41544613242149353,0.360378623008728,-0.05276669189333916,0.8335151076316833
949.781293,245761858,0.07,0.015346938744187355,0.023630069568753242,-0.2763168215751648,0.315701425075531,0.8164728879928589,0.9539071321487427,0.4145357310771942,0.360669881105423,-0.05180668458342552,0.8339025378227234
949.7852939999999,245765858,0.07,0.014987286180257797,0.02327203005552292,-0.27654531598091125,0.316651850938797,0.8137929439544678,0.9538967609405518,0.4136665463447571,0.36088162660598755,-0.0507761687040329,0.8343058228492737
949.7893019999999,245769866,0.07,0.014629275538027287,0.022920502349734306,-0.2767709791660309,0.3178517818450928,0.8113898038864136,0.9538523554801941,0.4129503667354584,0.36098524928092957,-0.0496993362903595,0.8346805572509766
949.7932969999999,245773861,0.07,0.01427530124783516,0.02257801592350006,-0.2769896388053894,0.3193463981151581,0.8093367218971252,0.9537931084632874,0.4124235212802887,0.3609684705734253,-0.04857862368226051,0.8350142240524292
949.797297,245777862,0.07,0.013921595178544521,0.022237097844481468,-0.2772066593170166,0.3208465576171875,0.807294487953186,0.9537354111671448,0.4119015634059906,0.3609501123428345,-0.0474579855799675,0.835344135761261
949.801299,245781864,0.07,0.013571961782872677,0.02191581018269062,-0.27740785479545593,0.32356417179107666,0.8063819408416748,0.9540082216262817,0.4120306372642517,0.36064523458480835,-0.04616333916783333,0.8354846835136414
949.807293,245787858,0.07,0.013039574027061462,0.021451106294989586,-0.27769312262535095,0.3283343017101288,0.8049254417419434,0.9549444317817688,0.4123033285140991,0.36027929186820984,-0.044018637388944626,0.8356238007545471
949.8113,245791865,0.07,0.012682339176535606,0.021151654422283173,-0.27787429094314575,0.3321102559566498,0.8037813305854797,0.9557826519012451,0.41252100467681885,0.36002928018569946,-0.04234236851334572,0.8357107639312744
949.815295,245795860,0.07,0.01232692040503025,0.020857639610767365,-0.27805420756340027,0.33603593707084656,0.8023442029953003,0.956750750541687,0.41264984011650085,0.3598490357398987,-0.040560051798820496,0.8358131647109985
949.821294,245801859,0.07,0.011794088408350945,0.020422108471393585,-0.2783304750919342,0.3418594002723694,0.7995200753211975,0.958344578742981,0.4125714600086212,0.3597584068775177,-0.037782009690999985,0.8360210657119751
949.825303,245805868,0.07,0.011440743692219257,0.020134925842285156,-0.2785152792930603,0.3455374538898468,0.7971985936164856,0.9593465328216553,0.4123152792453766,0.35978609323501587,-0.03589649125933647,0.8362185955047607
949.831293,245811858,0.07,0.010914177633821964,0.019707858562469482,-0.27878984808921814,0.3510001003742218,0.7937206625938416,0.9608100652694702,0.41192618012428284,0.3598251938819885,-0.033080991357564926,0.8365095853805542
949.8372989999999,245817863,0.07,0.010414984077215195,0.01930042915046215,-0.2790234684944153,0.3552638590335846,0.7892253994941711,0.9619078040122986,0.4109362065792084,0.36012473702430725,-0.030444003641605377,0.8369675874710083
949.8453069999999,245825871,0.07,0.009750038385391235,0.018759332597255707,-0.27938103675842285,0.3597143888473511,0.7828564047813416,0.9632661938667297,0.4092531204223633,0.3608000576496124,-0.02732706069946289,0.8376087546348572
949.8513039999999,245831868,0.07,0.009259800426661968,0.018361825495958328,-0.279697448015213,0.3617471754550934,0.778026819229126,0.9644583463668823,0.40773409605026245,0.36165809631347656,-0.025554664433002472,0.8380354046821594
949.859297,245839862,0.07,0.008620972745120525,0.017844291403889656,-0.28018027544021606,0.3627232611179352,0.7717227339744568,0.9655876755714417,0.40545356273651123,0.36294227838516235,-0.023853087797760963,0.838636577129364
949.865326,245845891,0.07,0.008148438297212124,0.017482463270425797,-0.2805713713169098,0.3626759350299835,0.7680217027664185,0.9658944606781006,0.4040054678916931,0.36367183923721313,-0.023040717467665672,0.8390420079231262
949.873305,245853870,0.07,0.007531949318945408,0.01706048846244812,-0.2810860872268677,0.36264878511428833,0.763292133808136,0.9651305079460144,0.4021719694137573,0.36411041021347046,-0.02175542712211609,0.8397666215896606
949.881304,245861869,0.07,0.00692611001431942,0.01672510989010334,-0.2816169857978821,0.3624652028083801,0.758798360824585,0.9632525444030762,0.4004099667072296,0.36407211422920227,-0.02037106454372406,0.840659499168396
949.887301,245867866,0.07,0.006485398858785629,0.016533367335796356,-0.28203678131103516,0.36200830340385437,0.755517840385437,0.9613816142082214,0.3990669846534729,0.3638960123062134,-0.01939862035214901,0.8413969874382019
949.8952969999999,245875861,0.07,0.005908218212425709,0.01631876640021801,-0.28264880180358887,0.3607231378555298,0.752124547958374,0.958745002746582,0.397533655166626,0.363577276468277,-0.0185982845723629,0.842278242111206
949.903384,245884000,0.07,0.005334378685802221,0.016204195097088814,-0.2831920385360718,0.3604269027709961,0.7500055432319641,0.9547602534294128,0.39668700098991394,0.3622899055480957,-0.01742367446422577,0.8432567119598389
949.9092979999999,245889913,0.07,0.004917268641293049,0.016150319948792458,-0.283540815114975,0.36060619354248047,0.7496574521064758,0.9518167972564697,0.3966082036495209,0.36106741428375244,-0.01668105088174343,0.8438329100608826
949.915307,245895923,0.07,0.004506758879870176,0.01613672263920307,-0.2838149666786194,0.3610479235649109,0.7504013180732727,0.9483727812767029,0.3970074951648712,0.35940971970558167,-0.015988783910870552,0.8443660736083984
949.9232989999999,245903914,0.07,0.003973572514951229,0.0161659587174654,-0.28405359387397766,0.3624081313610077,0.7524777054786682,0.9443166255950928,0.39809709787368774,0.3571009933948517,-0.015102013945579529,0.8448488116264343
949.9292949999999,245909910,0.07,0.0035865178797394037,0.01622346043586731,-0.28411683440208435,0.3635871410369873,0.7534698247909546,0.9408441185951233,0.39872175455093384,0.35524317622184753,-0.014147433452308178,0.8453538417816162
949.937295,245917911,0.07,0.0030738755594938993,0.016291359439492226,-0.2840762436389923,0.36445361375808716,0.7550263404846191,0.9376240968704224,0.39950865507125854,0.3534645736217499,-0.013506835326552391,0.8457382321357727
949.9432939999999,245923909,0.07,0.0026927439030259848,0.016339600086212158,-0.28401651978492737,0.3646089434623718,0.7560878396034241,0.9358373284339905,0.39996492862701416,0.3525111973285675,-0.013334685936570168,0.8459232449531555
949.95132,245931936,0.07,0.002194504253566265,0.01640566810965538,-0.2838262617588043,0.3641788959503174,0.7558470368385315,0.9366310238838196,0.39978915452957153,0.3529706597328186,-0.013618424534797668,0.8458101749420166
949.957317,245937933,0.07,0.0018248228589072824,0.01645810529589653,-0.2836736738681793,0.364340603351593,0.7549871802330017,0.9382756948471069,0.3994688391685486,0.35376885533332825,-0.013675516471266747,0.8456271290779114
949.965337,245945953,0.07,0.0013328813947737217,0.016530446708202362,-0.2834654748439789,0.36549022793769836,0.7531430721282959,0.9422236084938049,0.3989221453666687,0.3554980456829071,-0.013540730811655521,0.8451620936393738
949.973299,245953915,0.07,0.0008398963254876435,0.016612667590379715,-0.28328025341033936,0.3679421842098236,0.7507421374320984,0.9476432800292969,0.3983822762966156,0.3576771914958954,-0.013014072552323341,0.8445053100585938
949.979295,245959911,0.07,0.0004640837723854929,0.01669587939977646,-0.2831817865371704,0.37141743302345276,0.7486849427223206,0.9526392221450806,0.39816898107528687,0.35941967368125916,-0.012050148099660873,0.8438801765441895
949.9852989999999,245965915,0.07,8.822151721687987e-05,0.016803402453660965,-0.2831234931945801,0.375704824924469,0.7465195059776306,0.9574947953224182,0.3980676531791687,0.3609590530395508,-0.010687925852835178,0.8432890772819519
949.98929,245969906,0.07,-0.0001652217033552006,0.016891295090317726,-0.28312820196151733,0.3788987398147583,0.744819164276123,0.9603989124298096,0.3979668617248535,0.3618197739124298,-0.00950912106782198,0.8429818153381348
949.99329,245973906,0.07,-0.00042412805487401783,0.016980784013867378,-0.28319573402404785,0.38120850920677185,0.7423092126846313,0.9628198146820068,0.3973962664604187,0.36278367042541504,-0.008409633301198483,0.8428484201431274
949.9972919999999,245977907,0.07,-0.0006815020460635424,0.017075518146157265,-0.28329163789749146,0.3832738399505615,0.7399531006813049,0.9649739861488342,0.39684510231018066,0.3636603355407715,-0.007395539898425341,0.8427398204803467
949.999291,245979907,0.07,-0.0008084671571850777,0.017128098756074905,-0.28335773944854736,0.3841559588909149,0.7394011616706848,0.965843677520752,0.39678752422332764,0.36394068598747253,-0.007062314078211784,0.8426488041877747
950.00329,245983906,0.07,-0.001064441748894751,0.017229942604899406,-0.28348851203918457,0.38570624589920044,0.7383302450180054,0.9672958850860596,0.396648108959198,0.36441770195961,-0.006436754018068314,0.8425132632255554
950.0052929999999,245985908,0.07,-0.0011932068737223744,0.01728101260960102,-0.28356030583381653,0.3862076997756958,0.7378607988357544,0.9677322506904602,0.39655545353889465,0.36457791924476624,-0.006197734735906124,0.8424893617630005
950.009292,245989908,0.07,-0.0014524325961247087,0.01738233119249344,-0.28372105956077576,0.38655364513397217,0.736859917640686,0.96793532371521,0.39622852206230164,0.3647565543651581,-0.005848458036780357,0.8425683379173279
950.013292,245993908,0.07,-0.0017235125415027142,0.01746741682291031,-0.283923476934433,0.3856029212474823,0.7356883883476257,0.967227041721344,0.39560118317604065,0.36483538150787354,-0.005823556799441576,0.8428291082382202
950.017289,245997905,0.07,-0.0019993821624666452,0.017543483525514603,-0.2841759920120239,0.3833889663219452,0.7340274453163147,0.9656506776809692,0.3945547938346863,0.3648754358291626,-0.006041452754288912,0.8433006405830383
950.019293,245999909,0.07,-0.002137634437531233,0.01758299209177494,-0.2843112349510193,0.3822084665298462,0.7332457304000854,0.9646716117858887,0.39403751492500305,0.3648206293582916,-0.006156428251415491,0.8435653448104858
950.023294,246003910,0.07,-0.0024172798730432987,0.017666079103946686,-0.28458431363105774,0.37999945878982544,0.7318861484527588,0.9623591303825378,0.39311105012893677,0.3644969165325165,-0.00630377558991313,0.8441362380981445
950.027291,246007907,0.07,-0.0027023230213671923,0.017750894650816917,-0.2848576307296753,0.3778841495513916,0.7305248379707336,0.9596748948097229,0.39220187067985535,0.3639954626560211,-0.006340722553431988,0.8447749614715576
950.0292949999999,246009910,0.07,-0.0028452801052480936,0.017793428152799606,-0.2849946618080139,0.3768196105957031,0.7298407554626465,0.9583665132522583,0.391744464635849,0.3637599050998688,-0.0063689351081848145,0.8450884222984314
950.0333009999999,246013916,0.07,-0.003145854687318206,0.017870858311653137,-0.2852807939052582,0.3749450445175171,0.7282472252845764,0.954160213470459,0.3907921612262726,0.3626001477241516,-0.005954950116574764,0.8460302352905273
950.037295,246017911,0.07,-0.0034445440396666527,0.0179386418312788,-0.2855723202228546,0.3731270730495453,0.727023720741272,0.9503206610679626,0.38999348878860474,0.3615225553512573,-0.005681456997990608,0.8468614220619202
950.041306,246021922,0.07,-0.0037481924518942833,0.017996400594711304,-0.2858732044696808,0.3714214563369751,0.7259177565574646,0.9463574886322021,0.38926130533218384,0.3603491187095642,-0.005367662757635117,0.8476999998092651
950.0453,246025916,0.07,-0.004055652767419815,0.018046541139483452,-0.2861790955066681,0.3698555827140808,0.7247207760810852,0.942326545715332,0.3885180652141571,0.35913094878196716,-0.004962907172739506,0.8485599756240845
950.0492939999999,246029909,0.07,-0.004369718488305807,0.018092622980475426,-0.28648847341537476,0.368478924036026,0.7233830094337463,0.9383237957954407,0.3877522349357605,0.3579068183898926,-0.004453158006072044,0.8494298458099365
950.055292,246035908,0.07,-0.00485129514709115,0.018156399950385094,-0.28695350885391235,0.3666476905345917,0.7208900451660156,0.9322659373283386,0.38645026087760925,0.35607171058654785,-0.003470392432063818,0.8507978916168213
950.0592909999999,246039906,0.07,-0.005175478756427765,0.018194178119301796,-0.2872639298439026,0.3654405474662781,0.7189231514930725,0.928168535232544,0.3854614198207855,0.35486313700675964,-0.0027312012389302254,0.8517535924911499
950.065289,246045905,0.07,-0.0056566582061350346,0.018257485702633858,-0.28764986991882324,0.36326727271080017,0.7138921022415161,0.9209070205688477,0.383081316947937,0.35295364260673523,-0.0010862830094993114,0.8536224365234375
950.069303,246049919,0.07,-0.005980694200843573,0.018299007788300514,-0.2878807783126831,0.3613709807395935,0.7106239199638367,0.9161152243614197,0.38144391775131226,0.3517651855945587,-0.00022055028239265084,0.8548460602760315
950.0753,246055916,0.07,-0.0064570605754852295,0.018366588279604912,-0.28819164633750916,0.35762494802474976,0.705227255821228,0.9090034365653992,0.3786236345767975,0.3502455949783325,0.0007752663805149496,0.8567214012145996
950.079293,246059909,0.07,-0.0067651597782969475,0.018420932814478874,-0.28837665915489197,0.3545655310153961,0.700884997844696,0.9040713906288147,0.3763402998447418,0.34935539960861206,0.0013920973287895322,0.8580890893936157
950.085293,246065909,0.07,-0.007185074035078287,0.018551001325249672,-0.288555771112442,0.3491111695766449,0.6921790838241577,0.8961624503135681,0.3718670606613159,0.3482586741447449,0.0025146270636469126,0.8604791760444641
950.089292,246069908,0.07,-0.007457062602043152,0.018658386543393135,-0.2886524796485901,0.3458840250968933,0.6866995096206665,0.891480028629303,0.3690777122974396,0.34763631224632263,0.003234351985156536,0.8619281649589539
950.095292,246075908,0.07,-0.007856865413486958,0.018827199935913086,-0.28878796100616455,0.341256320476532,0.6793605089187622,0.8857502937316895,0.36527809500694275,0.34706807136535645,0.003943754360079765,0.8637708425521851
950.099289,246079905,0.07,-0.008106779307126999,0.01894741877913475,-0.28885146975517273,0.33790159225463867,0.6756619811058044,0.8832901120185852,0.36318185925483704,0.3471415936946869,0.0037718021776527166,0.8646255731582642
950.1012929999999,246081909,0.07,-0.008229384198784828,0.01901193894445896,-0.28887704014778137,0.3364298343658447,0.6735457181930542,0.881881594657898,0.3620587885379791,0.3470982611179352,0.003864298341795802,0.8651134371757507
950.105291,246085907,0.07,-0.008466562256217003,0.019145473837852478,-0.288910448551178,0.33384832739830017,0.66987544298172,0.8794107437133789,0.360103577375412,0.34701061248779297,0.004012588877230883,0.8659635782241821
950.109291,246089873,0.07,-0.008695216849446297,0.019283374771475792,-0.2889246344566345,0.33167263865470886,0.6670291423797607,0.8774064183235168,0.3585549592971802,0.3469306230545044,0.004064043518155813,0.8666377067565918
950.113292,246093874,0.07,-0.008918056264519691,0.019427504390478134,-0.28892284631729126,0.32986393570899963,0.6647217869758606,0.8757783770561218,0.35729047656059265,0.34686899185180664,0.004084034822881222,0.8671843409538269
950.1172919999999,246097873,0.07,-0.009138185530900955,0.019577259197831154,-0.28890907764434814,0.32839149236679077,0.6625389456748962,0.8743962645530701,0.3561348617076874,0.3468339443206787,0.0041760029271245,0.8676731586456299
950.119292,246099874,0.07,-0.009246844798326492,0.019652225077152252,-0.28889796137809753,0.3277539610862732,0.6615189909934998,0.8737638592720032,0.3556033670902252,0.34681352972984314,0.004237828776240349,0.8678990006446838
950.123298,246103880,0.07,-0.009458658285439014,0.019799424335360527,-0.2888694107532501,0.3266265392303467,0.6600100994110107,0.8726049661636353,0.35478419065475464,0.3467181921005249,0.004288149066269398,0.8682720065116882
950.127297,246107879,0.07,-0.009663867764174938,0.019940730184316635,-0.28883540630340576,0.325610876083374,0.6589779257774353,0.8715502619743347,0.35418063402175903,0.34658172726631165,0.004262156784534454,0.8685729503631592
950.131304,246111886,0.07,-0.00986753311008215,0.020071938633918762,-0.288788765668869,0.3251083791255951,0.6600303649902344,0.8709474802017212,0.3545261323451996,0.34626492857933044,0.003918380010873079,0.8685600161552429
950.137302,246117884,0.07,-0.010176076553761959,0.020267531275749207,-0.2887170612812042,0.32478201389312744,0.6609941720962524,0.8702781200408936,0.3548656404018402,0.34590020775794983,0.0036827593576163054,0.868567705154419
950.141297,246121879,0.07,-0.010389729402959347,0.020399155095219612,-0.288669615983963,0.32504355907440186,0.6615007519721985,0.8701191544532776,0.35511934757232666,0.34571540355682373,0.0037128450348973274,0.8685374855995178
950.147293,246127875,0.07,-0.010721455328166485,0.020599670708179474,-0.2886018753051758,0.3259918689727783,0.6616537570953369,0.8700609803199768,0.355346143245697,0.34550076723098755,0.004101248923689127,0.8685283660888672
950.151292,246131874,0.07,-0.010947556234896183,0.020732996985316277,-0.2885618209838867,0.32681527733802795,0.6612981557846069,0.8700057864189148,0.35534173250198364,0.3453792929649353,0.004547070246189833,0.8685762882232666
950.153299,246133881,0.07,-0.011061964556574821,0.020799482241272926,-0.2885436415672302,0.327208936214447,0.6610023975372314,0.8699408769607544,0.35528770089149475,0.34532177448272705,0.004794802982360125,0.8686199188232422
950.157293,246137875,0.07,-0.011292792856693268,0.02093099057674408,-0.28850820660591125,0.32795479893684387,0.6603265404701233,0.8697609305381775,0.35513752698898315,0.3452039659023285,0.005299821030348539,0.8687251806259155
950.161289,246141871,0.07,-0.011527321301400661,0.021061856299638748,-0.2884741723537445,0.3286682665348053,0.6596508026123047,0.8695915341377258,0.3549817204475403,0.3450965881347656,0.005788883659988642,0.8688284158706665
950.163291,246143873,0.07,-0.011644612066447735,0.02112746238708496,-0.2884570062160492,0.3290312588214874,0.6593186855316162,0.8695068955421448,0.35490724444389343,0.34504106640815735,0.0060348594561219215,0.8688791990280151
950.167291,246147873,0.07,-0.01189566683024168,0.021256372332572937,-0.2884339690208435,0.32907918095588684,0.658254861831665,0.869095504283905,0.354475736618042,0.34500008821487427,0.006363283842802048,0.8690692782402039
950.1713,246151882,0.07,-0.012145021930336952,0.021389320492744446,-0.28841131925582886,0.32910341024398804,0.6571385264396667,0.8686687350273132,0.3540182411670685,0.3449636399745941,0.006695534102618694,0.8692677021026611
950.173292,246153874,0.07,-0.012270024977624416,0.021456733345985413,-0.28840208053588867,0.3290416896343231,0.6565206050872803,0.8684229850769043,0.35375192761421204,0.3449525833129883,0.0068483795039355755,0.8693793416023254
950.177295,246157877,0.07,-0.0125229861587286,0.021594885736703873,-0.288388192653656,0.328737735748291,0.6552018523216248,0.867830753326416,0.3531533181667328,0.34492966532707214,0.0071114287711679935,0.8696296215057373
950.181294,246161876,0.07,-0.012777429074048996,0.021737275645136833,-0.28838014602661133,0.32819315791130066,0.6537218689918518,0.867079496383667,0.3524457514286041,0.34490156173706055,0.0073329429142177105,0.8699259161949158
950.1832929999999,246163874,0.07,-0.01290464960038662,0.021811112761497498,-0.28837671875953674,0.327891081571579,0.6529784202575684,0.8666627407073975,0.35208508372306824,0.3448750972747803,0.007438486907631159,0.8700815439224243
950.187294,246167876,0.07,-0.013158976100385189,0.021964233368635178,-0.2883705496788025,0.32720544934272766,0.6515468955039978,0.8656789660453796,0.3513716459274292,0.3447628915309906,0.00762783782556653,0.8704127073287964
950.191294,246171876,0.07,-0.013412381522357464,0.02212405763566494,-0.28836509585380554,0.3263630270957947,0.6501192450523376,0.8644425868988037,0.35063138604164124,0.34456679224967957,0.007791559677571058,0.8707873821258545
950.195291,246175873,0.07,-0.013665392994880676,0.02228510193526745,-0.2883598208427429,0.3255402445793152,0.6486849784851074,0.8632290959358215,0.3498913645744324,0.3443771004676819,0.007960218004882336,0.8711584806442261
950.199308,246179890,0.07,-0.013915542513132095,0.02246669866144657,-0.2883546054363251,0.32422003149986267,0.6471304893493652,0.8610110878944397,0.3490114212036133,0.34385162591934204,0.008112693205475807,0.8717174530029297
950.205302,246185884,0.07,-0.014287940226495266,0.022738900035619736,-0.2883467376232147,0.32224538922309875,0.6448161602020264,0.8576399087905884,0.34769850969314575,0.34303703904151917,0.008343667723238468,0.872560441493988
950.2113099999999,246191891,0.07,-0.014661514200270176,0.023006657138466835,-0.2883441746234894,0.31958088278770447,0.6419026851654053,0.8533346652984619,0.3460131287574768,0.34200918674468994,0.008560013957321644,0.8736311197280884
950.217312,246197894,0.07,-0.015035148710012436,0.02329338528215885,-0.2883317470550537,0.3172999620437622,0.6391637921333313,0.8488760590553284,0.344463586807251,0.34081757068634033,0.008924758993089199,0.8747048377990723
950.2253,246205882,0.07,-0.015529939904808998,0.023715276271104813,-0.28829964995384216,0.3151070475578308,0.6359248161315918,0.8427008986473083,0.342710018157959,0.33891788125038147,0.009721925482153893,0.8761221170425415
950.2313029999999,246211884,0.07,-0.015899065881967545,0.024060873314738274,-0.2882733941078186,0.3132481575012207,0.6326355338096619,0.837463915348053,0.3409927487373352,0.3373696208000183,0.010504815727472305,0.8773797750473022
950.239301,246219883,0.07,-0.01639728806912899,0.02456819638609886,-0.2882390320301056,0.31014031171798706,0.6270383596420288,0.830276370048523,0.3380813002586365,0.3354652523994446,0.011547769419848919,0.8792216777801514
950.2453019999999,246225883,0.07,-0.016781112179160118,0.0249883234500885,-0.28821584582328796,0.306427001953125,0.6214508414268494,0.8248507380485535,0.33507493138313293,0.33441752195358276,0.012003948912024498,0.8807642459869385
950.2533589999999,246233940,0.07,-0.01731991022825241,0.025593364611268044,-0.28818246722221375,0.30004382133483887,0.6129401922225952,0.8181549310684204,0.3303720951080322,0.3335988223552704,0.012082784436643124,0.8828477263450623
950.261306,246241888,0.07,-0.017896372824907303,0.026221873238682747,-0.28814464807510376,0.2929023206233978,0.6052373647689819,0.8134980797767639,0.32588547468185425,0.3336641490459442,0.011289558373391628,0.8844995498657227
950.267309,246247891,0.07,-0.018558980897068977,0.026632824912667274,-0.28813982009887695,0.2836023271083832,0.5998542308807373,0.8137641549110413,0.32203924655914307,0.33594006299972534,0.008244040422141552,0.8850802183151245
950.2733,246253882,0.07,-0.01924896612763405,0.027061952278017998,-0.2881103456020355,0.2747259736061096,0.5952756404876709,0.8150354623794556,0.3185946047306061,0.33846819400787354,0.005055733025074005,0.8853875994682312
950.2792969999999,246259878,0.07,-0.01998484693467617,0.027487738057971,-0.28804394602775574,0.26353752613067627,0.5934786200523376,0.81963050365448,0.315928190946579,0.3424859642982483,-0.00025393968098796904,0.8848122358322144
950.2833109999999,246263892,0.07,-0.02047881670296192,0.02777543105185032,-0.2879982590675354,0.25595539808273315,0.5929450988769531,0.8231128454208374,0.3143928349018097,0.34528207778930664,-0.004045786336064339,0.8842630386352539
950.2873109999999,246267892,0.07,-0.02098263055086136,0.028069516643881798,-0.28795325756073,0.24821437895298004,0.593105673789978,0.8274094462394714,0.31310591101646423,0.3483770787715912,-0.008174100890755653,0.8834767937660217
950.293295,246273877,0.07,-0.021755682304501534,0.02852344512939453,-0.28788304328918457,0.23634758591651917,0.593382716178894,0.8346899151802063,0.3111007511615753,0.35341164469718933,-0.014605768024921417,0.8821015954017639
950.2973059999999,246277887,0.07,-0.022301137447357178,0.028818469494581223,-0.28784656524658203,0.22795045375823975,0.5937039852142334,0.8402718305587769,0.30969908833503723,0.35714003443717957,-0.01924036629498005,0.8810035586357117
950.3032979999999,246283879,0.07,-0.023167748004198074,0.02926000766456127,-0.2878025770187378,0.21538607776165009,0.596945583820343,0.8508293032646179,0.308696448802948,0.363376647233963,-0.027079494670033455,0.8785958290100098
950.307293,246287875,0.07,-0.023765409365296364,0.029562806710600853,-0.2877656817436218,0.20706330239772797,0.598892092704773,0.8580623865127563,0.3078973889350891,0.36762675642967224,-0.032257936894893646,0.8769316673278809
950.3132919999999,246293873,0.07,-0.024684835225343704,0.030039574950933456,-0.28769704699516296,0.19508588314056396,0.601958155632019,0.869623601436615,0.3067716360092163,0.37420642375946045,-0.03992944955825806,0.8742232918739319
950.3172999999999,246297881,0.07,-0.025295553728938103,0.030365876853466034,-0.2876507639884949,0.18726254999637604,0.6041488647460938,0.8773360848426819,0.3060659170150757,0.37854525446891785,-0.04499564692378044,0.8723545670509338
950.3232999999999,246303899,0.07,-0.026191508397459984,0.030873753130435944,-0.2875870168209076,0.1762300729751587,0.6075348258018494,0.8885980248451233,0.30512210726737976,0.3847878575325012,-0.05224990099668503,0.8695451617240906
950.329291,246309891,0.07,-0.02707245759665966,0.03139719367027283,-0.28753146529197693,0.1656462550163269,0.6110532879829407,0.8996536731719971,0.3042498230934143,0.39084264636039734,-0.05929173529148102,0.8666940331459045
950.3332919999999,246313891,0.07,-0.027629917487502098,0.03178229182958603,-0.28750547766685486,0.1608024388551712,0.6137997508049011,0.9055910706520081,0.30427780747413635,0.39387407898902893,-0.06289162486791611,0.865056574344635
950.3372959999999,246317895,0.07,-0.02819170244038105,0.0321660190820694,-0.28747886419296265,0.15524263679981232,0.6163025498390198,0.9117697477340698,0.3040332496166229,0.3971391022205353,-0.06678233295679092,0.8633564710617065
950.3433,246323900,0.07,-0.029025528579950333,0.03276240825653076,-0.287448525428772,0.14778904616832733,0.620051920413971,0.9201096296310425,0.30383366346359253,0.4014943838119507,-0.07208888977766037,0.8609822988510132
950.3472959999999,246327895,0.07,-0.029575413092970848,0.03317224606871605,-0.2874370515346527,0.14339691400527954,0.6225712895393372,0.9249905347824097,0.3038281202316284,0.404011994600296,-0.07527707517147064,0.8595325350761414
950.353295,246333895,0.07,-0.03040478564798832,0.0337994247674942,-0.2874259352684021,0.13731463253498077,0.6254938244819641,0.931075930595398,0.30358561873435974,0.4072606861591339,-0.07946135103702545,0.8577064871788025
950.3572939999999,246337893,0.07,-0.03097422979772091,0.03421749919652939,-0.28742486238479614,0.13341277837753296,0.6269427537918091,0.9344227910041809,0.3032616078853607,0.4091453552246094,-0.08196412771940231,0.8566880226135254
950.3612919999999,246341891,0.07,-0.03155786171555519,0.03463403880596161,-0.2874300479888916,0.12956897914409637,0.6284875869750977,0.9376285076141357,0.30298736691474915,0.41094982624053955,-0.0844402015209198,0.8556802868843079
950.365291,246345891,0.07,-0.03218448907136917,0.0350448340177536,-0.2874424159526825,0.12559731304645538,0.6290671229362488,0.9399945139884949,0.3023112416267395,0.4125065803527832,-0.08662624657154083,0.8549515604972839
950.3672939999999,246347893,0.07,-0.03250295668840408,0.0352495014667511,-0.2874486446380615,0.12352349609136581,0.6292312145233154,0.9410964250564575,0.30190378427505493,0.41327497363090515,-0.08771571516990662,0.8546132445335388
950.37131,246351910,0.07,-0.03315781429409981,0.03565407916903496,-0.2874620854854584,0.11917805671691895,0.6293534636497498,0.9429931640625,0.30097123980522156,0.41472840309143066,-0.08988511562347412,0.8540124893188477
950.3752969999999,246355896,0.07,-0.033825021237134933,0.03604675829410553,-0.2874752879142761,0.11455506831407547,0.6293056607246399,0.9444001913070679,0.29992708563804626,0.41602808237075806,-0.09205926954746246,0.8535159230232239
950.379295,246359895,0.07,-0.034506455063819885,0.03642977774143219,-0.2874884307384491,0.10953907668590546,0.6291422843933105,0.9453397989273071,0.2987700402736664,0.41719508171081543,-0.09430345147848129,0.8531070351600647
950.383291,246363891,0.07,-0.03519855812191963,0.036802180111408234,-0.287502259016037,0.10415401309728622,0.6288481950759888,0.9458487629890442,0.29749780893325806,0.4182422161102295,-0.0966101586818695,0.8527807593345642
950.38729,246367890,0.07,-0.0359000563621521,0.03716506436467171,-0.2875167727470398,0.09847070276737213,0.6285465955734253,0.9460111260414124,0.2961736023426056,0.41918259859085083,-0.0989898294210434,0.8525069952011108
950.389295,246369895,0.07,-0.03625463321805,0.03734477981925011,-0.2875250577926636,0.09555250406265259,0.6284359693527222,0.9459843039512634,0.29551658034324646,0.41961291432380676,-0.10020498931407928,0.8523812890052795
950.3933,246373900,0.07,-0.03696519136428833,0.037701766937971115,-0.28754183650016785,0.08971578627824783,0.6283197999000549,0.9458693265914917,0.29424789547920227,0.4204349219799042,-0.10264933854341507,0.8521242737770081
950.397303,246377903,0.07,-0.03767829388380051,0.03805401921272278,-0.2875569760799408,0.08351761102676392,0.6279978156089783,0.9445255398750305,0.2928789258003235,0.42080068588256836,-0.10502136498689651,0.8521263003349304
950.401299,246381899,0.07,-0.038389693945646286,0.038403887301683426,-0.28757432103157043,0.07766693085432053,0.6281418800354004,0.9438772797584534,0.29174208641052246,0.4213670492172241,-0.10745102167129517,0.851933479309082
950.4052979999999,246385897,0.07,-0.039097677916288376,0.03875168785452843,-0.2875915467739105,0.07188671082258224,0.6282387971878052,0.9428783059120178,0.2906187176704407,0.4217747747898102,-0.10978901386260986,0.8518175482749939
950.411291,246391891,0.07,-0.04014782980084419,0.03926738724112511,-0.28761711716651917,0.0633103996515274,0.6281239986419678,0.9408855438232422,0.2888719439506531,0.4221782088279724,-0.1131276786327362,0.851775050163269
950.4152909999999,246395890,0.07,-0.0408429317176342,0.039607785642147064,-0.28763461112976074,0.05764466151595116,0.627838134765625,0.9393407702445984,0.2876433730125427,0.42236053943634033,-0.11525531858205795,0.8518151640892029
950.4192909999999,246399890,0.07,-0.041536685079336166,0.03994547575712204,-0.2876548171043396,0.05208805203437805,0.6273812651634216,0.9378389716148376,0.2863641083240509,0.42255544662475586,-0.11730652302503586,0.851869523525238
950.423293,246403893,0.07,-0.04223015531897545,0.04028409346938133,-0.2876797020435333,0.046746861189603806,0.6268491148948669,0.9365438222885132,0.28508704900741577,0.4228094816207886,-0.11928044259548187,0.8518977165222168
950.42729,246407890,0.07,-0.04292336851358414,0.04062517359852791,-0.28770869970321655,0.041605159640312195,0.6262544393539429,0.9354729652404785,0.28381258249282837,0.42313152551651,-0.12118887156248093,0.8518940210342407
950.431299,246411899,0.07,-0.04362434521317482,0.04097779095172882,-0.28774720430374146,0.03709103539586067,0.6256482005119324,0.9352750182151794,0.2826124131679535,0.42373359203338623,-0.12295182049274445,0.8517411351203918
950.437329,246417929,0.07,-0.044689759612083435,0.04151896759867668,-0.28781387209892273,0.03094128705561161,0.6247900128364563,0.9359782934188843,0.2809005379676819,0.4249650835990906,-0.12548315525054932,0.8513245582580566
950.443324,246423924,0.07,-0.0457669198513031,0.0420653335750103,-0.28789156675338745,0.02571934275329113,0.6242275238037109,0.9383218288421631,0.279401957988739,0.42673608660697937,-0.1279112845659256,0.8505701422691345
950.4473039999999,246427903,0.07,-0.046489737927913666,0.04242674261331558,-0.2879485785961151,0.022674111649394035,0.6241021156311035,0.9407593011856079,0.27854111790657043,0.4282063841819763,-0.12951861321926117,0.8498700261116028
950.4513119999999,246431911,0.07,-0.04722145199775696,0.04278670996427536,-0.28800877928733826,0.019820084795355797,0.6242077946662903,0.9438155293464661,0.2777743935585022,0.42989352345466614,-0.1311788111925125,0.849014163017273
950.457321,246437921,0.07,-0.048319291323423386,0.04331088066101074,-0.2880982756614685,0.015712259337306023,0.6247437000274658,0.9492857456207275,0.276752769947052,0.43274354934692383,-0.13379627466201782,0.847490131855011
950.461297,246441897,0.07,-0.049045123159885406,0.04365234076976776,-0.28815656900405884,0.012987824156880379,0.6251218914985657,0.9529945254325867,0.2760719954967499,0.43466293811798096,-0.13554537296295166,0.8464513421058655
950.467324,246447924,0.07,-0.050135936588048935,0.04413241147994995,-0.2882348597049713,0.008814799599349499,0.6266331076622009,0.9606189131736755,0.2752761244773865,0.43835029006004333,-0.13869225978851318,0.8442964553833008
950.4712949999999,246451895,0.07,-0.05085225775837898,0.04444638639688492,-0.28828564286231995,0.006130356807261705,0.6276818513870239,0.965548038482666,0.2747836112976074,0.44072195887565613,-0.14073392748832703,0.8428831696510315
950.4772989999999,246457898,0.07,-0.05192342773079872,0.044908273965120316,-0.28835514187812805,0.0023765808437019587,0.6298821568489075,0.9741352200508118,0.2742667496204376,0.44469037652015686,-0.14398065209388733,0.8404152393341064
950.483293,246463893,0.07,-0.052974920719861984,0.045357752591371536,-0.28841397166252136,-0.001082463189959526,0.6315295100212097,0.9832617044448853,0.2735211253166199,0.4488730728626251,-0.14704999327659607,0.8378994464874268
950.4872959999999,246467895,0.07,-0.05366837605834007,0.04565408080816269,-0.28844544291496277,-0.0031626943964511156,0.6318773627281189,0.9897120594978333,0.27272114157676697,0.4518314301967621,-0.1488797515630722,0.8362454175949097
950.491312,246471912,0.07,-0.05436442419886589,0.04594976454973221,-0.2884712815284729,-0.004911803174763918,0.6317720413208008,0.9965171813964844,0.27177125215530396,0.4549197852611542,-0.15051288902759552,0.8345862627029419
950.497299,246477899,0.07,-0.05540790036320686,0.04639498516917229,-0.2885121703147888,-0.006905054207891226,0.6318751573562622,1.007378101348877,0.27053481340408325,0.45970746874809265,-0.1528393179178238,0.8319375514984131
950.503296,246483896,0.07,-0.056461647152900696,0.04685203358530998,-0.2885608971118927,-0.008425231091678143,0.631950318813324,1.018869400024414,0.26933029294013977,0.46467915177345276,-0.15503884851932526,0.8291546702384949
950.511313,246491913,0.07,-0.05785275995731354,0.0474703274667263,-0.2886223793029785,-0.010105891153216362,0.6311080455780029,1.034318208694458,0.2673804461956024,0.4713580012321472,-0.1576109528541565,0.8255229592323303
950.5173,246497900,0.07,-0.058871131390333176,0.0479409396648407,-0.2886597514152527,-0.011352199129760265,0.6315779685974121,1.0454045534133911,0.2663997709751129,0.47605741024017334,-0.15971456468105316,0.8227342963218689
950.5252969999999,246505896,0.07,-0.06021695211529732,0.04856940358877182,-0.2887122631072998,-0.013422878459095955,0.6346783638000488,1.0598200559616089,0.26601526141166687,0.482014000415802,-0.16322048008441925,0.8186925053596497
950.5333029999999,246513911,0.07,-0.06158510968089104,0.049188219010829926,-0.28879275918006897,-0.016449104994535446,0.6410472393035889,1.074371576309204,0.2666841149330139,0.48786839842796326,-0.1679251343011856,0.8140424489974976
950.541301,246521910,0.07,-0.06298784911632538,0.049797218292951584,-0.2888990342617035,-0.019928747788071632,0.6483491659164429,1.0895582437515259,0.2675088346004486,0.4939267337322235,-0.17313946783542633,0.8090105652809143
950.5473029999999,246527912,0.07,-0.06406731903553009,0.050251446664333344,-0.2889997959136963,-0.02252298966050148,0.6547245383262634,1.1017231941223145,0.26838263869285583,0.4986785650253296,-0.1773795485496521,0.804876983165741
950.5553239999999,246535932,0.07,-0.06553957611322403,0.0508514866232872,-0.28916648030281067,-0.02560368925333023,0.6639125347137451,1.11923348903656,0.2697334885597229,0.5053743124008179,-0.18324638903141022,0.7989126443862915
950.561297,246541906,0.07,-0.06663914769887924,0.05129284784197807,-0.2893041968345642,-0.027575433254241943,0.6705918312072754,1.1328272819519043,0.2706485986709595,0.5105071067810059,-0.18754000961780548,0.7943302989006042
950.569297,246549906,0.07,-0.06808005273342133,0.051875073462724686,-0.28948917984962463,-0.02912816032767296,0.6785504817962646,1.1517192125320435,0.2716224491596222,0.5175248384475708,-0.19272956252098083,0.7881907224655151
950.575295,246555904,0.07,-0.06913331896066666,0.05230841040611267,-0.28962382674217224,-0.029279576614499092,0.6845355033874512,1.1662647724151611,0.27253612875938416,0.5227476954460144,-0.1962999552488327,0.7835338115692139
950.583303,246563912,0.07,-0.07050329446792603,0.0528779998421669,-0.28978151082992554,-0.02816493809223175,0.6927703022956848,1.1862223148345947,0.27408379316329956,0.5296578407287598,-0.20072577893733978,0.7772064208984375
950.5872949999999,246567903,0.07,-0.0711737722158432,0.05315660312771797,-0.2898518145084381,-0.02715957537293434,0.697223961353302,1.1964222192764282,0.2750605046749115,0.5330737829208374,-0.20290210843086243,0.7739540338516235
950.5932919999999,246573900,0.07,-0.07217157632112503,0.053569938987493515,-0.28995585441589355,-0.02527230605483055,0.704325795173645,1.2121165990829468,0.2767181992530823,0.538212776184082,-0.20621487498283386,0.7689144611358643
950.599292,246579901,0.07,-0.0731675997376442,0.05396461486816406,-0.2900633215904236,-0.02277585305273533,0.7118037939071655,1.229000449180603,0.27852103114128113,0.5436263084411621,-0.20959913730621338,0.7635212540626526
950.605295,246585904,0.07,-0.07417303323745728,0.05434785783290863,-0.2901746928691864,-0.02009524032473564,0.718630850315094,1.246738076210022,0.27999168634414673,0.5493336915969849,-0.2129007875919342,0.7579646706581116
950.6112959999999,246591904,0.07,-0.07518456131219864,0.054724279791116714,-0.29029110074043274,-0.01709909550845623,0.7250062227249146,1.2655421495437622,0.2812214195728302,0.5553735494613647,-0.21615174412727356,0.752165675163269
950.617295,246597904,0.07,-0.07619977742433548,0.05509472265839577,-0.2904171049594879,-0.013984263874590397,0.7308553457260132,1.2852646112442017,0.2821444869041443,0.5617197751998901,-0.21938328444957733,0.7461476922035217
950.623295,246603904,0.07,-0.07721905410289764,0.05542205274105072,-0.2905443608760834,-0.011922652833163738,0.7337334156036377,1.3050917387008667,0.28161168098449707,0.568493664264679,-0.22221946716308594,0.7403568625450134
950.631302,246611911,0.07,-0.07858732342720032,0.05576702952384949,-0.2907080352306366,-0.011472426354885101,0.7318413257598877,1.3311684131622314,0.2781246602535248,0.578240692615509,-0.22516335546970367,0.7332024574279785
950.637295,246617904,0.07,-0.0796123817563057,0.055983126163482666,-0.29082879424095154,-0.011191812343895435,0.7279905676841736,1.3513684272766113,0.27451276779174805,0.5859995484352112,-0.22673694789409637,0.727899432182312
950.643295,246623904,0.07,-0.08063662052154541,0.056184280663728714,-0.29094764590263367,-0.009673471562564373,0.7231770753860474,1.3729180097579956,0.27076154947280884,0.5941346287727356,-0.22771082818508148,0.7223849892616272
950.6492959999999,246629904,0.07,-0.08166038990020752,0.05636877939105034,-0.29105857014656067,-0.006585521157830954,0.7181570529937744,1.3959827423095703,0.26724597811698914,0.6025738716125488,-0.2282058596611023,0.7165238261222839
950.655302,246635911,0.07,-0.08268210291862488,0.05652106925845146,-0.2911513149738312,-0.002212594961747527,0.7140125036239624,1.4202789068222046,0.26431766152381897,0.6111257076263428,-0.22861967980861664,0.7102074027061462
950.6633019999999,246643910,0.07,-0.08404655754566193,0.056634992361068726,-0.29123616218566895,0.004726935178041458,0.7106379866600037,1.454013466835022,0.26140356063842773,0.622503936290741,-0.2295636534690857,0.7010403275489807
950.6692969999999,246649905,0.07,-0.0850750207901001,0.056637417525053024,-0.2912662923336029,0.010255171917378902,0.7090329527854919,1.4799717664718628,0.25959205627441406,0.6310244202613831,-0.23051242530345917,0.6937465071678162
950.675295,246655904,0.07,-0.08610157668590546,0.05659126490354538,-0.29127636551856995,0.01589883305132389,0.7075957655906677,1.506144642829895,0.25786805152893066,0.6394966244697571,-0.23149226605892181,0.6862648725509644
950.681295,246661904,0.07,-0.08711269497871399,0.05642908439040184,-0.2912397086620331,0.022379817441105843,0.7060969471931458,1.532995343208313,0.25633320212364197,0.6480087637901306,-0.2322464883327484,0.6785569190979004
950.6872979999999,246667907,0.07,-0.08811663836240768,0.05622892081737518,-0.29118990898132324,0.029359862208366394,0.703630268573761,1.560089111328125,0.25463709235191345,0.656565248966217,-0.23254038393497467,0.6708256006240845
950.6932909999999,246673899,0.07,-0.08910955488681793,0.055974580347537994,-0.291125625371933,0.03690963238477707,0.7001371383666992,1.587379813194275,0.2528093755245209,0.6651527881622314,-0.23231643438339233,0.6630899310112
950.6992919999999,246679900,0.07,-0.09008310735225677,0.05564822629094124,-0.291044145822525,0.04534086585044861,0.6948572397232056,1.6148021221160889,0.2507401406764984,0.673814058303833,-0.23119589686393738,0.655478835105896
950.705297,246685906,0.07,-0.09104108810424805,0.05527281016111374,-0.290945827960968,0.054280392825603485,0.6883440613746643,1.642082929611206,0.24854712188243866,0.6824429035186768,-0.2294417917728424,0.6479602456092834
950.709296,246689905,0.07,-0.09167099744081497,0.05499390512704849,-0.2908683717250824,0.06053807958960533,0.6835554242134094,1.6601911783218384,0.24710898101329803,0.6881470680236816,-0.2279938906431198,0.6429693698883057
950.715293,246695902,0.07,-0.09260643273591995,0.05452626571059227,-0.2907334864139557,0.07003825902938843,0.6760090589523315,1.6871721744537354,0.24498720467090607,0.6966131329536438,-0.2256091982126236,0.6354619264602661
950.719293,246699902,0.07,-0.0932246595621109,0.05417775362730026,-0.2906319200992584,0.07622724771499634,0.6708639860153198,1.7049174308776855,0.24357526004314423,0.7021690011024475,-0.22397758066654205,0.6304473280906677
950.725292,246705901,0.07,-0.09414222836494446,0.05361379310488701,-0.29046204686164856,0.08523502945899963,0.6629930138587952,1.7310612201690674,0.241457000374794,0.7103415727615356,-0.22147759795188904,0.6229454278945923
950.7312969999999,246711905,0.07,-0.09504430741071701,0.05300476774573326,-0.290256530046463,0.09405826777219772,0.6551607251167297,1.7564613819122314,0.2394734025001526,0.7182213068008423,-0.2189292013645172,0.6155328154563904
950.735294,246715903,0.07,-0.09563708305358887,0.05258204787969589,-0.2901051342487335,0.09970972687005997,0.6502934098243713,1.773000717163086,0.23827236890792847,0.7232889533042908,-0.21737012267112732,0.6105977296829224
950.7412909999999,246721892,0.07,-0.09651228040456772,0.05192331224679947,-0.28985467553138733,0.10783874243497849,0.6437420845031738,1.7971049547195435,0.23671557009220123,0.7305492758750916,-0.2153165340423584,0.6032431721687317
950.7452949999999,246725897,0.07,-0.09708626568317413,0.0514712780714035,-0.2896696925163269,0.1130242720246315,0.6398362517356873,1.8126821517944336,0.23582331836223602,0.7351623177528381,-0.2141255885362625,0.5983927845954895
950.7512969999999,246731898,0.07,-0.09793151915073395,0.050782207399606705,-0.2893703877925873,0.12056169658899307,0.6345383524894714,1.8353501558303833,0.23468947410583496,0.7417622208595276,-0.2125348001718521,0.5912179350852966
950.7552919999999,246735893,0.07,-0.09848199039697647,0.05031951516866684,-0.2891591489315033,0.12542349100112915,0.6314629316329956,1.8497464656829834,0.23411233723163605,0.7458662390708923,-0.2116110920906067,0.5865967273712158
950.7612909999999,246741892,0.07,-0.09929586946964264,0.04961736872792244,-0.2888323962688446,0.1324092447757721,0.6267176270484924,1.870491623878479,0.23323239386081696,0.7517739534378052,-0.2101643830537796,0.5798875093460083
950.7652909999999,246745892,0.07,-0.09981853514909744,0.04913735017180443,-0.28860267996788025,0.13661158084869385,0.62348872423172,1.882940411567688,0.23263166844844818,0.7553419470787048,-0.20914402604103088,0.5758470296859741
950.769291,246749893,0.07,-0.100335992872715,0.048656173050403595,-0.28836819529533386,0.14057044684886932,0.6201813817024231,1.8948310613632202,0.23199759423732758,0.7587669491767883,-0.2080961912870407,0.5719665884971619
950.773292,246753894,0.07,-0.10084343701601028,0.04816987365484238,-0.2881290912628174,0.1441747397184372,0.6167687773704529,1.9058396816253662,0.23131269216537476,0.7619764804840088,-0.2070033848285675,0.5683624744415283
950.777294,246757896,0.07,-0.10134252905845642,0.047682106494903564,-0.28788378834724426,0.1473926156759262,0.6132333278656006,1.9159215688705444,0.23056231439113617,0.76496821641922,-0.20586112141609192,0.5650538206100464
950.781298,246761900,0.07,-0.10183405876159668,0.04719392582774162,-0.28763073682785034,0.1503010392189026,0.6096221804618835,1.925136923789978,0.2297796607017517,0.7677475214004517,-0.20467211306095123,0.5620269775390625
950.787299,246767901,0.07,-0.10255641490221024,0.046462882310152054,-0.28723832964897156,0.15394805371761322,0.6042224764823914,1.9371848106384277,0.22854429483413696,0.7714763283729553,-0.20288369059562683,0.5580591559410095
950.791378,246771980,0.07,-0.1030377447605133,0.04596811905503273,-0.28696155548095703,0.1559787392616272,0.6005715131759644,1.944223403930664,0.22766943275928497,0.7737263441085815,-0.20166327059268951,0.5557392239570618
950.7953729999999,246775974,0.07,-0.10350888967514038,0.04548368230462074,-0.2866901755332947,0.15799614787101746,0.5969803333282471,1.9512784481048584,0.22681467235088348,0.775965690612793,-0.20046749711036682,0.5533942580223083
950.7973079999999,246777909,0.07,-0.10372164100408554,0.04525528475642204,-0.28654512763023376,0.15824241936206818,0.5954373478889465,1.952558994293213,0.2263849377632141,0.7765116691589355,-0.19992554187774658,0.553000271320343
950.8013659999999,246781967,0.07,-0.10417956113815308,0.04477228596806526,-0.2862504720687866,0.15945015847682953,0.5920183658599854,1.9572981595993042,0.22550375759601593,0.778169572353363,-0.19875425100326538,0.5514498353004456
950.80331,246783912,0.07,-0.1043962612748146,0.0445423386991024,-0.28610655665397644,0.1599266082048416,0.5903952121734619,1.9592589139938354,0.22507867217063904,0.7788863778114319,-0.19819094240665436,0.5508139133453369
950.807297,246787899,0.07,-0.10483560711145401,0.04407350346446037,-0.2858070135116577,0.1606944054365158,0.5870827436447144,1.9626559019088745,0.22419483959674835,0.7802033424377441,-0.1970273107290268,0.5497269034385681
950.81129,246791892,0.07,-0.10527005791664124,0.0436076894402504,-0.28550100326538086,0.1611895114183426,0.5837455987930298,1.9652776718139648,0.22327840328216553,0.7813384532928467,-0.1958388388156891,0.5489117503166199
950.8132929999999,246793894,0.07,-0.10548648983240128,0.043375421315431595,-0.28534528613090515,0.16133350133895874,0.582054853439331,1.9663165807724,0.22280177474021912,0.7818450927734375,-0.19523274898529053,0.548599898815155
950.817291,246797893,0.07,-0.10591583698987961,0.04291323199868202,-0.2850312888622284,0.16144080460071564,0.5787138342857361,1.967887282371521,0.22183896601200104,0.7827319502830505,-0.19402843713760376,0.548152506351471
950.82129,246801892,0.07,-0.10634199529886246,0.04245152324438095,-0.2847137749195099,0.1612653136253357,0.5753374695777893,1.9688295125961304,0.220818430185318,0.7834804654121399,-0.192815899848938,0.5479230284690857
950.8232929999999,246803894,0.07,-0.10655476897954941,0.04221995174884796,-0.2845537066459656,0.16107387840747833,0.5736145973205566,1.9690970182418823,0.22027839720249176,0.7838143110275269,-0.19220103323459625,0.5478789210319519
950.827289,246807891,0.07,-0.10697890818119049,0.041757721453905106,-0.2842337489128113,0.16060593724250793,0.5701944231987,1.9694867134094238,0.21918529272079468,0.7844458818435669,-0.190988227725029,0.547837495803833
950.829291,246809893,0.07,-0.10719142854213715,0.041525013744831085,-0.2840730845928192,0.1600404977798462,0.5684571266174316,1.9691108465194702,0.21855591237545013,0.7846443057060242,-0.1903989017009735,0.5480099320411682
950.8332909999999,246813892,0.07,-0.10761606693267822,0.04106022045016289,-0.28375306725502014,0.1591242253780365,0.5649468302726746,1.9687033891677856,0.21733811497688293,0.7851142287254333,-0.1891847401857376,0.5482416749000549
950.8372899999999,246817891,0.07,-0.10804037004709244,0.04059560224413872,-0.28343409299850464,0.15807916224002838,0.5613456964492798,1.968003749847412,0.21607229113578796,0.7855268716812134,-0.18793761730194092,0.548579752445221
950.839292,246819894,0.07,-0.10825242102146149,0.04036345332860947,-0.2832750678062439,0.15751898288726807,0.5595161318778992,1.9675599336624146,0.21542516350746155,0.7857139110565186,-0.18730266392230988,0.548783540725708
950.8432919999999,246823893,0.07,-0.1086747795343399,0.03990091755986214,-0.28295931220054626,0.15638422966003418,0.5558147430419922,1.9665474891662598,0.2141241878271103,0.7860578298568726,-0.18600675463676453,0.5492407083511353
950.8472969999999,246827898,0.07,-0.1090971827507019,0.039439503103494644,-0.28264570236206055,0.15526628494262695,0.5520502924919128,1.965391993522644,0.21282418072223663,0.7863648533821106,-0.18466630578041077,0.5497586727142334
950.849292,246829894,0.07,-0.10930818319320679,0.039210133254528046,-0.2824905216693878,0.1547221839427948,0.5501786470413208,1.9647938013076782,0.21218356490135193,0.7865080237388611,-0.18399450182914734,0.5500265955924988
950.8532899999999,246833891,0.07,-0.10973372310400009,0.038750164210796356,-0.28218141198158264,0.1536533087491989,0.546430230140686,1.9635953903198242,0.21090662479400635,0.7867892384529114,-0.1826440989971161,0.5505653619766235
950.8572919999999,246837893,0.07,-0.11016494780778885,0.038288749754428864,-0.2818745970726013,0.15262874960899353,0.5427895188331604,1.9624632596969604,0.20966610312461853,0.7870655655860901,-0.18133312463760376,0.5510773658752441
950.859291,246839893,0.07,-0.11038088798522949,0.03805812448263168,-0.2817215621471405,0.15212032198905945,0.5409692525863647,1.9619014263153076,0.20904599130153656,0.7872028946876526,-0.1806774139404297,0.5513320565223694
950.863296,246843898,0.07,-0.11082383990287781,0.03759292885661125,-0.2814214527606964,0.15129008889198303,0.537741482257843,1.9611701965332031,0.20794905722141266,0.7875096797943115,-0.17952315509319305,0.5516857504844666
950.867298,246847900,0.07,-0.11127136647701263,0.03712688013911247,-0.28112488985061646,0.1504315733909607,0.5344206690788269,1.9603354930877686,0.20682433247566223,0.7877997756004333,-0.17832878232002258,0.5520815253257751
950.8712999999999,246851901,0.07,-0.1117253303527832,0.036659277975559235,-0.28083336353302,0.14970137178897858,0.5312753915786743,1.9596823453903198,0.20577777922153473,0.7881010174751282,-0.17718930542469025,0.5524095296859741
950.877293,246857895,0.07,-0.11241663247346878,0.03595628961920738,-0.28040796518325806,0.1488383561372757,0.5267689228057861,1.9590017795562744,0.20432543754577637,0.7885795831680298,-0.17553271353244781,0.5527943968772888
950.8812959999999,246861897,0.07,-0.11288641393184662,0.03548511490225792,-0.28013157844543457,0.14841534197330475,0.523880660533905,1.9587770700454712,0.2034260481595993,0.788928747177124,-0.1744566261768341,0.5529685020446777
950.8893019999999,246869903,0.07,-0.11384383589029312,0.03453723341226578,-0.2795987129211426,0.1478167176246643,0.5183331966400146,1.958817720413208,0.20174004137516022,0.7897027730941772,-0.17237797379493713,0.5531332492828369
950.8952959999999,246875897,0.07,-0.11456986516714096,0.03382406756281853,-0.2792131304740906,0.1474522352218628,0.5143073201179504,1.9591004848480225,0.2005212903022766,0.7903230786323547,-0.1708747297525406,0.5531567931175232
950.9033059999999,246883907,0.07,-0.11556083709001541,0.03286364674568176,-0.27873310446739197,0.14721935987472534,0.5090677738189697,1.960308313369751,0.1989588588476181,0.7913333177566528,-0.16893358528614044,0.5528728365898132
950.9092959999999,246889897,0.07,-0.11630677431821823,0.032143764197826385,-0.27838370203971863,0.14708037674427032,0.5050964951515198,1.9613736867904663,0.19777753949165344,0.7921328544616699,-0.16746477782726288,0.5525985956192017
950.917295,246897897,0.07,-0.11732840538024902,0.031171297654509544,-0.2779533863067627,0.14702767133712769,0.4996367394924164,1.9637984037399292,0.19613017141819,0.7934779524803162,-0.16549843549728394,0.5518477559089661
950.9233019999999,246903903,0.07,-0.11811412125825882,0.030443280935287476,-0.27766042947769165,0.14699217677116394,0.49539265036582947,1.9660966396331787,0.1948203444480896,0.7946323752403259,-0.16400523483753204,0.5510959029197693
950.9292969999999,246909898,0.07,-0.118942491710186,0.0297353845089674,-0.2773873209953308,0.14681707322597504,0.49289217591285706,1.9679327011108398,0.19394931197166443,0.795458197593689,-0.16321304440498352,0.550446629524231
950.935302,246915904,0.07,-0.11983568221330643,0.029047399759292603,-0.277116060256958,0.1460535228252411,0.4895089566707611,1.9675902128219604,0.19279217720031738,0.7958457469940186,-0.16201086342334747,0.5506479740142822
950.939296,246919898,0.07,-0.1204531192779541,0.02859075739979744,-0.27694088220596313,0.14515501260757446,0.48713287711143494,1.9665154218673706,0.1919017881155014,0.7959210276603699,-0.16118629276752472,0.5510919690132141
950.9473009999999,246927902,0.07,-0.12176180630922318,0.027684712782502174,-0.27661654353141785,0.14213214814662933,0.4812334477901459,1.9620970487594604,0.18950915336608887,0.7956905961036682,-0.15919548273086548,0.5528286695480347
950.953323,246933962,0.07,-0.12279706448316574,0.027017604559659958,-0.2763965427875519,0.13977167010307312,0.47650501132011414,1.9587647914886475,0.187591090798378,0.7955455780029297,-0.15760958194732666,0.5541444420814514
950.961296,246941935,0.07,-0.1242213025689125,0.0261576808989048,-0.2761387825012207,0.13672667741775513,0.4701383411884308,1.9549312591552734,0.18499906361103058,0.7955026626586914,-0.15550735592842102,0.5556692481040955
950.969297,246949936,0.07,-0.12574075162410736,0.02533659338951111,-0.27593010663986206,0.13371863961219788,0.4640803039073944,1.953128695487976,0.18233591318130493,0.7959688305854797,-0.15371479094028473,0.5563802719116211
950.9753019999999,246955941,0.07,-0.1269194483757019,0.024742677807807922,-0.2757914066314697,0.13149790465831757,0.4598296582698822,1.952588438987732,0.18036389350891113,0.7964988350868225,-0.15255533158779144,0.5565836429595947
950.9812959999999,246961934,0.07,-0.12813523411750793,0.0241694413125515,-0.27566564083099365,0.12921667098999023,0.45571213960647583,1.9526786804199219,0.1783527284860611,0.797187864780426,-0.1515236645936966,0.5565270781517029
950.987388,246968027,0.07,-0.12941117584705353,0.023604322224855423,-0.27554795145988464,0.12677274644374847,0.4515005946159363,1.9533092975616455,0.1762090027332306,0.7980449199676514,-0.15054593980312347,0.5562468767166138
950.995457,246976096,0.07,-0.1311536729335785,0.022878630086779594,-0.2754068672657013,0.12324387580156326,0.4456996023654938,1.9548909664154053,0.17313551902770996,0.7994252443313599,-0.1493031084537506,0.5555645227432251
951.003299,246983938,0.07,-0.1329154670238495,0.022202933207154274,-0.2752886712551117,0.1189977377653122,0.4392054080963135,1.9574884176254272,0.16951267421245575,0.8012067675590515,-0.1480570286512375,0.5544477105140686
951.011305,246991944,0.07,-0.13475488126277924,0.021543290466070175,-0.27517345547676086,0.11407765746116638,0.4319116175174713,1.9605424404144287,0.16537071764469147,0.8032329678535461,-0.1466982662677765,0.5531265139579773
951.0193039999999,246999942,0.07,-0.13662570714950562,0.02092164382338524,-0.27506008744239807,0.1084061861038208,0.4241478443145752,1.9638689756393433,0.16077885031700134,0.8054156303405762,-0.14536266028881073,0.5516570806503296
951.0253429999999,247005981,0.07,-0.13805244863033295,0.02048502489924431,-0.27497538924217224,0.1037982851266861,0.4180837571620941,1.966387391090393,0.15712383389472961,0.8070894479751587,-0.14435061812400818,0.5505284667015076
951.033296,247013935,0.07,-0.13994339108467102,0.019965266808867455,-0.2748590409755707,0.09774667769670486,0.410133957862854,1.9696130752563477,0.15232989192008972,0.8092324733734131,-0.14300580322742462,0.5490790009498596
951.0392959999999,247019934,0.07,-0.14137789607048035,0.019609352573752403,-0.27476486563682556,0.09328817576169968,0.4041666090488434,1.9718947410583496,0.14877289533615112,0.8107731938362122,-0.14195184409618378,0.5480539202690125
951.047294,247027933,0.07,-0.14331360161304474,0.01919354870915413,-0.27461710572242737,0.0874519944190979,0.3962579071521759,1.9745627641677856,0.14411024749279022,0.8126823306083679,-0.1404956728219986,0.5468460321426392
951.0532929999999,247033931,0.07,-0.14477963745594025,0.018913768231868744,-0.27448973059654236,0.08313377946615219,0.39042842388153076,1.9762884378433228,0.1406811773777008,0.8140034079551697,-0.13940094411373138,0.5460536479949951
951.0592929999999,247039931,0.07,-0.14625872671604156,0.01865803450345993,-0.2743471562862396,0.07883875072002411,0.38468295335769653,1.977761149406433,0.13729925453662872,0.8152281641960144,-0.13831038773059845,0.5453643202781677
951.0633009999999,247043939,0.07,-0.14725828170776367,0.018508827313780785,-0.27423715591430664,0.07599174976348877,0.3810090124607086,1.978398323059082,0.13511539995670319,0.8159258961677551,-0.137616828083992,0.5450416207313538
951.0692929999999,247049931,0.07,-0.1487581878900528,0.01830449514091015,-0.27406027913093567,0.07191932201385498,0.3756287097930908,1.9791682958602905,0.13196580111980438,0.8168836236000061,-0.13656085729599,0.5446441769599915
951.0732969999999,247053935,0.07,-0.14976274967193604,0.018181271851062775,-0.27393287420272827,0.06930215656757355,0.3721076548099518,1.9795254468917847,0.12993276119232178,0.8174590468406677,-0.13584549725055695,0.5444484949111938
951.0773049999999,247057943,0.07,-0.1507674604654312,0.018079645931720734,-0.27378955483436584,0.0669764056801796,0.3687973916530609,1.979521632194519,0.12809841334819794,0.8178931474685669,-0.13511359691619873,0.5444133877754211
951.0813069999999,247061945,0.07,-0.15176643431186676,0.017988210543990135,-0.2736392617225647,0.06482929736375809,0.3656371533870697,1.9793952703475952,0.12638431787490845,0.8182644248008728,-0.13438692688941956,0.5444359183311462
951.0872969999999,247067935,0.07,-0.15324857831001282,0.017877843230962753,-0.27339547872543335,0.06211328133940697,0.36131760478019714,1.9788159132003784,0.12415623664855957,0.8186399340629578,-0.13330885767936707,0.5446491241455078
951.0912979999999,247071936,0.07,-0.15422871708869934,0.017821311950683594,-0.2732199728488922,0.060660555958747864,0.3586634397506714,1.9781855344772339,0.12289267778396606,0.8187783360481262,-0.13257113099098206,0.5449075698852539
951.0973009999999,247077939,0.07,-0.15568473935127258,0.01775936782360077,-0.2729377746582031,0.059039853513240814,0.3549805283546448,1.9769394397735596,0.12132380157709122,0.8188403248786926,-0.13141827285289764,0.5454450249671936
951.105295,247085934,0.07,-0.15760047733783722,0.01771373115479946,-0.2725284993648529,0.05765979737043381,0.3504745364189148,1.9749987125396729,0.11967495083808899,0.8187592625617981,-0.1298205703496933,0.5463128685951233
951.109305,247089944,0.07,-0.15855474770069122,0.017705749720335007,-0.2723115384578705,0.05723435804247856,0.348396360874176,1.974016785621643,0.11900509893894196,0.8186832070350647,-0.1290217936038971,0.5467622876167297
951.115295,247095934,0.07,-0.15997526049613953,0.017712462693452835,-0.27197545766830444,0.056877899914979935,0.3454975485801697,1.9725637435913086,0.11817143857479095,0.8185378909111023,-0.12783877551555634,0.5474380850791931
951.1212929999999,247101931,0.07,-0.16139405965805054,0.017743628472089767,-0.2716282606124878,0.05677791312336922,0.34282177686691284,1.9710954427719116,0.11750192195177078,0.8183532953262329,-0.1266774833202362,0.5481277704238892
951.1293039999999,247109942,0.07,-0.1632930338382721,0.017833521589636803,-0.2711574137210846,0.057149458676576614,0.3395804166793823,1.9690369367599487,0.11690743267536163,0.8180211186408997,-0.12512025237083435,0.5491074323654175
951.1353039999999,247115942,0.07,-0.16472722589969635,0.01793956197798252,-0.2708054184913635,0.0575127974152565,0.33729061484336853,1.9673993587493896,0.11653808504343033,0.8177284598350525,-0.12398235499858856,0.5498794913291931
951.143296,247123935,0.07,-0.16666413843631744,0.01813170127570629,-0.2703428268432617,0.05799247324466705,0.3344457149505615,1.965031385421753,0.11610855907201767,0.8172690868377686,-0.12254214286804199,0.5509750247001648
951.151308,247131947,0.07,-0.1686389297246933,0.018373603001236916,-0.26988664269447327,0.05834418907761574,0.3317059576511383,1.9624805450439453,0.115663081407547,0.8167558312416077,-0.12117081135511398,0.5521318912506104
951.159322,247139945,0.07,-0.17064553499221802,0.018651539459824562,-0.2694384455680847,0.05863417685031891,0.32902809977531433,1.9598801136016846,0.11520879715681076,0.8162247538566589,-0.11984017491340637,0.5533013939857483
951.1653389999999,247145961,0.07,-0.17217591404914856,0.018874870613217354,-0.26911062002182007,0.05875766649842262,0.3270217776298523,1.9580292701721191,0.1148221492767334,0.8158573508262634,-0.11887557804584503,0.5541310906410217
951.1732999999999,247153922,0.07,-0.17421728372573853,0.019175663590431213,-0.26868945360183716,0.05870812386274338,0.3243548274040222,1.9557543992996216,0.11420740932226181,0.8154301643371582,-0.11766432225704193,0.5551445484161377
951.1792989999999,247159921,0.07,-0.17577381432056427,0.019406434148550034,-0.2683948576450348,0.05837990716099739,0.32223254442214966,1.9546406269073486,0.113557830452919,0.8152982592582703,-0.11682125180959702,0.5556493401527405
951.185294,247165917,0.07,-0.17733538150787354,0.01963665522634983,-0.2681189775466919,0.058095138520002365,0.32009416818618774,1.954062581062317,0.11288938671350479,0.8153125643730164,-0.11599037796258926,0.5559385418891907
951.191293,247171916,0.07,-0.17890292406082153,0.01986432634294033,-0.267865926027298,0.05775611102581024,0.3180673122406006,1.9541668891906738,0.11218945682048798,0.8155102133750916,-0.11525890976190567,0.5559424161911011
951.195296,247175919,0.07,-0.17995072901248932,0.02001514658331871,-0.2677067518234253,0.057488903403282166,0.3167981803417206,1.9544562101364136,0.1117158830165863,0.8156988024711609,-0.11482859402894974,0.5558501482009888
951.201298,247181921,0.07,-0.18152588605880737,0.020237931981682777,-0.26749858260154724,0.05700195953249931,0.3153151869773865,1.9559869766235352,0.11102307587862015,0.8162595629692078,-0.11444029957056046,0.555245578289032
951.2072939999999,247187916,0.07,-0.18309779465198517,0.020458700135350227,-0.2673073709011078,0.056385353207588196,0.3140065670013428,1.9575722217559814,0.11032246798276901,0.816828727722168,-0.11416160315275192,0.5546051263809204
951.215298,247195921,0.07,-0.18518415093421936,0.020748481154441833,-0.26710179448127747,0.05523435026407242,0.3126719295978546,1.9599961042404175,0.10934890061616898,0.8176601529121399,-0.11406499892473221,0.553591787815094
951.223306,247203929,0.07,-0.1872454583644867,0.02103998325765133,-0.26693248748779297,0.05424894392490387,0.31160661578178406,1.9621057510375977,0.10853470116853714,0.8183740973472595,-0.11401420086622238,0.5527068376541138
951.231317,247211940,0.07,-0.1892731487751007,0.021331898868083954,-0.26680395007133484,0.053609635680913925,0.3109700381755829,1.9636787176132202,0.10800974071025848,0.8188888430595398,-0.11401388794183731,0.5520468950271606
951.2373,247217923,0.07,-0.19075974822044373,0.021548902615904808,-0.26673611998558044,0.05326177552342415,0.31078797578811646,1.9644137620925903,0.10777577012777328,0.8191235065460205,-0.11407456547021866,0.5517318844795227
951.2453009999999,247225923,0.07,-0.1927083432674408,0.021833578124642372,-0.2666875123977661,0.0528034046292305,0.3106755018234253,1.964920163154602,0.10752848535776138,0.8192958831787109,-0.11418192088603973,0.5515018701553345
951.253297,247233920,0.07,-0.19460846483707428,0.022103019058704376,-0.2666820287704468,0.0521315336227417,0.31059178709983826,1.9650338888168335,0.10722394287586212,0.8193693161010742,-0.11433878540992737,0.5514196157455444
951.2592989999999,247239922,0.07,-0.19600261747837067,0.02229219488799572,-0.266703337430954,0.05147320777177811,0.31044355034828186,1.9648959636688232,0.10692174732685089,0.8193771243095398,-0.11445185542106628,0.5514432787895203
951.267471,247248094,0.07,-0.19783583283424377,0.02251545712351799,-0.2667778730392456,0.0501713789999485,0.3101014196872711,1.964370846748352,0.10632526874542236,0.8193260431289673,-0.1146419420838356,0.5515949130058289
951.273297,247253920,0.07,-0.19911111891269684,0.022654298692941666,-0.2668498754501343,0.049178723245859146,0.30975037813186646,1.964005947113037,0.10584384202957153,0.8193029761314392,-0.11475183814764023,0.5516989231109619
951.28131,247261933,0.07,-0.20079857110977173,0.0227886363863945,-0.2669799327850342,0.04767051711678505,0.309152215719223,1.9636545181274414,0.10508300364017487,0.8193278908729553,-0.11490308493375778,0.5517759323120117
951.2873139999999,247267936,0.07,-0.20201382040977478,0.022842032834887505,-0.2670914828777313,0.0466100312769413,0.3084300458431244,1.9633511304855347,0.10446891188621521,0.81935054063797,-0.11488248407840729,0.5518631935119629
951.295308,247275931,0.07,-0.20356763899326324,0.022842925041913986,-0.2672586143016815,0.045191988348960876,0.30702483654022217,1.9629312753677368,0.10352836549282074,0.8194067478179932,-0.11467353999614716,0.5520004034042358
951.301295,247281918,0.07,-0.20467332005500793,0.02277846448123455,-0.2674022912979126,0.04434679076075554,0.3057151138782501,1.9627184867858887,0.10283645987510681,0.8194827437400818,-0.11435674130916595,0.5520826578140259
951.307294,247287917,0.07,-0.20575879514217377,0.02268976718187332,-0.2675565779209137,0.04360692575573921,0.30440643429756165,1.9625496864318848,0.10218529403209686,0.8195645809173584,-0.1140136644244194,0.5521530508995056
951.3132959999999,247293918,0.07,-0.20677578449249268,0.022518673911690712,-0.2677401304244995,0.043382033705711365,0.30310162901878357,1.962792158126831,0.10172270238399506,0.8197327852249146,-0.11355098336935043,0.5520840883255005
951.317294,247297917,0.07,-0.20744089782238007,0.022386059165000916,-0.2678694427013397,0.043236490339040756,0.30218505859375,1.9630576372146606,0.10139748454093933,0.8198763132095337,-0.11322726309299469,0.5519972443580627
951.321298,247301921,0.07,-0.20808938145637512,0.022229209542274475,-0.26800864934921265,0.04310999810695648,0.30120882391929626,1.9634281396865845,0.10105790942907333,0.8200517296791077,-0.11287892609834671,0.5518702864646912
951.327288,247307911,0.07,-0.20903974771499634,0.021968122571706772,-0.2682269215583801,0.042949117720127106,0.299710214138031,1.9641053676605225,0.10054437816143036,0.8203487396240234,-0.11234017461538315,0.5516325235366821
951.331293,247311916,0.07,-0.20962807536125183,0.02173687517642975,-0.26839524507522583,0.04297176003456116,0.29881295561790466,1.9649616479873657,0.10026061534881592,0.8206446170806885,-0.11200722306966782,0.5513116717338562
951.335296,247315919,0.07,-0.21020850539207458,0.02150111459195614,-0.26856729388237,0.04296568036079407,0.297804057598114,1.9657353162765503,0.09993951767683029,0.8209264874458313,-0.11163180321455002,0.551026463508606
951.341295,247321918,0.07,-0.2110409438610077,0.02110889181494713,-0.26884013414382935,0.043046437203884125,0.2962433695793152,1.9670583009719849,0.09947335720062256,0.8213920593261719,-0.11103196442127228,0.5505380034446716
951.347307,247327930,0.07,-0.21183671057224274,0.020662201568484306,-0.2691255509853363,0.043025314807891846,0.2945484220981598,1.968639850616455,0.09891528636217117,0.8219420313835144,-0.11041691154241562,0.5499410629272461
951.3553059999999,247335928,0.07,-0.21283824741840363,0.019979747012257576,-0.2695171535015106,0.042600441724061966,0.2923368811607361,1.9710123538970947,0.0980081707239151,0.8227623701095581,-0.10973727703094482,0.5490120649337769
951.363308,247343931,0.07,-0.21377401053905487,0.01920110173523426,-0.2699134051799774,0.041619446128606796,0.2898814082145691,1.9734846353530884,0.09680194407701492,0.8236507773399353,-0.10911191254854202,0.548017680644989
951.369302,247349892,0.07,-0.21442802250385284,0.018560094758868217,-0.2702104449272156,0.04084014147520065,0.28791186213493347,1.9752362966537476,0.09585109353065491,0.824297308921814,-0.10859502851963043,0.5473149418830872
951.3753089999999,247355898,0.07,-0.2150447964668274,0.017871182411909103,-0.27050620317459106,0.04004991427063942,0.2857302725315094,1.9769173860549927,0.09484288096427917,0.8249368667602539,-0.10798834264278412,0.5466465950012207
951.3812959999999,247361885,0.07,-0.21562892198562622,0.01714339666068554,-0.270799458026886,0.03925011679530144,0.2833309769630432,1.978548526763916,0.09377530217170715,0.8255751729011536,-0.10728999972343445,0.5460042953491211
951.387294,247367884,0.07,-0.21618153154850006,0.016367265954613686,-0.2710913419723511,0.03845477104187012,0.2807829678058624,1.98017156124115,0.09267071634531021,0.8262181878089905,-0.10652664303779602,0.5453693866729736
951.393292,247373882,0.07,-0.2167084813117981,0.015559122897684574,-0.2713804543018341,0.03769524395465851,0.2781335115432739,1.9818241596221924,0.0915529727935791,0.8268715143203735,-0.1057109534740448,0.5447263121604919
951.397297,247377887,0.07,-0.21703271567821503,0.014989898540079594,-0.2715706527233124,0.037335652858018875,0.27629929780960083,1.9828852415084839,0.09085293859243393,0.8272920846939087,-0.10509611666202545,0.544323742389679
951.4033,247383890,0.07,-0.21750013530254364,0.014120744541287422,-0.2718536853790283,0.03703545406460762,0.2735830247402191,1.9845038652420044,0.08991099148988724,0.827915370464325,-0.10412313044071198,0.5437191128730774
951.411311,247391901,0.07,-0.21806646883487701,0.012920505367219448,-0.2722238004207611,0.03732673078775406,0.2699311375617981,1.9864438772201538,0.0889468789100647,0.828654944896698,-0.10261331498622894,0.5430377125740051
951.4173049999999,247397895,0.07,-0.21844476461410522,0.011999789625406265,-0.2724907398223877,0.03823205456137657,0.26724570989608765,1.9876484870910645,0.08853746205568314,0.8291060924530029,-0.10130437463521957,0.5426616072654724
951.427297,247407887,0.07,-0.21900855004787445,0.010438303463160992,-0.2729121446609497,0.040801189839839935,0.26303866505622864,1.9893722534179688,0.08838481456041336,0.8297154903411865,-0.09893316775560379,0.5421923995018005
951.4333029999999,247413892,0.07,-0.21927084028720856,0.009479815140366554,-0.27313902974128723,0.0437212698161602,0.2610104978084564,1.9899448156356812,0.08902313560247421,0.8298638463020325,-0.09732244163751602,0.542152464389801
951.441298,247421888,0.07,-0.2195955067873001,0.008210638538002968,-0.2734341323375702,0.04794691503047943,0.2583349943161011,1.990945816040039,0.09001007676124573,0.8301078081130981,-0.09510728716850281,0.5420090556144714
951.449299,247429889,0.07,-0.2198815792798996,0.006959173362702131,-0.2737194001674652,0.052468638867139816,0.25669586658477783,1.992620587348938,0.09136875718832016,0.8304558396339417,-0.09327498078346252,0.541566789150238
951.455296,247435886,0.07,-0.22007183730602264,0.006045389920473099,-0.2739293873310089,0.055256184190511703,0.2553567886352539,1.9941743612289429,0.09209593385457993,0.8308299779891968,-0.09203311055898666,0.5410820245742798
951.46331,247443900,0.07,-0.2203058898448944,0.004882362671196461,-0.27420613169670105,0.0582813061773777,0.2536526918411255,1.9967910051345825,0.09277815371751785,0.831501305103302,-0.09062479436397552,0.540171205997467
951.4713919999999,247451981,0.07,-0.22052358090877533,0.003798461053520441,-0.27449092268943787,0.06201951205730438,0.25054168701171875,2.0008115768432617,0.09332405775785446,0.8326013684272766,-0.08850293606519699,0.5387325882911682
951.479306,247459896,0.07,-0.2207282930612564,0.0027975873090326786,-0.27476832270622253,0.0656668096780777,0.24940240383148193,2.0066280364990234,0.09428568184375763,0.8340632915496826,-0.08731818199157715,0.5364924669265747
951.487298,247467888,0.07,-0.2209307998418808,0.0018283966928720474,-0.2750381827354431,0.06866730004549026,0.25083494186401367,2.013517379760742,0.09561540931463242,0.8356759548187256,-0.08744367212057114,0.5337199568748474
951.4952959999999,247475885,0.07,-0.221126526594162,0.000892245676368475,-0.2752894461154938,0.0712718740105629,0.2525511384010315,2.020207405090332,0.0968620777130127,0.8372244238853455,-0.08779408782720566,0.5310038924217224
951.5012979999999,247481887,0.07,-0.22125983238220215,0.00024478425621055067,-0.2754397392272949,0.07353639602661133,0.25298812985420227,2.024414300918579,0.0977402925491333,0.8382019400596619,-0.0875825583934784,0.5293331742286682
951.507317,247487907,0.07,-0.22138434648513794,-0.0003917659050785005,-0.27557000517845154,0.07630926370620728,0.2539374530315399,2.0286624431610107,0.09896418452262878,0.8391279578208923,-0.08745919167995453,0.5276563763618469
951.513294,247493884,0.07,-0.22149059176445007,-0.0010015424340963364,-0.27567046880722046,0.07959621399641037,0.25503116846084595,2.03273868560791,0.10044943541288376,0.8399678468704224,-0.08725849539041519,0.5260701775550842
951.519294,247499884,0.07,-0.22157683968544006,-0.0015912425005808473,-0.2757415473461151,0.08332717418670654,0.25649523735046387,2.036764621734619,0.10221967846155167,0.8407412767410278,-0.08710171282291412,0.5245174169540405
951.5252949999999,247505884,0.07,-0.22164569795131683,-0.002156228292733431,-0.275787889957428,0.08744582533836365,0.25808775424957275,2.0408060550689697,0.10418561100959778,0.8414825201034546,-0.08690600097179413,0.5229721665382385
951.5333039999999,247513893,0.07,-0.2217039167881012,-0.002848799107596278,-0.27580443024635315,0.09377703815698624,0.2599758207798004,2.046372890472412,0.10709314793348312,0.8424748778343201,-0.08634846657514572,0.5208753347396851
951.5413239999999,247521913,0.07,-0.22173714637756348,-0.0034852230455726385,-0.2757819890975952,0.10043498873710632,0.2618919909000397,2.052048683166504,0.11014287918806076,0.8434580564498901,-0.08574018627405167,0.5187443494796753
951.549306,247529896,0.07,-0.2217540591955185,-0.004063453059643507,-0.27571940422058105,0.10719610750675201,0.26429134607315063,2.0577340126037598,0.1133597269654274,0.8443855047225952,-0.08532871305942535,0.5166059732437134
951.557297,247537887,0.07,-0.2217627316713333,-0.004598245956003666,-0.2756196856498718,0.11379729211330414,0.2674253284931183,2.0634450912475586,0.11669269949197769,0.845255970954895,-0.08529127389192581,0.514441967010498
951.563315,247543905,0.07,-0.22177329659461975,-0.004986144136637449,-0.2755129635334015,0.11791340261697769,0.26977992057800293,2.067564010620117,0.11884614080190659,0.8459016680717468,-0.08548154681921005,0.5128536224365234
951.571297,247551887,0.07,-0.22179140150547028,-0.005489517468959093,-0.2753364145755768,0.12272284924983978,0.27254870533943176,2.0726428031921387,0.1213531643152237,0.8467099666595459,-0.08573872596025467,0.510886013507843
951.579301,247559891,0.07,-0.22181673347949982,-0.005968071520328522,-0.27511072158813477,0.12587010860443115,0.274039626121521,2.076077461242676,0.12290823459625244,0.8472834229469299,-0.08578339219093323,0.5095543265342712
951.585297,247565837,0.07,-0.2218506634235382,-0.006303083151578903,-0.2749151587486267,0.12787902355194092,0.27475762367248535,2.078127145767212,0.12384900450706482,0.8476276397705078,-0.08570580184459686,0.5087664127349854
951.5912989999999,247571838,0.07,-0.22189627587795258,-0.0066200061701238155,-0.27470871806144714,0.13002024590969086,0.2751215100288391,2.079998731613159,0.12476631999015808,0.8479429483413696,-0.08543367683887482,0.5080621838569641
951.5972989999999,247577838,0.07,-0.2219608873128891,-0.006934435572475195,-0.27449122071266174,0.131651371717453,0.2759448289871216,2.081589460372925,0.1255926489830017,0.8481826186180115,-0.0854719951748848,0.5074517726898193
951.6012969999999,247581836,0.07,-0.22201745212078094,-0.007146953139454126,-0.2743411064147949,0.1319931596517563,0.27638858556747437,2.082274913787842,0.12581737339496613,0.8483014106750488,-0.08561861515045166,0.5071727633476257
951.6072979999999,247587837,0.07,-0.22211691737174988,-0.007470499724149704,-0.27411314845085144,0.13170982897281647,0.2770496606826782,2.082825183868408,0.12583599984645844,0.848408579826355,-0.08600853383541107,0.5069227814674377
951.613296,247593836,0.07,-0.22223933041095734,-0.00778615428134799,-0.27388423681259155,0.1299201250076294,0.27676522731781006,2.0822463035583496,0.12503185868263245,0.848395586013794,-0.0863039568066597,0.5070932507514954
951.6212999999999,247601839,0.07,-0.22242465615272522,-0.008169571869075298,-0.27358296513557434,0.12667058408260345,0.2769014239311218,2.0806190967559814,0.12375763058662415,0.8481746315956116,-0.08708547800779343,0.5076415538787842
951.6252929999999,247605833,0.07,-0.22252394258975983,-0.008338944055140018,-0.2734343111515045,0.1248515397310257,0.2770574688911438,2.0794920921325684,0.12307394295930862,0.847989022731781,-0.08754467964172363,0.5080387592315674
951.6312909999999,247611830,0.07,-0.22268550097942352,-0.0085277259349823,-0.27322086691856384,0.12160388380289078,0.27712133526802063,2.0767428874969482,0.12183394283056259,0.8474839925765991,-0.08822949975728989,0.509060800075531
951.635289,247615829,0.07,-0.22279590368270874,-0.008630596101284027,-0.2730824053287506,0.11926817893981934,0.277102530002594,2.074671506881714,0.12093138694763184,0.8470995426177979,-0.08869069814682007,0.5098351836204529
951.637291,247617831,0.07,-0.2228519320487976,-0.008673645555973053,-0.2730143368244171,0.1180017814040184,0.2771301865577698,2.0735256671905518,0.12045282125473022,0.8468816876411438,-0.0889563336968422,0.510263979434967
951.6412909999999,247621830,0.07,-0.222965270280838,-0.008742190897464752,-0.27288082242012024,0.11532392352819443,0.27734923362731934,2.0710320472717285,0.11948496103286743,0.8463892936706543,-0.08958422392606735,0.5111977458000183
951.6452889999999,247625828,0.07,-0.22308063507080078,-0.008787388913333416,-0.27275076508522034,0.11249683797359467,0.27785012125968933,2.0683319568634033,0.11853517591953278,0.8458297252655029,-0.09036078304052353,0.5122073292732239
951.64729,247627830,0.07,-0.2231387197971344,-0.00880142580717802,-0.27268725633621216,0.11104439198970795,0.2781858742237091,2.0668864250183105,0.11807028949260712,0.8455206155776978,-0.0907907634973526,0.5127488374710083
951.6512899999999,247631829,0.07,-0.22325481474399567,-0.008812173269689083,-0.27256491780281067,0.10808344930410385,0.27892619371414185,2.063830852508545,0.11714358627796173,0.8448560833930969,-0.09168677777051926,0.5138959884643555
951.6552909999999,247635830,0.07,-0.22336998581886292,-0.00880116131156683,-0.2724488377571106,0.10511305928230286,0.2796597480773926,2.060535430908203,0.11622520536184311,0.844127893447876,-0.0925711989402771,0.5151410698890686
951.657291,247637831,0.07,-0.2234271913766861,-0.008788034319877625,-0.27239295840263367,0.10366108268499374,0.2800557315349579,2.0588221549987793,0.11579158902168274,0.8437417149543762,-0.09301463514566422,0.5157911777496338
951.661293,247641833,0.07,-0.22354060411453247,-0.008747603744268417,-0.27228593826293945,0.10085484385490417,0.2807875871658325,2.055225133895874,0.11496084183454514,0.8429213762283325,-0.09384310990571976,0.5171663165092468
951.6652909999999,247645830,0.07,-0.22365295886993408,-0.008690954186022282,-0.27218541502952576,0.09815840423107147,0.28134486079216003,2.051426887512207,0.11414487659931183,0.8420518040657043,-0.09456055611371994,0.5186309218406677
951.667291,247647831,0.07,-0.22370877861976624,-0.00865680817514658,-0.2721378207206726,0.09685248136520386,0.2815832495689392,2.0494649410247803,0.11374858021736145,0.8415998220443726,-0.09488885849714279,0.5193910598754883
951.671291,247651831,0.07,-0.22381974756717682,-0.008578869514167309,-0.27204659581184387,0.09432794898748398,0.2820102274417877,2.045464515686035,0.11298585683107376,0.8406716585159302,-0.09549974650144577,0.5209463834762573
951.675293,247655833,0.07,-0.22392915189266205,-0.00848894752562046,-0.2719601094722748,0.09191541373729706,0.28235962986946106,2.0413784980773926,0.1122572124004364,0.8397164344787598,-0.09604700654745102,0.5225414633750916
951.677291,247657831,0.07,-0.22398290038108826,-0.008440179750323296,-0.2719188928604126,0.09076254069805145,0.2825224697589874,2.0393192768096924,0.11191403865814209,0.8392308950424194,-0.09630193561315536,0.5233476161956787
951.68129,247661830,0.07,-0.22408796846866608,-0.008335052989423275,-0.2718410789966583,0.08854460716247559,0.2828406095504761,2.0351972579956055,0.11126454174518585,0.8382516503334045,-0.0967877060174942,0.52496337890625
951.685292,247665832,0.07,-0.22419142723083496,-0.008220542222261429,-0.27176976203918457,0.08647887408733368,0.28312426805496216,2.031069278717041,0.11067255586385727,0.8372607827186584,-0.09722144901752472,0.5265870690345764
951.687291,247667831,0.07,-0.22424280643463135,-0.00816023163497448,-0.27173691987991333,0.08548638969659805,0.2832321226596832,2.0290169715881348,0.11038490384817123,0.8367672562599182,-0.09741503745317459,0.5273955464363098
951.691289,247671829,0.07,-0.22434520721435547,-0.008036411367356777,-0.271674245595932,0.08357004076242447,0.28342288732528687,2.0249557495117188,0.10983121395111084,0.8357866406440735,-0.09777792543172836,0.528996467590332
951.6932899999999,247673829,0.07,-0.2243964970111847,-0.007974672131240368,-0.27164268493652344,0.08259506523609161,0.283521831035614,2.022915840148926,0.10954941809177399,0.8352931141853333,-0.09796575456857681,0.5297990441322327
951.697293,247677833,0.07,-0.22449681162834167,-0.007834652438759804,-0.2716017961502075,0.08103073388338089,0.28360795974731445,2.0191102027893066,0.10910551249980927,0.8343630433082581,-0.09820893406867981,0.5313090682029724
951.701292,247681832,0.07,-0.22459694743156433,-0.007694224361330271,-0.27156296372413635,0.0793994814157486,0.28363344073295593,2.015293598175049,0.10861965268850327,0.8334347009658813,-0.0984458476305008,0.5328196287155151
951.7032909999999,247683830,0.07,-0.2246466875076294,-0.007621948141604662,-0.2715471684932709,0.0786166712641716,0.2836005687713623,2.0134291648864746,0.10837674140930176,0.8329823613166809,-0.09853959828615189,0.5335586071014404
951.7072929999999,247687832,0.07,-0.22474591434001923,-0.0074727581813931465,-0.2715233564376831,0.07709701359272003,0.28349941968917847,2.0097458362579346,0.10789923369884491,0.8320876955986023,-0.0987040176987648,0.535019040107727
951.7112979999999,247691838,0.07,-0.22484637796878815,-0.007318324409425259,-0.27151036262512207,0.07564572244882584,0.28339001536369324,2.0061542987823486,0.10744432359933853,0.8312113881111145,-0.09885360300540924,0.5364432334899902
951.7132919999999,247693831,0.07,-0.2248973846435547,-0.007239408325403929,-0.27150797843933105,0.07494807988405228,0.2833268940448761,2.004406452178955,0.10722421854734421,0.8307840824127197,-0.09892063587903976,0.5371363759040833
951.7172939999999,247697833,0.07,-0.22500267624855042,-0.007077021989971399,-0.2715112566947937,0.07355242967605591,0.28320834040641785,2.0009703636169434,0.10678348690271378,0.8299429416656494,-0.09906254708766937,0.5384966135025024
951.721291,247701831,0.07,-0.22511202096939087,-0.006911287549883127,-0.27152547240257263,0.072166308760643,0.28308433294296265,1.9976266622543335,0.1063414141535759,0.8291240334510803,-0.09920628368854523,0.5398175716400146
951.7232899999999,247703829,0.07,-0.22516871988773346,-0.006827536504715681,-0.2715364694595337,0.07145505398511887,0.28305742144584656,1.9959895610809326,0.10612071305513382,0.8287215232849121,-0.09930019080638885,0.5404614210128784
951.7272889999999,247707828,0.07,-0.22528192400932312,-0.006660092156380415,-0.2715580463409424,0.07004448771476746,0.2829717993736267,1.9926862716674805,0.10567785799503326,0.8279083967208862,-0.09947122633457184,0.5417613983154297
951.731289,247711829,0.07,-0.22541113197803497,-0.006490771658718586,-0.271605521440506,0.06851503998041153,0.2829449772834778,1.9897384643554688,0.1051846444606781,0.8271914720535278,-0.09971939772367477,0.5429056286811829
951.733293,247713833,0.07,-0.22547532618045807,-0.0064053828828036785,-0.27162966132164,0.06775356829166412,0.2828802764415741,1.9882240295410156,0.10492800921201706,0.8268245458602905,-0.09981974214315414,0.5434954166412354
951.7372909999999,247717830,0.07,-0.22560831904411316,-0.0062333643436431885,-0.271685391664505,0.06621543318033218,0.28295978903770447,1.9852951765060425,0.10446010529994965,0.8261029720306396,-0.10011789947748184,0.5446268320083618
951.7412889999999,247721828,0.07,-0.22574834525585175,-0.0060586645267903805,-0.271751344203949,0.0646771639585495,0.28321292996406555,1.982509970664978,0.10403271019458771,0.8254067301750183,-0.10049718618392944,0.5456933379173279
951.743293,247723833,0.07,-0.22582130134105682,-0.0059700836427509785,-0.2717880308628082,0.06391795724630356,0.2833937704563141,1.9811654090881348,0.10383576154708862,0.8250669240951538,-0.10070962458848953,0.5462054014205933
951.7472889999999,247727828,0.07,-0.22597241401672363,-0.00579107366502285,-0.27186882495880127,0.06241608411073685,0.2837572395801544,1.9785643815994263,0.10344567894935608,0.8244091868400574,-0.10113614797592163,0.5471928119659424
951.749293,247729833,0.07,-0.22605080902576447,-0.0056997863575816154,-0.2719130516052246,0.0616702102124691,0.2839265465736389,1.9772968292236328,0.10324817150831223,0.8240893483161926,-0.101344995200634,0.5476730465888977
951.753293,247733833,0.07,-0.22621147334575653,-0.0055144671350717545,-0.27200767397880554,0.060208339244127274,0.2842661738395691,1.9748437404632568,0.10286246240139008,0.8234694600105286,-0.10175994038581848,0.5486002564430237
951.75729,247737830,0.07,-0.22637490928173065,-0.00532733928412199,-0.27210769057273865,0.05876929312944412,0.28471124172210693,1.9724411964416504,0.10251330584287643,0.8228538632392883,-0.10221585631370544,0.5495038032531738
951.7612919999999,247741831,0.07,-0.22653965651988983,-0.005134899169206619,-0.2722143232822418,0.057350002229213715,0.2856694757938385,1.9702484607696533,0.1023021936416626,0.8222593069076538,-0.10289010405540466,0.5503067374229431
951.7652949999999,247745834,0.07,-0.22670313715934753,-0.004939449485391378,-0.2723235785961151,0.05592462792992592,0.2865002155303955,1.968005657196045,0.10205808281898499,0.8216588497161865,-0.103511281311512,0.5511318445205688
951.769289,247749829,0.07,-0.22686493396759033,-0.0047406284138560295,-0.27243441343307495,0.054465401917696,0.2876635491847992,1.965847134590149,0.10188791900873184,0.8210599422454834,-0.10428392142057419,0.5519096851348877
951.771294,247751834,0.07,-0.2269456684589386,-0.004638981074094772,-0.2724902629852295,0.053716860711574554,0.28834235668182373,1.9647912979125977,0.10182103514671326,0.8207610249519348,-0.10471686720848083,0.5522844791412354
951.7752929999999,247755832,0.07,-0.22710572183132172,-0.004431729670614004,-0.27260130643844604,0.052181828767061234,0.28984904289245605,1.9627231359481812,0.10171164572238922,0.8201665282249451,-0.10565707087516785,0.5530083775520325
951.777292,247757832,0.07,-0.22718524932861328,-0.004325748421251774,-0.2726565897464752,0.051389552652835846,0.2906791865825653,1.9617063999176025,0.10166767239570618,0.8198698163032532,-0.10616661608219147,0.5533586740493774
951.781295,247761835,0.07,-0.22734302282333374,-0.004108348861336708,-0.2727665901184082,0.0497499443590641,0.2925001382827759,1.9596885442733765,0.10160203278064728,0.8192719221115112,-0.10726792365312576,0.5540434122085571
951.7852959999999,247765835,0.07,-0.22749708592891693,-0.003883611410856247,-0.27287566661834717,0.04800967127084732,0.294363409280777,1.9576364755630493,0.10151102393865585,0.8186659216880798,-0.10841280966997147,0.554732620716095
951.7892889999999,247769828,0.07,-0.22764450311660767,-0.0036522229202091694,-0.27298370003700256,0.046198610216379166,0.2961609363555908,1.9555245637893677,0.10137878358364105,0.8180502653121948,-0.10954732447862625,0.555441677570343
951.791293,247771833,0.07,-0.22771717607975006,-0.0035347759258002043,-0.27303773164749146,0.04528602212667465,0.2970505654811859,1.9544599056243896,0.10130870342254639,0.8177406787872314,-0.11011239141225815,0.5557985305786133
951.795296,247775862,0.07,-0.22784870862960815,-0.00328874122351408,-0.2731449007987976,0.04342704266309738,0.2982161343097687,1.9522106647491455,0.10099419951438904,0.817130446434021,-0.11099414527416229,0.5565773248672485
951.7992909999999,247779856,0.07,-0.2279709130525589,-0.003035159781575203,-0.2732516825199127,0.041635364294052124,0.2991352081298828,1.949954867362976,0.10064161568880081,0.8165305256843567,-0.11175638437271118,0.5573685169219971
951.8032939999999,247783859,0.07,-0.22808334231376648,-0.002769661834463477,-0.2733580470085144,0.03993413597345352,0.30000823736190796,1.9477044343948364,0.10031474381685257,0.8159295916557312,-0.11247555911540985,0.558162271976471
951.807291,247787857,0.07,-0.2281874120235443,-0.0024919076822698116,-0.2734633982181549,0.03837196156382561,0.30125677585601807,1.945528507232666,0.10014615207910538,0.8153160810470581,-0.11331401020288467,0.5589188933372498
951.811294,247791860,0.07,-0.22828583419322968,-0.002199742244556546,-0.2735680639743805,0.036978017538785934,0.30310237407684326,1.9434638023376465,0.10020741075277328,0.8146841526031494,-0.1143554151058197,0.5596168637275696
951.815295,247795861,0.07,-0.2283802479505539,-0.00189414550550282,-0.27367183566093445,0.03578238934278488,0.30548784136772156,1.9414840936660767,0.100496806204319,0.8140285611152649,-0.11556584388017654,0.5602699518203735
951.8192919999999,247799857,0.07,-0.22847069799900055,-0.001577370218001306,-0.273774653673172,0.03476953133940697,0.30822432041168213,1.939536213874817,0.10095885396003723,0.8133476376533508,-0.11686912178993225,0.5609051585197449
951.8232899999999,247803855,0.07,-0.22855769097805023,-0.0012527278158813715,-0.273876816034317,0.03386593982577324,0.311107873916626,1.9375684261322021,0.10151005536317825,0.8126440644264221,-0.11819955706596375,0.561546266078949
951.827291,247807857,0.07,-0.22864437103271484,-0.0009270953596569598,-0.27397897839546204,0.03294915333390236,0.31398463249206543,1.9355956315994263,0.10205696523189545,0.8119386434555054,-0.11952933669090271,0.5621857047080994
951.831291,247811857,0.07,-0.22871851921081543,-0.000583337212447077,-0.2740783989429474,0.03251928836107254,0.3172975778579712,1.933326005935669,0.10294382274150848,0.811092734336853,-0.1208830252289772,0.5629550814628601
951.8353079999999,247815874,0.07,-0.22879400849342346,-0.000241402696701698,-0.27417856454849243,0.031867895275354385,0.32044121623039246,1.9311071634292603,0.10369347780942917,0.8102819323539734,-0.12223069369792938,0.5636935830116272
951.839295,247819861,0.07,-0.2288631647825241,0.00010407069203210995,-0.27427706122398376,0.03128139302134514,0.3236198425292969,1.9287724494934082,0.10448935627937317,0.8094304203987122,-0.12356629967689514,0.5644782781600952
951.843296,247823862,0.07,-0.22892698645591736,0.00045845218119211495,-0.27437499165534973,0.03079783357679844,0.32691842317581177,1.926384449005127,0.10536694526672363,0.8085476160049438,-0.12491656839847565,0.5652825832366943
951.8472969999999,247827862,0.07,-0.2289838194847107,0.0008219901937991381,-0.27447131276130676,0.030455434694886208,0.33034709095954895,1.9239802360534668,0.10634230822324753,0.8076408505439758,-0.126276433467865,0.5660935044288635
951.853292,247833858,0.07,-0.22905100882053375,0.0013843418564647436,-0.27461040019989014,0.030179567635059357,0.335768461227417,1.9203299283981323,0.1079883798956871,0.8062297105789185,-0.12835413217544556,0.567324697971344
951.8572919999999,247837857,0.07,-0.22908225655555725,0.0017711406107991934,-0.27469828724861145,0.03007422387599945,0.33955952525138855,1.9177963733673096,0.10917776823043823,0.8052393198013306,-0.12977930903434753,0.5681788325309753
951.8612949999999,247841860,0.07,-0.22910282015800476,0.0021677319891750813,-0.2747804522514343,0.029960142448544502,0.3435227572917938,1.915173888206482,0.11042153090238571,0.8042076230049133,-0.1312682330608368,0.5690569877624512
951.8653029999999,247845868,0.07,-0.2291131615638733,0.0025742966681718826,-0.274856299161911,0.029789850115776062,0.347688227891922,1.9124526977539062,0.11171017587184906,0.8031318187713623,-0.13284559547901154,0.5699580311775208
951.8712919999999,247851857,0.07,-0.22911007702350616,0.0031985072419047356,-0.27495697140693665,0.02936425618827343,0.35418573021888733,1.9081562757492065,0.11366775631904602,0.801439642906189,-0.135341078042984,0.5713640451431274
951.8752939999999,247855859,0.07,-0.22909510135650635,0.0036270935088396072,-0.27501624822616577,0.028990721330046654,0.35858240723609924,1.9051445722579956,0.11497112363576889,0.8002639412879944,-0.1370428502559662,0.5723447799682617
951.879293,247859859,0.07,-0.22906941175460815,0.004064579028636217,-0.2750694453716278,0.028555631637573242,0.36291009187698364,1.9020024538040161,0.11624426394701004,0.7990552186965942,-0.13872267305850983,0.5733708143234253
951.8812909999999,247861856,0.07,-0.22905270755290985,0.004286519251763821,-0.2750941514968872,0.028313618153333664,0.3650372624397278,1.9003859758377075,0.11686572432518005,0.7984403967857361,-0.1395505964756012,0.5738998055458069
951.8852939999999,247865859,0.07,-0.22901146113872528,0.004738823510706425,-0.2751407027244568,0.02779891900718212,0.3692082464694977,1.8970932960510254,0.11808080226182938,0.7971986532211304,-0.14117509126663208,0.5749789476394653
951.889293,247869859,0.07,-0.22896021604537964,0.0052011930383741856,-0.2751842141151428,0.027241583913564682,0.3732452392578125,1.8937442302703857,0.11924991756677628,0.7959495782852173,-0.14275063574314117,0.5760780572891235
951.8912899999999,247871855,0.07,-0.22893422842025757,0.0054326364770531654,-0.2752057611942291,0.02695925533771515,0.3752693235874176,1.8920748233795166,0.1198362335562706,0.7953248023986816,-0.1435404121875763,0.5766228437423706
951.8952899999999,247875855,0.07,-0.22887182235717773,0.005916358437389135,-0.2752475440502167,0.02627154067158699,0.37885570526123047,1.8887742757797241,0.12082874774932861,0.7941275238990784,-0.1449706256389618,0.5777069926261902
951.899293,247879859,0.07,-0.22880743443965912,0.006408476736396551,-0.2752889394760132,0.02556454762816429,0.38223040103912354,1.8856518268585205,0.1217445656657219,0.7929967641830444,-0.14632953703403473,0.5787245631217957
951.901295,247881861,0.07,-0.22877462208271027,0.006659308914095163,-0.275309294462204,0.02518904209136963,0.38377416133880615,1.8841652870178223,0.12214861065149307,0.7924647927284241,-0.14696167409420013,0.579207718372345
951.9052969999999,247885862,0.07,-0.22870753705501556,0.007169504649937153,-0.27534982562065125,0.024373143911361694,0.3866063952445984,1.8813626766204834,0.12284773588180542,0.7914732694625854,-0.14815197885036469,0.5801116228103638
951.9092919999999,247889857,0.07,-0.22863873839378357,0.00769002502784133,-0.27538982033729553,0.023466646671295166,0.3891303241252899,1.8787813186645508,0.12340903282165527,0.7905746698379517,-0.1492578536272049,0.580933690071106
951.911299,247891865,0.07,-0.22860348224639893,0.007955560460686684,-0.2754097282886505,0.022975988686084747,0.39029037952423096,1.877571940422058,0.1236405074596405,0.7901590466499329,-0.14978569746017456,0.581313967704773
951.915303,247895869,0.07,-0.2285318374633789,0.008492781780660152,-0.27544865012168884,0.021903449669480324,0.39238837361335754,1.8753012418746948,0.12399408221244812,0.7893937826156616,-0.15078823268413544,0.5820187926292419
951.91931,247899876,0.07,-0.22845801711082458,0.00903912354260683,-0.2754858732223511,0.020718542858958244,0.39428266882896423,1.873214602470398,0.12423280626535416,0.7887047529220581,-0.15175342559814453,0.5826507806777954
951.925293,247905859,0.07,-0.22834254801273346,0.009867558255791664,-0.27553778886795044,0.018756574019789696,0.3969151973724365,1.8702621459960938,0.12444804608821869,0.7877501249313354,-0.15318241715431213,0.5835217237472534
951.931296,247911862,0.07,-0.2282145470380783,0.010716832242906094,-0.2755796015262604,0.016488904133439064,0.3992488980293274,1.867546558380127,0.12444235384464264,0.7869068384170532,-0.15459661185741425,0.5842872858047485
951.939303,247919869,0.07,-0.22803345322608948,0.011868679895997047,-0.27561643719673157,0.013434553518891335,0.4020079970359802,1.8640682697296143,0.12431523948907852,0.7858532667160034,-0.15636064112186432,0.58526211977005
951.945296,247925862,0.07,-0.22789056599140167,0.012746959924697876,-0.2756255865097046,0.011314710602164268,0.4038611948490143,1.8616552352905273,0.1242128238081932,0.785126268863678,-0.15756061673164368,0.5859373211860657
951.951295,247931861,0.07,-0.2277376502752304,0.013634517788887024,-0.2756178379058838,0.009278868325054646,0.4056464433670044,1.8594026565551758,0.12411390990018845,0.7844458222389221,-0.15871915221214294,0.586556613445282
951.9572919999999,247937857,0.07,-0.22757486999034882,0.014524310827255249,-0.2755926549434662,0.007268721703439951,0.40744221210479736,1.8573408126831055,0.12401572614908218,0.7838181853294373,-0.15988601744174957,0.5870993137359619
951.961296,247941862,0.07,-0.22745761275291443,0.015117243863642216,-0.27555885910987854,0.005898767616599798,0.40865612030029297,1.856231689453125,0.12392360717058182,0.783477783203125,-0.1606956124305725,0.5873519778251648
951.965299,247945865,0.07,-0.22733689844608307,0.01570843532681465,-0.27551767230033875,0.004495246335864067,0.4098208248615265,1.8551709651947021,0.12380096316337585,0.7831575870513916,-0.16149872541427612,0.5875846147537231
951.969292,247949858,0.07,-0.2272127866744995,0.016295114532113075,-0.2754671573638916,0.0030320854857563972,0.4108971357345581,1.8542604446411133,0.1236177533864975,0.7828922271728516,-0.16229398548603058,0.5877576470375061
951.9732889999999,247953854,0.07,-0.22708749771118164,0.01687788777053356,-0.2754068672657013,0.0014721059706062078,0.4118475317955017,1.8535288572311401,0.12334585189819336,0.7826955914497375,-0.1630793958902359,0.5878592729568481
951.975294,247955860,0.07,-0.22702479362487793,0.017168454825878143,-0.27537301182746887,0.0006396972457878292,0.4122801125049591,1.8532260656356812,0.12317192554473877,0.7826224565505981,-0.16347472369670868,0.5878832936286926
951.979293,247959859,0.07,-0.22690047323703766,0.017744489014148712,-0.2752990126609802,-0.001128472271375358,0.4130762219429016,1.8527655601501465,0.12275182455778122,0.7825306057929993,-0.16427764296531677,0.5878696441650391
951.983289,247963855,0.07,-0.22677724063396454,0.01831546053290367,-0.2752174139022827,-0.0030394443310797215,0.4137621819972992,1.8524943590164185,0.12222819030284882,0.7825118899345398,-0.16509099304676056,0.5877758264541626
951.985294,247965860,0.07,-0.2267157882452011,0.018600216135382652,-0.27517399191856384,-0.0040415991097688675,0.4140571653842926,1.8524436950683594,0.12192704528570175,0.7825340628623962,-0.16549775004386902,0.5876944065093994
951.989292,247969858,0.07,-0.22659415006637573,0.01916452869772911,-0.2750829756259918,-0.006110765039920807,0.4145570397377014,1.8525335788726807,0.1212570071220398,0.782645583152771,-0.16630655527114868,0.5874561667442322
951.993289,247973855,0.07,-0.2264728993177414,0.0197270717471838,-0.27499014139175415,-0.008181947283446789,0.41504669189453125,1.852649450302124,0.12058085948228836,0.7827650308609009,-0.16711319983005524,0.5872072577476501
951.995293,247975859,0.07,-0.22641344368457794,0.020002754405140877,-0.2749370038509369,-0.00922952126711607,0.415303498506546,1.8532381057739258,0.1201971173286438,0.7829800248146057,-0.1675565093755722,0.5868728756904602
951.999291,247979890,0.07,-0.22629424929618835,0.02055494114756584,-0.2748344838619232,-0.01124116126447916,0.4158705174922943,1.8541535139083862,0.11949930340051651,0.7833231687545776,-0.16842304170131683,0.5863091945648193
952.0012929999999,247981891,0.07,-0.22623492777347565,0.020829660817980766,-0.274781733751297,-0.012214149348437786,0.41617196798324585,1.854740023612976,0.11915735900402069,0.7835286855697632,-0.16886106133460999,0.5859780311584473
952.0052959999999,247985894,0.07,-0.22611702978610992,0.02137562818825245,-0.27467355132102966,-0.014064529910683632,0.41683730483055115,1.8561609983444214,0.11850746721029282,0.7840009331703186,-0.169747456908226,0.5852215886116028
952.009291,247989890,0.07,-0.22600030899047852,0.02191612496972084,-0.2745617628097534,-0.01578447036445141,0.41757941246032715,1.8578298091888428,0.11790891736745834,0.7845306992530823,-0.17063932120800018,0.5843725800514221
952.0112899999999,247991888,0.07,-0.22594226896762848,0.022185007110238075,-0.274504154920578,-0.016579201444983482,0.4179864227771759,1.8587497472763062,0.11763795465230942,0.7848132848739624,-0.17108489573001862,0.5839172601699829
952.0152909999999,247995889,0.07,-0.22582678496837616,0.0227210596203804,-0.274384468793869,-0.018017984926700592,0.4189068377017975,1.8606857061386108,0.11717694997787476,0.7853882312774658,-0.17197857797145844,0.5829735994338989
952.01929,247999889,0.07,-0.22571247816085815,0.023255085572600365,-0.2742590010166168,-0.019228322431445122,0.42002546787261963,1.8626919984817505,0.11685604602098465,0.7859530448913574,-0.17288661003112793,0.5820074677467346
952.0212909999999,248001889,0.07,-0.22565625607967377,0.02352161519229412,-0.27419397234916687,-0.01976933516561985,0.42063653469085693,1.8636919260025024,0.11673559993505478,0.7862260937690735,-0.17334182560443878,0.5815272927284241
952.0252889999999,248005887,0.07,-0.22554446756839752,0.024053851142525673,-0.2740631103515625,-0.020865904167294502,0.4218459725379944,1.8656907081604004,0.11648411303758621,0.7867727279663086,-0.1742510199546814,0.5805658102035522
952.027296,248007895,0.07,-0.22549349069595337,0.024316206574440002,-0.27398771047592163,-0.021257156506180763,0.42251017689704895,1.866710901260376,0.11643508076667786,0.78703773021698,-0.17468442022800446,0.5800861120223999
952.031292,248011891,0.07,-0.22538882493972778,0.024839788675308228,-0.27384066581726074,-0.022200236096978188,0.4238106310367584,1.86873459815979,0.11626589298248291,0.7875733375549316,-0.17558559775352478,0.5791201591491699
952.0352889999999,248015887,0.07,-0.22528499364852905,0.025359956547617912,-0.2736870348453522,-0.023121735081076622,0.4251718521118164,1.8707770109176636,0.11611954867839813,0.7881069183349609,-0.17650514841079712,0.578143298625946
952.037294,248017893,0.07,-0.22523333132266998,0.025618307292461395,-0.2736056447029114,-0.023553887382149696,0.4259035289287567,1.8718665838241577,0.11606580764055252,0.78838711977005,-0.17698056995868683,0.5776264667510986
952.041293,248021892,0.07,-0.22512948513031006,0.026131292805075645,-0.2734402120113373,-0.02442198619246483,0.42731767892837524,1.8740789890289307,0.11593813449144363,0.7889602780342102,-0.17791490256786346,0.576581597328186
952.0452899999999,248025888,0.07,-0.22502408921718597,0.02663826383650303,-0.2732676565647125,-0.025303656235337257,0.42869606614112854,1.876446008682251,0.11577901244163513,0.7895799875259399,-0.1788477599620819,0.5754755735397339
952.047292,248027891,0.07,-0.22497084736824036,0.02688986249268055,-0.2731793224811554,-0.02576182782649994,0.42941340804100037,1.8776737451553345,0.11569603532552719,0.7899006605148315,-0.1793326884508133,0.5749009847640991
952.051292,248031891,0.07,-0.2248649299144745,0.02738788165152073,-0.27299898862838745,-0.026731573045253754,0.43082958459854126,1.8802013397216797,0.1154954731464386,0.7905659079551697,-0.18031445145606995,0.5737186074256897
952.05529,248035889,0.07,-0.2247598022222519,0.02788023091852665,-0.27281346917152405,-0.027775760740041733,0.43219470977783203,1.882806658744812,0.1152414083480835,0.7912600040435791,-0.18130145967006683,0.572500467300415
952.0592889999999,248039887,0.07,-0.22465530037879944,0.028367431834340096,-0.2726221978664398,-0.028920523822307587,0.4335005581378937,1.8854410648345947,0.11492545902729034,0.7919710874557495,-0.18229492008686066,0.5712639689445496
952.061294,248041893,0.07,-0.22460375726222992,0.02860335446894169,-0.27251824736595154,-0.029669005423784256,0.43414628505706787,1.8867872953414917,0.1146920844912529,0.792344868183136,-0.18284042179584503,0.5706178545951843
952.065292,248045891,0.07,-0.22450129687786102,0.02907531149685383,-0.27231231331825256,-0.031148388981819153,0.4354267716407776,1.8894201517105103,0.11423265188932419,0.7930735945701599,-0.18391777575016022,0.569350004196167
952.069303,248049902,0.07,-0.22440119087696075,0.02954287827014923,-0.27209991216659546,-0.032744958996772766,0.43676862120628357,1.8920538425445557,0.11374163627624512,0.7938019633293152,-0.18505148589611053,0.5680644512176514
952.075292,248055891,0.07,-0.2242598831653595,0.03023119643330574,-0.271769255399704,-0.03543349727988243,0.4390760064125061,1.896152377128601,0.11295375227928162,0.7949241995811462,-0.18695750832557678,0.5660246014595032
952.079298,248059897,0.07,-0.22416827082633972,0.030683238059282303,-0.27153846621513367,-0.03748319298028946,0.4409310519695282,1.8989651203155518,0.11240505427122116,0.7956798672676086,-0.18842868506908417,0.5645824074745178
952.0854079999999,248066006,0.07,-0.22402916848659515,0.031360823661088943,-0.2711741328239441,-0.04097748175263405,0.444210946559906,1.903313398361206,0.11153696477413177,0.7968258261680603,-0.19095413386821747,0.5622851252555847
952.091411,248072010,0.07,-0.22389009594917297,0.03201848268508911,-0.2708091735839844,-0.044694654643535614,0.4474976360797882,1.9075337648391724,0.11058413237333298,0.7979402542114258,-0.193532794713974,0.5600067377090454
952.0974199999999,248078019,0.07,-0.22374555468559265,0.03266853839159012,-0.27043870091438293,-0.048667289316654205,0.45052483677864075,1.9118441343307495,0.10943686217069626,0.79910808801651,-0.19607947766780853,0.5576760768890381
952.103401,248084000,0.07,-0.22360137104988098,0.0333218090236187,-0.2700752317905426,-0.05243120342493057,0.4534078538417816,1.9160759449005127,0.10833006352186203,0.800247073173523,-0.1985005885362625,0.5553978085517883
952.109293,248089892,0.07,-0.22345881164073944,0.03396913781762123,-0.26971960067749023,-0.05590471252799034,0.4560132920742035,1.9202358722686768,0.10725917667150497,0.8013666868209839,-0.20072157680988312,0.5531887412071228
952.113296,248093895,0.07,-0.22335724532604218,0.03440609574317932,-0.26947489380836487,-0.05805344134569168,0.45768502354621887,1.9230183362960815,0.106588214635849,0.8021083474159241,-0.2021278291940689,0.5517295598983765
952.11928,248099879,0.07,-0.2231941670179367,0.03505248203873634,-0.26910722255706787,-0.06106668710708618,0.46013689041137695,1.9270503520965576,0.10565812140703201,0.8031700253486633,-0.20414592325687408,0.5496169328689575
952.12325,248103849,0.07,-0.22308173775672913,0.035476844757795334,-0.2688637673854828,-0.06299737095832825,0.4617275893688202,1.929618239402771,0.10506538301706314,0.8038409948348999,-0.20544376969337463,0.5482643246650696
952.127301,248107900,0.07,-0.22296598553657532,0.03590695559978485,-0.26861393451690674,-0.06489594280719757,0.46328553557395935,1.9322115182876587,0.10447070747613907,0.8045175671577454,-0.20671936869621277,0.546904444694519
952.133293,248113892,0.07,-0.22278976440429688,0.03652997687458992,-0.2682396471500397,-0.06729619950056076,0.46527817845344543,1.9359009265899658,0.10367817431688309,0.8054791688919067,-0.20836001634597778,0.545013964176178
952.141299,248121898,0.07,-0.22255158424377441,0.03734118491411209,-0.26773974299430847,-0.07021544128656387,0.46772679686546326,1.9404652118682861,0.1027056947350502,0.8066609501838684,-0.2103651911020279,0.5426749587059021
952.147297,248127896,0.07,-0.22237250208854675,0.037930335849523544,-0.2673600912094116,-0.07202475517988205,0.4694483280181885,1.943640112876892,0.10211873054504395,0.8074657320976257,-0.21170464158058167,0.5410655736923218
952.153296,248133895,0.07,-0.22219368815422058,0.038502126932144165,-0.2669781446456909,-0.07353345304727554,0.47118011116981506,1.9465283155441284,0.10168272256851196,0.8081735372543335,-0.21295061707496643,0.5396000146865845
952.161299,248141898,0.07,-0.22195608913898468,0.03924548253417015,-0.2664681077003479,-0.07505601644515991,0.47363409399986267,1.949879765510559,0.10138769447803497,0.8089411854743958,-0.21451100707054138,0.5378844738006592
952.167332,248147931,0.07,-0.2217736542224884,0.03979625180363655,-0.266079306602478,-0.07564692944288254,0.4755786955356598,1.9520623683929443,0.10145067423582077,0.8093883991241455,-0.2155575454235077,0.5367802977561951
952.175297,248155896,0.07,-0.22152769565582275,0.04051743820309639,-0.2655600607395172,-0.07604587078094482,0.4782271385192871,1.9547061920166016,0.10173295438289642,0.8098856806755066,-0.2168576419353485,0.5354515314102173
952.1833479999999,248163946,0.07,-0.2212701141834259,0.041225921362638474,-0.2650190591812134,-0.07504114508628845,0.48088333010673523,1.9566733837127686,0.10265641659498215,0.8101264238357544,-0.21775184571743011,0.5345475077629089
952.191296,248171895,0.07,-0.22101090848445892,0.04191941022872925,-0.2644897997379303,-0.07388275116682053,0.4834977686405182,1.9588834047317505,0.10360204428434372,0.8104243278503418,-0.2186027318239212,0.5335652232170105
952.1972959999999,248177894,0.07,-0.22080405056476593,0.0424378328025341,-0.264094740152359,-0.07249636203050613,0.4855074882507324,1.960848093032837,0.10449931770563126,0.8106957674026489,-0.21914002299308777,0.5327568650245667
952.20332,248183919,0.07,-0.2205897867679596,0.04295392706990242,-0.26370081305503845,-0.07103320211172104,0.4873741567134857,1.9629470109939575,0.10537254810333252,0.8110091090202332,-0.21960854530334473,0.5319144129753113
952.209293,248189907,0.07,-0.22037334740161896,0.043459828943014145,-0.2633129060268402,-0.06961134076118469,0.48899728059768677,1.9650295972824097,0.10616317391395569,0.8113397359848022,-0.21999147534370422,0.5310941934585571
952.215299,248195913,0.07,-0.22015613317489624,0.04396241903305054,-0.2629258930683136,-0.06838911026716232,0.49034738540649414,1.966903805732727,0.10682045668363571,0.811648428440094,-0.22030846774578094,0.5303587913513184
952.2213109999999,248201924,0.07,-0.21994136273860931,0.04445943608880043,-0.26254111528396606,-0.06741055846214294,0.4914764165878296,1.9684821367263794,0.10735063254833221,0.8119104504585266,-0.22058674693107605,0.5297345519065857
952.229298,248209912,0.07,-0.21966446936130524,0.04511046037077904,-0.2620363235473633,-0.06646600365638733,0.49283790588378906,1.9701170921325684,0.10792329907417297,0.8121665716171265,-0.22097137570381165,0.529064953327179
952.237311,248217925,0.07,-0.21939672529697418,0.04575473442673683,-0.26153671741485596,-0.06565295159816742,0.49423909187316895,1.971609354019165,0.10846833884716034,0.8123869299888611,-0.22139997780323029,0.5284355878829956
952.245313,248225927,0.07,-0.21915149688720703,0.0463872104883194,-0.2610490918159485,-0.0651194304227829,0.49558860063552856,1.9729951620101929,0.10889686644077301,0.8125978708267212,-0.22187666594982147,0.5278227925300598
952.2512999999999,248231913,0.07,-0.21897606551647186,0.04685644060373306,-0.2606903612613678,-0.06484627723693848,0.4965816140174866,1.9740211963653564,0.10916249454021454,0.8127606511116028,-0.22225967049598694,0.5273559093475342
952.259298,248239912,0.07,-0.21874964237213135,0.0474759005010128,-0.2602193057537079,-0.06464377790689468,0.49774983525276184,1.975367546081543,0.10941063612699509,0.8129945993423462,-0.22274957597255707,0.526736855506897
952.2653039999999,248245917,0.07,-0.21858809888362885,0.04793272167444229,-0.2598758935928345,-0.06465226411819458,0.4985329508781433,1.976389765739441,0.1095045953989029,0.8131904006004333,-0.22312268614768982,0.5262569785118103
952.273295,248253909,0.07,-0.2183750569820404,0.04853792116045952,-0.25942444801330566,-0.06475091725587845,0.4995419681072235,1.9778190851211548,0.10957690328359604,0.8134763240814209,-0.2236328125,0.525583028793335
952.2792979999999,248259911,0.07,-0.21821816265583038,0.048986975103616714,-0.25909459590911865,-0.06503105908632278,0.5002159476280212,1.9788849353790283,0.10952520370483398,0.8137078285217285,-0.22403597831726074,0.5250634551048279
952.2852959999999,248265909,0.07,-0.2180636078119278,0.04943268001079559,-0.25876834988594055,-0.0654609352350235,0.5008053779602051,1.9800118207931519,0.10938256233930588,0.813971221446991,-0.22444768249988556,0.5245088338851929
952.2913,248271914,0.07,-0.21791039407253265,0.04987509548664093,-0.2584453821182251,-0.0660947784781456,0.5016106367111206,1.9811207056045532,0.10921651870012283,0.8142200708389282,-0.2249985933303833,0.5239208340644836
952.297299,248277913,0.07,-0.21775935590267181,0.050315454602241516,-0.2581312656402588,-0.06709457188844681,0.5022101402282715,1.9823287725448608,0.10883444547653198,0.8145338892936707,-0.22556760907173157,0.5232674479484558
952.3032959999999,248283909,0.07,-0.21760931611061096,0.05075656622648239,-0.2578243911266327,-0.0682324692606926,0.5028060078620911,1.9835819005966187,0.10838939249515533,0.8148667216300964,-0.22617314755916595,0.5225797891616821
952.3092939999999,248289907,0.07,-0.21746064722537994,0.051201917231082916,-0.2575279176235199,-0.06952215731143951,0.5034234523773193,1.9848815202713013,0.10788227617740631,0.8152171969413757,-0.22682888805866241,0.5218534469604492
952.315295,248295909,0.07,-0.2173110842704773,0.051660142838954926,-0.25724321603775024,-0.07080384343862534,0.5040200352668762,1.9862250089645386,0.10736707597970963,0.8155797123908997,-0.22747576236724854,0.5211111307144165
952.321302,248301916,0.07,-0.21716062724590302,0.0521416962146759,-0.2569701373577118,-0.07181736081838608,0.5043845772743225,1.9876192808151245,0.10689254850149155,0.8159624338150024,-0.2279612421989441,0.5203969478607178
952.329296,248309910,0.07,-0.21696333587169647,0.05281383916735649,-0.2566193640232086,-0.07277812063694,0.5049366354942322,1.9897000789642334,0.10641065984964371,0.8165020942687988,-0.22854454815387726,0.5193924307823181
952.335302,248315916,0.07,-0.2168172001838684,0.05333086475729942,-0.2563648819923401,-0.07340484112501144,0.5055209994316101,1.9913218021392822,0.1061253547668457,0.8169006109237671,-0.2290290892124176,0.5186101198196411
952.3412989999999,248321912,0.07,-0.21667909622192383,0.05384567379951477,-0.25609272718429565,-0.07447937875986099,0.5074328780174255,1.9932197332382202,0.1059785708785057,0.8172669410705566,-0.23017951846122742,0.5175525546073914
952.3472959999999,248327909,0.07,-0.21655157208442688,0.054338615387678146,-0.2557888329029083,-0.07647792994976044,0.5110710859298706,1.994997501373291,0.10592564195394516,0.8174837827682495,-0.2322583794593811,0.5162906646728516
952.353292,248333906,0.07,-0.21642464399337769,0.054815832525491714,-0.2554856538772583,-0.07928068190813065,0.5156696438789368,1.9962828159332275,0.10585376620292664,0.8175203800201416,-0.23490409553050995,0.5150489807128906
952.3572909999999,248337904,0.07,-0.21634207665920258,0.05512762814760208,-0.25528502464294434,-0.08134406805038452,0.5187962055206299,1.9969689846038818,0.10576096922159195,0.8175032138824463,-0.23673196136951447,0.5142578482627869
952.3612989999999,248341912,0.07,-0.21626633405685425,0.05543077364563942,-0.25508683919906616,-0.08368945866823196,0.5220803618431091,1.9974706172943115,0.10561583191156387,0.8174365758895874,-0.23868457973003387,0.5134903788566589
952.367304,248347918,0.07,-0.21615460515022278,0.055879972875118256,-0.2547933757305145,-0.0871729925274849,0.5271223187446594,1.9982813596725464,0.10543470829725266,0.8173353672027588,-0.24165110290050507,0.5122998356819153
952.3712949999999,248351908,0.07,-0.21608082950115204,0.056174907833337784,-0.2546005845069885,-0.08949851989746094,0.5305533409118652,1.99882972240448,0.10532931983470917,0.8172610998153687,-0.24365586042404175,0.5114898681640625
952.375292,248355906,0.07,-0.21600644290447235,0.056468233466148376,-0.25440913438796997,-0.09185232222080231,0.5340105891227722,1.999373197555542,0.10521918535232544,0.8171826601028442,-0.24567635357379913,0.5106707215309143
952.379295,248359909,0.07,-0.21592994034290314,0.056760866194963455,-0.254218727350235,-0.0942378044128418,0.5374656915664673,1.999922275543213,0.10509409755468369,0.817105770111084,-0.24770250916481018,0.5098400712013245
952.3852939999999,248365907,0.07,-0.21580901741981506,0.05719690024852753,-0.2539321482181549,-0.0980396717786789,0.5426842570304871,2.000713586807251,0.10482726246118546,0.8169869184494019,-0.2508077621459961,0.5085657238960266
952.391297,248371911,0.07,-0.2156807780265808,0.05762877315282822,-0.253639817237854,-0.10214588046073914,0.5480257272720337,2.001338481903076,0.10448835045099258,0.816825270652771,-0.2540262043476105,0.5072961449623108
952.395308,248375922,0.07,-0.21558824181556702,0.05791409686207771,-0.25344568490982056,-0.10523613542318344,0.55171799659729,2.0014989376068115,0.10418542474508286,0.8166555166244507,-0.2562975585460663,0.5064886212348938
952.403299,248383913,0.07,-0.21539893746376038,0.05847659707069397,-0.2530547082424164,-0.11166118830442429,0.5592631697654724,2.0014750957489014,0.1035679504275322,0.816219687461853,-0.2609405219554901,0.5049446821212769
952.4092929999999,248389906,0.07,-0.215252086520195,0.05889372155070305,-0.25276288390159607,-0.1166858971118927,0.565218985080719,2.0011439323425293,0.10314275324344635,0.8157896399497986,-0.2645697295665741,0.503836989402771
952.415296,248395912,0.07,-0.21509994566440582,0.05931419879198074,-0.2524741590023041,-0.12163718789815903,0.5713717937469482,2.000654458999634,0.10282378643751144,0.815291702747345,-0.2682439982891083,0.5027642250061035
952.421306,248401922,0.07,-0.21494142711162567,0.05974513292312622,-0.2521887719631195,-0.12631088495254517,0.5775279998779297,2.000143527984619,0.10262507200241089,0.8147697448730469,-0.271841824054718,0.5017174482345581
952.4273,248407916,0.07,-0.21477554738521576,0.060191087424755096,-0.2519088387489319,-0.13055939972400665,0.583362877368927,1.9996641874313354,0.10251283645629883,0.8142634034156799,-0.27520036697387695,0.5007304549217224
952.4332979999999,248413913,0.07,-0.21460053324699402,0.06065671890974045,-0.25163739919662476,-0.1344006359577179,0.5888301730155945,1.999243140220642,0.10246316343545914,0.8137856721878052,-0.27830836176872253,0.49979865550994873
952.439301,248419917,0.07,-0.21441833674907684,0.061140261590480804,-0.2513745427131653,-0.13780838251113892,0.5938228964805603,1.9989287853240967,0.10245069861412048,0.8133590817451477,-0.28112056851387024,0.4989209473133087
952.4473009999999,248427916,0.07,-0.21416863799095154,0.061801727861166,-0.2510368525981903,-0.1416664868593216,0.5997228026390076,1.9988309144973755,0.10246793180704117,0.8129110932350159,-0.28441014885902405,0.4977818727493286
952.4532989999999,248433914,0.07,-0.21397748589515686,0.06230343133211136,-0.250791072845459,-0.14417609572410583,0.6036933064460754,1.9990381002426147,0.10247649252414703,0.8126707673072815,-0.28661301732063293,0.4969082176685333
952.459296,248439912,0.07,-0.2137853354215622,0.06280424445867538,-0.25054827332496643,-0.14656127989292145,0.6074579358100891,1.9993699789047241,0.1024627611041069,0.8124749660491943,-0.28870752453804016,0.4960179030895233
952.465298,248445914,0.07,-0.21359184384346008,0.06330127269029617,-0.25031012296676636,-0.14873641729354858,0.6110270023345947,2.0000102519989014,0.10243721306324005,0.8123637437820435,-0.29068636894226074,0.4950486719608307
952.4712969999999,248451912,0.07,-0.21340005099773407,0.06379415094852448,-0.2500733435153961,-0.15092173218727112,0.6144644021987915,2.0006487369537354,0.10237181186676025,0.8122648000717163,-0.2926136553287506,0.49408823251724243
952.4772909999999,248457906,0.07,-0.21321091055870056,0.06427274644374847,-0.24982531368732452,-0.1536525934934616,0.6185542941093445,2.001126766204834,0.10228138417005539,0.8120818138122559,-0.2949219346046448,0.4930341839790344
952.4813019999999,248461917,0.07,-0.21308541297912598,0.06458726525306702,-0.24965569376945496,-0.1557323932647705,0.621557891368866,2.0013208389282227,0.10220780223608017,0.8119110465049744,-0.29662540555000305,0.49230825901031494
952.4872939999999,248467909,0.07,-0.2128998190164566,0.06504734605550766,-0.2494010031223297,-0.15922261774539948,0.6263164281845093,2.001418352127075,0.10204338282346725,0.8115965127944946,-0.29935795068740845,0.49120569229125977
952.4912909999999,248471906,0.07,-0.21277721226215363,0.065347820520401,-0.24922968447208405,-0.1617773175239563,0.6295899152755737,2.0013821125030518,0.1018839031457901,0.8113610148429871,-0.30126750469207764,0.4904598295688629
952.4972919999999,248477907,0.07,-0.2125958949327469,0.06579229980707169,-0.24897700548171997,-0.16600078344345093,0.6346014142036438,2.001161575317383,0.10153917968273163,0.8109736442565918,-0.30425459146499634,0.4893268048763275
952.5012929999999,248481908,0.07,-0.2124759554862976,0.06608789414167404,-0.2488100826740265,-0.1687404364347458,0.6378682255744934,2.001035451889038,0.10131828486919403,0.8107231259346008,-0.30619630217552185,0.48857590556144714
952.507292,248487908,0.07,-0.212296262383461,0.06653623282909393,-0.2485632449388504,-0.17271888256072998,0.6426708102226257,2.000903606414795,0.10100654512643814,0.8103633522987366,-0.3090371787548065,0.4874473214149475
952.511298,248491914,0.07,-0.21217533946037292,0.06684195250272751,-0.2484019547700882,-0.1751471906900406,0.6457557082176208,2.000882625579834,0.10084869712591171,0.8101400136947632,-0.3108314871788025,0.486709862947464
952.517293,248497909,0.07,-0.2119908332824707,0.06730780005455017,-0.2481650710105896,-0.17851042747497559,0.6502166390419006,2.000944137573242,0.10066695511341095,0.809829831123352,-0.3133910596370697,0.4856211245059967
952.523293,248503909,0.07,-0.21180085837841034,0.0677819475531578,-0.24793346226215363,-0.18163999915122986,0.6545714139938354,2.001110792160034,0.1005355641245842,0.8095428347587585,-0.3158537745475769,0.4845300316810608
952.5292949999999,248509910,0.07,-0.21160118281841278,0.06827337294816971,-0.24771375954151154,-0.1843825876712799,0.6588147878646851,2.0014898777008057,0.10049763321876526,0.8092979192733765,-0.31818634271621704,0.48341965675354004
952.5352939999999,248515909,0.07,-0.21139691770076752,0.06877849251031876,-0.24750922620296478,-0.18669600784778595,0.6627843379974365,2.0020885467529297,0.10052487254142761,0.8091127276420593,-0.3203166723251343,0.4823158085346222
952.54134,248521956,0.07,-0.21118754148483276,0.06929922103881836,-0.24730965495109558,-0.18848128616809845,0.6662693023681641,2.0031492710113525,0.10056135058403015,0.8090646266937256,-0.32215243577957153,0.4811648726463318
952.5492959999999,248529911,0.07,-0.21091575920581818,0.06999431550502777,-0.24705961346626282,-0.19027335941791534,0.6699897050857544,2.0048747062683105,0.10054848343133926,0.8091471195220947,-0.3241126537322998,0.47971025109291077
952.555299,248535915,0.07,-0.210709810256958,0.07051987200975418,-0.2468721568584442,-0.19145414233207703,0.6726118922233582,2.0062341690063477,0.10054760426282883,0.8092332482337952,-0.32548055052757263,0.47863778471946716
952.5612759999999,248541891,0.07,-0.21050229668617249,0.07104142755270004,-0.24668236076831818,-0.1925884634256363,0.6752269864082336,2.00750732421875,0.10057607293128967,0.8092952966690063,-0.32682934403419495,0.4776066839694977
952.567295,248547911,0.07,-0.21029388904571533,0.07156164944171906,-0.2464865893125534,-0.19376254081726074,0.6779875755310059,2.008657217025757,0.10064572840929031,0.8093114495277405,-0.3282369077205658,0.47659832239151
952.571298,248551914,0.07,-0.21015633642673492,0.07190494239330292,-0.24635475873947144,-0.19456416368484497,0.6798887252807617,2.0093724727630615,0.10070829838514328,0.8093028664588928,-0.3292001783847809,0.475934773683548
952.5772949999999,248557910,0.07,-0.20995314419269562,0.07241202145814896,-0.24615493416786194,-0.19588522613048553,0.6829260587692261,2.0102698802948,0.10083126276731491,0.8092312216758728,-0.330735445022583,0.4749652147293091
952.583308,248563924,0.07,-0.20975154638290405,0.07291629910469055,-0.24595463275909424,-0.19717642664909363,0.6860528588294983,2.0110995769500732,0.10100005567073822,0.8091297745704651,-0.3322935402393341,0.47401371598243713
952.589301,248569917,0.07,-0.2095530480146408,0.07341863960027695,-0.2457556128501892,-0.19833096861839294,0.6892027258872986,2.0118720531463623,0.10123871266841888,0.8090032339096069,-0.3338240683078766,0.47310248017311096
952.59533,248575946,0.07,-0.209355428814888,0.07392870634794235,-0.24555601179599762,-0.19927042722702026,0.6924060583114624,2.0126421451568604,0.10157786309719086,0.8088570833206177,-0.33532318472862244,0.47221866250038147
952.603303,248583919,0.07,-0.20909515023231506,0.07461127638816833,-0.24529296159744263,-0.20024839043617249,0.6967560052871704,2.0136730670928955,0.10215962678194046,0.8086366057395935,-0.3372863531112671,0.4710712432861328
952.6112969999999,248591912,0.07,-0.20883622765541077,0.07529617846012115,-0.24502955377101898,-0.2011319398880005,0.7009955644607544,2.0146164894104004,0.10276322066783905,0.8084000945091248,-0.33917874097824097,0.4699859321117401
952.6172939999999,248597909,0.07,-0.20864465832710266,0.07580336183309555,-0.24483025074005127,-0.20200487971305847,0.7040141820907593,2.0151238441467285,0.10312134772539139,0.8082034587860107,-0.3405740261077881,0.4692360460758209
952.621443,248602059,0.07,-0.20851346850395203,0.07615052908658981,-0.2446901798248291,-0.20275165140628815,0.7060287594795227,2.01536226272583,0.10331074148416519,0.8080563545227051,-0.3415379524230957,0.4687468409538269
952.629458,248610056,0.07,-0.20826312899589539,0.07680708914995193,-0.24441176652908325,-0.20452408492565155,0.7102349400520325,2.0156962871551514,0.10364767909049988,0.807719886302948,-0.3435901403427124,0.4677515923976898
952.6354359999999,248616033,0.07,-0.20807881653308868,0.0772828683257103,-0.24419699609279633,-0.20606186985969543,0.7140474915504456,2.015982151031494,0.10398353636264801,0.8074051141738892,-0.34543105959892273,0.46686381101608276
952.643432,248624030,0.07,-0.20783719420433044,0.07789097726345062,-0.24390193819999695,-0.20866133272647858,0.7200308442115784,2.016439914703369,0.10443336516618729,0.8069187998771667,-0.3483596444129944,0.46542587876319885
952.6494349999999,248630032,0.07,-0.2076599895954132,0.07833416759967804,-0.2436787486076355,-0.21091167628765106,0.7246154546737671,2.01662278175354,0.10470286011695862,0.8065173029899597,-0.3506510555744171,0.46433934569358826
952.655415,248636013,0.07,-0.20748616755008698,0.07877039909362793,-0.2434568554162979,-0.21326524019241333,0.7292395830154419,2.0166513919830322,0.10496854782104492,0.8060778379440308,-0.352969765663147,0.463284432888031
952.6614539999999,248642051,0.07,-0.20731456577777863,0.07920771092176437,-0.24323585629463196,-0.21560324728488922,0.7340195775032043,2.016468048095703,0.10531982034444809,0.805566668510437,-0.3553294539451599,0.46228888630867004
952.6674409999999,248648038,0.07,-0.20714624226093292,0.07964112609624863,-0.24301916360855103,-0.21781648695468903,0.7388415932655334,2.0163402557373047,0.10572359710931778,0.8050538897514343,-0.3576752245426178,0.461279958486557
952.6733419999999,248653939,0.07,-0.2069823145866394,0.08006873726844788,-0.24280813336372375,-0.2198246717453003,0.7437435388565063,2.016230821609497,0.10622847080230713,0.8045217394828796,-0.36000117659568787,0.4602818787097931
952.6794249999999,248660022,0.07,-0.20681536197662354,0.08050958067178726,-0.2425931990146637,-0.22169461846351624,0.7488281726837158,2.016176700592041,0.10682790726423264,0.8039688467979431,-0.36236390471458435,0.45925402641296387
952.683404,248664002,0.07,-0.20670738816261292,0.08079598844051361,-0.24245403707027435,-0.22286036610603333,0.752036988735199,2.0161662101745605,0.10720790922641754,0.8036229014396667,-0.363850861787796,0.45859479904174805
952.6894179999999,248670015,0.07,-0.20654571056365967,0.0812249705195427,-0.242245614528656,-0.22459396719932556,0.7566691637039185,2.0161337852478027,0.10773959010839462,0.8031198978424072,-0.3660053014755249,0.4576359987258911
952.69335,248673948,0.07,-0.20644116401672363,0.08150240033864975,-0.24211086332798004,-0.22570167481899261,0.7594062685966492,2.0159528255462646,0.10805018991231918,0.8027889728546143,-0.3672870695590973,0.4571162462234497
952.699364,248679962,0.07,-0.20628297328948975,0.08192292600870132,-0.24190694093704224,-0.22725531458854675,0.7636363506317139,2.015822649002075,0.10856688767671585,0.802301287651062,-0.36923742294311523,0.4562780559062958
952.7053599999999,248685957,0.07,-0.20612691342830658,0.08233817666769028,-0.2417057603597641,-0.2286733239889145,0.7676218748092651,2.015671730041504,0.10907787084579468,0.8018307685852051,-0.3710603713989258,0.45550376176834106
952.7113889999999,248691986,0.07,-0.20597200095653534,0.0827503576874733,-0.24150608479976654,-0.2298988252878189,0.7713255882263184,2.0155651569366455,0.1095837876200676,0.8013944029808044,-0.37273305654525757,0.45478394627571106
952.719331,248699929,0.07,-0.205770805478096,0.08328568935394287,-0.24124674499034882,-0.2312752902507782,0.7756726741790771,2.015463352203369,0.11019856482744217,0.8008818030357361,-0.3746807873249054,0.4539371132850647
952.725296,248705894,0.07,-0.2056208699941635,0.0836842954158783,-0.24105362594127655,-0.23217366635799408,0.7786612510681152,2.0154049396514893,0.11063841730356216,0.8005279898643494,-0.37600794434547424,0.4533565044403076
952.733299,248713897,0.07,-0.20542439818382263,0.08420663326978683,-0.24080057442188263,-0.2328786849975586,0.7812234163284302,2.0153210163116455,0.11104809492826462,0.8002123832702637,-0.3771280348300934,0.45288288593292236
952.7412939999999,248721891,0.07,-0.2052304893732071,0.08472219854593277,-0.24055081605911255,-0.23337465524673462,0.783456563949585,2.015316963195801,0.11143961548805237,0.799945592880249,-0.3780805766582489,0.4524635970592499
952.747296,248727894,0.07,-0.20508696138858795,0.08510380983352661,-0.24036593735218048,-0.23350447416305542,0.7849630117416382,2.0153815746307373,0.11177289485931396,0.7997689843177795,-0.3786802291870117,0.452192097902298
952.753304,248733902,0.07,-0.20494449138641357,0.08548196405172348,-0.24018311500549316,-0.23333871364593506,0.7861843705177307,2.0155510902404785,0.11212916672229767,0.7996367812156677,-0.37911152839660645,0.4519762396812439
952.7593929999999,248739990,0.07,-0.20480118691921234,0.08586395531892776,-0.23999974131584167,-0.23289573192596436,0.7870985865592957,2.0157899856567383,0.11250195652246475,0.7995449900627136,-0.3793686330318451,0.45183026790618896
952.7673,248747898,0.07,-0.20461785793304443,0.08635492622852325,-0.2397657185792923,-0.23187419772148132,0.7874987721443176,2.016058921813965,0.11296479403972626,0.7994951009750366,-0.3793034851551056,0.45185771584510803
952.773294,248753892,0.07,-0.20447859168052673,0.08672213554382324,-0.23959054052829742,-0.23094162344932556,0.787440299987793,2.0162198543548584,0.1132916733622551,0.7994864583015442,-0.3790798485279083,0.45197880268096924
952.7792959999999,248759893,0.07,-0.20433743298053741,0.08708561956882477,-0.23941724002361298,-0.2298055738210678,0.7870000600814819,2.016396999359131,0.1135963425040245,0.7995204925537109,-0.3786674737930298,0.45218774676322937
952.783293,248763891,0.07,-0.20423991978168488,0.08732663094997406,-0.23930299282073975,-0.22889456152915955,0.7864770293235779,2.0165512561798096,0.11379366368055344,0.7995731234550476,-0.3782733678817749,0.4523749351501465
952.7892919999999,248769889,0.07,-0.20408819615840912,0.08768778294324875,-0.2391331046819687,-0.22735102474689484,0.785369873046875,2.0168113708496094,0.11407031863927841,0.7996911406517029,-0.37752199172973633,0.4527241587638855
952.793295,248773893,0.07,-0.2039816677570343,0.08792981505393982,-0.23902249336242676,-0.22591523826122284,0.7837693095207214,2.0170741081237793,0.11417391151189804,0.7998813390731812,-0.376608669757843,0.4531225562095642
952.7992969999999,248779894,0.07,-0.203818216919899,0.08829569816589355,-0.23885944485664368,-0.2239391952753067,0.7817651033401489,2.017428159713745,0.11437083780765533,0.8001146912574768,-0.3754250109195709,0.453642874956131
952.805297,248785895,0.07,-0.20365120470523834,0.08866439014673233,-0.2386980801820755,-0.22181452810764313,0.7794451713562012,2.017832040786743,0.11453568190336227,0.8003923296928406,-0.37408995628356934,0.45421403646469116
952.8132959999999,248793893,0.07,-0.20341475307941437,0.08916142582893372,-0.2384878247976303,-0.21874187886714935,0.775439441204071,2.018368721008301,0.11461374163627625,0.8008683323860168,-0.37190747261047363,0.4551466107368469
952.819296,248799894,0.07,-0.20323501527309418,0.08953050523996353,-0.23833180963993073,-0.21656575798988342,0.7722766399383545,2.0186386108398438,0.1146051436662674,0.801222562789917,-0.3702295422554016,0.4558927118778229
952.825292,248805890,0.07,-0.20305487513542175,0.08989696204662323,-0.2381771355867386,-0.21448330581188202,0.7690158486366272,2.0188469886779785,0.11454562097787857,0.801580011844635,-0.3685300052165985,0.45665574073791504
952.829294,248809892,0.07,-0.20293475687503815,0.09013661742210388,-0.23807598650455475,-0.21328793466091156,0.766577422618866,2.018874168395996,0.11438019573688507,0.8018378615379333,-0.3673328757286072,0.45720866322517395
952.835296,248815870,0.07,-0.20275582373142242,0.09049510955810547,-0.23792490363121033,-0.21151280403137207,0.7629326581954956,2.018954038619995,0.11412142217159271,0.8022317290306091,-0.36554640531539917,0.45801347494125366
952.843302,248823876,0.07,-0.20252086222171783,0.09096552431583405,-0.23772837221622467,-0.20948779582977295,0.7577009201049805,2.018970012664795,0.11355886608362198,0.8028014898300171,-0.363092303276062,0.45910578966140747
952.849296,248829870,0.07,-0.2023472636938095,0.09131310880184174,-0.2375849336385727,-0.2081793248653412,0.7535465955734253,2.018948554992676,0.11299843341112137,0.8032604455947876,-0.3612074553966522,0.45992735028266907
952.8572929999999,248837866,0.07,-0.20211826264858246,0.09177159518003464,-0.23739826679229736,-0.20657534897327423,0.7478129863739014,2.018955945968628,0.1121373176574707,0.8039098381996155,-0.35865065455436707,0.4610031545162201
952.863298,248843872,0.07,-0.2019498199224472,0.09210886061191559,-0.2372659593820572,-0.20557889342308044,0.7435556054115295,2.019148349761963,0.1113865002989769,0.8044429421424866,-0.35680463910102844,0.46168720722198486
952.869295,248849869,0.07,-0.20178282260894775,0.09244320541620255,-0.2371348738670349,-0.2047387808561325,0.7393956184387207,2.019397020339966,0.11058862507343292,0.8049827814102173,-0.35503268241882324,0.46230360865592957
952.8752939999999,248855867,0.07,-0.20161813497543335,0.09277302771806717,-0.2370063066482544,-0.20426948368549347,0.7351952195167542,2.0197956562042236,0.10960473865270615,0.805580198764801,-0.35333704948425293,0.4627961218357086
952.8813,248861874,0.07,-0.20145490765571594,0.09310279786586761,-0.2368800789117813,-0.20391809940338135,0.7309465408325195,2.0202763080596924,0.1085466518998146,0.806206226348877,-0.3516524136066437,0.46323826909065247
952.889294,248869868,0.07,-0.2012409269809723,0.09355099499225616,-0.23671786487102509,-0.2035546749830246,0.7253009676933289,2.0210936069488525,0.1070685014128685,0.8070803880691528,-0.3494439423084259,0.463731050491333
952.8933139999999,248873887,0.07,-0.20113442838191986,0.0937834307551384,-0.23663806915283203,-0.20339137315750122,0.7224243879318237,2.021528720855713,0.10630372911691666,0.8075292706489563,-0.34832310676574707,0.46396878361701965
952.901295,248881869,0.07,-0.20092473924160004,0.09425609558820724,-0.2364811897277832,-0.2030561864376068,0.7167214155197144,2.022397756576538,0.10479201376438141,0.8084158301353455,-0.34609541296958923,0.4644356369972229
952.9092989999999,248889872,0.07,-0.20071648061275482,0.09474648535251617,-0.23632657527923584,-0.20275835692882538,0.7110999226570129,2.023137331008911,0.10331017524003983,0.8092586994171143,-0.3438968062400818,0.4649325907230377
952.9173059999999,248897879,0.07,-0.20050784945487976,0.09524839371442795,-0.23617428541183472,-0.20251668989658356,0.7057319283485413,2.0236902236938477,0.1019049733877182,0.8100250363349915,-0.34179577231407166,0.4654572308063507
952.925297,248905871,0.07,-0.2002992331981659,0.09575732052326202,-0.23602402210235596,-0.20228096842765808,0.7005728483200073,2.0241408348083496,0.1005701869726181,0.810737669467926,-0.3397684395313263,0.4659908711910248
952.9333059999999,248913879,0.07,-0.20008985698223114,0.09628532081842422,-0.2358771711587906,-0.20176079869270325,0.6959312558174133,2.024385929107666,0.09952166676521301,0.8113219738006592,-0.3378620743751526,0.4665847420692444
952.939301,248919875,0.07,-0.19993242621421814,0.09668618440628052,-0.23576833307743073,-0.20119339227676392,0.6926674842834473,2.02459454536438,0.09886027872562408,0.8117291331291199,-0.33647483587265015,0.4670194089412689
952.9472979999999,248927871,0.07,-0.1997222900390625,0.09722603112459183,-0.23562517762184143,-0.20015357434749603,0.6885536909103394,2.0248911380767822,0.09815318137407303,0.8122320175170898,-0.3346502482891083,0.4676049053668976
952.9532979999999,248933871,0.07,-0.19956515729427338,0.0976327434182167,-0.23551928997039795,-0.1991126984357834,0.6854918599128723,2.025167226791382,0.0977264940738678,0.8126046657562256,-0.33323097229003906,0.46806010603904724
952.959297,248939871,0.07,-0.19940964877605438,0.09803732484579086,-0.23541469871997833,-0.19797877967357635,0.6824648976325989,2.025433301925659,0.09734898805618286,0.8129652738571167,-0.3318015933036804,0.4685278832912445
952.965297,248945871,0.07,-0.19925591349601746,0.09843741357326508,-0.23531122505664825,-0.1968400925397873,0.6795621514320374,2.0256688594818115,0.09701154381036758,0.8133029341697693,-0.33041658997535706,0.46899035573005676
952.969301,248949875,0.07,-0.19915436208248138,0.09870170056819916,-0.23524264991283417,-0.1961231529712677,0.6777114868164062,2.0257952213287354,0.0967969223856926,0.8135125637054443,-0.3295338451862335,0.46929216384887695
952.975293,248955867,0.07,-0.1990039199590683,0.09909322112798691,-0.23514078557491302,-0.19506950676441193,0.6750876903533936,2.025963544845581,0.09650984406471252,0.8138046860694885,-0.3282721936702728,0.46972882747650146
952.979295,248959869,0.07,-0.19890443980693817,0.09935209155082703,-0.2350727766752243,-0.19441018998622894,0.6734100580215454,2.0260367393493652,0.09632620960474014,0.813983678817749,-0.3274666666984558,0.47001853585243225
952.985294,248965868,0.07,-0.19875682890415192,0.0997348353266716,-0.2349703162908554,-0.1935170590877533,0.6710159778594971,2.0260846614837646,0.09605419635772705,0.8142274618148804,-0.3263249099254608,0.4704458713531494
952.989296,248969870,0.07,-0.19865910708904266,0.09998653084039688,-0.2349015474319458,-0.1929977685213089,0.669447124004364,2.0260815620422363,0.0958547294139862,0.8143818378448486,-0.3255901634693146,0.4707282781600952
952.9952969999999,248975870,0.07,-0.1985146403312683,0.10035363584756851,-0.23479624092578888,-0.1924522966146469,0.66729336977005,2.0259761810302734,0.0955292209982872,0.8145774006843567,-0.32461556792259216,0.47112902998924255
953.0012939999999,248981867,0.07,-0.1983715444803238,0.10071584582328796,-0.23468995094299316,-0.19198063015937805,0.6651910543441772,2.0258419513702393,0.09519167244434357,0.8147631287574768,-0.32367658615112305,0.47152209281921387
953.007309,248987883,0.07,-0.19823019206523895,0.10107285529375076,-0.23458418250083923,-0.19169430434703827,0.663216233253479,2.0256762504577637,0.09481704980134964,0.8149349689483643,-0.3228292465209961,0.47188135981559753
953.0133079999999,248993881,0.07,-0.19809018075466156,0.101425401866436,-0.2344796061515808,-0.19151751697063446,0.6612525582313538,2.0254924297332764,0.0944034531712532,0.815105676651001,-0.32201093435287476,0.47222837805747986
953.021316,249001890,0.07,-0.19790521264076233,0.10188959538936615,-0.23434197902679443,-0.19142864644527435,0.6586059927940369,2.025249719619751,0.09378399699926376,0.8153427839279175,-0.3209431767463684,0.47266918420791626
953.027302,249007876,0.07,-0.1977686882019043,0.10223212093114853,-0.2342405468225479,-0.1914069801568985,0.6565813422203064,2.0250473022460938,0.09329358488321304,0.8155214786529541,-0.3201361894607544,0.47300514578819275
953.033293,249013867,0.07,-0.19763365387916565,0.10257137566804886,-0.23414026200771332,-0.19137433171272278,0.6545140743255615,2.0248587131500244,0.09279405325651169,0.815706729888916,-0.31931033730506897,0.4733421206474304
953.0392949999999,249019868,0.07,-0.19749999046325684,0.10290715843439102,-0.2340409904718399,-0.1913285255432129,0.6524947881698608,2.0246708393096924,0.09231209754943848,0.8158853054046631,-0.31849992275238037,0.4736744463443756
953.0473,249027860,0.07,-0.1973242163658142,0.10334893316030502,-0.2339104562997818,-0.1912105679512024,0.650003969669342,2.024415969848633,0.09174603223800659,0.8160960674285889,-0.3174843490123749,0.4741028845310211
953.0532979999999,249033857,0.07,-0.19719386100769043,0.10367707908153534,-0.23381401598453522,-0.19110798835754395,0.6483435034751892,2.024218797683716,0.09138257056474686,0.8162283301353455,-0.31680014729499817,0.4744029939174652
953.0592969999999,249039856,0.07,-0.197064608335495,0.10400408506393433,-0.23371872305870056,-0.19096949696540833,0.6467929482460022,2.0239930152893066,0.09106700122356415,0.8163394927978516,-0.31614911556243896,0.47470661997795105
953.065294,249045854,0.07,-0.19693683087825775,0.1043304055929184,-0.2336246222257614,-0.19081129133701324,0.6452597975730896,2.0237720012664795,0.0907631441950798,0.816448450088501,-0.31550025939941406,0.4750089943408966
953.071295,249051855,0.07,-0.1968103051185608,0.10465636104345322,-0.23353147506713867,-0.19062870740890503,0.6437615156173706,2.0235633850097656,0.09047630429267883,0.8165549635887146,-0.3148597180843353,0.47530555725097656
953.0772989999999,249057858,0.07,-0.19668497145175934,0.10498462617397308,-0.2334396094083786,-0.19036772847175598,0.6422207355499268,2.0234339237213135,0.09019769728183746,0.8166809678077698,-0.31418725848197937,0.4755869209766388
953.083298,249063858,0.07,-0.19655969738960266,0.10531709343194962,-0.23334883153438568,-0.18998561799526215,0.6405702829360962,2.0233771800994873,0.08992816507816315,0.8168303966522217,-0.3134460151195526,0.47587040066719055
953.089291,249069851,0.07,-0.196434885263443,0.10565424710512161,-0.2332591414451599,-0.18948833644390106,0.6387872695922852,2.0234076976776123,0.08965714275836945,0.8170093297958374,-0.3126288950443268,0.47615182399749756
953.093298,249073858,0.07,-0.19635213911533356,0.1058826595544815,-0.23319992423057556,-0.1890852153301239,0.6375004649162292,2.0235397815704346,0.08946243673563004,0.8171624541282654,-0.31203335523605347,0.4763162434101105
953.099292,249079852,0.07,-0.1962289661169052,0.10622507333755493,-0.23311211168766022,-0.18851889669895172,0.6355111002922058,2.023817300796509,0.08912700414657593,0.8174187541007996,-0.31112900376319885,0.47653090953826904
953.1052999999999,249085860,0.07,-0.19610655307769775,0.10656697303056717,-0.23302514851093292,-0.18802674114704132,0.6333626508712769,2.0241944789886475,0.08870421350002289,0.8177187442779541,-0.31018364429473877,0.4767114222049713
953.109292,249089852,0.07,-0.196025550365448,0.10679284483194351,-0.23296794295310974,-0.18773852288722992,0.6318305134773254,2.0244922637939453,0.08837278932332993,0.8179419040679932,-0.3095252811908722,0.47681793570518494
953.115292,249095852,0.07,-0.1959044188261032,0.10713087767362595,-0.23288282752037048,-0.1873447299003601,0.6294170618057251,2.02498197555542,0.0878232941031456,0.8183004260063171,-0.30850285291671753,0.4769669771194458
953.119293,249099853,0.07,-0.1958240568637848,0.10735577344894409,-0.23282663524150848,-0.18708869814872742,0.627770185470581,2.0253140926361084,0.08744373917579651,0.8185446262359619,-0.3078076243400574,0.47706687450408936
953.1252929999999,249105853,0.07,-0.1957044154405594,0.10769284516572952,-0.23274317383766174,-0.18671122193336487,0.6252644658088684,2.025784730911255,0.08686700463294983,0.8189076781272888,-0.30675047636032104,0.4772300124168396
953.129292,249109852,0.07,-0.19562549889087677,0.1079178974032402,-0.23268812894821167,-0.18638601899147034,0.6235619187355042,2.0261006355285645,0.08650417625904083,0.8191498517990112,-0.30601513385772705,0.4773523509502411
953.1352929999999,249115852,0.07,-0.19550715386867523,0.10825666040182114,-0.2326062023639679,-0.18585169315338135,0.620944619178772,2.026576042175293,0.0859624445438385,0.8195175528526306,-0.3048752248287201,0.47754842042922974
953.1392989999999,249119858,0.07,-0.19542893767356873,0.10848445445299149,-0.23255234956741333,-0.18535447120666504,0.6190852522850037,2.026895761489868,0.08562891185283661,0.8197687864303589,-0.304036021232605,0.47771215438842773
953.1452909999999,249125850,0.07,-0.19531258940696716,0.10882526636123657,-0.23247236013412476,-0.1845734715461731,0.616230845451355,2.027360200881958,0.08512868732213974,0.8201466202735901,-0.3027413785457611,0.4779752194881439
953.149291,249129851,0.07,-0.19523566961288452,0.10905260592699051,-0.23241949081420898,-0.18398988246917725,0.6142627596855164,2.0276641845703125,0.08480510115623474,0.8204007148742676,-0.30183660984039307,0.4781688451766968
953.153297,249133857,0.07,-0.19515901803970337,0.10927955061197281,-0.23236696422100067,-0.18334178626537323,0.6122357249259949,2.027956008911133,0.08449465036392212,0.8206548094749451,-0.3008919954299927,0.47838303446769714
953.1592959999999,249139855,0.07,-0.1950443685054779,0.10961661487817764,-0.232289120554924,-0.18230082094669342,0.6090925335884094,2.0283432006835938,0.08403844386339188,0.8210307359695435,-0.2994147539138794,0.47874513268470764
953.163291,249143851,0.07,-0.19496876001358032,0.1098388209939003,-0.2322377860546112,-0.1815773993730545,0.6069030165672302,2.0285885334014893,0.08372396975755692,0.821286141872406,-0.29838433861732483,0.4790053963661194
953.169362,249149922,0.07,-0.19485484063625336,0.1101730540394783,-0.2321605682373047,-0.18042783439159393,0.6034125685691833,2.0289812088012695,0.08322156220674515,0.8216925263404846,-0.296741247177124,0.47941651940345764
953.177344,249157904,0.07,-0.19470681250095367,0.11060628294944763,-0.2320604771375656,-0.17874495685100555,0.5984782576560974,2.0295517444610596,0.08253418654203415,0.8222656846046448,-0.29440242052078247,0.4799942374229431
953.18531,249165870,0.07,-0.19456003606319427,0.11103400588035583,-0.231962189078331,-0.17674724757671356,0.5930209159851074,2.030266523361206,0.08181971311569214,0.822910726070404,-0.2917824685573578,0.48061051964759827
953.193314,249173874,0.07,-0.19441357254981995,0.11146268993616104,-0.2318650186061859,-0.17434997856616974,0.5870819687843323,2.0310821533203125,0.08113133907318115,0.8236086368560791,-0.28887438774108887,0.48128801584243774
953.2013089999999,249181868,0.07,-0.19426938891410828,0.11188581585884094,-0.2317693829536438,-0.17183136940002441,0.5810642242431641,2.031864881515503,0.08047996461391449,0.8242976069450378,-0.28589922189712524,0.4819938540458679
953.209304,249189864,0.07,-0.19412651658058167,0.1123010665178299,-0.23167584836483002,-0.16911166906356812,0.574755847454071,2.032484531402588,0.0798616036772728,0.8249636888504028,-0.28274762630462646,0.48281553387641907
953.2153,249195860,0.07,-0.19402004778385162,0.11260853707790375,-0.2316068708896637,-0.16702531278133392,0.5698891878128052,2.032952070236206,0.079382985830307,0.8254722952842712,-0.28031495213508606,0.4834432303905487
953.223298,249203858,0.07,-0.19387978315353394,0.11301344633102417,-0.2315165400505066,-0.16407595574855804,0.5630695223808289,2.0336384773254395,0.07872125506401062,0.8261868953704834,-0.2768954932689667,0.48430055379867554
953.2313049999999,249211864,0.07,-0.19373878836631775,0.11341781169176102,-0.23142960667610168,-0.16072270274162292,0.5553928017616272,2.03434681892395,0.07800277322530746,0.8269678950309753,-0.27302810549736023,0.4852786362171173
953.2393119999999,249219871,0.07,-0.1935923546552658,0.11382696032524109,-0.23134417831897736,-0.1569477617740631,0.5468281507492065,2.035093307495117,0.07722561806440353,0.8278189897537231,-0.26869410276412964,0.48636963963508606
953.247301,249227861,0.07,-0.19344231486320496,0.11423081159591675,-0.2312602996826172,-0.15294930338859558,0.5375291109085083,2.0357277393341064,0.07636876404285431,0.8286940455436707,-0.26399511098861694,0.48758646845817566
953.2552969999999,249235852,0.07,-0.19329234957695007,0.11462894082069397,-0.23117761313915253,-0.14885282516479492,0.5276623964309692,2.036261558532715,0.0754220262169838,0.8295822739601135,-0.2590276598930359,0.48888593912124634
953.261317,249241873,0.07,-0.1931779980659485,0.11492376774549484,-0.231116384267807,-0.1455453336238861,0.5196499228477478,2.036597728729248,0.07466074824333191,0.8302713632583618,-0.254986047744751,0.48995649814605713
953.269312,249249868,0.07,-0.1930214911699295,0.11531106382608414,-0.2310360074043274,-0.14089816808700562,0.5087376832962036,2.0368854999542236,0.07370827347040176,0.8311494588851929,-0.24942825734615326,0.49147048592567444
953.2752989999999,249255854,0.07,-0.19290174543857574,0.11559639871120453,-0.23097659647464752,-0.1371098756790161,0.5004076957702637,2.036926507949829,0.07310562580823898,0.8317564129829407,-0.245110422372818,0.49270448088645935
953.285298,249265854,0.07,-0.19270488619804382,0.11606462299823761,-0.23087559640407562,-0.13064813613891602,0.4865594208240509,2.0367605686187744,0.07220291346311569,0.8326815366744995,-0.2378654181957245,0.4948214292526245
953.291296,249271852,0.07,-0.1925879567861557,0.11633992195129395,-0.23081520199775696,-0.12673576176166534,0.4783075451850891,2.0365025997161865,0.0717104896903038,0.8331788778305054,-0.23351679742336273,0.4961254298686981
953.2992949999999,249279850,0.07,-0.1924351304769516,0.11669877916574478,-0.23073624074459076,-0.12127064913511276,0.4673926830291748,2.0358076095581055,0.07122055441141129,0.8337241411209106,-0.2276683747768402,0.4979947805404663
953.309303,249289859,0.07,-0.19224609434604645,0.11714112013578415,-0.23063896596431732,-0.11423031240701675,0.4535464346408844,2.034810781478882,0.07065398246049881,0.8343592286109924,-0.22019928693771362,0.5003647804260254
953.319297,249299853,0.07,-0.1920628398656845,0.11756537854671478,-0.23054350912570953,-0.10721341520547867,0.43966859579086304,2.0336434841156006,0.07008370012044907,0.8349277973175049,-0.21269643306732178,0.5027365684509277
953.329436,249309992,0.07,-0.1918928176164627,0.11797035485506058,-0.23045611381530762,-0.10031518340110779,0.4264892041683197,2.0326459407806396,0.06962373852729797,0.835462212562561,-0.20549744367599487,0.504902184009552
953.335434,249315990,0.07,-0.19178727269172668,0.11821037530899048,-0.23041579127311707,-0.09588656574487686,0.4176510274410248,2.031883478164673,0.06923995912075043,0.8357900381088257,-0.20070646703243256,0.506337583065033
953.3434669999999,249324022,0.07,-0.1916123926639557,0.11854038387537003,-0.23037739098072052,-0.0893225446343422,0.4034513235092163,2.0304296016693115,0.0684099867939949,0.8362541794776917,-0.19312582910060883,0.5086270570755005
953.3513869999999,249331942,0.07,-0.19142462313175201,0.11886221170425415,-0.2303384691476822,-0.08302692323923111,0.38884374499320984,2.0288474559783936,0.06736433506011963,0.8366940021514893,-0.1854233741760254,0.5109044313430786
953.359329,249339885,0.07,-0.19122280180454254,0.11917555332183838,-0.23029783368110657,-0.07747716456651688,0.3739032745361328,2.02689266204834,0.06594230979681015,0.8370540738105774,-0.17774567008018494,0.5132237076759338
953.36537,249345926,0.07,-0.19106562435626984,0.11940481513738632,-0.23026101291179657,-0.07386794686317444,0.3626898229122162,2.0252175331115723,0.06465127319097519,0.8372657299041748,-0.1721106320619583,0.5149604678153992
953.3733189999999,249353874,0.07,-0.1908615380525589,0.11969634145498276,-0.23020359873771667,-0.06989946216344833,0.3486364781856537,2.0229310989379883,0.06280377507209778,0.8374708294868469,-0.16517724096775055,0.5171216130256653
954.023376,250003937,1.0,-0.17907875776290894,0.14218410849571228,-0.22487962245941162,-0.01405548956245184,0.1771249771118164,1.929383635520935,0.04463100805878639,0.8189862370491028,-0.07667802274227142,0.5669127702713013
954.0313,250011861,1.0,-0.17897936701774597,0.14227233827114105,-0.22487320005893707,-0.014184437692165375,0.17726227641105652,1.9292123317718506,0.04462376609444618,0.8189358711242676,-0.07676692306995392,0.5669740438461304
954.039305,250019866,1.0,-0.1788821816444397,0.1423557698726654,-0.2248658686876297,-0.01440150011330843,0.1774163842201233,1.9290481805801392,0.0445849634706974,0.8188889026641846,-0.0768878385424614,0.5670285820960999
954.047297,250027858,1.0,-0.17874303460121155,0.14247208833694458,-0.22495056688785553,-0.013931136578321457,0.17165856063365936,-0.00295911799184978,0.08573202788829803,-0.0008769658743403852,-0.0068130334839224815,0.9962945580482483
954.0533019999999,250033862,1.0,-0.17866122722625732,0.14253990352153778,-0.22498059272766113,-0.014166402630507946,0.17196808755397797,-0.0030693805310875177,0.08588670939207077,-0.0009206952527165413,-0.006925173569470644,0.9962804317474365
954.0593339999999,250039894,1.0,-0.17858101427555084,0.14260636270046234,-0.22501437366008759,-0.014423955231904984,0.17236576974391937,-0.003179820254445076,0.08608531206846237,-0.0009631936554796994,-0.007048289757221937,0.9962623715400696
954.065357,250045918,1.0,0.020900864154100418,-0.015402003191411495,0.025277987122535706,-0.014698704704642296,0.17277993261814117,-0.0032687371131032705,0.0862920731306076,-0.0009941145544871688,-0.007180855143815279,0.9962435364723206
954.0713059999999,250051866,1.0,0.08074305206537247,-0.06282446533441544,0.10034195333719254,-0.015007342211902142,0.17325422167778015,-0.003310411237180233,0.08652862161397934,-0.0009997501038014889,-0.007332250941544771,0.9962218999862671
954.0773009999999,250057861,1.0,0.14058244228363037,-0.1102466806769371,0.17540539801120758,-0.015351727604866028,0.1737852394580841,-0.0033450929913669825,0.0867934301495552,-0.0010000569745898247,-0.007501673419028521,0.9961975812911987
954.0832949999999,250063855,1.0,0.005558728706091642,-0.0033036931417882442,0.005909877363592386,-0.015704626217484474,0.17438402771949768,-0.003413303755223751,0.08709211647510529,-0.0010163316037505865,-0.0076737781055271626,0.996170163154602
954.0913079999999,250071852,1.0,0.010185380466282368,-0.006930594332516193,0.011629432439804077,-0.016168003901839256,0.17526482045650482,-0.0034938445314764977,0.08753137290477753,-0.001032655593007803,-0.0078999949619174,0.9961299300193787
954.097302,250077847,1.0,0.02161979302763939,-0.016122762113809586,0.026020098477602005,-0.016450250521302223,0.17591339349746704,-0.003637974848970771,0.08785511553287506,-0.0010893804719671607,-0.008033443242311478,0.9961002469062805
954.10532,250085865,1.0,0.02169041335582733,-0.01605120860040188,0.025977933779358864,-0.016825836151838303,0.17673693597316742,-0.0038477766793221235,0.08826634287834167,-0.0011738530592992902,-0.008210192434489727,0.9960623979568481
954.111314,250091859,1.0,0.0007371656829491258,0.0005552604561671615,-0.0003583046200219542,-0.017058761790394783,0.1772419512271881,-0.004033373668789864,0.08851875364780426,-0.0012538159498944879,-0.008317308500409126,0.9960389733314514
954.119299,250099844,1.0,0.00037736352533102036,0.0007691408973187208,-0.0008094563381746411,-0.017351096495985985,0.177882120013237,-0.004304378293454647,0.08883889764547348,-0.0013730158098042011,-0.008449969813227654,0.9960092306137085
954.12536,250105905,1.0,0.0007672576466575265,0.00028252898482605815,-0.0002216266730101779,-0.01746203564107418,0.178203746676445,-0.00453151622787118,0.08900010585784912,-0.0014797728508710861,-0.00849464163184166,0.9959942698478699
954.1333099999999,250113854,1.0,0.000637866323813796,0.0003034328983630985,-0.0003491325187496841,-0.017557349056005478,0.17861983180046082,-0.004823185503482819,0.08920862525701523,-0.0016189180314540863,-0.008528465405106544,0.995975136756897
954.139296,250119841,1.0,0.00044021205394528806,0.00030555162811651826,-0.0004993866896256804,-0.017583660781383514,0.1788807362318039,-0.005050459876656532,0.08933954685926437,-0.0017297525191679597,-0.008530999533832073,0.9959632158279419
954.1433539999999,250123898,1.0,0.0007031014538370073,0.0001936545013450086,-0.00024025591847021133,-0.017588302493095398,0.1789405345916748,-0.005200162064284086,0.08936996757984161,-0.00180382514372468,-0.008526523597538471,0.9959603548049927
954.149292,250129837,1.0,0.0006377125391736627,0.0001697838306427002,-0.0002715360897127539,-0.017553141340613365,0.17915815114974976,-0.005461347289383411,0.08947940915822983,-0.0019344837637618184,-0.008496961556375027,0.9959505200386047
954.1552959999999,250135840,1.0,0.0006327803712338209,0.0001757081045070663,-0.00029711390379816294,-0.017488999292254448,0.17937657237052917,-0.005730577744543552,0.08958926051855087,-0.002070444403216243,-0.008452577516436577,0.9959408044815063
954.1633019999999,250143846,1.0,0.0005462287808768451,0.00013840285828337073,-0.000338602316332981,-0.01735107973217964,0.17964956164360046,-0.006172457709908485,0.08972689509391785,-0.0022954486776143312,-0.008363578468561172,0.9959286451339722
954.16931,250149855,1.0,0.0005667833611369133,0.0001476205070503056,-0.0003577653260435909,-0.017250923439860344,0.17974480986595154,-0.006465519778430462,0.08977542817592621,-0.002445453545078635,-0.008300365880131721,0.9959244132041931
954.1773079999999,250157852,1.0,0.00040498809539712965,7.462638313882053e-05,-0.0004271777579560876,-0.017086220905184746,0.17995615303516388,-0.006819681264460087,0.08988192677497864,-0.0026282742619514465,-0.00820201262831688,0.9959151744842529
954.183358,250163903,1.0,0.00028550371644087136,2.3576532839797437e-05,-0.0004902374348603189,-0.017012203112244606,0.18012872338294983,-0.007015346083790064,0.08996856212615967,-0.002728275256231427,-0.00815599411725998,0.9959074854850769
954.191304,250171849,1.0,0.0002291771670570597,2.406912699370878e-06,-0.0005670400569215417,-0.016943201422691345,0.18057630956172943,-0.007246397435665131,0.0901922732591629,-0.0028444710187613964,-0.00811026245355606,0.995887279510498
954.1972979999999,250177842,1.0,0.00010389410454081371,-4.333524702815339e-05,-0.0006558786262758076,-0.01690836250782013,0.18102489411830902,-0.007357926573604345,0.09041604399681091,-0.0028996143955737352,-0.008086892776191235,0.9958670139312744
954.2032959999999,250183840,1.0,7.797124271746725e-05,-6.106468936195597e-05,-0.0007182962144725025,-0.01689697429537773,0.18153586983680725,-0.007449450436979532,0.09067082405090332,-0.002943466417491436,-0.008075941354036331,0.9958438277244568
954.211293,250191838,1.0,2.8139542337157764e-05,-7.542935782112181e-05,-0.0008232822292484343,-0.01694820635020733,0.18226133286952972,-0.007469689939171076,0.09103219956159592,-0.0029480373486876488,-0.00809890404343605,0.9958106279373169
954.215293,250195838,1.0,-2.617348036437761e-05,-9.012012014864013e-05,-0.0008841970702633262,-0.01698325015604496,0.18261638283729553,-0.00748370261862874,0.09120908379554749,-0.0029518576338887215,-0.008114916272461414,0.9957942962646484
954.219307,250199852,1.0,-8.021367102628574e-05,-0.00010625484719639644,-0.0009445236064493656,-0.017024032771587372,0.1829473227262497,-0.007493066135793924,0.09137395024299622,-0.002953200601041317,-0.008134049363434315,0.9957790374755859
954.225293,250205838,1.0,-0.00020463942200876772,-0.00011879402154590935,-0.0010529394494369626,-0.017032694071531296,0.18331743776798248,-0.007578515447676182,0.09155858308076859,-0.002993715927004814,-0.008133615367114544,0.9957619905471802
954.229299,250209844,1.0,-0.0002742397191468626,-0.00011982696014456451,-0.001120217377319932,-0.01703428104519844,0.18356874585151672,-0.007623947691172361,0.09168389439582825,-0.003015153342857957,-0.008131749927997589,0.995750367641449
954.237299,250217844,1.0,-0.0004148036241531372,-0.00011738899775082245,-0.001249000197276473,-0.016866154968738556,0.18389548361301422,-0.007811225485056639,0.09184706956148148,-0.0031146712135523558,-0.008038697764277458,0.9957358241081238
954.243346,250223891,1.0,-0.0004180140676908195,-0.00010117285273736343,-0.0012987364316359162,-0.016640152782201767,0.1839754283428192,-0.00797213427722454,0.09188715368509293,-0.0032048155553638935,-0.007918599992990494,0.9957327842712402
954.249297,250229842,1.0,-0.0004744363541249186,-7.875475421315059e-05,-0.0013592472532764077,-0.016402244567871094,0.18405863642692566,-0.008171594701707363,0.09192897379398346,-0.003314695321023464,-0.007790789473801851,0.9957295656204224
954.257298,250237843,1.0,-0.0005518544930964708,-5.263426646706648e-05,-0.001435960060916841,-0.016107073053717613,0.1840396374464035,-0.00841252226382494,0.09191994369029999,-0.0034482921473681927,-0.0076328059658408165,0.9957311749458313
954.2633079999999,250243852,1.0,-0.0005974305095151067,-4.786386853083968e-05,-0.0014891655882820487,-0.015937957912683487,0.18397624790668488,-0.008583305403590202,0.09188874065876007,-0.003541355486959219,-0.007540919352322817,0.995734453201294
954.2693089999999,250249853,1.0,-0.0006219977512955666,-5.143016096553765e-05,-0.0015299887163564563,-0.015823043882846832,0.18380877375602722,-0.008723633363842964,0.09180568158626556,-0.0036171930842101574,-0.007477683946490288,0.9957423210144043
954.2752979999999,250255842,1.0,-0.0006789019680581987,-1.869083644123748e-05,-0.0015685193939134479,-0.015781136229634285,0.18376754224300385,-0.008882478810846806,0.09178566932678223,-0.003698371583595872,-0.007449634373188019,0.9957440495491028
954.281315,250261860,0.97,-0.0007493263110518456,2.835899795172736e-05,-0.001595927169546485,-0.01574920304119587,0.18369555473327637,-0.008996215648949146,0.09175019711256027,-0.0037567606195807457,-0.007428702898323536,0.9957472681999207
954.287293,250267838,0.97,-0.0007933480083011091,2.5229974198737182e-05,-0.0016255630180239677,-0.01573869213461876,0.18368399143218994,-0.009124593809247017,0.09174489229917526,-0.0038212069775909185,-0.007417610846459866,0.9957475662231445
954.291297,250271842,0.97,-0.0008297940948978066,2.667630360519979e-05,-0.0016412968980148435,-0.015773121267557144,0.1836952567100525,-0.009237450547516346,0.09175098687410355,-0.0038757689762860537,-0.007429545745253563,0.9957467317581177
954.2973039999999,250277848,0.97,-0.0008853807812556624,2.5289340555900708e-05,-0.0016669913893565536,-0.01585215888917446,0.18372750282287598,-0.00939805619418621,0.09176778793334961,-0.003951970022171736,-0.007461440749466419,0.9957446455955505
954.301298,250281830,0.97,-0.0009150635451078415,1.1212663594051264e-05,-0.0016954394523054361,-0.015935344621539116,0.18378646671772003,-0.00950312428176403,0.09179770946502686,-0.004000217188149691,-0.007497875019907951,0.9957414269447327
954.3073009999999,250287832,0.97,-0.0009343541460111737,-5.2921604947187006e-05,-0.0017308646347373724,-0.01611732691526413,0.18390849232673645,-0.009627316147089005,0.09185929596424103,-0.004053179174661636,-0.007582440972328186,0.9957348704338074
954.31129,250291822,0.97,-0.000965300016105175,-7.121171802282333e-05,-0.00172200717497617,-0.01622735522687435,0.18402743339538574,-0.009723505936563015,0.09191910177469254,-0.0040955087170004845,-0.007632469292730093,0.9957287907600403
954.315291,250295823,0.97,-0.0009965122444555163,-8.984648593468592e-05,-0.001714069047011435,-0.016323896124958992,0.1841689646244049,-0.0098198801279068,0.09199013561010361,-0.004138445481657982,-0.007675705477595329,0.9957217574119568
954.317292,250297824,0.97,-0.0010122843086719513,-9.932029934134334e-05,-0.0017103910213336349,-0.016360847279429436,0.18423862755298615,-0.009868478402495384,0.09202507883310318,-0.004160641692578793,-0.007691669277846813,0.9957183003425598
954.3213039999999,250301836,1.0,-0.0010465572122484446,-0.00011533287761267275,-0.001674010301940143,-0.016456853598356247,0.18436743319034576,-0.009960218332707882,0.09208975732326508,-0.004201340489089489,-0.007734877523034811,0.9957118034362793
954.325291,250305823,1.0,-0.0010743715101853013,-0.00012816174421459436,-0.0016489247791469097,-0.016508178785443306,0.18452678620815277,-0.010075319558382034,0.09216964244842529,-0.004255589097738266,-0.007754670921713114,0.9957040548324585
954.3292899999999,250309821,1.0,-0.0011030108435079455,-0.0001413081045029685,-0.0016246186569333076,-0.016554802656173706,0.18470823764801025,-0.010201365686953068,0.09226056933403015,-0.004315402824431658,-0.007771542761474848,0.9956952333450317
954.3332929999999,250313824,1.0,-0.0011325667146593332,-0.0001551575114717707,-0.0016016500303521752,-0.01659555733203888,0.18490438163280487,-0.010329825803637505,0.09235880523920059,-0.004376618657261133,-0.007785327732563019,0.9956857562065125
954.3372959999999,250317827,1.0,-0.0011628008214756846,-0.00016966987459454685,-0.0015796651132404804,-0.016622601076960564,0.18512554466724396,-0.010476985946297646,0.09246953576803207,-0.004447664134204388,-0.007791333366185427,0.9956750869750977
954.3413009999999,250321832,0.96,-0.0011812170268967748,-0.00018946015916299075,-0.0016106320545077324,-0.01666463166475296,0.18534354865550995,-0.010638119652867317,0.09257879108190536,-0.004524981137365103,-0.007804146967828274,0.9956644773483276
954.343298,250323830,0.96,-0.0011936323717236519,-0.0001938675850396976,-0.0016098853666335344,-0.016668112948536873,0.1854652613401413,-0.010711359791457653,0.09263967722654343,-0.004560746252536774,-0.007802118547260761,0.9956586956977844
954.3472919999999,250327823,0.96,-0.0012185662053525448,-0.00020328088430687785,-0.0016092105070129037,-0.016678158193826675,0.18569836020469666,-0.010875445790588856,0.09275638312101364,-0.004640941508114338,-0.0077987974509596825,0.9956474900245667
954.3512939999999,250331825,0.96,-0.001243415754288435,-0.00021354829368647188,-0.0016095628961920738,-0.0166819766163826,0.18594223260879517,-0.011040136218070984,0.09287843853235245,-0.004721675533801317,-0.007792295888066292,0.9956357479095459
954.355289,250335821,0.96,-0.0012700576335191727,-0.0002440813696011901,-0.0016477103345096111,-0.016681822016835213,0.18618591129779816,-0.011207989417016506,0.0930003970861435,-0.004804168362170458,-0.007783649954944849,0.9956240653991699
954.3593,250339832,0.96,-0.0012939537409693003,-0.00024584849597886205,-0.0016301660798490047,-0.01665683463215828,0.1864255666732788,-0.011377430520951748,0.09312029182910919,-0.004888623021543026,-0.007762559689581394,0.995612621307373
954.3612899999999,250341821,0.96,-0.0013073342852294445,-0.000261521665379405,-0.0016493615694344044,-0.016644122079014778,0.1865575909614563,-0.011470630764961243,0.09318634867668152,-0.004935028031468391,-0.007751463912427425,0.9956063032150269
954.3653059999999,250345837,0.96,-0.0013269520131871104,-0.00027263976517133415,-0.0016673840582370758,-0.01659078523516655,0.18680351972579956,-0.011684786528348923,0.09330946207046509,-0.005043038632720709,-0.00771412393078208,0.9955945014953613
954.369293,250349825,0.96,-0.0013413031119853258,-0.00026390369748696685,-0.0016556711634621024,-0.01652338169515133,0.18707327544689178,-0.011892142705619335,0.09344436973333359,-0.0051482198759913445,-0.0076699941419065,0.9955816268920898
954.373292,250353824,0.96,-0.0013560093939304352,-0.00025574094615876675,-0.0016442581545561552,-0.016447262838482857,0.1873646378517151,-0.012111284770071507,0.09359004348516464,-0.005259587895125151,-0.00762087432667613,0.9955677390098572
954.3772899999999,250357821,0.96,-0.001371238031424582,-0.0002486102166585624,-0.0016329336212947965,-0.016374783590435982,0.18767507374286652,-0.012335624545812607,0.09374523907899857,-0.0053732977248728275,-0.007573225069791079,0.9955528974533081
954.38131,250361842,0.88,-0.0013767326017841697,-0.0002178013965021819,-0.0015922682359814644,-0.016329161822795868,0.18793824315071106,-0.012584729120135307,0.09387705475091934,-0.00549828726798296,-0.00753791444003582,0.9955400824546814
954.3852969999999,250365828,0.88,-0.0013865577057003975,-0.00020433275494724512,-0.001570509048178792,-0.016298463568091393,0.18820367753505707,-0.012826535850763321,0.09400999546051025,-0.005618935450911522,-0.0075103347189724445,0.9955270886421204
954.389291,250369823,0.88,-0.0014136889949440956,-0.00023435517505276948,-0.0016005481593310833,-0.01627463661134243,0.1884671002626419,-0.013072510249912739,0.09414197504520416,-0.005741344764828682,-0.0074859545566141605,0.9955140948295593
954.393291,250373823,0.88,-0.0014085827860981226,-0.0001830181572586298,-0.0015276330523192883,-0.016287734732031822,0.18869377672672272,-0.013329867273569107,0.09425579756498337,-0.005867839325219393,-0.007479521445930004,0.9955026507377625
954.3952959999999,250375827,0.88,-0.0014143489534035325,-0.00017885823035612702,-0.0015172185376286507,-0.01628788746893406,0.18880842626094818,-0.013460111804306507,0.0943133533000946,-0.005932160187512636,-0.0074730305932462215,0.9954968094825745
954.399293,250379825,0.88,-0.0014344659866765141,-0.0001928156998474151,-0.0015226352261379361,-0.01629744842648506,0.18904273211956024,-0.013718930073082447,0.09443097561597824,-0.006059509702026844,-0.007464694790542126,0.9954850077629089
954.405306,250385838,0.91,-0.0014694571727886796,-0.00024710583966225386,-0.0015642939833924174,-0.016332412138581276,0.1894291490316391,-0.01409914717078209,0.0946248322725296,-0.006245409604161978,-0.007462640758603811,0.9954654574394226
954.407291,250387823,0.91,-0.0014704348286613822,-0.0002464319986756891,-0.0015517176361754537,-0.01635328307747841,0.1895858347415924,-0.014219033531844616,0.09470333158969879,-0.006303403060883284,-0.007466741371899843,0.9954575896263123
954.41129,250391822,0.91,-0.0014730383409187198,-0.00024587122607044876,-0.0015271366573870182,-0.016402779147028923,0.18993419408798218,-0.0144670894369483,0.09487780183553696,-0.0064229825511574745,-0.0074782418087124825,0.9954401254653931
954.4152909999999,250395822,0.91,-0.0014765713131055236,-0.00024544596089981496,-0.0015027251793071628,-0.01646302081644535,0.19032534956932068,-0.01471867598593235,0.09507361799478531,-0.006543605588376522,-0.007494704332202673,0.995420515537262
954.41729,250397822,0.91,-0.0014787171967327595,-0.00024503527674824,-0.0014904352137818933,-0.016494926065206528,0.1905350536108017,-0.014850281178951263,0.09517858922481537,-0.006606654729694128,-0.0075034708715975285,0.9954100251197815
954.4213,250401832,0.93,-0.0014787425752729177,-0.0002399759105173871,-0.0014587093610316515,-0.016567351296544075,0.1909414529800415,-0.015105616301298141,0.09538204967975616,-0.006728467997163534,-0.007525677792727947,0.9953895211219788
954.425293,250405825,0.93,-0.0014781990321353078,-0.00023319058527704328,-0.0014281847979873419,-0.0166015662252903,0.19154319167137146,-0.015452996827661991,0.09568294882774353,-0.006897017825394869,-0.0075235869735479355,0.9953595399856567
954.42729,250407822,0.93,-0.00149257923476398,-0.0002480654220562428,-0.001439913990907371,-0.016620317474007607,0.19180434942245483,-0.015606469474732876,0.0958135649561882,-0.006971323397010565,-0.007524458225816488,0.9953464269638062
954.431293,250411825,0.93,-0.0014937531668692827,-0.00023871597659308463,-0.0014090519398450851,-0.016637157648801804,0.1924145519733429,-0.01595791056752205,0.09611861407756805,-0.007142659276723862,-0.0075133368372917175,0.9953159093856812
954.435293,250415825,0.93,-0.001481743180193007,-0.0002080200210912153,-0.0013502795482054353,-0.016612229868769646,0.19313225150108337,-0.01636514998972416,0.096477210521698,-0.00734327407553792,-0.0074781496077775955,0.9952800273895264
954.437291,250417823,0.93,-0.0014978436520323157,-0.00021964915504213423,-0.0013613001210615039,-0.016598958522081375,0.1934904158115387,-0.016565758734941483,0.09665614366531372,-0.007442123256623745,-0.007460248190909624,0.9952620267868042
954.4413049999999,250421837,0.88,-0.0015237544430419803,-0.00023608302581124008,-0.001376587781123817,-0.016534142196178436,0.1943504512310028,-0.017031531780958176,0.09708559513092041,-0.007673145271837711,-0.007401494774967432,0.9952189326286316
954.445294,250425826,0.88,-0.0015311269089579582,-0.0002182036841986701,-0.0013459449401125312,-0.016419317573308945,0.19535507261753082,-0.017547233030200005,0.09758693724870682,-0.00793080497533083,-0.0073145367205142975,0.9951685070991516
954.4492899999999,250429821,0.88,-0.0015406932216137648,-0.00019605681882239878,-0.0013130712322890759,-0.01624969393014908,0.19654536247253418,-0.01813533715903759,0.0981806218624115,-0.008226372301578522,-0.0071955956518650055,0.9951086044311523
954.451294,250431826,0.88,-0.00154638453386724,-0.0001829412067309022,-0.0012958497973158956,-0.01615094020962715,0.1972208470106125,-0.01845402829349041,0.09851743280887604,-0.008386765606701374,-0.007127446122467518,0.995074450969696
954.455292,250435824,0.88,-0.001571758883073926,-0.000169580991496332,-0.0012835025554522872,-0.01590888574719429,0.19861987233161926,-0.019118744879961014,0.09921476989984512,-0.008723212406039238,-0.006967067718505859,0.9950034022331238
954.459289,250439821,0.88,-0.0015762996627017856,-0.0001142751716542989,-0.0012216665782034397,-0.01554599404335022,0.20045605301856995,-0.019944895058870316,0.10012943297624588,-0.009144213981926441,-0.006735725328326225,0.9949095845222473
954.461293,250441825,0.88,-0.0015987333608791232,-0.00010810272942762822,-0.0012244262034073472,-0.015350761823356152,0.20141632854938507,-0.020379213616251945,0.10060764849185944,-0.009365883655846119,-0.006611625198274851,0.9948601126670837
954.465567,250446099,0.87,-0.0016315499087795615,-6.391762872226536e-05,-0.0011957831447944045,-0.014860095456242561,0.2036372572183609,-0.02139706164598465,0.10171324759721756,-0.00988746527582407,-0.006303698290139437,0.9947446584701538
954.469291,250449823,0.87,-0.0016450828406959772,8.025221177376807e-06,-0.0011340973433107138,-0.014305194839835167,0.20584776997566223,-0.022422924637794495,0.10281293839216232,-0.010416790843009949,-0.005962400697171688,0.9946283102035522
954.475294,250455826,0.87,-0.001678199740126729,0.0001301119918935001,-0.0010320395231246948,-0.013261822052299976,0.2096167653799057,-0.02442045509815216,0.10468702763319016,-0.011449010111391544,-0.005316652357578278,0.9944251179695129
954.479291,250459823,0.87,-0.0017048654844984412,0.00021797578665427864,-0.0009572779526934028,-0.012469468638300896,0.21231867372989655,-0.026103142648935318,0.10602987557649612,-0.012316903099417686,-0.004816188011318445,0.9942749738693237
954.483291,250463823,0.94,-0.0017166676698252559,0.0003616231260821223,-0.000856262631714344,-0.011579606682062149,0.21510303020477295,-0.027976475656032562,0.10741250216960907,-0.013285287655889988,-0.004254270810633898,0.9941166639328003
954.4872919999999,250467823,0.94,-0.0017630321672186255,0.00045348037383519113,-0.0008023386471904814,-0.010619199834764004,0.21791332960128784,-0.029952630400657654,0.10880652815103531,-0.014309435151517391,-0.0036490391939878464,0.9939532279968262
954.4912909999999,250471822,0.94,-0.0018009522464126348,0.0005855825147591531,-0.0007133673061616719,-0.00946369394659996,0.22078397870063782,-0.03221341222524643,0.11022813618183136,-0.015486564487218857,-0.002928070956841111,0.993781328201294
954.49529,250475822,0.94,-0.0018412199569866061,0.0007194590871222317,-0.0006185248494148254,-0.008309395983815193,0.22356431186199188,-0.034480735659599304,0.11160314828157425,-0.01666838675737381,-0.0022050999104976654,0.9936106204986572
954.497293,250477825,0.94,-0.0018630188424140215,0.0007875647279433906,-0.000567339186090976,-0.007719883695244789,0.22491443157196045,-0.0356854572892189,0.1122700646519661,-0.017295856028795242,-0.0018327442230656743,0.993525505065918
954.5012939999999,250481825,0.94,-0.0019251210615038872,0.0008955945959314704,-0.00048019413952715695,-0.006485742051154375,0.22755074501037598,-0.03818646818399429,0.11357028037309647,-0.01860044151544571,-0.0010537985945120454,0.9933552742004395
954.5053019999999,250485833,0.84,-0.0020034972112625837,0.0009984583593904972,-0.00041527615394443274,-0.005206018220633268,0.23003824055194855,-0.040863748639822006,0.11479417234659195,-0.01999671757221222,-0.0002405604172963649,0.9931879639625549
954.507293,250487825,0.84,-0.0020291602704674006,0.0010757920099422336,-0.00035762545303441584,-0.004556173924356699,0.23127204179763794,-0.04226720705628395,0.11540023982524872,-0.020728064700961113,0.00017580958956386894,0.9931027889251709
954.5112909999999,250491822,0.84,-0.002085257088765502,0.001235860981978476,-0.00023331237025558949,-0.00322918314486742,0.2337605357170105,-0.045256149023771286,0.11662061512470245,-0.022283505648374557,0.0010353646939620376,0.9929260015487671
954.5152899999999,250495880,0.84,-0.0021477248519659042,0.0014040941605344415,-9.571824921295047e-05,-0.0018860693089663982,0.2362270951271057,-0.04848949611186981,0.11782712489366531,-0.023962365463376045,0.001920509384945035,0.9927431344985962
954.51929,250499881,0.84,-0.002217572648078203,0.0015819971449673176,5.79876359552145e-05,-0.0005090413033030927,0.2387465536594391,-0.05197829753160477,0.11905631422996521,-0.025770990177989006,0.002842074492946267,0.992548942565918
954.523289,250503880,0.83,-0.002301702741533518,0.001733269076794386,0.00019694144430104643,0.0008160879369825125,0.24114617705345154,-0.05538664758205414,0.12022380530834198,-0.027537811547517776,0.0037354850210249424,0.9923577904701233
954.5252929999999,250505883,0.83,-0.002314600395038724,0.001900741714052856,0.00032970812753774226,0.001654709572903812,0.24265219271183014,-0.05761924386024475,0.12095474451780319,-0.028693968430161476,0.004307238385081291,0.9922338724136353
954.529289,250509880,0.83,-0.0024025817401707172,0.002110216533765197,0.00053203827701509,0.0032438617199659348,0.24553456902503967,-0.0618315264582634,0.12235069274902344,-0.030876675620675087,0.005394262727349997,0.9919918775558472
954.531292,250511883,0.83,-0.002451036125421524,0.002220658352598548,0.0006422773585654795,0.004073259886354208,0.24703657627105713,-0.06407701969146729,0.12307622283697128,-0.03203970938920975,0.005966678727418184,0.9918619394302368
954.5352909999999,250515881,0.83,-0.0025569333229213953,0.002451988635584712,0.0008792212465777993,0.0058281393721699715,0.2500816583633423,-0.06882429867982864,0.12454140931367874,-0.03449980914592743,0.007180457003414631,0.9915884733200073
954.5392889999999,250519879,0.83,-0.00269398745149374,0.002667445922270417,0.0011260057799518108,0.007680149283260107,0.253195196390152,-0.07394350320100784,0.12603168189525604,-0.0371517613530159,0.008473675698041916,0.9912940859794617
954.541302,250521893,0.76,-0.002766543300822377,0.0027620571199804544,0.0012434906093403697,0.008568608202040195,0.2546502351760864,-0.07656670361757278,0.126724511384964,-0.038507457822561264,0.009106537327170372,0.9911484122276306
954.5452909999999,250525881,0.76,-0.002896546386182308,0.003016522852703929,0.0015240302309393883,0.010566340759396553,0.2579124867916107,-0.08230949938297272,0.1282728761434555,-0.041479770094156265,0.010525738820433617,0.9908151626586914
954.5492899999999,250529880,0.76,-0.0030419204849749804,0.003285554237663746,0.0018294027540832758,0.012692837975919247,0.2613750994205475,-0.08852225542068481,0.12990720570087433,-0.04469470679759979,0.012052023783326149,0.9904449582099915
954.5532939999999,250533884,0.76,-0.0032200333662331104,0.0035433676093816757,0.0021480924915522337,0.014886707067489624,0.26497653126716614,-0.09503737092018127,0.13159777224063873,-0.04806537181138992,0.013644455932080746,0.9900432229042053
954.555295,250535886,0.76,-0.0033193707931786776,0.0036609137896448374,0.0023043761029839516,0.015965428203344345,0.26676809787750244,-0.09826058894395828,0.1324356347322464,-0.049733079969882965,0.014433124102652073,0.9898379445075989
954.559303,250539894,0.76,-0.003502494189888239,0.004001207649707794,0.002704764250665903,0.018648657947778702,0.27074500918388367,-0.10629194229841232,0.13427221775054932,-0.053889282047748566,0.016394704580307007,0.9893422722816467
954.5632999999999,250543890,0.76,-0.0037313171196728945,0.0042975228279829025,0.003103045281022787,0.021353131160140038,0.27457863092422485,-0.11429262161254883,0.13602320849895477,-0.058033332228660583,0.018374893814325333,0.9888337254524231
954.567295,250547886,0.77,-0.003960880916565657,0.004604510497301817,0.003529730485752225,0.024147139862179756,0.2783728241920471,-0.12283281236886978,0.1377318948507309,-0.06245165690779686,0.020448753610253334,0.9882872104644775
954.57129,250551881,0.77,-0.004194340202957392,0.004944673739373684,0.003993230871856213,0.027195628732442856,0.2823270857334137,-0.1320834755897522,0.13948705792427063,-0.06724017858505249,0.022716937586665154,0.9876770973205566
954.5732909999999,250553881,0.77,-0.004319039639085531,0.005118737928569317,0.004236037377268076,0.0287796463817358,0.284368634223938,-0.13690835237503052,0.14038488268852234,-0.0697377473115921,0.0239025317132473,0.9873486757278442
954.577291,250557882,0.77,-0.004585737362504005,0.0054726689122617245,0.0047430056147277355,0.032126232981681824,0.2886253297328949,-0.14689840376377106,0.1422395557165146,-0.07491473853588104,0.026404639706015587,0.9866399765014648
954.58129,250561881,0.77,-0.004877648316323757,0.005831799935549498,0.005279822740703821,0.035689979791641235,0.2931346297264099,-0.15738140046596527,0.1441803276538849,-0.08035223186016083,0.029076647013425827,0.985854983329773
954.583304,250563895,0.72,-0.005000673700124025,0.006041685119271278,0.0055488706566393375,0.037435781210660934,0.2953035533428192,-0.1626855581998825,0.1450994908809662,-0.083099365234375,0.030403459444642067,0.9854522943496704
954.5872939999999,250567884,0.72,-0.005335610825568438,0.006390324793756008,0.006100435275584459,0.041051287204027176,0.2997734546661377,-0.17373821139335632,0.14697101712226868,-0.08882231265306473,0.03317034989595413,0.9845861196517944
954.591295,250571886,0.72,-0.005639588925987482,0.006780354306101799,0.006666045635938644,0.044551361352205276,0.30421188473701477,-0.18541322648525238,0.14879384636878967,-0.09484276920557022,0.03594544902443886,0.9836529493331909
954.5932909999999,250573881,0.72,-0.005811742041260004,0.006961071863770485,0.006960263941437006,0.04620816558599472,0.3063562512397766,-0.19124044477939606,0.14966243505477905,-0.09784029424190521,0.03729083761572838,0.9831774234771729
954.5972909999999,250577881,0.72,-0.006170583423227072,0.0073167914524674416,0.007566835731267929,0.049292802810668945,0.31059756875038147,-0.20305703580379486,0.15136434137821198,-0.10389618575572968,0.03989417478442192,0.982192873954773
954.6012939999999,250581884,0.72,-0.006546013057231903,0.007665697019547224,0.008195205591619015,0.052109576761722565,0.3146088719367981,-0.21515733003616333,0.15293532609939575,-0.11006718873977661,0.04239613562822342,0.9811720252037048
954.605293,250585884,0.72,-0.006998774129897356,0.007961932569742203,0.008862478658556938,0.05477125197649002,0.3183780610561371,-0.22742736339569092,0.15436697006225586,-0.11630460619926453,0.044841423630714417,0.9801190495491028
954.609291,250589882,1.0,-0.007420598063617945,0.008287781849503517,0.00948585569858551,0.057271808385849,0.32175204157829285,-0.23967036604881287,0.15559028089046478,-0.12250996381044388,0.047201383858919144,0.9790582060813904
954.613291,250593882,1.0,-0.007829578593373299,0.008626503869891167,0.010119068436324596,0.0597701333463192,0.3250386714935303,-0.25240394473075867,0.15673492848873138,-0.12894956767559052,0.04960920289158821,0.9779289960861206
954.6172899999999,250597880,1.0,-0.008246651850640774,0.008957169950008392,0.010762101039290428,0.062125906348228455,0.32809919118881226,-0.265267014503479,0.1577501744031906,-0.13543418049812317,0.05195899307727814,0.9767664670944214
954.6212899999999,250601880,1.0,-0.008729035034775734,0.009238427504897118,0.01146139670163393,0.0644281879067421,0.3311302661895752,-0.2781555652618408,0.15872971713542938,-0.14192023873329163,0.05429704114794731,0.9755589962005615
954.6252999999999,250605890,1.0,-0.00897036399692297,0.009678841568529606,0.011994409374892712,0.06625450402498245,0.33314529061317444,-0.290846049785614,0.1592300981283188,-0.14826050400733948,0.05633154883980751,0.9744184613227844
954.6293059999999,250609896,1.0,-0.009345563128590584,0.010013307444751263,0.01263334508985281,0.06822863221168518,0.3354727327823639,-0.30394840240478516,0.15983955562114716,-0.154806986451149,0.05850137770175934,0.9731720089912415
954.6352969999999,250615887,1.0,-0.009908315725624561,0.010489548556506634,0.013595839031040668,0.07090944796800613,0.3386494815349579,-0.3237146735191345,0.16057899594306946,-0.16464243829250336,0.06162334606051445,0.9712413549423218
954.641299,250621890,1.0,-0.010473954491317272,0.010938375256955624,0.014564183540642262,0.07330590486526489,0.34150075912475586,-0.3436393737792969,0.16113312542438507,-0.17451100051403046,0.06461307406425476,0.9692301750183105
954.6452969999999,250625887,1.0,-0.011046618223190308,0.011081590317189693,0.015377119183540344,0.07466955482959747,0.3431631326675415,-0.35636278986930847,0.16140203177928925,-0.18078793585300446,0.0664367601275444,0.9679107666015625
954.651298,250631889,1.0,-0.011635839939117432,0.011461295187473297,0.016414761543273926,0.0766829177737236,0.34555667638778687,-0.37622082233428955,0.16170158982276917,-0.1905570775270462,0.0692211166024208,0.9657893180847168
954.657296,250637887,1.0,-0.01222148071974516,0.0118080023676157,0.017442908138036728,0.07845547795295715,0.3475375473499298,-0.3961326479911804,0.1617840826511383,-0.20030933618545532,0.07186701893806458,0.9636063575744629
954.661302,250641893,1.0,-0.012610548175871372,0.012019483372569084,0.018121102824807167,0.07951389253139496,0.3486020565032959,-0.4094747304916382,0.16170524060726166,-0.20682011544704437,0.0735568031668663,0.9621155261993408
954.667336,250647927,1.0,-0.01321486197412014,0.012290110811591148,0.01913798414170742,0.08079944550991058,0.3500153124332428,-0.4289810061454773,0.16152158379554749,-0.21629855036735535,0.07589065283536911,0.9598782658576965
954.6732959999999,250653886,1.0,-0.013769286684691906,0.01253530103713274,0.0201641246676445,0.08169674128293991,0.3508484959602356,-0.4485361874103546,0.1610708385705948,-0.22574566304683685,0.07798422127962112,0.9576082229614258
954.6792949999999,250659885,1.0,-0.01431210245937109,0.012742546387016773,0.02117035910487175,0.08221349865198135,0.3514596223831177,-0.46770378947257996,0.16054831445217133,-0.23495376110076904,0.07983867079019547,0.9553254842758179
954.685293,250665884,0.97,-0.014736599288880825,0.012977800332009792,0.022201811894774437,0.08263497054576874,0.3514380156993866,-0.4859556555747986,0.15975134074687958,-0.24369578063488007,0.08149885386228561,0.9531263113021851
954.6913,250671891,0.97,-0.015256386250257492,0.013110477477312088,0.023182649165391922,0.08269656449556351,0.35097479820251465,-0.5041862726211548,0.15877299010753632,-0.252379447221756,0.0829256996512413,0.950904369354248
954.6972949999999,250677885,0.97,-0.01571485958993435,0.013241595588624477,0.024170950055122375,0.08259029686450958,0.3503240942955017,-0.5221575498580933,0.1577254682779312,-0.2609070837497711,0.08421824872493744,0.9486608505249023
954.7032979999999,250683888,0.97,-0.016156885772943497,0.013350490480661392,0.025136379525065422,0.08237820863723755,0.3502051830291748,-0.5398378372192383,0.15694688260555267,-0.26926687359809875,0.08549371361732483,0.9463370442390442
954.7093289999999,250689919,0.86,-0.01677233912050724,0.013331969268620014,0.026014674454927444,0.08214350789785385,0.35017651319503784,-0.5571483969688416,0.15622000396251678,-0.2774292826652527,0.0867343619465828,0.943983793258667
954.715299,250695890,0.86,-0.017237350344657898,0.01338652428239584,0.026950139552354813,0.08182740956544876,0.35014209151268005,-0.5741179585456848,0.15550729632377625,-0.2854042947292328,0.0879032164812088,0.9416128993034363
954.7212959999999,250701886,0.86,-0.01771128922700882,0.01338875200599432,0.027835967019200325,0.08127798140048981,0.34975486993789673,-0.5909098386764526,0.15466172993183136,-0.29325976967811584,0.08889356255531311,0.9392424821853638
954.7272959999999,250707916,1.0,-0.018039265647530556,0.01351687777787447,0.028895288705825806,0.08074920624494553,0.3495917320251465,-0.6067073941230774,0.15395747125148773,-0.30062979459762573,0.08984127640724182,0.9369350671768188
954.7312979999999,250711918,1.0,-0.018316268920898438,0.013523658737540245,0.029498087242245674,0.08024836331605911,0.34909817576408386,-0.6172531247138977,0.15332625806331635,-0.30553123354911804,0.09034547209739685,0.9354033470153809
954.7372949999999,250717915,1.0,-0.018722327426075935,0.013511217199265957,0.03038092702627182,0.07952270656824112,0.34851741790771484,-0.6327985525131226,0.15246069431304932,-0.3127419948577881,0.09110895544290543,0.9330848455429077
954.743308,250723929,1.0,-0.019137095659971237,0.013439789414405823,0.031195392832159996,0.07872616499662399,0.3484618067741394,-0.6480324864387512,0.1518636792898178,-0.3197802007198334,0.09188839793205261,0.9307172298431396
954.749294,250729915,1.0,-0.019648708403110504,0.013281555846333504,0.03189997375011444,0.0778970867395401,0.34841763973236084,-0.6632256507873535,0.1512761414051056,-0.32677891850471497,0.09264764189720154,0.9283035397529602
954.7552939999999,250735914,1.0,-0.020087074488401413,0.01314440555870533,0.032645393162965775,0.07696311920881271,0.34871435165405273,-0.6782162189483643,0.15087132155895233,-0.33365398645401,0.09339416027069092,0.9258458018302917
954.759294,250739915,1.0,-0.020346729084849358,0.013092377223074436,0.03321215882897377,0.07644078135490417,0.3486132025718689,-0.6877824068069458,0.15046420693397522,-0.33804041147232056,0.09385686367750168,0.9242727160453796
954.7653029999999,250745923,1.0,-0.020750705152750015,0.012982308864593506,0.03399919345974922,0.07549143582582474,0.34910640120506287,-0.7021496891975403,0.15017811954021454,-0.3445940613746643,0.09457968920469284,0.921822190284729
954.771304,250751925,1.0,-0.02120097354054451,0.012857003137469292,0.03485070914030075,0.07473962008953094,0.3494890332221985,-0.7163126468658447,0.14981333911418915,-0.351051926612854,0.09536002576351166,0.9193611741065979
954.777298,250757919,1.0,-0.021643588319420815,0.012733930721879005,0.0356791689991951,0.07405216991901398,0.3500858247280121,-0.7300467491149902,0.14955276250839233,-0.35729727149009705,0.09617439657449722,0.9169095754623413
954.7833009999999,250763921,1.0,-0.02207559533417225,0.012611479498445988,0.0365012101829052,0.07339228689670563,0.3503008782863617,-0.7436453700065613,0.14911417663097382,-0.36347097158432007,0.09692510217428207,0.9144721627235413
954.7892969999999,250769917,1.0,-0.022503236308693886,0.012476291507482529,0.03727063164114952,0.07291340827941895,0.35085242986679077,-0.7571009993553162,0.14880000054836273,-0.3695709705352783,0.0978064015507698,0.9119812250137329
954.793293,250773914,1.0,-0.02285599708557129,0.012430332601070404,0.03795598819851875,0.07284964621067047,0.3506765067577362,-0.7652674317359924,0.14833079278469086,-0.3732897639274597,0.0983523428440094,0.9104831218719482
954.7992979999999,250779918,1.0,-0.02326960675418377,0.012303107418119907,0.038718972355127335,0.07261347025632858,0.35006624460220337,-0.7775986194610596,0.14748774468898773,-0.37888890504837036,0.09904573857784271,0.9082292914390564
954.8032939999999,250783914,1.0,-0.023576339706778526,0.012256343849003315,0.039322879165410995,0.07267479598522186,0.34947964549064636,-0.7852725982666016,0.14682750403881073,-0.3823853135108948,0.09952998906373978,0.9068168997764587
954.8073129999999,250787933,1.0,-0.023818250745534897,0.012170952744781971,0.039752934128046036,0.0727904662489891,0.348507285118103,-0.7930728793144226,0.1459733545780182,-0.38594409823417664,0.09997227042913437,0.9053974151611328
954.811294,250791915,1.0,-0.024101726710796356,0.012127464637160301,0.04030311480164528,0.07290331274271011,0.3476986289024353,-0.8002489805221558,0.14522424340248108,-0.38921231031417847,0.10039372742176056,0.9040712118148804
954.817294,250797915,1.0,-0.024516332894563675,0.01207096129655838,0.04111086204648018,0.07317086309194565,0.3461214005947113,-0.810721218585968,0.14392855763435364,-0.39398765563964844,0.10097187757492065,0.9021435379981995
954.821291,250801912,1.0,-0.024718347936868668,0.011998971924185753,0.04149539768695831,0.07333701848983765,0.3450213670730591,-0.8176511526107788,0.14304661750793457,-0.3971424400806427,0.10133273899555206,0.9008591771125793
954.8272999999999,250807920,0.97,-0.025312619283795357,0.012016789056360722,0.04262956976890564,0.07400097697973251,0.3440658748149872,-0.8266680836677551,0.14202316105365753,-0.40126413106918335,0.10208895057439804,0.8991075158119202
954.8332959999999,250813916,0.97,-0.025641940534114838,0.01193835400044918,0.0432625412940979,0.07445815950632095,0.34309181571006775,-0.8358618021011353,0.14102017879486084,-0.4054427444934845,0.10275403410196304,0.8973132967948914
954.839297,250819918,0.97,-0.026113223284482956,0.01190309226512909,0.04414885491132736,0.07543572783470154,0.34087055921554565,-0.8445253372192383,0.13937315344810486,-0.4094342887401581,0.10335994511842728,0.8956871032714844
954.843302,250823923,0.96,-0.0263808686286211,0.011832855641841888,0.044577788561582565,0.07631063461303711,0.3402862846851349,-0.8498566746711731,0.13865406811237335,-0.4118916392326355,0.10400554537773132,0.8945966362953186
954.849291,250829912,0.96,-0.026771627366542816,0.011772679165005684,0.045277826488018036,0.07768111675977707,0.33880409598350525,-0.8573309183120728,0.13731399178504944,-0.41535282135009766,0.10483595728874207,0.8931048512458801
954.855291,250835912,0.96,-0.027055397629737854,0.011701926589012146,0.04581599310040474,0.07923238724470139,0.33798933029174805,-0.8642915487289429,0.13625818490982056,-0.41857895255088806,0.10583920031785965,0.891640841960907
954.85929,250839911,0.96,-0.027297528460621834,0.01165874395519495,0.04624364525079727,0.08049872517585754,0.33707353472709656,-0.868544340133667,0.1353560984134674,-0.420575886964798,0.10650570690631866,0.890758752822876
954.863296,250843917,0.96,-0.027437759563326836,0.011603395454585552,0.04652261734008789,0.08177530765533447,0.33701667189598083,-0.8725830316543579,0.13484565913677216,-0.4224609434604645,0.107335165143013,0.8898441195487976
954.8693059999999,250849926,0.98,-0.027648985385894775,0.011556653305888176,0.046940434724092484,0.08371149748563766,0.3366633653640747,-0.8787608742713928,0.13394376635551453,-0.4253435730934143,0.108538419008255,0.888460099697113
954.877296,250857917,0.98,-0.0279786866158247,0.011503790505230427,0.04759214073419571,0.08629101514816284,0.3366750180721283,-0.8858420848846436,0.1330110877752304,-0.42865830659866333,0.11015826463699341,0.8868061900138855
954.8833589999999,250863979,0.91,-0.028212839737534523,0.011460592970252037,0.0480528399348259,0.08813872933387756,0.3366139829158783,-0.8911997079849243,0.13229002058506012,-0.431155800819397,0.11131959408521652,0.8855574131011963
954.891312,250871933,0.91,-0.028494572266936302,0.011419150978326797,0.04859147593379021,0.09063584357500076,0.33754557371139526,-0.8964999318122864,0.1318681389093399,-0.4336504638195038,0.11296955496072769,0.8841922283172607
954.897296,250877917,0.91,-0.028703855350613594,0.011390061117708683,0.048984065651893616,0.09239669144153595,0.33801499009132385,-0.9002760052680969,0.13148018717765808,-0.43542730808258057,0.11409494280815125,0.8832317590713501
954.903434,250884055,0.91,-0.028891507536172867,0.011327401734888554,0.049344878643751144,0.09429185837507248,0.33799389004707336,-0.9042817950248718,0.13082768023014069,-0.43731996417045593,0.11518964171409607,0.882250964641571
954.91147,250892091,1.0,-0.029125094413757324,0.011257150210440159,0.049806222319602966,0.09669467806816101,0.3378871977329254,-0.9094817042350769,0.12995211780071259,-0.4397704303264618,0.11656521260738373,0.8809806704521179
954.9192979999999,250899918,1.0,-0.029349125921726227,0.011205018498003483,0.05024939775466919,0.09917502850294113,0.33733242750167847,-0.913733959197998,0.12891007959842682,-0.4418114125728607,0.11781416088342667,0.8799458742141724
954.925296,250905917,1.0,-0.029549015685915947,0.011237138882279396,0.05059577524662018,0.10110267996788025,0.3371984362602234,-0.9170429110527039,0.12822827696800232,-0.4433925151824951,0.11884593963623047,0.8791110515594482
954.9332979999999,250913918,1.0,-0.02973894402384758,0.011221358552575111,0.050971709191799164,0.10410844534635544,0.33723562955856323,-0.9206345081329346,0.1273622363805771,-0.4451618492603302,0.12040387839078903,0.8781301975250244
954.9372999999999,250917922,1.0,-0.029829157516360283,0.01120719499886036,0.051159072667360306,0.10559039562940598,0.33748793601989746,-0.9224434494972229,0.127034530043602,-0.44604653120040894,0.12122362852096558,0.8776158690452576
954.943328,250923951,1.0,-0.029876884073019028,0.011090951040387154,0.05136227235198021,0.10783278942108154,0.33692485094070435,-0.9255870580673218,0.12609297037124634,-0.44757503271102905,0.12228482216596603,0.8768258690834045
954.949294,250929917,1.0,-0.029946042224764824,0.011030061170458794,0.05160648375749588,0.11017965525388718,0.3364948332309723,-0.9281311631202698,0.12522056698799133,-0.44884318113327026,0.12338030338287354,0.8761489391326904
954.955293,250935916,1.0,-0.0300357136875391,0.010947732254862785,0.051851604133844376,0.11255989968776703,0.3360816538333893,-0.9305328130722046,0.12435419112443924,-0.4500487446784973,0.12448307871818542,0.8754976391792297
954.961293,250941916,1.0,-0.030085889622569084,0.010895326733589172,0.05203002691268921,0.11537948250770569,0.3364308774471283,-0.9322172403335571,0.12376795709133148,-0.45095640420913696,0.1258971095085144,0.8749112486839294
954.9672919999999,250947914,1.0,-0.03010544180870056,0.010820568539202213,0.052191734313964844,0.118257075548172,0.33662039041519165,-0.9343070387840271,0.12306974083185196,-0.4520455598831177,0.12732553482055664,0.8742407560348511
954.971293,250951916,1.0,-0.030100591480731964,0.010778667405247688,0.05228813737630844,0.12046501040458679,0.3369813859462738,-0.9354061484336853,0.12265946716070175,-0.45265740156173706,0.1284363716840744,0.8738192319869995
954.9772899999999,250957912,1.0,-0.030093755573034286,0.010726328939199448,0.052427515387535095,0.12400812655687332,0.3374650180339813,-0.9370284676551819,0.12196531891822815,-0.4535773694515228,0.1301882117986679,0.8731798529624939
954.9813019999999,250961924,1.0,-0.03003615140914917,0.010681984946131706,0.05250571668148041,0.12623175978660583,0.3374473452568054,-0.9386627674102783,0.12134592980146408,-0.454426109790802,0.13125430047512054,0.8726651072502136
954.983294,250963917,1.0,-0.030019430443644524,0.010662982240319252,0.05254834145307541,0.12743064761161804,0.33752232789993286,-0.9393522143363953,0.12106115370988846,-0.45479878783226013,0.1318354606628418,0.8724228739738464
954.9872919999999,250967914,1.0,-0.030072029680013657,0.010624559596180916,0.05266503617167473,0.12981334328651428,0.3377131521701813,-0.9407047629356384,0.12051349133253098,-0.45553067326545715,0.1329977959394455,0.8719403147697449
954.989294,250969917,1.0,-0.030012747272849083,0.010593905113637447,0.05270209163427353,0.1309354603290558,0.337069034576416,-0.9419007897377014,0.1198941171169281,-0.45612549781799316,0.13341829180717468,0.8716504573822021
954.993296,250973919,1.0,-0.029927415773272514,0.010541489347815514,0.052775293588638306,0.13316766917705536,0.33723366260528564,-0.9433670043945312,0.11935894191265106,-0.4568963348865509,0.13451451063156128,0.8711515665054321
954.9972919999999,250977914,1.0,-0.02992699109017849,0.010488444939255714,0.052874866873025894,0.13538450002670288,0.33723053336143494,-0.9448082447052002,0.11875339597463608,-0.4576559364795685,0.13556495308876038,0.8706726431846619
954.999297,250979920,1.0,-0.029907401651144028,0.010461566038429737,0.05291422829031944,0.13642548024654388,0.3371635377407074,-0.9455468654632568,0.11843542754650116,-0.4580397307872772,0.13604721426963806,0.8704388737678528
955.003296,250983919,1.0,-0.029957611113786697,0.010409479960799217,0.05302564799785614,0.13853397965431213,0.3371165692806244,-0.9470778107643127,0.1178269237279892,-0.45883074402809143,0.137044757604599,0.8699482083320618
955.007292,250987915,1.0,-0.02987617626786232,0.010404053144156933,0.05305270105600357,0.14049027860164642,0.33712831139564514,-0.9488652944564819,0.1172599345445633,-0.4597229063510895,0.13800306618213654,0.8694021701812744
955.0112929999999,250991915,1.0,-0.029773011803627014,0.010400825180113316,0.053076278418302536,0.14256802201271057,0.3371666371822357,-0.9503372311592102,0.11669687926769257,-0.4604838192462921,0.13900050520896912,0.8689162135124207
955.0152899999999,250995912,1.0,-0.029669465497136116,0.010399715043604374,0.05310014262795448,0.14453747868537903,0.3371506333351135,-0.951791524887085,0.11613460630178452,-0.46123021841049194,0.13993705809116364,0.8684452176094055
955.017308,250997931,1.0,-0.029617825523018837,0.010399372316896915,0.05311264842748642,0.14547953009605408,0.33713436126708984,-0.9525364637374878,0.11585791409015656,-0.4616083800792694,0.1403856873512268,0.8682087659835815
955.0233,251003923,1.0,-0.02932061441242695,0.01043989509344101,0.053074657917022705,0.14794085919857025,0.3369252383708954,-0.9549965262413025,0.11502376198768616,-0.46281924843788147,0.14154967665672302,0.867485761642456
955.027293,251007916,1.0,-0.029174815863370895,0.010454759933054447,0.05308075249195099,0.14966201782226562,0.33680257201194763,-0.9564692378044128,0.11446672677993774,-0.46355733275413513,0.14235344529151917,0.8670337200164795
955.031294,251011917,1.0,-0.029117615893483162,0.01045131403952837,0.05313275381922722,0.15137766301631927,0.3366588056087494,-0.9579566121101379,0.11389945447444916,-0.4643007218837738,0.143150195479393,0.8665793538093567
955.0352969999999,251015919,1.0,-0.028887195512652397,0.010496147908270359,0.05309676378965378,0.1530456840991974,0.3364192843437195,-0.9594572186470032,0.11329905688762665,-0.465046763420105,0.14390504360198975,0.8661328554153442
955.03931,251019933,1.0,-0.028744138777256012,0.010522104799747467,0.05310900881886482,0.15470236539840698,0.33613234758377075,-0.9609807133674622,0.1126776933670044,-0.4658013582229614,0.1446448713541031,0.8656851053237915
955.043316,251023939,1.0,-0.02884981781244278,0.010488093830645084,0.05328981578350067,0.15617403388023376,0.3357495069503784,-0.9626414775848389,0.11204630136489868,-0.4666045010089874,0.14529016613960266,0.8652263283729553
955.0473049999999,251027927,1.0,-0.028740765526890755,0.010513251647353172,0.05335434898734093,0.15778492391109467,0.33528798818588257,-0.9641748070716858,0.11135611683130264,-0.46735960245132446,0.14597012102603912,0.8647933602333069
955.05129,251031913,1.0,-0.028696183115243912,0.010526051744818687,0.05343962833285332,0.15938220918178558,0.33477991819381714,-0.9657360315322876,0.1106456071138382,-0.4681251645088196,0.14663438498973846,0.8643580079078674
955.0552889999999,251035911,1.0,-0.02871512994170189,0.010523561388254166,0.05354467034339905,0.16098731756210327,0.33427760004997253,-0.9673001170158386,0.10993452370166779,-0.46889129281044006,0.14730240404605865,0.8639197945594788
955.0572999999999,251037923,1.0,-0.028539607301354408,0.010574831627309322,0.053543902933597565,0.1617666631937027,0.33374086022377014,-0.968130886554718,0.10945532470941544,-0.4692946672439575,0.1475650519132614,0.863716721534729
955.061292,251041915,1.0,-0.028501644730567932,0.010592617094516754,0.0536341555416584,0.1633346825838089,0.33305513858795166,-0.9697402119636536,0.10866772383451462,-0.47007712721824646,0.14817693829536438,0.8632858395576477
955.065302,251045925,1.0,-0.02843599021434784,0.010618037544190884,0.053709182888269424,0.16475951671600342,0.3323363959789276,-0.9714791178703308,0.10788876563310623,-0.47090664505958557,0.1487254947423935,0.862837016582489
955.0672959999999,251047919,1.0,-0.028330247849225998,0.010640759021043777,0.05374736711382866,0.1654968559741974,0.3319408595561981,-0.9723024368286133,0.10748066008090973,-0.47130247950553894,0.14899948239326477,0.8626245260238647
955.07129,251051913,1.0,-0.02823679894208908,0.01066529843956232,0.05384061112999916,0.16696307063102722,0.331164687871933,-0.9739482402801514,0.10667235404253006,-0.4720924198627472,0.14954616129398346,0.8621981739997864
955.075289,251055912,1.0,-0.028146136552095413,0.010689185000956059,0.053932201117277145,0.16840147972106934,0.3304148316383362,-0.9755756855010986,0.10588260740041733,-0.47287169098854065,0.15008458495140076,0.8617748022079468
955.0772949999999,251057917,1.0,-0.02815959043800831,0.010690665803849697,0.053985901176929474,0.16912353038787842,0.3300459086894989,-0.9763861894607544,0.10548961162567139,-0.47325965762138367,0.1503557413816452,0.8615627288818359
955.081291,251061914,1.0,-0.027799595147371292,0.010749937035143375,0.054015230387449265,0.1704811304807663,0.32962003350257874,-0.9779132604598999,0.10486689954996109,-0.473989337682724,0.15092512965202332,0.8611379861831665
955.085294,251065917,1.0,-0.027672002092003822,0.010770382359623909,0.05407694727182388,0.17186658084392548,0.32932159304618835,-0.9792634844779968,0.10430578887462616,-0.47464337944984436,0.15152505040168762,0.8607404232025146
955.089298,251069921,1.0,-0.027551190927624702,0.01079113595187664,0.054150521755218506,0.17330636084079742,0.32833608984947205,-0.9809517860412598,0.10340513288974762,-0.475445419549942,0.15201038122177124,0.8603208065032959
955.093299,251073922,1.0,-0.027432484552264214,0.010812133550643921,0.054230861365795135,0.1747540682554245,0.3274891674518585,-0.9827118515968323,0.10255678743124008,-0.47627732157707214,0.1525326818227768,0.859869658946991
955.0972929999999,251077915,1.0,-0.02737918496131897,0.010829132050275803,0.05432435870170593,0.17626968026161194,0.3265782296657562,-0.9843205213546753,0.10167498886585236,-0.47704634070396423,0.15306062996387482,0.8594541549682617
955.103295,251083918,1.0,-0.027397168800234795,0.010847725905478,0.0544804148375988,0.1786278635263443,0.32473692297935486,-0.9866146445274353,0.10013236105442047,-0.47815021872520447,0.1537730097770691,0.8588944673538208
955.1073,251087923,1.0,-0.0274522565305233,0.010814842768013477,0.05455341190099716,0.18022505939006805,0.32343021035194397,-0.9882506728172302,0.0990542322397232,-0.4789310395717621,0.15424421429634094,0.8584998846054077
955.113292,251093915,1.0,-0.027260659262537956,0.010820815339684486,0.05462438240647316,0.18299013376235962,0.3212548494338989,-0.9906667470932007,0.09725597500801086,-0.4801003634929657,0.15505558252334595,0.8579059839248657
955.1172929999999,251097915,1.0,-0.02712918445467949,0.010824461467564106,0.05467057228088379,0.1849852055311203,0.31974583864212036,-0.9922645688056946,0.09599489718675613,-0.4808788001537323,0.15564529597759247,0.8575051426887512
955.1213009999999,251101923,1.0,-0.02698780782520771,0.01082274317741394,0.05471169576048851,0.18693339824676514,0.31833866238594055,-0.9938943386077881,0.09478594362735748,-0.4816666543483734,0.15623775124549866,0.857089638710022
955.127296,251107919,1.0,-0.026684125885367393,0.010827427729964256,0.054728224873542786,0.1904754340648651,0.3177817761898041,-0.9951023459434509,0.09359496086835861,-0.482349157333374,0.15768520534038544,0.8565714359283447
955.1312939999999,251111916,1.0,-0.026584360748529434,0.010846951976418495,0.054774779826402664,0.19299136102199554,0.3167889714241028,-0.9961839318275452,0.09247002005577087,-0.4829253852367401,0.15858641266822815,0.8562024831771851
955.137309,251117932,1.0,-0.026292379945516586,0.010877112857997417,0.05481574684381485,0.19772766530513763,0.3152570128440857,-0.9979357719421387,0.09051873534917831,-0.4838842749595642,0.16034376621246338,0.8555420637130737
955.1452959999999,251125921,1.0,-0.026258567348122597,0.010909226723015308,0.0550970584154129,0.20470641553401947,0.3123403489589691,-1.0008805990219116,0.08732081204652786,-0.4854351878166199,0.16279162466526031,0.8545330166816711
955.151295,251131921,1.0,-0.026114925742149353,0.01090371422469616,0.055298060178756714,0.2104295939207077,0.3096628189086914,-1.003296971321106,0.08456793427467346,-0.4866919219493866,0.16472657024860382,0.8537238240242004
955.1592979999999,251139923,1.0,-0.02594810351729393,0.010913954116404057,0.0555388405919075,0.2187597006559372,0.3053860068321228,-1.0068942308425903,0.08038012683391571,-0.48852846026420593,0.1674470454454422,0.8525493741035461
955.165299,251145925,1.0,-0.02588449791073799,0.01096753403544426,0.055688902735710144,0.22557395696640015,0.3022025525569916,-1.010045051574707,0.0770653709769249,-0.4901019036769867,0.1697419136762619,0.8514979481697083
955.175298,251155924,1.0,-0.025644788518548012,0.010883752256631851,0.056061819195747375,0.23726202547550201,0.2971172332763672,-1.0153651237487793,0.07153141498565674,-0.492727667093277,0.17373749613761902,0.8496575951576233
955.181301,251161927,1.0,-0.02551676146686077,0.010826271027326584,0.05628520995378494,0.24404478073120117,0.2945292890071869,-1.0183957815170288,0.06847178936004639,-0.4942097067832947,0.1761246621608734,0.8485566973686218
955.189315,251169941,1.0,-0.025275155901908875,0.010732869617640972,0.056558553129434586,0.252940833568573,0.29161718487739563,-1.022269368171692,0.06466488540172577,-0.49609512090682983,0.17934973537921906,0.8470783829689026
955.197315,251177941,1.0,-0.025060046464204788,0.01068270392715931,0.056787796318531036,0.26168686151504517,0.28962385654449463,-1.025760293006897,0.061314065009355545,-0.49780768156051636,0.18269774317741394,0.8456060886383057
955.205346,251185972,1.0,-0.024872498586773872,0.010612625628709793,0.05707912892103195,0.27007898688316345,0.28631651401519775,-1.030758261680603,0.057332322001457214,-0.5000944137573242,0.1856202930212021,0.8438978791236877
955.211316,251191942,1.0,-0.024773266166448593,0.010666435584425926,0.05724187195301056,0.27586668729782104,0.28376489877700806,-1.0347479581832886,0.054410144686698914,-0.50187748670578,0.18757571280002594,0.8425995111465454
955.219297,251199923,1.0,-0.024563882499933243,0.0106654679402709,0.057493824511766434,0.2834506630897522,0.27989107370376587,-1.0399765968322754,0.05034109205007553,-0.5041781067848206,0.189996138215065,0.8409349918365479
955.225299,251205925,1.0,-0.024062739685177803,0.010677547194063663,0.05767592042684555,0.2887626886367798,0.27706193923950195,-1.0441268682479858,0.04738708212971687,-0.5059751868247986,0.191663458943367,0.8396479487419128
955.2333179999999,251213943,1.0,-0.02385844476521015,0.010704437270760536,0.05791099742054939,0.2958676517009735,0.27315855026245117,-1.0498433113098145,0.043358318507671356,-0.5084222555160522,0.19385045766830444,0.8378835916519165
955.2413389999999,251221964,1.0,-0.02365702949464321,0.01075961347669363,0.05811988189816475,0.3023897707462311,0.2693668305873871,-1.055338740348816,0.03953591734170914,-0.5107426643371582,0.19579395651817322,0.8362078666687012
955.247302,251227928,1.0,-0.023501958698034286,0.010779366828501225,0.05825256183743477,0.30728378891944885,0.2668585181236267,-1.0593267679214478,0.03681850805878639,-0.5124228596687317,0.19731709361076355,0.834945023059845
955.2552939999999,251235919,1.0,-0.023412952199578285,0.01077775377780199,0.05845174938440323,0.3138592839241028,0.2637002170085907,-1.0646045207977295,0.03325684368610382,-0.5146348476409912,0.19939659535884857,0.8332382440567017
955.2633129999999,251243938,1.0,-0.02319633588194847,0.010807562619447708,0.05858888477087021,0.3202457129955292,0.2613085210323334,-1.0694218873977661,0.030106814578175545,-0.5166584849357605,0.20155689120292664,0.8315842747688293
955.271297,251251923,1.0,-0.02301359549164772,0.010809031315147877,0.05876042693853378,0.32625699043273926,0.258937805891037,-1.07413649559021,0.027063461020588875,-0.5186176300048828,0.20355026423931122,0.8299822807312012
955.279457,251260083,1.0,-0.022855227813124657,0.010822180658578873,0.058929674327373505,0.33210325241088867,0.2565338909626007,-1.0788578987121582,0.024039264768362045,-0.5205602645874023,0.20545335114002228,0.8283888101577759
955.287327,251267953,1.0,-0.022716885432600975,0.010851236991584301,0.059089403599500656,0.3374786376953125,0.2544611692428589,-1.0831412076950073,0.021315496414899826,-0.5223138928413391,0.20722371339797974,0.826917290687561
955.2932989999999,251273924,1.0,-0.022544408217072487,0.010882965289056301,0.059188779443502426,0.34099864959716797,0.25305435061454773,-1.0861610174179077,0.019484568387269974,-0.5235419869422913,0.20836691558361053,0.8258979320526123
955.301328,251281954,1.0,-0.02235165238380432,0.010911055840551853,0.059302713721990585,0.34533679485321045,0.2517259120941162,-1.0895332098007202,0.01743193343281746,-0.5249199271202087,0.20986439287662506,0.8246890902519226
955.3073579999999,251287983,1.0,-0.02225315384566784,0.010924242436885834,0.05938156321644783,0.3484348952770233,0.2512086033821106,-1.0918118953704834,0.0161592960357666,-0.525863766670227,0.21103399991989136,0.8238148093223572
955.3153249999999,251295950,1.0,-0.022020820528268814,0.010986138135194778,0.05942801386117935,0.35226839780807495,0.2508279085159302,-1.0940561294555664,0.014751770533621311,-0.5268012881278992,0.21253639459609985,0.8228554129600525
955.323328,251303954,1.0,-0.0217342060059309,0.011075938120484352,0.059439681470394135,0.3560279309749603,0.2500804364681244,-1.096588373184204,0.013174665160477161,-0.5278369188308716,0.2139168679714203,0.8218601942062378
955.329301,251309927,1.0,-0.021580545231699944,0.011107286438345909,0.05944141000509262,0.35874950885772705,0.24971303343772888,-1.0983562469482422,0.012111171148717403,-0.5285643935203552,0.21495583653450012,0.8211376070976257
955.3353219999999,251315947,1.0,-0.021411651745438576,0.011134838685393333,0.05942164734005928,0.3612062633037567,0.24906228482723236,-1.099689245223999,0.011043375357985497,-0.5290971994400024,0.21581216156482697,0.8205847144126892
955.343343,251323969,1.0,-0.02137838304042816,0.011071287095546722,0.05942276120185852,0.3639847934246063,0.2482106238603592,-1.1012969017028809,0.009774767793715,-0.5297332406044006,0.2167508900165558,0.8199427723884583
955.349299,251329925,1.0,-0.021315835416316986,0.011004474945366383,0.059428371489048004,0.36580127477645874,0.2474132627248764,-1.1022318601608276,0.008855843916535378,-0.5300891399383545,0.21730375289916992,0.8195767998695374
955.355295,251335921,1.0,-0.021251676604151726,0.010968112386763096,0.05942678824067116,0.3674910366535187,0.24656659364700317,-1.1030545234680176,0.007961521856486797,-0.5303949117660522,0.21779125928878784,0.8192586898803711
955.363304,251343881,1.0,-0.021151399239897728,0.010854632593691349,0.05941405147314072,0.36917611956596375,0.24540889263153076,-1.1035109758377075,0.0069770230911672115,-0.5305351614952087,0.2181982398033142,0.8190685510635376
955.369295,251349872,0.96,-0.021050088107585907,0.010835163295269012,0.0593840628862381,0.3703535795211792,0.24470867216587067,-1.1037789583206177,0.006340401247143745,-0.5306164622306824,0.21850892901420593,0.8189381957054138
955.377295,251357872,0.96,-0.02089313045144081,0.010759356431663036,0.05933014675974846,0.3719082772731781,0.2440253645181656,-1.103416085243225,0.00567984813824296,-0.5304407477378845,0.21897627413272858,0.818932056427002
955.3833239999999,251363900,0.91,-0.020767200738191605,0.010714990086853504,0.059270016849040985,0.372937947511673,0.24373088777065277,-1.1028590202331543,0.005343802273273468,-0.5302016139030457,0.21932393312454224,0.8189961314201355
955.387291,251367868,0.91,-0.02070222608745098,0.010700773447751999,0.059228409081697464,0.37368202209472656,0.24345894157886505,-1.1024565696716309,0.005076160654425621,-0.5300259590148926,0.21956072747707367,0.8190481066703796
955.391301,251371878,0.91,-0.020584017038345337,0.01070458348840475,0.05914955213665962,0.37438008189201355,0.24338841438293457,-1.1014657020568848,0.004970362409949303,-0.529618501663208,0.2198268175125122,0.819240927696228
955.397291,251377868,0.91,-0.020437926054000854,0.010704421438276768,0.05903719738125801,0.37548354268074036,0.24324911832809448,-1.099958062171936,0.004785466939210892,-0.5289968848228455,0.22024103999137878,0.8195323348045349
955.4012899999999,251381866,0.91,-0.020308714359998703,0.010714954696595669,0.05893470719456673,0.37617507576942444,0.24328160285949707,-1.0984750986099243,0.0047797816805541515,-0.5283923149108887,0.22052887082099915,0.8198449611663818
955.4053,251385877,1.0,-0.02021835558116436,0.010716396383941174,0.05884331464767456,0.3768145740032196,0.24347811937332153,-1.0968890190124512,0.004868841730058193,-0.5277529954910278,0.22083532810211182,0.8201736211776733
955.407292,251387869,1.0,-0.02017531916499138,0.010713852010667324,0.05879828706383705,0.37713009119033813,0.24354368448257446,-1.0959839820861816,0.0049132383428514,-0.5273857712745667,0.2209785282611847,0.8203709721565247
955.41129,251391867,1.0,-0.020085029304027557,0.01070962380617857,0.05869797617197037,0.3777339458465576,0.2437020242214203,-1.0939830541610718,0.005042201839387417,-0.5265739560127258,0.2212599515914917,0.8208157420158386
955.4152919999999,251395868,1.0,-0.01998947188258171,0.010706364177167416,0.0585840679705143,0.3783275783061981,0.24388214945793152,-1.0917507410049438,0.005209234543144703,-0.5256678462028503,0.22154180705547333,0.8213193416595459
955.421293,251401870,1.0,-0.019831808283925056,0.010709533467888832,0.058382004499435425,0.3792068064212799,0.2441629022359848,-1.0882072448730469,0.005490034818649292,-0.524228036403656,0.22196176648139954,0.8221239447593689
955.427293,251407870,1.0,-0.019735755398869514,0.0107053117826581,0.0581965371966362,0.38002485036849976,0.24459590017795563,-1.083687424659729,0.005961339455097914,-0.5223925709724426,0.2223900854587555,0.8231725692749023
955.433283,251413860,1.0,-0.019584251567721367,0.01071164757013321,0.05795056000351906,0.3808489441871643,0.2450588494539261,-1.078921914100647,0.006473089102655649,-0.5204553604125977,0.22282621264457703,0.8242771625518799
955.439321,251419898,1.0,-0.019433021545410156,0.010718105360865593,0.05768359825015068,0.38166821002960205,0.24560131132602692,-1.0734210014343262,0.007104034535586834,-0.5182163119316101,0.22327551245689392,0.8255600929260254
955.445304,251425881,1.0,-0.019263194873929024,0.010748829692602158,0.0573759526014328,0.3824957609176636,0.2461564838886261,-1.0676562786102295,0.007770244963467121,-0.5158658623695374,0.22372835874557495,0.826902449131012
955.451296,251431873,1.0,-0.01908593438565731,0.010772958397865295,0.057057254016399384,0.38340017199516296,0.24669243395328522,-1.0613142251968384,0.008475907146930695,-0.5132722854614258,0.2242039442062378,0.8283793330192566
955.4572999999999,251437876,1.0,-0.018908916041254997,0.01080572884529829,0.05671434849500656,0.384541392326355,0.24725791811943054,-1.0539098978042603,0.00925616268068552,-0.5102363228797913,0.22477751970291138,0.8300893306732178
955.463304,251443881,1.0,-0.01871761679649353,0.010840289294719696,0.05634124577045441,0.3857426643371582,0.2478814721107483,-1.046233892440796,0.01008097268640995,-0.5070851445198059,0.2253853678703308,0.8318440318107605
955.4712979999999,251451874,1.0,-0.01845008134841919,0.01088526751846075,0.05581453815102577,0.38740628957748413,0.2486676573753357,-1.0352206230163574,0.011241212487220764,-0.5025476813316345,0.2262018620967865,0.8343573212623596
955.475299,251455876,1.0,-0.01831050030887127,0.010904787108302116,0.05553596466779709,0.3881966173648834,0.248991921544075,-1.0292701721191406,0.011855863966047764,-0.5000850558280945,0.22657202184200287,0.8357269167900085
955.481313,251461890,1.0,-0.01814512349665165,0.010942759923636913,0.05514300987124443,0.3892897665500641,0.24930980801582336,-1.0201215744018555,0.012757818214595318,-0.49628108739852905,0.22704561054706573,0.8378499746322632
955.485296,251465873,1.0,-0.017985494807362556,0.010953228920698166,0.054838698357343674,0.38998863101005554,0.24948586523532867,-1.0137131214141846,0.01338871568441391,-0.49360814690589905,0.22733663022518158,0.8393388986587524
955.489292,251469869,1.0,-0.017851661890745163,0.010971895419061184,0.054552111774683,0.3906598389148712,0.24960042536258698,-1.0068844556808472,0.014049645513296127,-0.4907505214214325,0.22759751975536346,0.8409315943717957
955.4912909999999,251471867,1.0,-0.017782408744096756,0.010981515981256962,0.05440680682659149,0.39100077748298645,0.24964924156665802,-1.0034475326538086,0.014378453604876995,-0.48930981755256653,0.22772742807865143,0.841729998588562
955.49529,251475867,1.0,-0.017638465389609337,0.01100238785147667,0.05411110073328018,0.3916621208190918,0.24974960088729858,-0.9964426159858704,0.015058616176247597,-0.4863692820072174,0.22797684371471405,0.843353271484375
955.499293,251479870,1.0,-0.017488019540905952,0.011025612242519855,0.05380823463201523,0.3923124074935913,0.24986828863620758,-0.989270031452179,0.01577047072350979,-0.4833534359931946,0.22822228074073792,0.8450061082839966
955.5012899999999,251481866,1.0,-0.01737271249294281,0.011030071415007114,0.05362782999873161,0.39263716340065,0.24993200600147247,-0.9856792092323303,0.016129635274410248,-0.4818417727947235,0.22834493219852448,0.8458291292190552
955.505309,251485886,1.0,-0.0171849112957716,0.011049575172364712,0.053277239203453064,0.39319172501564026,0.25003063678741455,-0.9785780906677246,0.016850436106324196,-0.47884583473205566,0.22854271531105042,0.847461462020874
955.50929,251489867,1.0,-0.017072703689336777,0.011088231578469276,0.05297359824180603,0.3937430679798126,0.2501930296421051,-0.9711172580718994,0.017642546445131302,-0.47569528222084045,0.22874748706817627,0.8491626977920532
955.5112949999999,251491871,1.0,-0.017014609649777412,0.011106876656413078,0.05281839147210121,0.39400750398635864,0.2502715289592743,-0.9673192501068115,0.018048474565148354,-0.47408875823020935,0.22884288430213928,0.8500264883041382
955.5152919999999,251495868,1.0,-0.01689673587679863,0.011142414063215256,0.052505966275930405,0.3944815397262573,0.2504163384437561,-0.9597159624099731,0.018870024010539055,-0.47086673974990845,0.22900545597076416,0.8517540693283081
955.51929,251499867,1.0,-0.016719026491045952,0.01116270013153553,0.052160173654556274,0.39493268728256226,0.2505539059638977,-0.9520615339279175,0.019701119512319565,-0.46761590242385864,0.22915324568748474,0.8534846305847168
955.521306,251501883,1.0,-0.016733339056372643,0.011197627522051334,0.052044108510017395,0.39513781666755676,0.2505687177181244,-0.9485121369361877,0.02006644941866398,-0.4661034047603607,0.22920867800712585,0.8542882204055786
955.527293,251507870,1.0,-0.01658179797232151,0.011245373636484146,0.051632434129714966,0.39544677734375,0.25038987398147583,-0.9366866946220398,0.02127150073647499,-0.4610368311405182,0.22918111085891724,0.8570114374160767
955.531299,251511876,1.0,-0.01647545024752617,0.011277045123279095,0.05135582387447357,0.3956756293773651,0.2501876950263977,-0.9287500977516174,0.02203938737511635,-0.45762279629707336,0.22915133833885193,0.8588278889656067
955.537295,251517872,1.0,-0.01630515418946743,0.01132279448211193,0.05093810334801674,0.39596444368362427,0.24952909350395203,-0.9167636036872864,0.023056142032146454,-0.45243096351623535,0.22900503873825073,0.8615865111351013
955.541298,251521875,1.0,-0.016116641461849213,0.011338096112012863,0.05060563609004021,0.3961670398712158,0.2488342970609665,-0.9086824059486389,0.02362838201224804,-0.4489060342311859,0.22885677218437195,0.8634521961212158
955.545319,251525896,1.0,-0.015868939459323883,0.011347968131303787,0.05027994513511658,0.39643314480781555,0.24795079231262207,-0.9007837772369385,0.0240811537951231,-0.4454413950443268,0.22869940102100372,0.8652737140655518
955.5492939999999,251529870,1.0,-0.015723293647170067,0.01138399913907051,0.050004709511995316,0.3967878222465515,0.24697043001651764,-0.8926150798797607,0.02450135350227356,-0.44184714555740356,0.22855781018733978,0.8671401739120483
955.5532939999999,251533870,1.0,-0.015519393607974052,0.011407281272113323,0.04967501014471054,0.3971751630306244,0.24593572318553925,-0.8843684792518616,0.024898365139961243,-0.4382079839706421,0.22841909527778625,0.8690100908279419
955.557298,251537875,1.0,-0.015365163795650005,0.011451958678662777,0.04939348250627518,0.397792786359787,0.2448008954524994,-0.8759806752204895,0.02521616406738758,-0.43449562788009644,0.2283598631620407,0.8708785772323608
955.561296,251541873,1.0,-0.015210767276585102,0.011497307568788528,0.04911329597234726,0.3984014093875885,0.24377089738845825,-0.8676362633705139,0.0255777295678854,-0.4308004081249237,0.22831887006759644,0.8727126121520996
955.5632929999999,251543869,1.0,-0.01507938839495182,0.011505845002830029,0.04892363399267197,0.3987150490283966,0.24325503408908844,-0.8634797930717468,0.025754382833838463,-0.42895665764808655,0.22830285131931305,0.8736193180084229
955.5673029999999,251547879,1.0,-0.014926914125680923,0.011558554135262966,0.04863320663571358,0.3993559777736664,0.2421703040599823,-0.8554034233093262,0.02605421282351017,-0.4253633916378021,0.22827045619487762,0.8753740787506104
955.5713039999999,251551881,1.0,-0.014773349277675152,0.01161168422549963,0.04834400489926338,0.4000355899333954,0.24110828340053558,-0.8471360802650452,0.026378070935606956,-0.4216807186603546,0.22825810313224792,0.8771475553512573
955.575295,251555882,1.0,-0.014618312940001488,0.011665537022054195,0.04806091636419296,0.40070679783821106,0.23996596038341522,-0.8389713764190674,0.026656290516257286,-0.4180298149585724,0.2282295972108841,0.8788923621177673
955.579292,251559879,1.0,-0.014461259357631207,0.011720918118953705,0.047782860696315765,0.4013917148113251,0.23872143030166626,-0.8308618664741516,0.026879653334617615,-0.4143888056278229,0.22819039225578308,0.8806182742118835
955.583305,251563892,1.0,-0.01430442277342081,0.011772009544074535,0.047508351504802704,0.4021238684654236,0.2373814880847931,-0.823010265827179,0.02702106349170208,-0.41084805130958557,0.22815990447998047,0.8822793364524841
955.585297,251565884,1.0,-0.014178981073200703,0.011786004528403282,0.04733823984861374,0.40246790647506714,0.23671483993530273,-0.8190115094184875,0.02710619755089283,-0.409042626619339,0.22813542187213898,0.8831215500831604
955.589298,251569885,1.0,-0.014027594588696957,0.011835599318146706,0.04708416387438774,0.4031601846218109,0.23508605360984802,-0.8112196326255798,0.027118755504488945,-0.40549686551094055,0.22803927958011627,0.8847796320915222
955.593295,251573882,1.0,-0.013875282369554043,0.011886085383594036,0.0468340739607811,0.40380603075027466,0.23340019583702087,-0.8034729957580566,0.027109401300549507,-0.40195906162261963,0.22791622579097748,0.8864243626594543
955.595293,251575880,1.0,-0.013798604719340801,0.011912483721971512,0.04671142250299454,0.404132604598999,0.23250803351402283,-0.7996361255645752,0.02707737497985363,-0.40020009875297546,0.2278493046760559,0.887238085269928
955.599297,251579884,1.0,-0.013643325306475163,0.011967604979872704,0.04647032916545868,0.4047618806362152,0.23061293363571167,-0.7920388579368591,0.026958711445331573,-0.39670252799987793,0.22768905758857727,0.888852059841156
955.603293,251583880,1.0,-0.01343558356165886,0.012017084285616875,0.04619808495044708,0.40538206696510315,0.22862085700035095,-0.7845268845558167,0.026787346228957176,-0.3932285010814667,0.22751298546791077,0.8904446363449097
955.605291,251585878,1.0,-0.013305420987308025,0.012038697488605976,0.04604509100317955,0.4056815803050995,0.22757479548454285,-0.7807843685150146,0.026679150760173798,-0.39149102568626404,0.22741331160068512,0.8912385702133179
955.609307,251589894,1.0,-0.013168086297810078,0.012087530456483364,0.04584630951285362,0.4062850773334503,0.22552108764648438,-0.7735430598258972,0.02645089104771614,-0.3881221115589142,0.22722932696342468,0.8927644491195679
955.6112919999999,251591878,1.0,-0.01309929322451353,0.012114115059375763,0.045749664306640625,0.40659454464912415,0.22439172863960266,-0.7698842287063599,0.0262925922870636,-0.3864106833934784,0.22712430357933044,0.8935379385948181
955.615295,251595882,1.0,-0.01296187937259674,0.012171466834843159,0.04556011036038399,0.40721869468688965,0.22211642563343048,-0.762563169002533,0.025967000052332878,-0.38297975063323975,0.22691760957241058,0.895075798034668
955.61929,251599877,1.0,-0.012772769667208195,0.01223006471991539,0.045331720262765884,0.4078771471977234,0.21986909210681915,-0.7553127408027649,0.025638582184910774,-0.3795756697654724,0.2267371416091919,0.8965797424316406
955.623297,251603884,1.0,-0.012703511863946915,0.012299301102757454,0.04521065205335617,0.40860727429389954,0.21776440739631653,-0.7482846975326538,0.025335807353258133,-0.3762759268283844,0.22662076354026794,0.8980075120925903
955.62529,251605877,1.0,-0.01258773822337389,0.012331519275903702,0.04508374631404877,0.40896767377853394,0.2167225033044815,-0.7448379993438721,0.02518227882683277,-0.3746545910835266,0.22656488418579102,0.8987035751342773
955.6293039999999,251609890,1.0,-0.01241205632686615,0.012398391962051392,0.04486997425556183,0.4096509516239166,0.21477100253105164,-0.7381795644760132,0.0249159075319767,-0.371522456407547,0.22646449506282806,0.9000356197357178
955.6312919999999,251611878,1.0,-0.012345637194812298,0.012433445081114769,0.04477782920002937,0.40999725461006165,0.21375344693660736,-0.7349085211753845,0.024755991995334625,-0.36997735500335693,0.22641180455684662,0.9006894826889038
955.6352909999999,251615877,1.0,-0.012216882780194283,0.012504213489592075,0.04460067301988602,0.41068553924560547,0.2117593139410019,-0.7285082936286926,0.02443947084248066,-0.3669499456882477,0.2263161689043045,0.9019597768783569
955.639296,251619883,1.0,-0.012094903737306595,0.012574084103107452,0.04443565756082535,0.4113762378692627,0.20982982218265533,-0.7223802208900452,0.024121126160025597,-0.36404502391815186,0.22623957693576813,0.9031639099121094
955.6433089999999,251623895,1.0,-0.012070553377270699,0.012654544785618782,0.044328778982162476,0.41203436255455017,0.20806194841861725,-0.7165202498435974,0.023852476850152016,-0.3612685799598694,0.22618138790130615,0.9042997360229492
955.6452909999999,251625877,1.0,-0.012013712897896767,0.012693950906395912,0.04425036162137985,0.41234391927719116,0.2071225345134735,-0.713701605796814,0.023683542385697365,-0.3599245250225067,0.2261371910572052,0.9048510193824768
955.6492939999999,251629881,1.0,-0.011904138140380383,0.012772039510309696,0.04410108923912048,0.41297605633735657,0.20519693195819855,-0.7082576751708984,0.023299768567085266,-0.35731735825538635,0.2260521948337555,0.9059149026870728
955.653291,251633878,1.0,-0.011725673452019691,0.012833639048039913,0.0439225509762764,0.4135994017124176,0.20328114926815033,-0.7028210163116455,0.022921066731214523,-0.35471007227897644,0.22596845030784607,0.9069694876670837
955.657292,251637879,1.0,-0.011674068868160248,0.012912618927657604,0.04382452741265297,0.41422364115715027,0.20134152472019196,-0.6985438466072083,0.022400040179491043,-0.35262331366539,0.22589802742004395,0.9078133702278137
955.661295,251641882,1.0,-0.01158987358212471,0.012982145883142948,0.04371275752782822,0.4148423671722412,0.19941790401935577,-0.6938938498497009,0.021929355338215828,-0.35036543011665344,0.22582662105560303,0.9087163805961609
955.665388,251645975,1.0,-0.011341997422277927,0.013031617738306522,0.043511729687452316,0.4154868423938751,0.1976311206817627,-0.6893270611763,0.021507825702428818,-0.3481534719467163,0.2257922887802124,0.9095847606658936
955.669322,251649909,1.0,-0.01126159355044365,0.013101420365273952,0.043388012796640396,0.41608691215515137,0.1957344114780426,-0.6854007840156555,0.020970921963453293,-0.3462207615375519,0.22573056817054749,0.9103500247001648
955.673313,251653900,1.0,-0.011173729784786701,0.013162137940526009,0.0432731956243515,0.4167211055755615,0.1938628852367401,-0.681574285030365,0.020428460091352463,-0.34433335065841675,0.22569207847118378,0.9110874533653259
955.6773,251657887,1.0,-0.011099226772785187,0.013220767490565777,0.04317053407430649,0.41740188002586365,0.19206503033638,-0.6780339479446411,0.01987980119884014,-0.3425804376602173,0.22569170594215393,0.9117602109909058
955.6833019999999,251663888,1.0,-0.010994232259690762,0.013296731747686863,0.043039437383413315,0.41844886541366577,0.18955153226852417,-0.6731953024864197,0.01908429153263569,-0.34017765522003174,0.22573994100093842,0.9126644730567932
955.689317,251669904,1.0,-0.01090406347066164,0.013353840447962284,0.042882040143013,0.4194909930229187,0.18730507791042328,-0.668906569480896,0.018351716920733452,-0.3380439579486847,0.22583617269992828,0.9134481549263
955.695295,251675882,1.0,-0.01084686815738678,0.013404607772827148,0.04275494068861008,0.42054030299186707,0.18511806428432465,-0.665238082408905,0.017576081678271294,-0.3361953794956207,0.22595404088497162,0.9141162633895874
955.699299,251679886,1.0,-0.010813170112669468,0.013435122556984425,0.04269583523273468,0.421256422996521,0.18374675512313843,-0.6630127429962158,0.01707187481224537,-0.33506953716278076,0.22605694830417633,0.9145136475563049
955.7072999999999,251687886,1.0,-0.010794450528919697,0.01348926592618227,0.042600877583026886,0.42273998260498047,0.181217759847641,-0.6595360040664673,0.016044747084379196,-0.3332786560058594,0.22632984817028046,0.915118932723999
955.713298,251693885,1.0,-0.010756198316812515,0.013531718403100967,0.042506251484155655,0.4237609803676605,0.17957206070423126,-0.6573192477226257,0.015362650156021118,-0.3321326971054077,0.2265353947877884,0.9154963493347168
955.719312,251699899,1.0,-0.0107556888833642,0.01356810424476862,0.04246212914586067,0.42478102445602417,0.17786628007888794,-0.6556041240692139,0.014596565626561642,-0.33120980858802795,0.22673702239990234,0.9157932996749878
955.7253109999999,251705897,1.0,-0.010766995139420033,0.01361158024519682,0.04237131029367447,0.42564859986305237,0.17628414928913116,-0.6546903252601624,0.013822626322507858,-0.3306620419025421,0.22689397633075714,0.9159643650054932
955.7333619999999,251713949,1.0,-0.010809971950948238,0.013667317107319832,0.0422733835875988,0.42663949728012085,0.17427019774913788,-0.6536986827850342,0.012837052345275879,-0.3300412595272064,0.22704388201236725,0.9161654114723206
955.73735,251717937,1.0,-0.01079377718269825,0.013719484210014343,0.042167603969573975,0.42699646949768066,0.1732175350189209,-0.6537950038909912,0.012278796173632145,-0.329996794462204,0.22705262899398804,0.9161869287490845
955.7434559999999,251724042,1.0,-0.010795172303915024,0.013792166486382484,0.04205179214477539,0.4275382161140442,0.17173899710178375,-0.6541589498519897,0.011462108232080936,-0.330038845539093,0.22708456218242645,0.9161744117736816
955.749294,251729881,1.0,-0.010771564207971096,0.013854140415787697,0.041900813579559326,0.4279337227344513,0.17052322626113892,-0.6545509099960327,0.010788321495056152,-0.3301151692867279,0.22708813846111298,0.9161542057991028
955.7552969999999,251735883,1.0,-0.01082974299788475,0.013882488943636417,0.041896309703588486,0.42829468846321106,0.16934527456760406,-0.6555562019348145,0.010068170726299286,-0.33047521114349365,0.22708429396152496,0.9160335659980774
955.7612949999999,251741881,1.0,-0.010874091647565365,0.01391141302883625,0.04184852913022041,0.4285033941268921,0.1684516817331314,-0.6570682525634766,0.009447588585317135,-0.3310909569263458,0.227054625749588,0.9158251285552979
955.767335,251747922,1.0,-0.01098664104938507,0.013894867151975632,0.041931889951229095,0.42865192890167236,0.16765746474266052,-0.6584570407867432,0.008897105231881142,-0.33165839314460754,0.2270108163356781,0.9156361818313599
955.7733099999999,251753896,1.0,-0.01107058860361576,0.013892244547605515,0.041922926902770996,0.42881330847740173,0.1669236272573471,-0.6603100895881653,0.008319854736328125,-0.3324434459209442,0.2269831746816635,0.9153637290000916
955.777295,251757882,1.0,-0.011130198836326599,0.01389097049832344,0.04191821441054344,0.4289323091506958,0.16652759909629822,-0.6616153120994568,0.007968412712216377,-0.33300673961639404,0.2269837111234665,0.9151619672775269
955.781295,251761882,1.0,-0.011192086152732372,0.013890557922422886,0.04191401228308678,0.4290611147880554,0.1662476509809494,-0.6629055738449097,0.007670813240110874,-0.33357319235801697,0.2270057201385498,0.9149527549743652
955.7852899999999,251765897,1.0,-0.011262678541243076,0.013883826322853565,0.0419175885617733,0.4291982650756836,0.16606231033802032,-0.6639190912246704,0.00744702760130167,-0.3340212106704712,0.22704444825649261,0.9147815108299255
955.7892929999999,251769900,1.0,-0.011329763568937778,0.01388601865619421,0.0419137105345726,0.4293898344039917,0.16608187556266785,-0.6651843190193176,0.007280403282493353,-0.3346022367477417,0.2271396517753601,0.9145468473434448
955.793292,251773900,1.0,-0.011396428570151329,0.013888866640627384,0.04190795123577118,0.4295569956302643,0.1660921722650528,-0.6664044260978699,0.007118591573089361,-0.33516159653663635,0.2272220253944397,0.9143227934837341
955.795295,251775903,1.0,-0.011429378762841225,0.013890685513615608,0.04190382361412048,0.42964255809783936,0.1661251038312912,-0.6669812202453613,0.007053954992443323,-0.3354284465312958,0.22726815938949585,0.9142139554023743
955.799283,251779891,1.0,-0.011493945494294167,0.013894902542233467,0.04189213737845421,0.429794043302536,0.16620557010173798,-0.6680983304977417,0.006938803009688854,-0.33594655990600586,0.22735346853733063,0.9140033721923828
955.80329,251783898,1.0,-0.011557749472558498,0.013899524696171284,0.04187623783946037,0.42996007204055786,0.16629840433597565,-0.6691662073135376,0.0068324413150548935,-0.336443156003952,0.22744706273078918,0.9137982130050659
955.805296,251785904,1.0,-0.011607534252107143,0.013906934298574924,0.04191085323691368,0.43003132939338684,0.16635268926620483,-0.6696737408638,0.006787844933569431,-0.33668002486228943,0.22748957574367523,0.9137006998062134
955.8092939999999,251789901,1.0,-0.011715900152921677,0.013905621133744717,0.042019765824079514,0.4302062690258026,0.16646701097488403,-0.6703317165374756,0.006736414507031441,-0.3369911313056946,0.22758904099464417,0.9135616421699524
955.8132899999999,251793897,1.0,-0.01177938375622034,0.013894513249397278,0.04202777147293091,0.4303416907787323,0.16651177406311035,-0.6712360382080078,0.0066313669085502625,-0.33740851283073425,0.22766071557998657,0.9133904576301575
955.81729,251797898,1.0,-0.01184084638953209,0.013883021660149097,0.04203286021947861,0.4304606020450592,0.16651740670204163,-0.6720716953277588,0.006518764421343803,-0.3377910256385803,0.22771862149238586,0.9132354259490967
955.819298,251799906,1.0,-0.011886398307979107,0.013888970017433167,0.042059868574142456,0.4305197596549988,0.16652296483516693,-0.6724960207939148,0.0064630163833498955,-0.33798542618751526,0.2277478575706482,0.9131566286087036
955.8232929999999,251803900,1.0,-0.011928299441933632,0.013864915817975998,0.042034681886434555,0.4305897653102875,0.16649188101291656,-0.6732066869735718,0.006355887278914452,-0.33830738067626953,0.227777361869812,0.913030743598938
955.827291,251807899,1.0,-0.011997715570032597,0.013863773085176945,0.042054902762174606,0.4306354522705078,0.16645744442939758,-0.6738941073417664,0.006253939587622881,-0.33861833810806274,0.22779513895511627,0.9129117727279663
955.831292,251811900,1.0,-0.012004478834569454,0.013845163397490978,0.04204222559928894,0.4306976795196533,0.16648875176906586,-0.674221932888031,0.006220526527613401,-0.33877089619636536,0.22782933712005615,0.9128468632698059
955.835292,251815900,1.0,-0.012011993676424026,0.013823531568050385,0.04203523322939873,0.43069911003112793,0.16645322740077972,-0.6747612953186035,0.006142427679151297,-0.3390139937400818,0.22782622277736664,0.912757933139801
955.8392849999999,251819892,1.0,-0.01201604399830103,0.01380160916596651,0.042022787034511566,0.4306989312171936,0.16643363237380981,-0.6752070188522339,0.006082627922296524,-0.3392156660556793,0.22782450914382935,0.9126837849617004
955.843304,251823912,1.0,-0.011915784329175949,0.013732409104704857,0.04194239154458046,0.4306919574737549,0.1664668619632721,-0.6753605604171753,0.006081670057028532,-0.3392886221408844,0.22782689332962036,0.9126560688018799
955.845294,251825902,1.0,-0.011903119273483753,0.013716118410229683,0.04192846640944481,0.43067580461502075,0.1664818823337555,-0.6755132079124451,0.006073969416320324,-0.3393595218658447,0.22782227396965027,0.9126309156417847
955.849299,251829907,1.0,-0.011874613352119923,0.013682645745575428,0.04189641773700714,0.43061524629592896,0.1665065735578537,-0.6757439374923706,0.006069375667721033,-0.33946678042411804,0.22779911756515503,0.9125968813896179
955.853293,251833901,1.0,-0.011924801394343376,0.013683946803212166,0.04190300032496452,0.43055400252342224,0.16652823984622955,-0.675976037979126,0.006063351407647133,-0.3395743668079376,0.2277751863002777,0.9125628471374512
955.8572929999999,251837900,1.0,-0.011843298561871052,0.01362990215420723,0.04183459281921387,0.43037182092666626,0.16661480069160461,-0.6757445931434631,0.006160644814372063,-0.33947575092315674,0.22770459949970245,0.912616491317749
955.8612939999999,251841901,1.0,-0.011800562962889671,0.01359307300299406,0.04178467020392418,0.43020591139793396,0.16669227182865143,-0.6756339073181152,0.006237206049263477,-0.3394314646720886,0.22764040529727936,0.9126484394073486
955.865294,251845902,1.0,-0.01179434359073639,0.013572770170867443,0.04174960404634476,0.4300019443035126,0.16678966581821442,-0.675434947013855,0.006339483894407749,-0.3393484950065613,0.2275615930557251,0.9126982688903809
955.8712999999999,251851907,1.0,-0.011864755302667618,0.01355927623808384,0.041767217218875885,0.4295255243778229,0.16710692644119263,-0.6746172308921814,0.006659941282123327,-0.33900126814842224,0.22738999128341675,0.9128677845001221
955.879295,251859903,1.0,-0.011835074983537197,0.013494749553501606,0.04168607294559479,0.42874571681022644,0.16754083335399628,-0.6732292771339417,0.007150338497012854,-0.33840253949165344,0.22709539532661438,0.9131594896316528
955.8853359999999,251865943,1.0,-0.011805468238890171,0.013447935692965984,0.04159414395689964,0.42799466848373413,0.16803663969039917,-0.671715497970581,0.007678401190787554,-0.3377513587474823,0.22682228684425354,0.9134641289710999
955.891298,251871906,1.0,-0.011753489263355732,0.013398101553320885,0.04156693071126938,0.42707639932632446,0.16852277517318726,-0.6698539853096008,0.008269174955785275,-0.3369392454624176,0.22646918892860413,0.9138464331626892
955.897294,251877902,1.0,-0.011724001727998257,0.013355969451367855,0.041484929621219635,0.4260416626930237,0.1690891981124878,-0.6677439212799072,0.008944175206124783,-0.33601921796798706,0.22607295215129852,0.9142768383026123
955.903294,251883902,1.0,-0.011656878516077995,0.01330053061246872,0.041416868567466736,0.42481207847595215,0.16981405019760132,-0.6651290059089661,0.009781373664736748,-0.33487996459007263,0.22560778260231018,0.9148010015487671
955.9073209999999,251887928,1.0,-0.011643893085420132,0.013277212157845497,0.04131007194519043,0.42389583587646484,0.17038661241531372,-0.6632075905799866,0.010416456498205662,-0.33404532074928284,0.22526498138904572,0.9151835441589355
955.913295,251893903,1.0,-0.011565961875021458,0.013227821327745914,0.041231248527765274,0.42240092158317566,0.1714710295200348,-0.6599915623664856,0.011530125513672829,-0.3326576054096222,0.2247253954410553,0.9158080816268921
955.917296,251897904,1.0,-0.01152478251606226,0.013198641128838062,0.041142117232084274,0.42133235931396484,0.17221574485301971,-0.6577171087265015,0.012308351695537567,-0.33167287707328796,0.22433345019817352,0.9162511229515076
955.9232649999999,251903872,1.0,-0.011445759795606136,0.013150681741535664,0.04100308194756508,0.4195859432220459,0.17347286641597748,-0.6539181470870972,0.01360621489584446,-0.33002710342407227,0.22369496524333954,0.9169828295707703
955.929308,251909916,1.0,-0.011339228600263596,0.013095563277602196,0.0408674031496048,0.4177061915397644,0.1750136762857437,-0.6495542526245117,0.015118549577891827,-0.3281420171260834,0.2230285406112671,0.9177976250648499
955.9374839999999,251918091,1.0,-0.01111095491796732,0.013040260411798954,0.040681712329387665,0.4148709774017334,0.17762413620948792,-0.6425758004188538,0.017571937292814255,-0.3251332938671112,0.22205081582069397,0.9190609455108643
955.9434769999999,251924084,1.0,-0.010952367447316647,0.012995689176023006,0.04046904295682907,0.41247111558914185,0.17999103665351868,-0.6366458535194397,0.01971963793039322,-0.3225816488265991,0.22123415768146515,0.9201128482818604
955.951322,251931930,1.0,-0.010733960196375847,0.012931084260344505,0.04012654721736908,0.40890413522720337,0.1838664710521698,-0.627842903137207,0.02306947484612465,-0.31881070137023926,0.22005081176757812,0.9216318130493164
955.9593229999999,251939930,1.0,-0.010464784689247608,0.01285630464553833,0.03974451124668121,0.4045402407646179,0.18853579461574554,-0.6173847317695618,0.0270876232534647,-0.3143137991428375,0.21856239438056946,0.9234194755554199
955.9675649999999,251948172,1.0,-0.010156672447919846,0.01277101319283247,0.039290860295295715,0.39966055750846863,0.19372262060642242,-0.6055216789245605,0.03156673535704613,-0.3091776967048645,0.2168472409248352,0.9254134297370911
955.973448,251954056,1.0,-0.009917747229337692,0.012700372375547886,0.038926687091588974,0.39577460289001465,0.1975218504667282,-0.5964502692222595,0.03492500260472298,-0.30521512031555176,0.21541044116020203,0.9269424676895142
955.9812979999999,251961905,1.0,-0.009569775313138962,0.012591163627803326,0.038401003926992416,0.3900442123413086,0.20259638130664825,-0.5836606025695801,0.039545267820358276,-0.29957306385040283,0.21318595111370087,0.9291092157363892
955.98933,251969938,1.0,-0.009195703081786633,0.012458461336791515,0.037784818559885025,0.3836667239665985,0.20790117979049683,-0.5697526335716248,0.044461432844400406,-0.29338034987449646,0.21061363816261292,0.9314467310905457
955.9952969999999,251975896,1.0,-0.008884589187800884,0.012345721013844013,0.03731412813067436,0.3784691095352173,0.21176232397556305,-0.5589100122451782,0.04817475005984306,-0.28849929571151733,0.20842762291431427,0.9332766532897949
956.0012969999999,251981896,1.0,-0.008557463996112347,0.012222149409353733,0.036814287304878235,0.37303075194358826,0.21558919548988342,-0.5476453900337219,0.051928017288446426,-0.2833884358406067,0.20607921481132507,0.9351608753204346
956.0073289999999,251987928,1.0,-0.008227651938796043,0.012086836621165276,0.03626740351319313,0.3675011098384857,0.219077467918396,-0.5362599492073059,0.055521801114082336,-0.27816858887672424,0.20360779762268066,0.937061071395874
956.0152979999999,251995897,1.0,-0.007747628726065159,0.011890964582562447,0.035553134977817535,0.3598681092262268,0.22319558262825012,-0.5209648013114929,0.06006709486246109,-0.27107080817222595,0.20007072389125824,0.939619243144989
956.0233039999999,252003903,1.0,-0.007234755903482437,0.011676734313368797,0.034812141209840775,0.35215118527412415,0.22677715122699738,-0.505235493183136,0.06436076760292053,-0.26368528604507446,0.19636084139347076,0.9422155618667603
956.0313199999999,252011919,1.0,-0.006743705831468105,0.011451617814600468,0.03399551287293434,0.3444988429546356,0.229844331741333,-0.4892244338989258,0.06837381422519684,-0.25609153509140015,0.19255933165550232,0.9448084831237793
956.0373069999999,252017907,1.0,-0.006218231748789549,0.0113648297265172,0.033412665128707886,0.3389127552509308,0.23172281682491302,-0.47721144556999207,0.07112620770931244,-0.25034448504447937,0.1897009164094925,0.9467218518257141
956.0453,252025900,1.0,-0.005548933520913124,0.011216348968446255,0.03263063356280327,0.33112362027168274,0.23441366851329803,-0.4607585072517395,0.0749175101518631,-0.24244217574596405,0.18568886816501617,0.9492780566215515
956.0532979999999,252033897,1.0,-0.004841701593250036,0.011085420846939087,0.03182714805006981,0.3235704302787781,0.23689211905002594,-0.44446203112602234,0.07850372791290283,-0.23457063734531403,0.18172338604927063,0.9517301917076111
956.061303,252041903,1.0,-0.004058076534420252,0.010996915400028229,0.030992425978183746,0.3160417675971985,0.23971430957317352,-0.4276520609855652,0.0822383314371109,-0.22644060850143433,0.17773376405239105,0.9541342854499817
956.0673549999999,252047954,1.0,-0.003549064276739955,0.010872541926801205,0.03035505674779415,0.31042465567588806,0.24164709448814392,-0.4154126048088074,0.08487489819526672,-0.22048397362232208,0.17472080886363983,0.9558534026145935
956.0732939999999,252053893,1.0,-0.0029240844305604696,0.010807648301124573,0.029743487015366554,0.3045036196708679,0.24357107281684875,-0.4034092426300049,0.08748563379049301,-0.21460682153701782,0.1715456247329712,0.9575292468070984
956.079295,252059895,1.0,-0.002354078460484743,0.010710595175623894,0.02914745919406414,0.29861098527908325,0.24573862552642822,-0.3910731375217438,0.09020382165908813,-0.20856647193431854,0.16836434602737427,0.9591750502586365
956.0853239999999,252065923,1.0,-0.0018885128665715456,0.010550073347985744,0.02857830375432968,0.2928801476955414,0.24784763157367706,-0.3788406252861023,0.09283266216516495,-0.20255957543849945,0.16523310542106628,0.9607547521591187
956.091295,252071895,1.0,-0.001334605854935944,0.010448136366903782,0.02799668163061142,0.28706610202789307,0.2500632703304291,-0.3665087819099426,0.09549423307180405,-0.19648797810077667,0.16203926503658295,0.9622975587844849
956.0972989999999,252077898,1.0,-0.0008124890155158937,0.0103360116481781,0.02743184007704258,0.2813396155834198,0.25249215960502625,-0.3540519177913666,0.09822472929954529,-0.19035325944423676,0.15887102484703064,0.9637829065322876
956.103302,252083902,1.0,-0.00019283896835986525,0.01027369499206543,0.026831667870283127,0.27579808235168457,0.25472986698150635,-0.3416071832180023,0.10080844163894653,-0.18420353531837463,0.15575020015239716,0.9652194380760193
956.109296,252089896,1.0,0.00038962275721132755,0.010186806321144104,0.0262268278747797,0.27044349908828735,0.25665175914764404,-0.3294811546802521,0.10316234081983566,-0.17818182706832886,0.15268707275390625,0.9665895700454712
956.1152979999999,252095897,1.0,0.0009712668834254146,0.01009264588356018,0.0256189052015543,0.2649996280670166,0.25824809074401855,-0.3173042833805084,0.1053355410695076,-0.17209680378437042,0.149532288312912,0.9679499864578247
956.121306,252101906,1.0,0.001544866943731904,0.010013318620622158,0.025036171078681946,0.25993916392326355,0.2600034773349762,-0.3048701882362366,0.10753824561834335,-0.16590073704719543,0.14653874933719635,0.9692465662956238
956.129296,252109896,1.0,0.0023016079794615507,0.009923906065523624,0.02430477738380432,0.2535859942436218,0.26174965500831604,-0.28869009017944336,0.11007358878850937,-0.15780009329319,0.142689511179924,0.9708875417709351
956.135314,252115914,1.0,0.002924133324995637,0.009888388216495514,0.023690244182944298,0.249128520488739,0.26348215341567993,-0.2767682373523712,0.11210665106773376,-0.15185250341892242,0.1399681717157364,0.9719988703727722
956.1433189999999,252123918,1.0,0.003728164592757821,0.009855974465608597,0.02292311005294323,0.24318242073059082,0.26640385389328003,-0.26102080941200256,0.11506161093711853,-0.1440066546201706,0.1363511085510254,0.9733608365058899
956.15131,252131910,1.0,0.004510351922363043,0.00986789632588625,0.022043315693736076,0.23764115571975708,0.2700060307979584,-0.24572299420833588,0.11824154853820801,-0.13641585409641266,0.13295559585094452,0.9745422005653381
956.1593049999999,252139904,1.0,0.005250281188637018,0.009896835312247276,0.021157726645469666,0.23226474225521088,0.27431848645210266,-0.2309512346982956,0.1216789036989212,-0.129105806350708,0.12966659665107727,0.9755575656890869
956.167298,252147898,1.0,0.005960805807262659,0.00990889873355627,0.020459329709410667,0.2269270271062851,0.2789607346057892,-0.21643197536468506,0.12521697580814362,-0.12191701680421829,0.12638400495052338,0.9764650464057922
956.175297,252155897,1.0,0.006475219037383795,0.00992776732891798,0.019691994413733482,0.22156096994876862,0.2845929265022278,-0.20231163501739502,0.12917561829090118,-0.11494825780391693,0.1231105774641037,0.9772125482559204
956.1793,252159900,1.0,0.006765956990420818,0.009933069348335266,0.019277790561318398,0.21879319846630096,0.2874849736690521,-0.1952555924654007,0.13118146359920502,-0.111455999314785,0.1214173436164856,0.9775616526603699
956.187334,252167934,1.0,0.007364582270383835,0.009926170110702515,0.018460489809513092,0.21307606995105743,0.2932852506637573,-0.18108752369880676,0.1351822465658188,-0.10441648215055466,0.11790146678686142,0.978223979473114
956.1932939999999,252173893,1.0,0.007666929624974728,0.009930244646966457,0.017650190740823746,0.20847195386886597,0.29777851700782776,-0.1702532023191452,0.13825176656246185,-0.09900525212287903,0.11506755650043488,0.9786949753761292
956.199303,252179864,1.0,0.00802996102720499,0.009908373467624187,0.016962643712759018,0.2037506401538849,0.3026937246322632,-0.15941870212554932,0.14150656759738922,-0.0935911238193512,0.11216023564338684,0.9790999293327332
956.2053129999999,252185873,1.0,0.008412729948759079,0.009863892570137978,0.016336457803845406,0.19874714314937592,0.30790263414382935,-0.14870034158229828,0.14488349854946136,-0.08821225166320801,0.1091003268957138,0.9794511198997498
956.2113139999999,252191874,1.0,0.008827552199363708,0.009791320189833641,0.01582353003323078,0.19339855015277863,0.3136061429977417,-0.13811644911766052,0.1484808325767517,-0.08287959545850754,0.10586214810609818,0.9797334671020508
956.2172949999999,252197855,1.0,0.00916384905576706,0.009729393757879734,0.015197320841252804,0.18785934150218964,0.3197118043899536,-0.1275433599948883,0.15225115418434143,-0.07753762602806091,0.10250689089298248,0.979948878288269
956.2253039999999,252205864,1.0,0.009544193744659424,0.009645658545196056,0.014295948669314384,0.17971451580524445,0.3286217153072357,-0.11370328813791275,0.15761913359165192,-0.07048425823450089,0.09764158725738525,0.9801297187805176
956.231378,252211939,1.0,0.009803814813494682,0.009581824764609337,0.013595780357718468,0.1733938455581665,0.33547860383987427,-0.10352639853954315,0.1616867631673813,-0.06525919586420059,0.09386447817087173,0.9801979660987854
956.2393159999999,252219876,1.0,0.010015626437962055,0.009516864083707333,0.012653956189751625,0.16491566598415375,0.34472551941871643,-0.0906321331858635,0.1670764833688736,-0.05858953669667244,0.08880379050970078,0.9801869988441467
956.2453079999999,252225868,1.0,0.010199874639511108,0.009445883333683014,0.011963725090026855,0.15840095281600952,0.3514370322227478,-0.0807609111070633,0.17098082602024078,-0.053442977368831635,0.08487097173929214,0.9801563024520874
956.2512959999999,252231856,1.0,0.010312112048268318,0.009366263635456562,0.011274666525423527,0.1518554985523224,0.3581702709197998,-0.07093869894742966,0.17485754191875458,-0.048297714442014694,0.08089333772659302,0.9800757169723511
956.257293,252237854,1.0,0.010382776148617268,0.009268146008253098,0.010581748560070992,0.14499609172344208,0.3655465841293335,-0.06129378080368042,0.1790122240781784,-0.04321188107132912,0.07674939185380936,0.9798963665962219
956.263295,252243856,1.0,0.010438731871545315,0.009159623645246029,0.009909803047776222,0.13826990127563477,0.3731469213962555,-0.05200471356511116,0.18322236835956573,-0.038296688348054886,0.07266929745674133,0.979633629322052
956.2693019999999,252249862,1.0,0.010498400777578354,0.00901475828140974,0.009334886446595192,0.13189597427845,0.38085490465164185,-0.04330027848482132,0.18742208182811737,-0.033681485801935196,0.06878245621919632,0.9792892932891846
956.273294,252253855,1.0,0.01050207857042551,0.008921880275011063,0.008938446640968323,0.1277301013469696,0.3861434757709503,-0.037672385573387146,0.1902695596218109,-0.030690997838974,0.06623129546642303,0.9790142774581909
956.2792949999999,252259855,1.0,0.010500593110918999,0.00878534559160471,0.008364848792552948,0.1217016726732254,0.3940460681915283,-0.029617680236697197,0.19448399543762207,-0.026397882029414177,0.06252360343933105,0.9785550236701965
956.2853419999999,252265902,1.0,0.010544152930378914,0.008638356812298298,0.007841866463422775,0.11597701162099838,0.4017994999885559,-0.021809278056025505,0.19858454167842865,-0.02223164215683937,0.058959320187568665,0.9780560731887817
956.291301,252271862,1.0,0.010437189601361752,0.008479044772684574,0.007352728862315416,0.11035799980163574,0.40868791937828064,-0.015175403095781803,0.20220036804676056,-0.01860963925719261,0.05553936958312988,0.9775909781455994
956.299311,252279872,1.0,0.010453994385898113,0.008259718306362629,0.006746295839548111,0.1029716283082962,0.41760408878326416,-0.006239228881895542,0.20685537159442902,-0.013715438544750214,0.05099084600806236,0.9769455790519714
956.3073049999999,252287865,1.0,0.010455488227307796,0.008017867803573608,0.006145805586129427,0.0959075391292572,0.4253619313240051,0.0023863804526627064,0.21089431643486023,-0.008953288197517395,0.0466037318110466,0.9763562679290771
956.3132969999999,252293857,1.0,0.01057315245270729,0.007832376286387444,0.005848232191056013,0.0910307765007019,0.43053197860717773,0.008774315938353539,0.21357902884483337,-0.005437520798295736,0.043512940406799316,0.9759411215782166
956.3213069999999,252301867,1.0,0.010522672906517982,0.007582222577184439,0.005353995133191347,0.08432421088218689,0.4373927712440491,0.017424650490283966,0.21711468696594238,-0.0006471750675700605,0.039255596697330475,0.9753562211990356
956.327335,252307896,1.0,0.010481133125722408,0.00739830918610096,0.004977993201464415,0.07963065057992935,0.4426862299442291,0.024120215326547623,0.21981854736804962,0.0030181545298546553,0.0361853651702404,0.9748647809028625
956.333306,252313867,1.0,0.010552444495260715,0.007211998105049133,0.004555126652121544,0.07538192719221115,0.447399377822876,0.030825180932879448,0.22222104668617249,0.006658952683210373,0.033322226256132126,0.974403977394104
956.339294,252319855,1.0,0.010536442510783672,0.00703822448849678,0.004172984044998884,0.07121360301971436,0.4519224166870117,0.037724316120147705,0.22451576590538025,0.010395567864179611,0.030465133488178253,0.9739386439323425
956.3453179999999,252325878,1.0,0.01044913474470377,0.00686003640294075,0.0038154330104589462,0.06750509887933731,0.4559692144393921,0.04481878876686096,0.2265658974647522,0.01419005636125803,0.027803122997283936,0.9734955430030823
956.351292,252331853,1.0,0.01054595410823822,0.006668893154710531,0.0034042757470160723,0.06395019590854645,0.459841251373291,0.05191024765372276,0.2285148799419403,0.017972910776734352,0.025206374004483223,0.9730480909347534
956.3572929999999,252337853,1.0,0.010535798035562038,0.006459177937358618,0.0030502849258482456,0.06160891801118851,0.46259209513664246,0.0594918429851532,0.22992075979709625,0.0218784362077713,0.023151444271206856,0.9726879000663757
956.363293,252343854,1.0,0.010611864738166332,0.006255665794014931,0.002669393317773938,0.05976191535592079,0.46486085653305054,0.06714174151420593,0.23108653724193573,0.025769440457224846,0.021328812465071678,0.972357988357544
956.369326,252349887,1.0,0.010799664072692394,0.006044165696948767,0.002266578609123826,0.05918039008975029,0.4657752215862274,0.07498645782470703,0.23160405457019806,0.029633278027176857,0.020119769498705864,0.9721505045890808
956.3733,252353861,1.0,0.010808808729052544,0.005909436848014593,0.0020864049438387156,0.05941096320748329,0.4653173089027405,0.08019158989191055,0.23143690824508667,0.03214528411626816,0.019639495760202408,0.9721203446388245
956.379293,252359854,1.0,0.010904023423790932,0.005699902772903442,0.001759800361469388,0.060178983956575394,0.4638219475746155,0.08802982419729233,0.23079954087734222,0.03589541092514992,0.019142745062708855,0.9721505045890808
956.385318,252365879,1.0,0.010898957960307598,0.005473311524838209,0.0015154520515352488,0.06174778193235397,0.4608519375324249,0.09588771313428879,0.2294614166021347,0.03959440812468529,0.0190779659897089,0.9723249077796936
956.389295,252369856,1.0,0.010913676582276821,0.005301372148096561,0.0013487490359693766,0.06350459903478622,0.45759275555610657,0.10116001963615417,0.22796444594860077,0.042024899274110794,0.019418949261307716,0.9725682735443115
956.3952959999999,252375856,1.0,0.010937956161797047,0.005034830886870623,0.0010947698028758168,0.0664963349699974,0.4521884322166443,0.10937883704900742,0.22548483312129974,0.04580071195960045,0.020100576803088188,0.9729619026184082
956.4012869999999,252381847,1.0,0.010960839688777924,0.00475046643987298,0.0008470226894132793,0.07002435624599457,0.4456751048564911,0.11758097261190414,0.22248679399490356,0.04954603314399719,0.021103385835886,0.9734472036361694
956.409356,252389917,1.0,0.011129496619105339,0.004345678724348545,0.00039128493517637253,0.07556282728910446,0.4350380301475525,0.12845389544963837,0.21757632493972778,0.05449088662862778,0.022965043783187866,0.9742504358291626
956.417293,252397834,1.0,0.011179433204233646,0.003925282042473555,1.3379991287365556e-05,0.08172738552093506,0.4226278066635132,0.13906283676624298,0.21183836460113525,0.0593254454433918,0.02528715319931507,0.975174605846405
956.4232939999999,252403835,1.0,0.011168040335178375,0.0035918126814067364,-0.0002597472630441189,0.08702723681926727,0.41240620613098145,0.14711911976337433,0.2071271687746048,0.06298592686653137,0.027430091053247452,0.9758989214897156
956.427294,252407835,1.0,0.011151192709803581,0.003370551858097315,-0.0004399003810249269,0.09071790426969528,0.40506765246391296,0.1524205207824707,0.203743577003479,0.06540913879871368,0.028988400474190712,0.9764066338539124
956.4332929999999,252413833,1.0,0.011116051115095615,0.0030387809965759516,-0.0006801215349696577,0.09619026631116867,0.39367762207984924,0.16009196639060974,0.1984885334968567,0.06895354390144348,0.03137744218111038,0.977171003818512
956.439319,252419860,1.0,0.011058788746595383,0.002694476628676057,-0.0009145612129941583,0.10183898359537125,0.3814179301261902,0.1677965223789215,0.1928313672542572,0.07255999743938446,0.03393484279513359,0.9779568314552307
956.445339,252425880,1.0,0.010931121185421944,0.0023415398318320513,-0.0010719551937654614,0.10713189095258713,0.3688334822654724,0.17535847425460815,0.18701565265655518,0.07617848366498947,0.03639588877558708,0.9787222743034363
956.451295,252431836,1.0,0.010866561904549599,0.001980047207325697,-0.0013559549115598202,0.11234661936759949,0.3557847738265991,0.1829395294189453,0.18098528683185577,0.07986555993556976,0.03888872638344765,0.979465901851654
956.459296,252439837,1.0,0.010718202218413353,0.0014513643691316247,-0.001730548101477325,0.11829572916030884,0.3380356431007385,0.1930978000164032,0.17275531589984894,0.08496175706386566,0.041812337934970856,0.980402410030365
956.4632949999999,252443835,1.0,0.010631561279296875,0.0011725245276466012,-0.0019373309332877398,0.12078419327735901,0.329386442899704,0.19810596108436584,0.1687365025281906,0.08752837032079697,0.04306325688958168,0.9808222651481628
956.4713419999999,252451882,1.0,0.010544323362410069,0.0005753262666985393,-0.002593470038846135,0.1242382600903511,0.313140332698822,0.2079959213733673,0.16115528345108032,0.09271521121263504,0.04483243077993393,0.981541097164154
956.477316,252457857,1.0,0.010395582765340805,0.00010580233356449753,-0.0029594190418720245,0.12576211988925934,0.3015902042388916,0.2154114544391632,0.155737042427063,0.0966823399066925,0.0456496886909008,0.9819952249526978
956.4833,252463841,1.0,0.010262781754136086,-0.00037072639679536223,-0.0034032240509986877,0.126435786485672,0.2904370129108429,0.2227601855993271,0.1504727602005005,0.10067488998174667,0.046071261167526245,0.9823949933052063
956.4893069999999,252469847,1.0,0.010043911635875702,-0.0008698383462615311,-0.0036600788589566946,0.1255751997232437,0.2806810736656189,0.22981517016887665,0.14580748975276947,0.10458484292030334,0.045713379979133606,0.9827067255973816
956.4952949999999,252475836,1.0,0.009890362620353699,-0.001354056061245501,-0.004144445993006229,0.12444520741701126,0.2708049416542053,0.23690862953662872,0.1410650759935379,0.10853409022092819,0.0452597513794899,0.982991635799408
956.5012929999999,252481833,1.0,0.009691305458545685,-0.0018362348200753331,-0.004556676838546991,0.1222018152475357,0.2619244158267975,0.2439834624528885,0.13674286007881165,0.11250734329223633,0.04422853887081146,0.9832025766372681
956.5052989999999,252485839,1.0,0.009602147154510021,-0.0021453334484249353,-0.004979947116225958,0.120426245033741,0.25635212659835815,0.24872653186321259,0.13401158154010773,0.1151697188615799,0.04339504987001419,0.9833075404167175
956.5112919999999,252491832,1.0,0.00948238093405962,-0.0025599398650228977,-0.005682975985109806,0.11722669750452042,0.24899929761886597,0.2556983530521393,0.13036444783210754,0.11908207833766937,0.041846293956041336,0.9833989143371582
956.5153009999999,252495841,1.0,0.00936343614012003,-0.0028356576804071665,-0.006066047586500645,0.1150355190038681,0.24411343038082123,0.26043885946273804,0.12793253362178802,0.12173263728618622,0.040791478008031845,0.9834380745887756
956.521303,252501844,1.0,0.009175464510917664,-0.00323660159483552,-0.006637986283749342,0.11161203682422638,0.23718561232089996,0.2675250768661499,0.12446198612451553,0.1256808042526245,0.0391361340880394,0.9834540486335754
956.527298,252507839,1.0,0.008991179056465626,-0.003639618633314967,-0.007247435860335827,0.10813450813293457,0.23081572353839874,0.27447566390037537,0.12124647945165634,0.12953439354896545,0.03744609281420708,0.9834215641021729
956.5332989999999,252513840,1.0,0.008779850788414478,-0.004028987605124712,-0.0077885971404612064,0.10476011037826538,0.22503218054771423,0.28109678626060486,0.1183072030544281,0.1331888884305954,0.035804908722639084,0.9833524823188782
956.5393009999999,252519841,1.0,0.008555823005735874,-0.0044149733148515224,-0.008303003385663033,0.10147391259670258,0.21961800754070282,0.2878272235393524,0.11554563045501709,0.13686977326869965,0.03419195115566254,0.9832327961921692
956.5432969999999,252523837,1.0,0.008402149192988873,-0.004668429493904114,-0.008639078587293625,0.099319688975811,0.2163819819688797,0.292306512594223,0.11388402432203293,0.13930056989192963,0.03311694413423538,0.9831221103668213
956.549305,252529846,1.0,0.008144290186464787,-0.005064111202955246,-0.00906903576105833,0.09630050510168076,0.21218189597129822,0.298880934715271,0.11171624809503555,0.14283622801303864,0.03158015012741089,0.9829140305519104
956.5533009999999,252533841,1.0,0.008000912144780159,-0.00531566608697176,-0.009444761089980602,0.09417062997817993,0.20953866839408875,0.3034176528453827,0.1103363037109375,0.1452665776014328,0.0304851196706295,0.98274827003479
956.557299,252537840,1.0,0.00780582707375288,-0.005571932531893253,-0.009666629135608673,0.09206200391054153,0.20795714855194092,0.3079477846622467,0.10947375744581223,0.1476568877696991,0.02932356484234333,0.9825237989425659
956.5633019999999,252543842,1.0,0.007558583747595549,-0.005928350612521172,-0.010144357569515705,0.08873175829648972,0.20491687953472137,0.31457069516181946,0.10782799869775772,0.1511826515197754,0.02756911888718605,0.9822203516960144
956.569345,252549886,1.0,0.007331338245421648,-0.006260659545660019,-0.010672125034034252,0.08543997257947922,0.2035437375307083,0.3208748698234558,0.10698716342449188,0.15449529886245728,0.025725187733769417,0.981846809387207
956.575294,252555835,1.0,0.007087910547852516,-0.006552340462803841,-0.011091272346675396,0.08189896494150162,0.2007894217967987,0.3271836042404175,0.10543882101774216,0.15785890817642212,0.02387862093746662,0.9815258979797363
956.579304,252559845,1.0,0.006925183814018965,-0.006745168473571539,-0.011361776851117611,0.07948075979948044,0.19886623322963715,0.3314496874809265,0.10435372591018677,0.16013291478157043,0.02262876182794571,0.9813030362129211
956.585292,252565833,0.97,0.006689453963190317,-0.006980482023209333,-0.011727279052138329,0.07591460645198822,0.1960206776857376,0.3376770615577698,0.10273871570825577,0.16345004737377167,0.0207978468388319,0.9809670448303223
956.5893,252569841,0.97,0.006539075635373592,-0.007116558495908976,-0.011993130668997765,0.07325848191976547,0.1967666894197464,0.3422766923904419,0.1029314249753952,0.16582240164279938,0.019194716587662697,0.9805812835693359
956.59331,252573851,0.97,0.006385380867868662,-0.007251185830682516,-0.012262914329767227,0.07062893360853195,0.19817782938480377,0.34698978066444397,0.10344596952199936,0.1682315617799759,0.01753980480134487,0.980147659778595
956.597319,252577860,0.97,0.006228573154658079,-0.007385074160993099,-0.01253546867519617,0.06794127076864243,0.19991591572761536,0.3517175614833832,0.10410825908184052,0.1706429421901703,0.01582450233399868,0.9796897768974304
956.6012999999999,252581840,0.97,0.006071452517062426,-0.007520642131567001,-0.01280695665627718,0.06520771980285645,0.20174367725849152,0.3563718795776367,0.10480223596096039,0.1730191558599472,0.014079679735004902,0.9792255163192749
956.6072909999999,252587831,0.91,0.00587229011580348,-0.007813571952283382,-0.013323000632226467,0.060941681265830994,0.2042296975851059,0.3630751073360443,0.10568758100271225,0.17646361887454987,0.011413928121328354,0.9785501956939697
956.6112939999999,252591834,0.91,0.0057316855527460575,-0.007987048476934433,-0.013584017753601074,0.05799536406993866,0.20636461675167084,0.3675832152366638,0.10649266093969345,0.1787741631269455,0.009537594392895699,0.9780634641647339
956.615291,252595832,0.91,0.0055872248485684395,-0.00816541537642479,-0.013838683255016804,0.05502710118889809,0.20866599678993225,0.3720442056655884,0.10736871510744095,0.18106018006801605,0.007634233683347702,0.977563738822937
956.619293,252599834,0.91,0.005412774160504341,-0.008378550410270691,-0.014139631763100624,0.05207611992955208,0.21094416081905365,0.37651458382606506,0.10822686553001404,0.18335174024105072,0.005737448111176491,0.9770548343658447
956.6252949999999,252605837,0.91,0.0051851533353328705,-0.008650042116641998,-0.01448051817715168,0.04813121259212494,0.21435055136680603,0.383021742105484,0.10953813791275024,0.18666842579841614,0.0031327398028224707,0.9762921929359436
956.629333,252609876,1.0,0.005041395779699087,-0.008852368220686913,-0.014713984914124012,0.04580283164978027,0.2160576730966568,0.38724708557128906,0.11015685647726059,0.18882128596305847,0.0015998798189684749,0.9758121967315674
956.6352949999999,252615837,1.0,0.004872817080467939,-0.009108202531933784,-0.014985998161137104,0.042750801891088486,0.21850964426994324,0.3934411406517029,0.11106282472610474,0.19195885956287384,-0.0004704339662566781,0.9750982522964478
956.641315,252621858,1.0,0.0047154733911156654,-0.009350688196718693,-0.015231539495289326,0.040171168744564056,0.22065211832523346,0.39949318766593933,0.11185234040021896,0.19500748813152313,-0.0022769973147660494,0.9744002819061279
956.647301,252627844,1.0,0.004649394191801548,-0.009558302350342274,-0.015422455035150051,0.038143355399370193,0.22177255153656006,0.40507060289382935,0.11219010502099991,0.19781449437141418,-0.0036894402001053095,0.9737911224365234
956.653297,252633840,1.0,0.00449291942641139,-0.009797118604183197,-0.015681665390729904,0.03619488328695297,0.22331814467906952,0.41062813997268677,0.11273546516895294,0.20059776306152344,-0.005107413046061993,0.9731521606445312
956.6592929999999,252639835,1.0,0.004487571306526661,-0.009965086355805397,-0.015826987102627754,0.034954916685819626,0.22427918016910553,0.41573312878608704,0.11306309700012207,0.20313169062137604,-0.006097617093473673,0.9725826978683472
956.6652939999999,252645836,1.0,0.004441204480826855,-0.010138802230358124,-0.015985378995537758,0.03378509730100632,0.22540226578712463,0.4210721552371979,0.11347143352031708,0.20577099919319153,-0.007085607852786779,0.9719734191894531
956.6692929999999,252649835,1.0,0.004360896069556475,-0.010283569805324078,-0.016168873757123947,0.033252064138650894,0.22572149336338043,0.42471614480018616,0.11355797946453094,0.20756544172763824,-0.007585002109408379,0.9715779423713684
956.675294,252655837,1.0,0.004328083246946335,-0.010457342490553856,-0.01635672338306904,0.03214612975716591,0.2271907478570938,0.4305506646633148,0.11413170397281647,0.21043245494365692,-0.008610364980995655,0.970885157585144
956.6832969999999,252663839,1.0,0.004250616300851107,-0.010691780596971512,-0.016600709408521652,0.030372390523552895,0.22912763059139252,0.4386363923549652,0.1148444339632988,0.21441875398159027,-0.010142935439944267,0.96991366147995
956.689299,252669842,1.0,0.004354268778115511,-0.010836184956133366,-0.016775622963905334,0.028821181505918503,0.22964982688426971,0.44478410482406616,0.11489693820476532,0.21747785806655884,-0.011305278167128563,0.9692132472991943
956.695295,252675838,1.0,0.004330511670559645,-0.011000622995197773,-0.01695650815963745,0.02723781019449234,0.2303651124238968,0.45089030265808105,0.11503347009420395,0.22051291167736053,-0.012502752244472504,0.9684962630271912
956.701294,252681837,1.0,0.004405435174703598,-0.011144398711621761,-0.01712791621685028,0.025822173804044724,0.23062314093112946,0.45699840784072876,0.11496131867170334,0.223546102643013,-0.013568262569606304,0.9677948951721191
956.707335,252687878,1.0,0.004290881101042032,-0.011325552128255367,-0.01729556731879711,0.024591242894530296,0.23054102063179016,0.4632541239261627,0.11473915725946426,0.2266443818807602,-0.014513567090034485,0.967086672782898
956.7132929999999,252693835,1.0,0.004277037922292948,-0.011501453816890717,-0.017458291724324226,0.02372276969254017,0.23016875982284546,0.46949389576911926,0.11441383510828018,0.22971735894680023,-0.015247853472828865,0.9663885831832886
956.719292,252699835,1.0,0.0041906810365617275,-0.011685283854603767,-0.017606627196073532,0.023028912022709846,0.2298687845468521,0.4757884740829468,0.11413977295160294,0.2328031063079834,-0.01590758189558983,0.9656716585159302
956.7233,252703843,1.0,0.004246478900313377,-0.011816561222076416,-0.01772480458021164,0.022832732647657394,0.22950828075408936,0.4800845980644226,0.11390843987464905,0.23489497601985931,-0.016204601153731346,0.9651873707771301
956.7293599999999,252709902,1.0,0.004199347458779812,-0.01202145591378212,-0.017888884991407394,0.022294046357274055,0.22891061007976532,0.4866049289703369,0.1135028600692749,0.23808249831199646,-0.016763746738433838,0.9644442796707153
956.7372959999999,252717838,1.0,0.004177517723292112,-0.01231397781521082,-0.018132081255316734,0.02143615297973156,0.22810855507850647,0.4951487183570862,0.11294019222259521,0.2422642856836319,-0.01756361685693264,0.9634542465209961
956.7453079999999,252725850,1.0,0.0041289604268968105,-0.012618673034012318,-0.01837780885398388,0.019894447177648544,0.22763653099536896,0.5035297870635986,0.11244869232177734,0.24639542400836945,-0.018719961866736412,0.9624417424201965
956.753296,252733839,1.0,0.00400764774531126,-0.012920165434479713,-0.0186021588742733,0.017878513783216476,0.22727766633033752,0.5117583870887756,0.11194589734077454,0.25047293305397034,-0.020106222480535507,0.9614193439483643
956.7592999999999,252739842,1.0,0.00410890718922019,-0.01315344963222742,-0.018822813406586647,0.014744949527084827,0.2277521938085556,0.5176763534545898,0.11171671003103256,0.2534830570220947,-0.022003047168254852,0.9606152176856995
956.767298,252747841,1.0,0.003949566278606653,-0.013443625532090664,-0.019064519554376602,0.010805308818817139,0.22824738919734955,0.5257846117019653,0.11135687679052353,0.25758621096611023,-0.024410007521510124,0.9595066905021667
956.773342,252753885,0.87,0.003902105148881674,-0.013656431809067726,-0.019256936386227608,0.0069601391442120075,0.22748227417469025,0.5311529636383057,0.11042386293411255,0.26038694381713867,-0.02645226940512657,0.958804190158844
956.781305,252761848,0.87,0.0038498907815665007,-0.013936716131865978,-0.019499395042657852,0.002391391433775425,0.2258862555027008,0.5382116436958313,0.10896265506744385,0.26404550671577454,-0.028818998485803604,0.957902193069458
956.789308,252769851,1.0,0.0040765125304460526,-0.014301667921245098,-0.019788550212979317,-0.0016311490908265114,0.22429153323173523,0.5448045134544373,0.10756631195545197,0.26744362711906433,-0.030889710411429405,0.9570523500442505
956.79531,252775853,1.0,0.004069346468895674,-0.01451276708394289,-0.0199813824146986,-0.004261727910488844,0.22291621565818787,0.5496234893798828,0.10647891461849213,0.26990944147109985,-0.032221440225839615,0.9564376473426819
956.803314,252783857,1.0,0.004122098907828331,-0.014820272102952003,-0.02025516703724861,-0.007173195015639067,0.22138018906116486,0.5554860234260559,0.10525278747081757,0.27288714051246643,-0.03371555730700493,0.9556765556335449
956.807292,252787835,1.0,0.003918647300451994,-0.014915685169398785,-0.020372530445456505,-0.00835525244474411,0.2206268161535263,0.5581311583518982,0.10468610376119614,0.2742229104042053,-0.03431638330221176,0.9553350210189819
956.8132919999999,252793834,1.0,0.0038694371469318867,-0.015166518278419971,-0.020616227760910988,-0.01011959183961153,0.21983221173286438,0.5617266893386841,0.10400129854679108,0.27604228258132935,-0.03523759916424751,0.9548521637916565
956.817291,252797834,1.0,0.0038304771296679974,-0.015317527577280998,-0.020771613344550133,-0.011233378201723099,0.21939677000045776,0.5640143752098083,0.1035986840724945,0.27719762921333313,-0.03582801669836044,0.9545392394065857
956.821299,252801842,1.0,0.003796869423240423,-0.015494721941649914,-0.020949944853782654,-0.01210950966924429,0.21988040208816528,0.5655608773231506,0.10368003696203232,0.2779749929904938,-0.03639307618141174,0.9542829394340515
956.8272979999999,252807840,1.0,0.0037451048847287893,-0.01576489396393299,-0.02122066169977188,-0.013620613142848015,0.22001293301582336,0.5681804418563843,0.10348451882600784,0.279301255941391,-0.037267979234457016,0.9538830518722534
956.831298,252811841,1.0,0.0037029762752354145,-0.015967560932040215,-0.021431731060147285,-0.014371455647051334,0.22044241428375244,0.5696144700050354,0.1035575345158577,0.2800188362598419,-0.03776000812649727,0.9536453485488892
956.8372969999999,252817805,1.0,0.00361231854185462,-0.016271701082587242,-0.021748732775449753,-0.016017582267522812,0.22101284563541412,0.5714321136474609,0.10356400907039642,0.28096383810043335,-0.03871844708919525,0.9533282518386841
956.8432929999999,252823801,1.0,0.0035172849893569946,-0.01658204011619091,-0.0220620259642601,-0.017916414886713028,0.2216137796640396,0.5729141235351562,0.10355434566736221,0.2817615568637848,-0.039784159511327744,0.953049898147583
956.8472949999999,252827803,1.0,0.003428202122449875,-0.016849800944328308,-0.022333603352308273,-0.01921027898788452,0.22207024693489075,0.5737152099609375,0.10357347875833511,0.28220513463020325,-0.04050605744123459,0.952886164188385
956.851292,252831801,1.0,0.003356810426339507,-0.017045851796865463,-0.02252148650586605,-0.02073953114449978,0.22230775654315948,0.5744177103042603,0.10345639288425446,0.28261634707450867,-0.041304249316453934,0.9527427554130554
956.8553089999999,252835817,1.0,0.00326938577927649,-0.01727338507771492,-0.022731773555278778,-0.022686153650283813,0.22224098443984985,0.5748169422149658,0.10314101725816727,0.28290778398513794,-0.04224277660250664,0.9526492953300476
956.8612919999999,252841800,1.0,0.0031378502026200294,-0.01761278696358204,-0.02303438074886799,-0.025741759687662125,0.22198206186294556,0.5753551125526428,0.10257348418235779,0.28332382440567017,-0.04368949681520462,0.9525216817855835
956.865319,252845828,1.0,0.0030622826889157295,-0.017812108621001244,-0.02319551445543766,-0.02792314440011978,0.22165752947330475,0.5756006240844727,0.10210422426462173,0.28355538845062256,-0.044695399701595306,0.952456533908844
956.8712919999999,252851800,1.0,0.0029112831689417362,-0.01814274862408638,-0.02343190647661686,-0.031590890139341354,0.22034360468387604,0.5755298733711243,0.10095933824777603,0.28371912240982056,-0.046254221349954605,0.9524553418159485
956.875291,252855800,1.0,0.0028235281351953745,-0.0183558352291584,-0.023574214428663254,-0.03414406254887581,0.21899156272411346,0.5752080678939819,0.0999600812792778,0.283704549074173,-0.047264523804187775,0.9525154829025269
956.8793,252859809,1.0,0.0027364485431462526,-0.018564913421869278,-0.023706158623099327,-0.03676724433898926,0.21721024811267853,0.5746967196464539,0.09875086694955826,0.2836037278175354,-0.04823916032910347,0.9526227712631226
956.885315,252865824,1.0,0.002631416777148843,-0.018827306106686592,-0.02384323813021183,-0.04068450257182121,0.21418359875679016,0.5739911198616028,0.09676924347877502,0.2834773063659668,-0.049647632986307144,0.9527913928031921
956.889293,252869802,1.0,0.0025367094203829765,-0.019034279510378838,-0.023916924372315407,-0.043330322951078415,0.21109634637832642,0.5729678869247437,0.09494715929031372,0.28313198685646057,-0.050428491085767746,0.953036367893219
956.8933119999999,252873820,1.0,0.0024518913123756647,-0.01922653429210186,-0.023986810818314552,-0.04594722017645836,0.20821137726306915,0.572048008441925,0.09322347491979599,0.28282859921455383,-0.05123062804341316,0.9532538056373596
956.897296,252877805,1.0,0.00236673466861248,-0.019417015835642815,-0.024049442261457443,-0.04851214587688446,0.2051955610513687,0.5710286498069763,0.0914476215839386,0.2824709415435791,-0.05198706313967705,0.9534908533096313
956.901292,252881801,1.0,0.0022803095635026693,-0.019607586786150932,-0.024106690660119057,-0.051062509417533875,0.20207469165325165,0.569927453994751,0.08962623029947281,0.2820688784122467,-0.052720364183187485,0.9537425637245178
956.905302,252885811,1.0,0.0022037646267563105,-0.01976984739303589,-0.02413875423371792,-0.05344199016690254,0.1988021582365036,0.568943440914154,0.0877537652850151,0.2817102372646332,-0.0533585399389267,0.9539871215820312
956.90729,252887799,1.0,0.002160621341317892,-0.019854018464684486,-0.02415458858013153,-0.054670944809913635,0.19718152284622192,0.5683602094650269,0.0868220403790474,0.28148719668388367,-0.05369529873132706,0.9541193246841431
956.911292,252891801,1.0,0.0020740502513945103,-0.020023144781589508,-0.024185115471482277,-0.05710573121905327,0.19385001063346863,0.5671765208244324,0.0849195048213005,0.28102803230285645,-0.054346393793821335,0.9543890357017517
956.91329,252893799,1.0,0.0020310119725763798,-0.020107677206397057,-0.02419952303171158,-0.05831323191523552,0.1921529769897461,0.566571056842804,0.08395522087812424,0.28078949451446533,-0.05466325953602791,0.954526424407959
956.917291,252897800,1.0,0.0019541599322110415,-0.020270459353923798,-0.024231620132923126,-0.0607093945145607,0.1886947751045227,0.565367579460144,0.08199873566627502,0.2803111672401428,-0.0552813857793808,0.9548014402389526
956.921292,252901801,1.0,0.0018597383750602603,-0.02045297808945179,-0.024256259202957153,-0.0630890503525734,0.1849946677684784,0.5641442537307739,0.07992981374263763,0.27981671690940857,-0.05586020648479462,0.955088198184967
956.923291,252903800,1.0,0.0018261056393384933,-0.020535290241241455,-0.02427484840154648,-0.06427868455648422,0.18312083184719086,0.5635402202606201,0.07888393104076385,0.27957090735435486,-0.056147586554288864,0.9552302956581116
956.9273009999999,252907810,1.0,0.0017389311688020825,-0.02071637101471424,-0.024304745718836784,-0.06639443337917328,0.17933008074760437,0.562580406665802,0.07680156826972961,0.27918314933776855,-0.0566021129488945,0.955486536026001
956.931293,252911802,1.0,0.00165146728977561,-0.020890844985842705,-0.02432696707546711,-0.06872990727424622,0.17539294064044952,0.5613996386528015,0.0746249258518219,0.2786920964717865,-0.05713554471731186,0.9557705521583557
956.9332899999999,252913799,1.0,0.0016076198080554605,-0.02098075859248638,-0.02433914877474308,-0.06988732516765594,0.17337393760681152,0.560806393623352,0.07351408898830414,0.27844226360321045,-0.057391367852687836,0.9559141397476196
956.93729,252917799,1.0,0.001518990844488144,-0.021167440339922905,-0.024366486817598343,-0.07219935208559036,0.16925814747810364,0.5596257448196411,0.07125560194253922,0.27794021368026733,-0.05789337679743767,0.9562009572982788
956.941292,252921801,1.0,0.0014263330958783627,-0.021360496059060097,-0.024400752037763596,-0.0744808092713356,0.16518144309520721,0.5584976673126221,0.06901881843805313,0.2774561941623688,-0.05839069187641144,0.9564753174781799
956.9433009999999,252923809,1.0,0.0013701076386496425,-0.021452995017170906,-0.024394690990447998,-0.07532236725091934,0.16328991949558258,0.5581828951835632,0.0680050477385521,0.2773219048976898,-0.058525633066892624,0.9565786123275757
956.947289,252927798,1.0,0.0012752505717799067,-0.02165170945227146,-0.02440849505364895,-0.0775008276104927,0.1591702699661255,0.5570430755615234,0.06576257944107056,0.27681973576545715,-0.058971062302589417,0.956853449344635
956.951289,252931798,1.0,0.0011931469198316336,-0.02185875177383423,-0.024464076384902,-0.07968254387378693,0.1550503671169281,0.5559085607528687,0.06351962685585022,0.2763141691684723,-0.05942083150148392,0.9571232199668884
956.9532949999999,252933803,1.0,0.0011327291140332818,-0.021973397582769394,-0.024460723623633385,-0.08079573512077332,0.1529490351676941,0.5552789568901062,0.06237718462944031,0.27602964639663696,-0.05964985489845276,0.9572662115097046
956.9572919999999,252937800,1.0,0.0010274766245856881,-0.022196540609002113,-0.024490613490343094,-0.08288345485925674,0.14895442128181458,0.5541328191757202,0.0602080337703228,0.27550777792930603,-0.060075175017118454,0.957528829574585
956.959291,252939800,1.0,0.0009727831929922104,-0.022310690954327583,-0.024508776143193245,-0.08388543128967285,0.14701198041439056,0.5535582304000854,0.05915569141507149,0.2752433717250824,-0.06027607619762421,0.9576578140258789
956.963298,252943807,1.0,0.0008659918676130474,-0.022546866908669472,-0.024572638794779778,-0.0858309268951416,0.1432272046804428,0.5524314641952515,0.05710659548640251,0.2747207283973694,-0.060665830969810486,0.9579076170921326
956.967306,252947815,1.0,0.0007652719505131245,-0.022788871079683304,-0.024642935022711754,-0.08751480281352997,0.1397717446088791,0.551519513130188,0.055245138704776764,0.27429258823394775,-0.06098271161317825,0.9581193327903748
956.969292,252949801,1.0,0.0007050601998344064,-0.022910045459866524,-0.02466406486928463,-0.08841098845005035,0.1380826234817505,0.5509787797927856,0.054328158497810364,0.2740383744239807,-0.06117066368460655,0.9582325220108032
956.973293,252953802,1.0,0.0005798257188871503,-0.0231583584100008,-0.024714108556509018,-0.09015130996704102,0.1348603069782257,0.5498748421669006,0.05257708579301834,0.2735167145729065,-0.061543408781290054,0.9584553837776184
956.9772919999999,252957800,1.0,0.0004489599377848208,-0.023411286994814873,-0.024773120880126953,-0.09178780019283295,0.1318780779838562,0.5487600564956665,0.0509561263024807,0.2729865610599518,-0.06190013885498047,0.9586710333824158
956.979294,252959803,1.0,0.0003811067726928741,-0.023539328947663307,-0.024806048721075058,-0.09256225824356079,0.1304822862148285,0.5482041239738464,0.05019747093319893,0.27272117137908936,-0.06207095831632614,0.9587755799293518
956.983293,252963802,1.0,0.00023275503190234303,-0.023786310106515884,-0.024838455021381378,-0.09383620321750641,0.12797829508781433,0.5472010374069214,0.04885256290435791,0.2722375988960266,-0.06232300400733948,0.958966076374054
956.987297,252967806,1.0,6.82999161654152e-05,-0.02402491308748722,-0.02487184666097164,-0.09505478292703629,0.12568490207195282,0.5460084080696106,0.04762249067425728,0.2716626524925232,-0.06257335096597672,0.9591746926307678
956.993292,252973801,1.0,-0.00017701108299661428,-0.024397531524300575,-0.024984940886497498,-0.09653741121292114,0.12261360138654709,0.5440362095832825,0.04600762203335762,0.27070629596710205,-0.06283070147037506,0.9595069885253906
956.995292,252975801,1.0,-0.0002531126665417105,-0.02453092485666275,-0.025058116763830185,-0.09699245542287827,0.12164092063903809,0.5433487296104431,0.04550023004412651,0.270372211933136,-0.0629044845700264,0.9596205353736877
956.999292,252979801,1.0,-0.00043548221583478153,-0.024783235043287277,-0.02514994703233242,-0.09751857817173004,0.12037399411201477,0.5415084958076477,0.04487815499305725,0.2694816291332245,-0.06294798105955124,0.9598974585533142
957.0033109999999,252983819,1.0,-0.000621820508968085,-0.02502986416220665,-0.02529737912118435,-0.09779553860425949,0.1193014606833458,0.5395186543464661,0.0443878248333931,0.26851603388786316,-0.0628952905535698,0.9601942896842957
957.007294,252987803,1.0,-0.0008227902580983937,-0.025272617116570473,-0.0254104882478714,-0.09818793833255768,0.11832011491060257,0.5373250842094421,0.04393225908279419,0.2674560248851776,-0.06290653347969055,0.96051025390625
957.009291,252989800,1.0,-0.0009262299281544983,-0.025394216179847717,-0.025471415370702744,-0.09835369884967804,0.11798326671123505,0.5361769795417786,0.04378418251872063,0.266902893781662,-0.06291691213846207,0.9606702327728271
957.013293,252993802,1.0,-0.0011396086774766445,-0.025636810809373856,-0.02560104988515377,-0.09861522167921066,0.11757277697324753,0.5337843298912048,0.043627120554447174,0.2657525837421417,-0.06293675303459167,0.9609948992729187
957.0152899999999,252995798,1.0,-0.0012387525057420135,-0.025770068168640137,-0.0256973709911108,-0.09873627871274948,0.11739098280668259,0.532581627368927,0.04356140270829201,0.26517438888549805,-0.06294509023427963,0.9611570239067078
957.019291,252999800,1.0,-0.0014498288510367274,-0.026022540405392647,-0.025866547599434853,-0.09891296178102493,0.11713901907205582,0.5300936698913574,0.04349502921104431,0.2639783024787903,-0.062943235039711,0.9614893794059753
957.02329,253003799,1.0,-0.0016682697460055351,-0.026263967156410217,-0.02605251409113407,-0.09886415302753448,0.11763332039117813,0.5274173617362976,0.0438237227499485,0.26269835233688354,-0.06292504072189331,0.9618261456489563
957.0252929999999,253005801,1.0,-0.0017734263092279434,-0.026388568803668022,-0.026160070672631264,-0.09880416840314865,0.11780671775341034,0.52610844373703,0.04395629093050957,0.26207032799720764,-0.06288973242044449,0.9619936943054199
957.0292929999999,253009801,1.0,-0.001988133415579796,-0.0266262236982584,-0.026338234543800354,-0.09853314608335495,0.11820811033248901,0.5233731269836426,0.044271036982536316,0.26075491309165955,-0.06275035440921783,0.9623457789421082
957.033289,253013798,1.0,-0.002208997728303075,-0.026844652369618416,-0.026445763185620308,-0.09817904978990555,0.11867767572402954,0.5203098654747009,0.04463938623666763,0.25928035378456116,-0.06257157772779465,0.9627386927604675
957.0352909999999,253015799,1.0,-0.002311228308826685,-0.02696242183446884,-0.026551613584160805,-0.09798958152532578,0.11892568320035934,0.5187885761260986,0.0448310561478138,0.25854769349098206,-0.06247774139046669,0.9629329442977905
957.0392899999999,253019798,1.0,-0.0025243887212127447,-0.02717314474284649,-0.026700137183070183,-0.09723788499832153,0.11969373375177383,0.5155515074729919,0.04539922624826431,0.25698408484458923,-0.06213955581188202,0.9633466601371765
957.043291,253023843,1.0,-0.0027545499615371227,-0.027356570586562157,-0.026708640158176422,-0.09609050303697586,0.12038172781467438,0.5121397376060486,0.0459836907684803,0.25532495975494385,-0.06159500777721405,0.9637949466705322
957.0452909999999,253025842,1.0,-0.0028607358690351248,-0.02745416946709156,-0.026771092787384987,-0.09538223594427109,0.1208253800868988,0.5103824734687805,0.04634207859635353,0.25446853041648865,-0.061268400400877,0.96402508020401
957.0492909999999,253029842,1.0,-0.0030720196664333344,-0.027643419802188873,-0.026897912845015526,-0.09373439848423004,0.12171679735183716,0.506740927696228,0.04709228500723839,0.252687931060791,-0.0604994110763073,0.9645055532455444
957.055297,253035849,1.0,-0.0033875722438097,-0.027916695922613144,-0.027089718729257584,-0.09062089025974274,0.12304004281759262,0.5009467005729675,0.04829590022563934,0.24983763694763184,-0.05902176350355148,0.9652798175811768
957.0592909999999,253039842,1.0,-0.0035913686733692884,-0.028096608817577362,-0.02726227417588234,-0.08814651519060135,0.12382549792528152,0.49690768122673035,0.04910147935152054,0.24783845245838165,-0.057824473828077316,0.9658268094062805
957.0632959999999,253043847,1.0,-0.003790270071476698,-0.028277643024921417,-0.027479693293571472,-0.08547522872686386,0.12446697801351547,0.49279382824897766,0.04985902085900307,0.24579374492168427,-0.05650980770587921,0.9663882255554199
957.0672959999999,253047848,1.0,-0.003990353550761938,-0.028453290462493896,-0.0276936125010252,-0.08273617923259735,0.12492405623197556,0.4887157380580902,0.05052928626537323,0.24375978112220764,-0.05513836070895195,0.966947615146637
957.073302,253053854,1.0,-0.00427602743729949,-0.028730131685733795,-0.02797742374241352,-0.07858742773532867,0.1252523809671402,0.4828297197818756,0.05135004222393036,0.24081112444400787,-0.05302075669169426,0.9677613377571106
957.0772949999999,253057846,1.0,-0.00448326813057065,-0.02889075130224228,-0.02809494361281395,-0.07585632055997849,0.12560546398162842,0.4790853261947632,0.05194667726755142,0.23893225193023682,-0.051643699407577515,0.9682695269584656
957.083314,253063866,1.0,-0.004799009300768375,-0.029123662039637566,-0.0282036904245615,-0.07177753001451492,0.12560498714447021,0.47371822595596313,0.05256671458482742,0.23622626066207886,-0.04952796548604965,0.9690102338790894
957.089301,253069853,1.0,-0.005093805491924286,-0.029323311522603035,-0.02833687886595726,-0.0677269697189331,0.12621676921844482,0.46892309188842773,0.05345583334565163,0.2338007241487503,-0.04750828444957733,0.9696508049964905
957.095294,253075846,1.0,-0.005404126364737749,-0.029514428228139877,-0.028513474389910698,-0.06353656947612762,0.12678249180316925,0.4640130400657654,0.05433177575469017,0.2313113659620285,-0.04540831595659256,0.9702995419502258
957.1012989999999,253081850,1.0,-0.005698639899492264,-0.02968437224626541,-0.028588412329554558,-0.05900460109114647,0.127455472946167,0.45918944478034973,0.05528683960437775,0.22885136306285858,-0.04315286874771118,0.9709316492080688
957.1073319999999,253087883,1.0,-0.006031154654920101,-0.029840681701898575,-0.02890579216182232,-0.05445833131670952,0.12780073285102844,0.4544826149940491,0.0560709685087204,0.22644133865833282,-0.040852755308151245,0.9715510606765747
957.113297,253093849,1.0,-0.006350015755742788,-0.02997259981930256,-0.029076306149363518,-0.04979719966650009,0.12856905162334442,0.4497014880180359,0.05706437677145004,0.22399042546749115,-0.03853782266378403,0.972155749797821
957.119297,253099849,1.0,-0.006682826206088066,-0.030098019167780876,-0.029267318546772003,-0.045247882604599,0.1294003576040268,0.4448187053203583,0.058066848665475845,0.22148901224136353,-0.03627661615610123,0.9727563261985779
957.127303,253107855,1.0,-0.0071123684756457806,-0.03023502789437771,-0.029472684487700462,-0.03994908556342125,0.13001003861427307,0.4378664493560791,0.05906721204519272,0.21795296669006348,-0.0335608534514904,0.9735919237136841
957.133296,253113848,1.0,-0.007434953469783068,-0.030354177579283714,-0.029611067846417427,-0.03685808554291725,0.12969046831130981,0.432585746049881,0.059332672506570816,0.21528925001621246,-0.03186514228582382,0.9742252230644226
957.1392969999999,253119849,1.0,-0.0077475388534367085,-0.03047148883342743,-0.029722910374403,-0.03423463553190231,0.12902112305164337,0.4272788465023041,0.059369564056396484,0.21262431144714355,-0.03035847097635269,0.9748561382293701
957.1453319999999,253125883,1.0,-0.008031729608774185,-0.030614566057920456,-0.029726684093475342,-0.032480161637067795,0.12778812646865845,0.42221176624298096,0.0590289942920208,0.21010008454322815,-0.029224025085568428,0.9754586219787598
957.151293,253131845,1.0,-0.008363790810108185,-0.03074353188276291,-0.029879428446292877,-0.03092583268880844,0.12653329968452454,0.4175912141799927,0.05864526331424713,0.20779873430728912,-0.028199927881360054,0.9760047197341919
957.157297,253137849,1.0,-0.008673219010233879,-0.03092406876385212,-0.02990991622209549,-0.030551107600331306,0.12488391995429993,0.4144391417503357,0.05792275816202164,0.20624762773513794,-0.027755994349718094,0.9763895273208618
957.1633049999999,253143856,1.0,-0.008986244909465313,-0.03107912838459015,-0.029963621869683266,-0.030301986262202263,0.12338587641716003,0.4119040071964264,0.05725158378481865,0.20500101149082184,-0.027408726513385773,0.9767013788223267
957.167324,253147876,1.0,-0.009242485277354717,-0.031167393550276756,-0.03012928180396557,-0.03047509491443634,0.12226075679063797,0.4106597602367401,0.056701187044382095,0.20439696311950684,-0.027343695983290672,0.9768618941307068
957.173292,253153844,1.0,-0.00959932990372181,-0.031317129731178284,-0.03027177043259144,-0.03045360930263996,0.1209852322936058,0.4096587002277374,0.0560937337577343,0.20390576124191284,-0.02717592939734459,0.9770042896270752
957.177299,253157851,1.0,-0.009839816950261593,-0.03141042962670326,-0.03035765513777733,-0.030388588085770607,0.12022916972637177,0.40938761830329895,0.0557345487177372,0.20377053320407867,-0.02706020697951317,0.9770562648773193
957.18331,253163862,1.0,-0.01020863652229309,-0.031562305986881256,-0.03047044575214386,-0.03020566515624523,0.11915629357099533,0.4093947410583496,0.05522875115275383,0.20376752316951752,-0.02686268277466297,0.9770910739898682
957.187296,253167848,1.0,-0.010468368418514729,-0.03167928382754326,-0.030619727447628975,-0.029872938990592957,0.11865445226430893,0.40960925817489624,0.05501452460885048,0.2038625031709671,-0.02665534056723118,0.9770890474319458
957.193317,253173869,1.0,-0.010847249068319798,-0.031807295978069305,-0.030792701989412308,-0.029219014570116997,0.11800707876682281,0.40988147258758545,0.05476120859384537,0.20397676527500153,-0.02627788856625557,0.9770896434783936
957.199293,253179845,1.0,-0.011225190944969654,-0.03192188963294029,-0.030957570299506187,-0.028406638652086258,0.11748819053173065,0.41003140807151794,0.05458853021264076,0.20402725040912628,-0.025832606479525566,0.9771006107330322
957.203319,253183871,1.0,-0.011467165313661098,-0.03196606785058975,-0.031039118766784668,-0.027846891433000565,0.11717831343412399,0.4100509285926819,0.05449393764138222,0.20402126014232635,-0.025528311729431152,0.9771151542663574
957.2093,253189852,1.0,-0.011781226843595505,-0.0320131853222847,-0.03117178939282894,-0.027017684653401375,0.1169213205575943,0.4099680781364441,0.05445396155118942,0.20395798981189728,-0.02509492263197899,0.977141797542572
957.2172979999999,253197849,1.0,-0.012210313230752945,-0.0320775993168354,-0.03134295716881752,-0.026248548179864883,0.11692135781049728,0.40993985533714294,0.05453276261687279,0.20392325520515442,-0.024718377739191055,0.9771542549133301
957.2253069999999,253205858,1.0,-0.012587293982505798,-0.03218432515859604,-0.03160044923424721,-0.02587970346212387,0.11851081997156143,0.4103665351867676,0.055341899394989014,0.20412218570709229,-0.024710847064852715,0.9770674109458923
957.2312969999999,253211848,1.0,-0.012860526330769062,-0.032185666263103485,-0.03173376992344856,-0.025497103109955788,0.12012740224599838,0.4105850160121918,0.05616823956370354,0.2042185664176941,-0.024693848565220833,0.9770005941390991
957.2372939999999,253217845,1.0,-0.013045419938862324,-0.03221973031759262,-0.03188236430287361,-0.025488315150141716,0.12287303060293198,0.4113914370536804,0.0575006827712059,0.20461231470108032,-0.02499101683497429,0.9768331050872803
957.243312,253223864,1.0,-0.013214637525379658,-0.03224942833185196,-0.0320567861199379,-0.025464391335844994,0.12608356773853302,0.41181260347366333,0.05906631425023079,0.20481687784194946,-0.025317737832665443,0.9766883850097656
957.2472919999999,253227843,1.0,-0.013340911827981472,-0.03223128989338875,-0.032190583646297455,-0.025543266907334328,0.12867411971092224,0.41210684180259705,0.0603199228644371,0.20496219396591187,-0.02562836743891239,0.9765731692314148
957.2512889999999,253231840,1.0,-0.013486071489751339,-0.0321999117732048,-0.03231098875403404,-0.025606583803892136,0.13138532638549805,0.4123513102531433,0.06163451075553894,0.20508238673210144,-0.02594245783984661,0.9764575958251953
957.253294,253233852,1.0,-0.013529901392757893,-0.03218764811754227,-0.032395415008068085,-0.025666670873761177,0.13301785290241241,0.4122869670391083,0.06242649629712105,0.20505203306674957,-0.02613583579659462,0.9764084815979004
957.257271,253237829,1.0,-0.013654069975018501,-0.03214966878294945,-0.03253160044550896,-0.025771059095859528,0.1362248808145523,0.41221168637275696,0.06398295611143112,0.20501664280891418,-0.02651047706604004,0.9763050675392151
957.261298,253241856,1.0,-0.013779754750430584,-0.032102152705192566,-0.032669078558683395,-0.025899037718772888,0.13975103199481964,0.41202014684677124,0.06569425016641617,0.20492465794086456,-0.026925042271614075,0.9761993885040283
957.263292,253243850,1.0,-0.013860553503036499,-0.03206788748502731,-0.03272194787859917,-0.025964632630348206,0.14159053564071655,0.41190555691719055,0.06658726185560226,0.2048693299293518,-0.02714008279144764,0.9761444926261902
957.267291,253247849,1.0,-0.014059207402169704,-0.03194884955883026,-0.03290984407067299,-0.026011846959590912,0.14544150233268738,0.4116347134113312,0.06846629828214645,0.2047349512577057,-0.027544811367988586,0.9760313630104065
957.2712929999999,253251850,1.0,-0.014202293008565903,-0.03186602517962456,-0.033100489526987076,-0.026151573285460472,0.1494537591934204,0.4114309847354889,0.07041352987289429,0.20463573932647705,-0.028012774884700775,0.9759002923965454
957.273291,253253849,1.0,-0.014272804372012615,-0.03182252496480942,-0.033194027841091156,-0.026217615231871605,0.1514681875705719,0.41135647892951965,0.07139113545417786,0.20459912717342377,-0.02824651077389717,0.9758302569389343
957.2772689999999,253257826,1.0,-0.014410555362701416,-0.03173273429274559,-0.03337579965591431,-0.02636466734111309,0.1554059386253357,0.4112647473812103,0.0732993483543396,0.20455414056777954,-0.028713839128613472,0.9756845235824585
957.281309,253261867,1.0,-0.0145337525755167,-0.031632330268621445,-0.03363171964883804,-0.026451490819454193,0.1589992344379425,0.4112343192100525,0.07504451274871826,0.20453687012195587,-0.029118912294507027,0.9755434989929199
957.2852889999999,253265846,1.0,-0.014682338573038578,-0.031540580093860626,-0.0337340384721756,-0.026616547256708145,0.16271620988845825,0.4112471044063568,0.07684113830327988,0.20454296469688416,-0.02957615815103054,0.9753885865211487
957.2892899999999,253269847,1.0,-0.014807416126132011,-0.03142739087343216,-0.03396293893456459,-0.026904013007879257,0.16505573689937592,0.4121992588043213,0.07793890684843063,0.20501407980918884,-0.029990216717123985,0.9751899242401123
957.293294,253273852,1.0,-0.014936008490622044,-0.03132222592830658,-0.03414051607251167,-0.027224084362387657,0.16750632226467133,0.4132114350795746,0.07908610254526138,0.20551545917987823,-0.03043481335043907,0.9749782085418701
957.297291,253277849,1.0,-0.015058930963277817,-0.03121863678097725,-0.03430946543812752,-0.027628768235445023,0.16955946385860443,0.4146021008491516,0.0800243690609932,0.20620538294315338,-0.030896397307515144,0.9747414588928223
957.301291,253281849,1.0,-0.015175886452198029,-0.0311161857098341,-0.034470442682504654,-0.02813738025724888,0.17124493420124054,0.4163149893283844,0.08076690882444382,0.2070571929216385,-0.031385280191898346,0.9744839668273926
957.305292,253285850,1.0,-0.015280622988939285,-0.031019369140267372,-0.034526776522397995,-0.02874424122273922,0.17235931754112244,0.4182959496974945,0.08121578395366669,0.20804466307163239,-0.03187546506524086,0.9742203950881958
957.3092939999999,253289851,1.0,-0.015367933548986912,-0.030917340889573097,-0.0346563421189785,-0.02953079715371132,0.173514723777771,0.4203576445579529,0.08166363090276718,0.20907863974571228,-0.03246156498789787,0.973942220211029
957.3132949999999,253293852,1.0,-0.01545045617967844,-0.030812978744506836,-0.034782592207193375,-0.030447544530034065,0.1744825690984726,0.4224582016468048,0.08200463652610779,0.21013720333576202,-0.03309408202767372,0.973664402961731
957.31729,253297848,1.0,-0.015541517175734043,-0.030712241306900978,-0.03486979752779007,-0.03143174946308136,0.1753551959991455,0.42456334829330444,0.08229079842567444,0.21120089292526245,-0.03375038877129555,0.9733875393867493
957.3213,253301858,1.0,-0.015612977556884289,-0.030598977580666542,-0.034988291561603546,-0.032611358910799026,0.17604036629199982,0.4265728294849396,0.0824652761220932,0.21222633123397827,-0.03447877615690231,0.9731242060661316
957.325296,253305854,1.0,-0.015703845769166946,-0.03049512393772602,-0.03503188118338585,-0.03386761620640755,0.17668767273426056,0.4284835457801819,0.08261347562074661,0.2132069319486618,-0.035236719995737076,0.9728700518608093
957.329317,253309875,1.0,-0.01577632501721382,-0.030357224866747856,-0.03514845669269562,-0.03518475219607353,0.17696818709373474,0.4304492473602295,0.0825742557644844,0.21421711146831512,-0.03598807379603386,0.9726239442825317
957.335294,253315852,1.0,-0.015876853838562965,-0.03012540377676487,-0.035308513790369034,-0.037313684821128845,0.17781364917755127,0.4330955445766449,0.082708440721035,0.2155912071466446,-0.03722207620739937,0.972262442111969
957.341293,253321851,1.0,-0.01597081683576107,-0.029897697269916534,-0.03546788915991783,-0.03958575800061226,0.17857682704925537,0.4358000159263611,0.08278272300958633,0.21699950098991394,-0.03851954638957977,0.971892237663269
957.3473009999999,253327858,1.0,-0.016088290140032768,-0.029558412730693817,-0.03567768260836601,-0.04193725436925888,0.1790846884250641,0.43858471512794495,0.08271913975477219,0.21844987571239471,-0.039831630885601044,0.9715197682380676
957.3512929999999,253331851,1.0,-0.01615947112441063,-0.029451334848999977,-0.035722408443689346,-0.043517712503671646,0.17947864532470703,0.440447598695755,0.08270011842250824,0.21942026913166046,-0.0407186821103096,0.9712659120559692
957.3572939999999,253337851,1.0,-0.01628892309963703,-0.02910701371729374,-0.03589754179120064,-0.045980073511600494,0.1789778470993042,0.4435045123100281,0.08212240785360336,0.22100546956062317,-0.04198606312274933,0.9709014892578125
957.363306,253343864,1.0,-0.016398852691054344,-0.028891507536172867,-0.03598249703645706,-0.048469725996255875,0.17789961397647858,0.4468400180339813,0.0812513530254364,0.2227242887020111,-0.043213266879320145,0.9705280661582947
957.369299,253349857,1.0,-0.016555195674300194,-0.028790054842829704,-0.03595130145549774,-0.05098782479763031,0.17618310451507568,0.4504021406173706,0.08005812764167786,0.22455023229122162,-0.044390369206666946,0.970153272151947
957.3752959999999,253355853,1.0,-0.016721781343221664,-0.02860265225172043,-0.03601393476128578,-0.05360637977719307,0.17386794090270996,0.4543449580669403,0.07855015993118286,0.22655954957008362,-0.04556070640683174,0.9697550535202026
957.383349,253363907,1.0,-0.016965989023447037,-0.028330756351351738,-0.03611236810684204,-0.057141728699207306,0.1704339236021042,0.4598475396633148,0.0763532742857933,0.22935107350349426,-0.04710407927632332,0.9692004323005676
957.389321,253369879,1.0,-0.01719777099788189,-0.028161630034446716,-0.03618115559220314,-0.05987994372844696,0.1677883267402649,0.46396076679229736,0.07465647161006927,0.23143532872200012,-0.048287615180015564,0.9687788486480713
957.3993079999999,253379865,1.0,-0.01752743124961853,-0.02793075330555439,-0.03626688942313194,-0.0646512359380722,0.16396956145763397,0.47055548429489136,0.07208627462387085,0.23478257656097412,-0.05040434002876282,0.9680599570274353
957.407387,253387945,1.0,-0.0176678579300642,-0.02784973941743374,-0.03624656796455383,-0.0686398595571518,0.16169889271259308,0.4755742847919464,0.07038652151823044,0.2373381108045578,-0.05225110054016113,0.9674637913703918
957.413329,253393887,1.0,-0.01782407984137535,-0.027754269540309906,-0.036241378635168076,-0.07172663509845734,0.16031795740127563,0.47905856370925903,0.06925776600837708,0.23912061750888824,-0.053704869002103806,0.9670265913009644
957.421335,253401893,1.0,-0.018018022179603577,-0.027636190876364708,-0.03623947128653526,-0.0760263204574585,0.15894168615341187,0.4835650324821472,0.06795165687799454,0.24143482744693756,-0.055776357650756836,0.9664267897605896
957.4273179999999,253407875,1.0,-0.0181791502982378,-0.02753988839685917,-0.036236848682165146,-0.07926028966903687,0.15819592773914337,0.4867548644542694,0.0671088844537735,0.24307812750339508,-0.05735829472541809,0.9659810662269592
957.4353219999999,253415879,1.0,-0.018393008038401604,-0.02739602141082287,-0.03618989884853363,-0.08337119966745377,0.15797565877437592,0.4906308948993683,0.06638747453689575,0.24508462846279144,-0.059446390718221664,0.9653975367546082
957.4432969999999,253423854,1.0,-0.018583757802844048,-0.027249803766608238,-0.03615542873740196,-0.0871703177690506,0.15789327025413513,0.4940599799156189,0.06577682495117188,0.24686400592327118,-0.06138315051794052,0.9648646116256714
957.451301,253431859,1.0,-0.018785126507282257,-0.027072837576270103,-0.03604863956570625,-0.09042631834745407,0.1583743542432785,0.49697789549827576,0.06551532447338104,0.24838389456272125,-0.06310725957155228,0.9643809795379639
957.457315,253437872,1.0,-0.018921570852398872,-0.026916077360510826,-0.03590315580368042,-0.09203451126813889,0.15910886228084564,0.4984569549560547,0.06562305986881256,0.24915872514247894,-0.06401988863945007,0.9641135931015015
957.465304,253445861,1.0,-0.019069325178861618,-0.02673572301864624,-0.03583775460720062,-0.094030000269413,0.16045258939266205,0.5001705884933472,0.06596751511096954,0.25006723403930664,-0.06520090997219086,0.963775634765625
957.4712979999999,253451854,1.0,-0.01910630241036415,-0.026622246950864792,-0.03581239655613899,-0.09513352811336517,0.16199465095996857,0.5010464787483215,0.06654515862464905,0.2505456805229187,-0.0659489557147026,0.9635607600212097
957.47731,253457867,1.0,-0.01916942372918129,-0.026478582993149757,-0.035706017166376114,-0.09615021198987961,0.163602814078331,0.5016956329345703,0.06717244535684586,0.25091326236724854,-0.0666559711098671,0.9633729457855225
957.485415,253465972,1.0,-0.019229240715503693,-0.02626797743141651,-0.0354488231241703,-0.09692399948835373,0.16569554805755615,0.5020604133605957,0.06807312369346619,0.2511425316333771,-0.0672956183552742,0.9632054567337036
957.491399,253471956,1.0,-0.019266817718744278,-0.026117630302906036,-0.03528952971100807,-0.09744015336036682,0.1670999675989151,0.5021244287490845,0.06868389248847961,0.25120943784713745,-0.06771726906299591,0.9631150960922241
957.495293,253475850,1.0,-0.01930052600800991,-0.026033682748675346,-0.03524082154035568,-0.09772788733243942,0.16797135770320892,0.5021101832389832,0.06906872987747192,0.25122395157814026,-0.06796134263277054,0.963066577911377
957.5012949999999,253481851,1.0,-0.019330738112330437,-0.02588835544884205,-0.03501902520656586,-0.09804852306842804,0.1691070795059204,0.5019040107727051,0.06958351284265518,0.2511507570743561,-0.06824669986963272,0.9630284905433655
957.5092989999999,253489856,1.0,-0.019389869645237923,-0.02572188340127468,-0.03496010601520538,-0.09828991442918777,0.17044751346111298,0.5016430020332336,0.07020894438028336,0.2510511875152588,-0.06851670145988464,0.962989866733551
957.5152939999999,253495850,1.0,-0.019432827830314636,-0.025616025552153587,-0.03488944098353386,-0.09851741790771484,0.17139829695224762,0.5013779997825623,0.07064826786518097,0.2509440779685974,-0.0687323585152626,0.9629702568054199
957.521297,253501854,1.0,-0.019456498324871063,-0.02551228180527687,-0.03478202223777771,-0.09884510934352875,0.17222987115383148,0.5011993646621704,0.07101456820964813,0.2508806586265564,-0.0689847320318222,0.9629418253898621
957.5273149999999,253507871,1.0,-0.01948782429099083,-0.025440115481615067,-0.0347413495182991,-0.09927500039339066,0.1729591190814972,0.5010777115821838,0.07131672650575638,0.2508470118045807,-0.06927583366632462,0.9629073739051819
957.533296,253513853,1.0,-0.019504137337207794,-0.025349261239171028,-0.034700632095336914,-0.09975297003984451,0.17336735129356384,0.5011967420578003,0.07144961506128311,0.25092682242393494,-0.06955970823764801,0.9628562331199646
957.5413179999999,253521874,1.0,-0.019497100263834,-0.025210676714777946,-0.03456724435091019,-0.10054045170545578,0.17387422919273376,0.5013174414634705,0.07159114629030228,0.2510198652744293,-0.07000460475683212,0.9627892374992371
957.54734,253527897,1.0,-0.019450519233942032,-0.025049520656466484,-0.034343019127845764,-0.10116872191429138,0.17400045692920685,0.5016154646873474,0.07156269997358322,0.2511875331401825,-0.07033301889896393,0.9627236723899841
957.5532939999999,253533850,1.0,-0.019413765519857407,-0.024926746264100075,-0.034197136759757996,-0.10183333605527878,0.1742507964372635,0.5018362998962402,0.07159219682216644,0.25132104754447937,-0.07069120556116104,0.9626603722572327
957.561296,253541853,1.0,-0.01936051994562149,-0.02477254346013069,-0.0340372659265995,-0.10279982537031174,0.17462213337421417,0.502251386642456,0.07163510471582413,0.25156059861183167,-0.07121632993221283,0.9625559449195862
957.5673019999999,253547858,1.0,-0.01931784674525261,-0.02467457391321659,-0.03396270051598549,-0.1035800576210022,0.1749042570590973,0.5026560425758362,0.07165855914354324,0.2517872452735901,-0.07164058834314346,0.9624634385108948
957.573304,253553861,1.0,-0.019188132137060165,-0.024586642161011696,-0.03386138379573822,-0.10436415672302246,0.1749355047941208,0.5032249689102173,0.07155442237854004,0.2520895302295685,-0.0720420628786087,0.9623620510101318
957.579301,253559858,1.0,-0.019028594717383385,-0.024455057457089424,-0.0336826890707016,-0.10510613769292831,0.17496031522750854,0.5037396550178528,0.07145421952009201,0.25236406922340393,-0.07242050021886826,0.9622691869735718
957.5873009999999,253567857,1.0,-0.01861690729856491,-0.024210380390286446,-0.03322022780776024,-0.10595214366912842,0.17472557723522186,0.50467848777771,0.07120007276535034,0.2528424859046936,-0.072832390666008,0.9621313214302063
957.593297,253573854,1.0,-0.01840953342616558,-0.0240776389837265,-0.03302258253097534,-0.10657378286123276,0.17467011511325836,0.5053567290306091,0.07106994092464447,0.2531900405883789,-0.07314877957105637,0.96202552318573
957.599291,253579848,1.0,-0.018079381436109543,-0.023902498185634613,-0.03269242122769356,-0.10703271627426147,0.17461931705474854,0.506027102470398,0.07096275687217712,0.25352802872657776,-0.07338712364435196,0.961926281452179
957.607299,253587856,1.0,-0.017924422398209572,-0.02377759851515293,-0.032600194215774536,-0.10739405453205109,0.17444878816604614,0.5068698525428772,0.07080373913049698,0.2539435923099518,-0.0735699012875557,0.9618144035339355
957.613296,253593853,1.0,-0.017711948603391647,-0.023637987673282623,-0.03240479156374931,-0.10750801861286163,0.1744391769170761,0.5074064135551453,0.07076487690210342,0.25420549511909485,-0.07364252209663391,0.9617425203323364
957.6212989999999,253601855,1.0,-0.01745567098259926,-0.023456478491425514,-0.03218356892466545,-0.10746429115533829,0.17443391680717468,0.5080863833427429,0.07074286043643951,0.2545308470726013,-0.07364490628242493,0.9616578817367554
957.629377,253609934,1.0,-0.01724673993885517,-0.02328602410852909,-0.03202738240361214,-0.10718334466218948,0.17428964376449585,0.5087774395942688,0.07068368047475815,0.25485101342201233,-0.07351653277873993,0.9615872502326965
957.637309,253617866,1.0,-0.01695818454027176,-0.023090628907084465,-0.03171331435441971,-0.10688664019107819,0.17409710586071014,0.5093695521354675,0.07060696929693222,0.2551223635673523,-0.07337111979722977,0.9615320563316345
957.643299,253623856,1.0,-0.01676112227141857,-0.022947220131754875,-0.03150620311498642,-0.10671228170394897,0.17391812801361084,0.5097624063491821,0.07052856683731079,0.25530242919921875,-0.07327912747859955,0.9614970684051514
957.6492949999999,253629851,1.0,-0.01661522686481476,-0.02281304821372032,-0.03134239464998245,-0.10654278844594955,0.17365436255931854,0.5100486278533936,0.07041261345148087,0.2554301619529724,-0.07317522913217545,0.9614795446395874
957.657299,253637856,1.0,-0.016484668478369713,-0.02263695001602173,-0.03112446516752243,-0.10656371712684631,0.1735771894454956,0.5103918313980103,0.0703601986169815,0.25559476017951965,-0.07318785041570663,0.9614386558532715
957.6633009999999,253643857,1.0,-0.016385123133659363,-0.02251427434384823,-0.030995920300483704,-0.10661249607801437,0.17358940839767456,0.5106440186500549,0.07035061717033386,0.2557178735733032,-0.07322167605161667,0.961404025554657
957.667327,253647832,1.0,-0.016387348994612694,-0.022455351427197456,-0.030978359282016754,-0.10673261433839798,0.17352716624736786,0.510748028755188,0.07030145823955536,0.2557711601257324,-0.07327539473772049,0.9613893628120422
957.6732979999999,253653802,1.0,-0.016343604773283005,-0.02237178571522236,-0.03091706521809101,-0.10691729187965393,0.17349807918071747,0.5109876990318298,0.07025502622127533,0.25589245557785034,-0.07336899638175964,0.9613533616065979
957.681298,253661803,1.0,-0.016322240233421326,-0.02228659577667713,-0.030850790441036224,-0.10725832730531693,0.17333471775054932,0.5113338828086853,0.0701199546456337,0.2560684084892273,-0.07352489978075027,0.9613044857978821
957.6872979999999,253667803,1.0,-0.016409846022725105,-0.02230267971754074,-0.030907701700925827,-0.10762143135070801,0.17310814559459686,0.5115907192230225,0.06995483487844467,0.2562011480331421,-0.07368041574954987,0.961269199848175
957.695307,253675812,1.0,-0.016413308680057526,-0.02228499948978424,-0.030912792310118675,-0.1081281378865242,0.17284587025642395,0.5119779706001282,0.06974925100803375,0.25640103220939636,-0.07390504330396652,0.9612135887145996
957.70337,253683875,1.0,-0.016414886340498924,-0.02229629084467888,-0.03095066174864769,-0.10884050279855728,0.17249615490436554,0.5124557614326477,0.06947169452905655,0.2566501200199127,-0.07422075420618057,0.961142897605896
957.709301,253689806,1.0,-0.016446618363261223,-0.022312918677926064,-0.030999429523944855,-0.10939949005842209,0.17227046191692352,0.5128605365753174,0.06927616149187088,0.25686055421829224,-0.0744754746556282,0.9610810875892639
957.7172919999999,253697796,1.0,-0.016434628516435623,-0.02231059968471527,-0.030994003638625145,-0.11025755852460861,0.1719808280467987,0.5134699940681458,0.0690036192536354,0.25717854499816895,-0.0748729556798935,0.9609847664833069
957.721294,253701799,1.0,-0.016493622213602066,-0.022354193031787872,-0.03106321580708027,-0.11088282614946365,0.17175492644309998,0.5139848589897156,0.06879504770040512,0.257443904876709,-0.0751630887389183,0.9609060287475586
957.725293,253705798,1.0,-0.016493860632181168,-0.02236354537308216,-0.03105936013162136,-0.11150291562080383,0.17151644825935364,0.5144731402397156,0.0685819461941719,0.2576960325241089,-0.0754481628537178,0.960831344127655
957.72929,253709795,1.0,-0.016531333327293396,-0.022391634061932564,-0.03109707310795784,-0.11217810958623886,0.17119447886943817,0.5150071382522583,0.0683196485042572,0.25797051191329956,-0.07575077563524246,0.960752546787262
957.7312929999999,253711797,1.0,-0.01654678024351597,-0.022403696551918983,-0.031112518161535263,-0.1125425472855568,0.17102490365505219,0.5152693390846252,0.06818102300167084,0.25810614228248596,-0.0759136974811554,0.9607130885124207
957.735292,253715797,1.0,-0.016578562557697296,-0.02242850512266159,-0.031143290922045708,-0.11325257271528244,0.1706455498933792,0.5158259272575378,0.06788549572229385,0.25839143991470337,-0.07622646540403366,0.9606325626373291
957.739251,253719756,1.0,-0.01661250926554203,-0.022453555837273598,-0.031174099072813988,-0.1139722391963005,0.1702296882867813,0.5163647532463074,0.06757163256406784,0.2586677372455597,-0.07653854787349701,0.9605555534362793
957.743289,253723794,1.0,-0.01674100197851658,-0.022522158920764923,-0.03132098168134689,-0.11467667669057846,0.1697791963815689,0.516906201839447,0.06724280118942261,0.258944034576416,-0.07683893293142319,0.9604801535606384
957.745293,253725798,1.0,-0.016766853630542755,-0.0225373487919569,-0.0313449427485466,-0.1150403842329979,0.16955751180648804,0.5171768665313721,0.06707855314016342,0.25908246636390686,-0.07699501514434814,0.9604418277740479
957.749289,253729794,1.0,-0.01678885705769062,-0.022553585469722748,-0.031353630125522614,-0.11577698588371277,0.16912084817886353,0.5176801085472107,0.06675344705581665,0.25934135913848877,-0.07731103152036667,0.9603692293167114
957.7512899999999,253731794,1.0,-0.016784382984042168,-0.022554799914360046,-0.031338490545749664,-0.11614345014095306,0.16890206933021545,0.517937183380127,0.06659063696861267,0.2594732940196991,-0.07746823132038116,0.9603322148323059
957.7552909999999,253735796,1.0,-0.01687384769320488,-0.02259770780801773,-0.03142286092042923,-0.11688615381717682,0.1685447245836258,0.5184346437454224,0.06630289554595947,0.25973060727119446,-0.07779667526483536,0.960256040096283
957.759289,253739794,1.0,-0.016933178529143333,-0.022626735270023346,-0.03146813064813614,-0.11762311309576035,0.16816295683383942,0.5188873410224915,0.06600572913885117,0.259965717792511,-0.07811769098043442,0.960186779499054
957.7612919999999,253741796,1.0,-0.016963833943009377,-0.022641004994511604,-0.03149046376347542,-0.11798697710037231,0.16798436641693115,0.5191053152084351,0.06586392968893051,0.26007920503616333,-0.07827719300985336,0.960152804851532
957.7652999999999,253745804,1.0,-0.0169177558273077,-0.02261829376220703,-0.03139147162437439,-0.11871005594730377,0.1676415652036667,0.519491970539093,0.06558970361948013,0.2602824866771698,-0.07859406620264053,0.9600906372070312
957.76929,253749795,1.0,-0.016983332112431526,-0.022645901888608932,-0.03142526000738144,-0.11948276311159134,0.16735216975212097,0.5198623538017273,0.0653352364897728,0.2604803740978241,-0.07894083112478256,0.9600258469581604
957.771297,253751802,1.0,-0.01701711304485798,-0.022659704089164734,-0.03144220635294914,-0.11988755315542221,0.16721494495868683,0.5200427174568176,0.06520932912826538,0.2605776786804199,-0.07912380248308182,0.9599929451942444
957.777295,253757800,1.0,-0.017120622098445892,-0.022701909765601158,-0.03149338439106941,-0.12114124000072479,0.16686542332172394,0.5205658078193665,0.06485691666603088,0.26086315512657166,-0.07969868183135986,0.9598917365074158
957.7813239999999,253761828,1.0,-0.01721872016787529,-0.022742435336112976,-0.03156186640262604,-0.12194731831550598,0.1666409820318222,0.5208657383918762,0.06463176012039185,0.2610290050506592,-0.08006706833839417,0.959831178188324
957.787295,253767800,1.0,-0.017341725528240204,-0.022782916203141212,-0.031643178313970566,-0.12327928096055984,0.16637469828128815,0.521262526512146,0.06431376188993454,0.2612573504447937,-0.08068560063838959,0.9597386121749878
957.791296,253771801,1.0,-0.017425717785954475,-0.022810205817222595,-0.0316985622048378,-0.12416890263557434,0.16623173654079437,0.5215206146240234,0.06411828100681305,0.2614070475101471,-0.08110280334949493,0.9596757292747498
957.797296,253777801,1.0,-0.01755513809621334,-0.022851811721920967,-0.03178414702415466,-0.12549258768558502,0.16611294448375702,0.5218565464019775,0.06387437880039215,0.2616083025932312,-0.08173373341560364,0.9595836400985718
957.8053259999999,253785830,1.0,-0.017667407169938087,-0.022879265248775482,-0.031843818724155426,-0.1271834373474121,0.16614237427711487,0.5222556591033936,0.06365086883306503,0.26185423135757446,-0.08256136626005173,0.9594605565071106
957.811296,253791801,1.0,-0.01777808554470539,-0.022907434031367302,-0.03193076699972153,-0.1283552646636963,0.16621573269367218,0.5225070118904114,0.06352227181196213,0.2620135545730591,-0.08314072340726852,0.9593755602836609
957.819304,253799809,1.0,-0.017926130443811417,-0.022938799113035202,-0.032048147171735764,-0.12972508370876312,0.16633407771587372,0.522830069065094,0.06338619440793991,0.26221439242362976,-0.08382292091846466,0.9592702984809875
957.825301,253805806,1.0,-0.017996983602643013,-0.022944070398807526,-0.032073646783828735,-0.1305597722530365,0.16646386682987213,0.5230528116226196,0.0633298009634018,0.26235032081604004,-0.08424665778875351,0.9591997265815735
957.829293,253809798,1.0,-0.018055154010653496,-0.022957228124141693,-0.03210095688700676,-0.13103963434696198,0.16658750176429749,0.5232001543045044,0.0633201003074646,0.26243874430656433,-0.08449702709913254,0.9591541886329651
957.833303,253813808,1.0,-0.01813836395740509,-0.022986164316534996,-0.0321711041033268,-0.13138151168823242,0.16671720147132874,0.523247241973877,0.06333562731742859,0.26247483491897583,-0.08467880636453629,0.9591272473335266
957.837307,253817812,1.0,-0.018206363543868065,-0.023000570014119148,-0.03221734240651131,-0.13165289163589478,0.1668591946363449,0.5232656598091125,0.06336752325296402,0.2624952495098114,-0.08482742309570312,0.9591063857078552
957.8432919999999,253823796,1.0,-0.018354956060647964,-0.023058049380779266,-0.032372668385505676,-0.1319507658481598,0.1671285778284073,0.523323118686676,0.06345555186271667,0.2625378966331482,-0.08500601351261139,0.9590731263160706
957.847308,253827813,1.0,-0.01842278055846691,-0.0230760108679533,-0.032431911677122116,-0.13207894563674927,0.16731709241867065,0.5233100056648254,0.06352995336055756,0.2625396251678467,-0.08509080857038498,0.9590601921081543
957.8553009999999,253835805,1.0,-0.018559247255325317,-0.023108914494514465,-0.03254852071404457,-0.13225454092025757,0.16772247850894928,0.5233401656150818,0.0637005865573883,0.2625681757926941,-0.08522702008485794,0.959028959274292
957.861306,253841811,1.0,-0.018635310232639313,-0.02310061827301979,-0.0325782336294651,-0.13235941529273987,0.16802415251731873,0.5233796834945679,0.06383021920919418,0.2625967860221863,-0.08531656116247177,0.9590045213699341
957.867311,253847816,1.0,-0.018697941675782204,-0.023076463490724564,-0.03258044645190239,-0.1325133591890335,0.16840043663978577,0.5234018564224243,0.0639900341629982,0.2626202404499054,-0.08543847501277924,0.9589766263961792
957.8733,253853812,1.0,-0.018732735887169838,-0.023048855364322662,-0.03262442722916603,-0.13283419609069824,0.16891877353191376,0.5235183835029602,0.06419218331575394,0.2626973092556,-0.08566131442785263,0.9589221477508545
957.881304,253861816,1.0,-0.018823716789484024,-0.023042455315589905,-0.03272617235779762,-0.13336123526096344,0.169949010014534,0.5236093401908875,0.06461448222398758,0.2627795934677124,-0.08604667335748672,0.9588366746902466
957.8873159999999,253867828,1.0,-0.01887190341949463,-0.023045482113957405,-0.03295205160975456,-0.13401328027248383,0.1710720956325531,0.5237309336662292,0.06506360322237015,0.2628827691078186,-0.08650462329387665,0.9587368369102478
957.8933049999999,253873817,1.0,-0.018930276855826378,-0.02302326261997223,-0.033032678067684174,-0.13461776077747345,0.17239990830421448,0.5237425565719604,0.06562209129333496,0.2629362642765045,-0.08696191757917404,0.9586427211761475
957.8993079999999,253879819,1.0,-0.018986469134688377,-0.02299252711236477,-0.03314042463898659,-0.13527812063694,0.17401407659053802,0.5236945748329163,0.06631346046924591,0.26296937465667725,-0.08747997879981995,0.9585389494895935
957.9052979999999,253885809,1.0,-0.019038226455450058,-0.022919654846191406,-0.033094584941864014,-0.1360807865858078,0.17587803304195404,0.5236126780509949,0.067107655107975,0.2629966735839844,-0.08809635043144226,0.9584197402000427
957.911293,253891805,1.0,-0.019079240038990974,-0.022843876853585243,-0.033142656087875366,-0.13674481213092804,0.17801488935947418,0.5233498215675354,0.06805924326181412,0.26293882727622986,-0.08867418766021729,0.9583151936531067
957.917293,253897805,1.0,-0.019139671698212624,-0.022770363837480545,-0.0331764742732048,-0.13741469383239746,0.1803208589553833,0.5230056643486023,0.06909501552581787,0.2628462612628937,-0.08927281200885773,0.9582108855247498
957.9232939999999,253903806,1.0,-0.019178498536348343,-0.022651178762316704,-0.03322875127196312,-0.13794374465942383,0.18346206843852997,0.5223875045776367,0.07056315988302231,0.262635737657547,-0.08989839255809784,0.9581031203269958
957.9293399999999,253909851,1.0,-0.019244005903601646,-0.022536374628543854,-0.0332680344581604,-0.1384791135787964,0.18679983913898468,0.5217942595481873,0.07212400436401367,0.26244181394577026,-0.09055124968290329,0.9579785466194153
957.935297,253915809,1.0,-0.01920660398900509,-0.022354543209075928,-0.033279675990343094,-0.1387198269367218,0.19094419479370117,0.5207746624946594,0.07413072139024734,0.262050062417984,-0.09114653617143631,0.9578761458396912
957.9433329999999,253923844,1.0,-0.0190971028059721,-0.02205212228000164,-0.03327436000108719,-0.1386040598154068,0.1975046694278717,0.5191314816474915,0.07737420499324799,0.26139575242996216,-0.09184478223323822,0.9577317237854004
957.9513129999999,253931824,1.0,-0.019101550802588463,-0.02174709178507328,-0.033251482993364334,-0.1382121443748474,0.20505833625793457,0.5170507431030273,0.08115160465240479,0.26053810119628906,-0.09250956773757935,0.957588791847229
957.9593169999999,253939829,1.0,-0.018968623131513596,-0.021341854706406593,-0.03317863866686821,-0.13692140579223633,0.21527700126171112,0.5140446424484253,0.08636979758739471,0.25924625992774963,-0.09302236139774323,0.95743328332901
957.967328,253947840,1.0,-0.018984461203217506,-0.020899461582303047,-0.033150311559438705,-0.13500185310840607,0.22710010409355164,0.5109972953796387,0.09244168549776077,0.257922887802124,-0.09341023862361908,0.9571859240531921
957.9753,253955812,1.0,-0.01902252621948719,-0.02043955586850643,-0.03308497369289398,-0.1322009116411209,0.2407660186290741,0.5080366134643555,0.09950638562440872,0.25660964846611023,-0.09358280897140503,0.9568135738372803
957.983341,253963853,1.0,-0.018753614276647568,-0.019931934773921967,-0.03292478993535042,-0.12906856834888458,0.25577878952026367,0.5051596760749817,0.10725275427103043,0.2553100287914276,-0.09373986721038818,0.9563087821006775
957.9893149999999,253969826,1.0,-0.018546683713793755,-0.019552117213606834,-0.032862283289432526,-0.1268298476934433,0.26896366477012634,0.5032843351364136,0.11395613104104996,0.2544797658920288,-0.09413965791463852,0.9557152986526489
957.997314,253977826,1.0,-0.018440481275320053,-0.019049542024731636,-0.03283071890473366,-0.12405632436275482,0.28759679198265076,0.5006920099258423,0.12337064743041992,0.2533169686794281,-0.09486974775791168,0.9547826647758484
958.0053449999999,253985856,1.0,-0.01858585700392723,-0.018540015444159508,-0.03292660787701607,-0.1219908744096756,0.3087809383869171,0.49809330701828003,0.1339101940393448,0.25218018889427185,-0.09620695561170578,0.9535289406776428
958.011299,253991811,1.0,-0.018585823476314545,-0.01814107783138752,-0.03294684365391731,-0.12068220973014832,0.32585129141807556,0.4957605004310608,0.14236199855804443,0.2511425018310547,-0.09741175174713135,0.952455461025238
958.0192999999999,253999811,1.0,-0.01860348880290985,-0.01760498806834221,-0.03296294063329697,-0.11920382082462311,0.35014626383781433,0.49228960275650024,0.15433767437934875,0.249578595161438,-0.09925468266010284,0.9508095979690552
958.027309,254007821,1.0,-0.01861152984201908,-0.017080308869481087,-0.03295239433646202,-0.11853689700365067,0.3746202886104584,0.4885840117931366,0.16629426181316376,0.24792435765266418,-0.10143077373504639,0.9489949941635132
958.0332999999999,254013811,1.0,-0.018606036901474,-0.016614669933915138,-0.03287011757493019,-0.1182003766298294,0.39274662733078003,0.48595091700553894,0.17511418461799622,0.24674177169799805,-0.10308972746133804,0.947536826133728
958.0392929999999,254019804,1.0,-0.01861586794257164,-0.016121072694659233,-0.03278212621808052,-0.11728446930646896,0.41116154193878174,0.48333436250686646,0.18413196504116058,0.24549591541290283,-0.10447733104228973,0.9459977149963379
958.0433119999999,254023823,1.0,-0.018587296828627586,-0.015704475343227386,-0.03266260027885437,-0.11666271835565567,0.4228370487689972,0.4816994369029999,0.1898472011089325,0.2447008490562439,-0.10532420128583908,0.9449795484542847
958.047292,254027804,1.0,-0.018589137122035027,-0.01533423364162445,-0.032574646174907684,-0.11585432291030884,0.4346095025539398,0.47999346256256104,0.1956300437450409,0.24384422600269318,-0.10607459396123886,0.9439370036125183
958.0492899999999,254029801,1.0,-0.018601270392537117,-0.015178932808339596,-0.03255379945039749,-0.11545441299676895,0.44051089882850647,0.4791361689567566,0.19852638244628906,0.2434101700782776,-0.10644838958978653,0.943402111530304
958.0532939999999,254033805,1.0,-0.018595442175865173,-0.01476259995251894,-0.0324309878051281,-0.11456242203712463,0.4519297778606415,0.47742047905921936,0.20414406061172485,0.2425236999988556,-0.10710129141807556,0.9423570036888123
958.05729,254037802,1.0,-0.018602099269628525,-0.01437389850616455,-0.03232727199792862,-0.11369629949331284,0.4631962180137634,0.4756923317909241,0.2096816450357437,0.24162329733371735,-0.10773667693138123,0.9412994384765625
958.0592909999999,254039802,1.0,-0.018606118857860565,-0.01417746301740408,-0.03227333351969719,-0.11327651888132095,0.4687575399875641,0.4748075604438782,0.21241389214992523,0.24116094410419464,-0.10804625600576401,0.9407697916030884
958.0632899999999,254043801,1.0,-0.01862630993127823,-0.013814911246299744,-0.03218614310026169,-0.11248170584440231,0.47969678044319153,0.4730042517185211,0.21778403222560883,0.24021810293197632,-0.10865423828363419,0.9397125244140625
958.0673009999999,254047812,1.0,-0.018666964024305344,-0.013536662794649601,-0.03216460347175598,-0.11185664683580399,0.4898812770843506,0.47128233313560486,0.22276751697063446,0.2393246293067932,-0.10925880819559097,0.9387016892433167
958.0692899999999,254049801,1.0,-0.018663005903363228,-0.013354750350117683,-0.032121866941452026,-0.11156626790761948,0.49516627192497253,0.47031325101852417,0.22535184025764465,0.23882649838924408,-0.10957580804824829,0.9381746053695679
958.0732899999999,254053801,1.0,-0.01865404099225998,-0.012988256290555,-0.0320335328578949,-0.11099685728549957,0.5056495070457458,0.4683137834072113,0.23047789931297302,0.2377976030111313,-0.11018975079059601,0.9371181726455688
958.075292,254055804,1.0,-0.018649203702807426,-0.012803683988749981,-0.03198865056037903,-0.11068704724311829,0.5108473896980286,0.4673166871070862,0.2330213040113449,0.2372789829969406,-0.11047601699829102,0.9365867972373962
958.079291,254059803,1.0,-0.018644144758582115,-0.012433432973921299,-0.03189662843942642,-0.10992152988910675,0.5212346315383911,0.4653550088405609,0.23811578750610352,0.23623427748680115,-0.11097416281700134,0.935509979724884
958.083301,254063813,1.0,-0.018624456599354744,-0.012037860229611397,-0.03178809583187103,-0.10905453562736511,0.5311769247055054,0.46360448002815247,0.24299579858779907,0.23527011275291443,-0.11139257997274399,0.9344478249549866
958.085294,254065808,1.0,-0.01857074350118637,-0.011818270199000835,-0.03172197565436363,-0.10845302790403366,0.5360763669013977,0.46261879801750183,0.2454260289669037,0.23471325635910034,-0.11149859428405762,0.9339399337768555
958.089291,254069805,1.0,-0.018526893109083176,-0.011427960358560085,-0.03161625191569328,-0.10756038129329681,0.5458106994628906,0.460750013589859,0.25021007657051086,0.23367983102798462,-0.11185363680124283,0.9328866004943848
958.0932939999999,254073807,1.0,-0.018476931378245354,-0.01103760302066803,-0.03151111677289009,-0.10669136792421341,0.5552324056625366,0.45895904302597046,0.25483521819114685,0.23268011212348938,-0.11218737810850143,0.9318438768386841
958.095291,254075805,1.0,-0.018449822440743446,-0.010843349620699883,-0.03145911544561386,-0.10626432299613953,0.5597834587097168,0.4581150710582733,0.2570672333240509,0.2322036176919937,-0.11234448850154877,0.9313305616378784
958.099297,254079811,1.0,-0.01839199662208557,-0.010455251671373844,-0.03135593608021736,-0.10540717095136642,0.5685593485832214,0.4565401077270508,0.26136884093284607,0.23130016028881073,-0.11263250559568405,0.9303227663040161
958.103296,254083810,1.0,-0.018362464383244514,-0.010095085017383099,-0.03126715496182442,-0.10452929884195328,0.5768492221832275,0.4551122188568115,0.26543253660202026,0.23045971989631653,-0.1128736361861229,0.9293510913848877
958.1072909999999,254087804,1.0,-0.018365804105997086,-0.009780984371900558,-0.031171554699540138,-0.10355235636234283,0.584412693977356,0.45401060581207275,0.2691453695297241,0.22975747287273407,-0.11303320527076721,0.9284372925758362
958.113293,254093807,1.0,-0.01830173470079899,-0.009254258126020432,-0.031008359044790268,-0.10204140096902847,0.5953666567802429,0.45232418179512024,0.2745320796966553,0.2286749631166458,-0.11319909244775772,0.9271062016487122
958.1172919999999,254097805,1.0,-0.018291722983121872,-0.0089271180331707,-0.030926495790481567,-0.10103283822536469,0.6025964617729187,0.45122504234313965,0.278083473443985,0.22795863449573517,-0.11329979449510574,0.926211416721344
958.123306,254103820,1.0,-0.01816577836871147,-0.0084148570895195,-0.030722709372639656,-0.09945861995220184,0.6109026074409485,0.4501442015171051,0.2821960747241974,0.22715455293655396,-0.11324366182088852,0.9251713752746582
958.129318,254109832,1.0,-0.01806192472577095,-0.007912352681159973,-0.030504733324050903,-0.09801557660102844,0.618990421295166,0.44910648465156555,0.28618454933166504,0.22638264298439026,-0.11322832107543945,0.9241366982460022
958.1352949999999,254115808,1.0,-0.01799865812063217,-0.007458904292434454,-0.030297115445137024,-0.09687912464141846,0.6263224482536316,0.44788116216659546,0.28979289531707764,0.22556939721107483,-0.11324881762266159,0.9232081174850464
958.141297,254121811,1.0,-0.017931973561644554,-0.007029059808701277,-0.03008628822863102,-0.0960942804813385,0.6330140829086304,0.4466455280780792,0.29306086897850037,0.22480502724647522,-0.11336264759302139,0.9223486185073853
958.147334,254127848,1.0,-0.017901210114359856,-0.006618797313421965,-0.02986188419163227,-0.09542760252952576,0.6391668915748596,0.4455185532569885,0.29605627059936523,0.2241111695766449,-0.11349006742238998,0.9215448498725891
958.1553289999999,254135842,1.0,-0.017850618809461594,-0.006090446375310421,-0.029572490602731705,-0.09433019906282425,0.6463862061500549,0.4437965750694275,0.29962533712387085,0.2230619639158249,-0.11342980712652206,0.9206528663635254
958.1653339999999,254145847,1.0,-0.017773568630218506,-0.005402317736297846,-0.029167069122195244,-0.09204507619142532,0.6542536616325378,0.4418957233428955,0.3036324381828308,0.22173644602298737,-0.11285240948200226,0.9197307229042053
958.1733099999999,254153823,1.0,-0.017775027081370354,-0.0048782844096422195,-0.028898928314447403,-0.08979830145835876,0.6597276926040649,0.4406800866127014,0.3064834177494049,0.22075673937797546,-0.11216137558221817,0.9191051125526428
958.179355,254159869,1.0,-0.017793085426092148,-0.004482671618461609,-0.02867414802312851,-0.08811277896165848,0.663267195224762,0.43982240557670593,0.30835452675819397,0.2200508415699005,-0.11159530282020569,0.9187173843383789
958.1873139999999,254167827,1.0,-0.01789930649101734,-0.0039564766921103,-0.028336267918348312,-0.08603537827730179,0.6679943203926086,0.4386530816555023,0.3108331263065338,0.2191191017627716,-0.1109137013554573,0.9181872010231018
958.1933009999999,254173814,1.0,-0.017930524423718452,-0.0036064640153199434,-0.028141291812062263,-0.08455047756433487,0.671305239200592,0.43778806924819946,0.31257322430610657,0.2184375673532486,-0.11041422188282013,0.9178189635276794
958.1993,254179814,1.0,-0.018051844090223312,-0.0032418507616966963,-0.027909312397241592,-0.08323435485363007,0.6744913458824158,0.4369771480560303,0.31423285603523254,0.21780681610107422,-0.10998770594596863,0.9174533486366272
958.203364,254183878,1.0,-0.01803101971745491,-0.0030497394036501646,-0.027854328975081444,-0.08234551548957825,0.6768370270729065,0.43642064929008484,0.3154429793357849,0.21737223863601685,-0.10971622169017792,0.9171735644340515
958.209312,254189826,1.0,-0.018105121329426765,-0.002741400385275483,-0.027706490829586983,-0.08132389932870865,0.6794331669807434,0.43538326025009155,0.31680867075920105,0.21669070422649384,-0.10933105647563934,0.9169101119041443
958.213319,254193833,1.0,-0.018158139660954475,-0.0025415034033358097,-0.02760673500597477,-0.08070499449968338,0.681007444858551,0.43460652232170105,0.317644327878952,0.21620918810367584,-0.10907374322414398,0.9167652726173401
958.21731,254197824,1.0,-0.018147172406315804,-0.00236323568969965,-0.02750859223306179,-0.08008309453725815,0.6825883388519287,0.43383780121803284,0.31848251819610596,0.21573030948638916,-0.10881641507148743,0.9166178703308105
958.2213079999999,254201821,1.0,-0.01824231818318367,-0.002171789761632681,-0.027406899258494377,-0.07955481857061386,0.6837536692619324,0.4328633248806,0.3191297948360443,0.2151789665222168,-0.10852930694818497,0.9165563583374023
958.227349,254207863,1.0,-0.018268566578626633,-0.0019344394095242023,-0.027272699400782585,-0.0786944255232811,0.6857477426528931,0.43145594000816345,0.3202178478240967,0.21436108648777008,-0.1080983504652977,0.9164194464683533
958.233306,254213820,1.0,-0.018381131812930107,-0.0017084033461287618,-0.027149468660354614,-0.07767742872238159,0.686862587928772,0.4301522970199585,0.32091090083122253,0.21358071267604828,-0.10752835124731064,0.9164263010025024
958.241307,254221821,1.0,-0.01852702535688877,-0.001430006232112646,-0.026992417871952057,-0.07613635063171387,0.687337338924408,0.4286617934703827,0.3213737905025482,0.2126416116952896,-0.10662739723920822,0.9165877103805542
958.247303,254227817,1.0,-0.018662532791495323,-0.001262651407159865,-0.026877660304307938,-0.07496649771928787,0.6873325109481812,0.42757123708724976,0.32155367732048035,0.21195381879806519,-0.10591547191143036,0.9167664647102356
958.2552999999999,254235813,1.0,-0.01884743943810463,-0.0010825234930962324,-0.02672475203871727,-0.07317983359098434,0.6860729455947876,0.42642882466316223,0.3212220370769501,0.2111663669347763,-0.10479483008384705,0.9171931147575378
958.26131,254241824,1.0,-0.018939126282930374,-0.0009654018795117736,-0.026608705520629883,-0.07166440784931183,0.6843878626823425,0.42572319507598877,0.32064133882522583,0.21063123643398285,-0.1038288101553917,0.9176291227340698
958.2693909999999,254249904,1.0,-0.019029974937438965,-0.0008493741042912006,-0.026436785236001015,-0.06926960498094559,0.6802355647087097,0.4251055121421814,0.31900864839553833,0.21004392206668854,-0.1022418811917305,0.9185105562210083
958.2752979999999,254255811,1.0,-0.019140496850013733,-0.0007987768622115254,-0.02629292570054531,-0.06720616668462753,0.6755792498588562,0.42510005831718445,0.31707489490509033,0.2098032832145691,-0.10085580497980118,0.919387936592102
958.281298,254261812,1.0,-0.01921297237277031,-0.0007393687264993787,-0.026147130876779556,-0.06481614708900452,0.6696101427078247,0.42540496587753296,0.3145509958267212,0.20968298614025116,-0.0992421880364418,0.9204573035240173
958.287295,254267809,1.0,-0.019540082663297653,-0.0007659672410227358,-0.025949202477931976,-0.06208285689353943,0.6621177792549133,0.42587849497795105,0.31134718656539917,0.2096220701932907,-0.09734797477722168,0.9217618107795715
958.293294,254273808,1.0,-0.019623491913080215,-0.0007235202356241643,-0.02577931433916092,-0.0591726116836071,0.6535221338272095,0.426471084356308,0.3076411783695221,0.2096180021762848,-0.09527868032455444,0.9232221841812134
958.2992969999999,254279831,1.0,-0.01974162831902504,-0.0007042703800834715,-0.02558872662484646,-0.05604023113846779,0.6432846784591675,0.4269922077655792,0.30319491028785706,0.20958900451660156,-0.09292986989021301,0.9249374866485596
958.303313,254283848,1.0,-0.019659949466586113,-0.0006495225825347006,-0.025477800518274307,-0.05398213490843773,0.6360499262809753,0.4270966053009033,0.3000444173812866,0.2094755470752716,-0.09129636734724045,0.9261524081230164
958.3092939999999,254289828,1.0,-0.019748659804463387,-0.0006484636687673628,-0.02527926117181778,-0.05087373033165932,0.62394779920578,0.427345871925354,0.2947276532649994,0.20937882363796234,-0.08872126042842865,0.9281296730041504
958.315294,254295829,1.0,-0.019767126068472862,-0.0006231606821529567,-0.02509344555437565,-0.04784979298710823,0.6112871766090393,0.427435040473938,0.2891382575035095,0.20924130082130432,-0.08609724789857864,0.9301636219024658
958.321293,254301828,1.0,-0.019854148849844933,-0.0006422823062166572,-0.024898409843444824,-0.04521729052066803,0.5978367924690247,0.4270867109298706,0.28314581513404846,0.20898084342479706,-0.08350641280412674,0.9322993755340576
958.327321,254307856,1.0,-0.019911905750632286,-0.0006673828465864062,-0.024729181081056595,-0.04307039827108383,0.5845820307731628,0.42617347836494446,0.2772037386894226,0.20852577686309814,-0.08107637614011765,0.9343991279602051
958.331296,254311831,1.0,-0.020013663917779922,-0.0007291097426787019,-0.02463679574429989,-0.041863467544317245,0.575443685054779,0.4255053400993347,0.27307191491127014,0.20823253691196442,-0.0795222744345665,0.9358136057853699
958.3372919999999,254317826,1.0,-0.02008497714996338,-0.0007762216264382005,-0.02448923885822296,-0.04019962623715401,0.5615403652191162,0.42447468638420105,0.2667556703090668,0.2078024446964264,-0.07723589986562729,0.9379201531410217
958.3453629999999,254325897,1.0,-0.02023368328809738,-0.0008683752384968102,-0.024315213784575462,-0.03855536878108978,0.5427640676498413,0.4227750897407532,0.2581510543823242,0.20715248584747314,-0.07439131289720535,0.9406974911689758
958.3512949999999,254331829,1.0,-0.020278867334127426,-0.0008910775650292635,-0.02417500875890255,-0.03722542151808739,0.5283421277999878,0.42165204882621765,0.25152388215065,0.2067251354455948,-0.07220043987035751,0.9427552819252014
958.3572959999999,254337830,1.0,-0.020427698269486427,-0.0009342792327515781,-0.0240640789270401,-0.03579607978463173,0.5127774477005005,0.4204619824886322,0.24435314536094666,0.20627054572105408,-0.06984284520149231,0.9449158310890198
958.3653529999999,254345887,1.0,-0.020551487803459167,-0.0009400506969541311,-0.023860789835453033,-0.03372791409492493,0.49194490909576416,0.4187694489955902,0.23474784195423126,0.20558959245681763,-0.06660453975200653,0.9477289915084839
958.3712999999999,254351834,1.0,-0.020614203065633774,-0.00090401730267331,-0.023706000298261642,-0.03221052139997482,0.47726547718048096,0.4171287715435028,0.22798186540603638,0.20488621294498444,-0.06424537301063538,0.9496938586235046
958.3752979999999,254355832,1.0,-0.02066965401172638,-0.0008791889995336533,-0.02360551804304123,-0.03099886327981949,0.4670224189758301,0.416035920381546,0.22326533496379852,0.204400897026062,-0.06253527104854584,0.9510321617126465
958.3812949999999,254361829,1.0,-0.020733149722218513,-0.0008226108038797975,-0.023425282910466194,-0.02913079224526882,0.45170655846595764,0.41428065299987793,0.2162083089351654,0.20360971987247467,-0.05994224175810814,0.9529973864555359
958.3852979999999,254365832,1.0,-0.020855804905295372,-0.0008192876703105867,-0.02339879795908928,-0.027899891138076782,0.4423074424266815,0.4128664433956146,0.21188759803771973,0.20295359194278717,-0.05827772989869118,0.9542102217674255
958.393293,254373828,1.0,-0.02094286121428013,-0.0007441937341354787,-0.023205984383821487,-0.025380313396453857,0.42299482226371765,0.41015395522117615,0.2029821276664734,0.2016969472169876,-0.054893121123313904,0.9566103219985962
958.397304,254377839,1.0,-0.02101312205195427,-0.0007250968483276665,-0.02316749282181263,-0.024237480014562607,0.4143311083316803,0.4087657034397125,0.1989840269088745,0.20104925334453583,-0.05335623025894165,0.9576730728149414
958.405349,254385884,1.0,-0.021032370626926422,-0.0006013550446368754,-0.022926298901438713,-0.021540969610214233,0.3984808623790741,0.4060947299003601,0.19171863794326782,0.1997421681880951,-0.05025055631995201,0.9595946669578552
958.411297,254391832,1.0,-0.021081052720546722,-0.0004965887637808919,-0.02279949188232422,-0.01909036375582218,0.38717782497406006,0.4040687680244446,0.18658088147640228,0.19870437681674957,-0.04777836427092552,0.9609481692314148
958.417304,254397839,1.0,-0.021120766177773476,-0.00037438803701661527,-0.02263203077018261,-0.01646369695663452,0.37605881690979004,0.40176597237586975,0.1815447360277176,0.19751885533332825,-0.04522047936916351,0.9622800350189209
958.4232959999999,254403830,1.0,-0.021175771951675415,-0.00024097046116366982,-0.022514864802360535,-0.013862667605280876,0.36526480317115784,0.39922961592674255,0.1766565889120102,0.196223184466362,-0.04269331693649292,0.9635695219039917
958.4313189999999,254411853,1.0,-0.02120918408036232,-6.630486313952133e-05,-0.02226380631327629,-0.01081886887550354,0.35181474685668945,0.39566582441329956,0.17053884267807007,0.19443729519844055,-0.03961722552776337,0.9651637673377991
958.437295,254417830,1.0,-0.021225007250905037,5.8374356740387157e-05,-0.022113408893346786,-0.00861391145735979,0.34211552143096924,0.3930356502532959,0.16611813008785248,0.19312292337417603,-0.03739938884973526,0.9662864804267883
958.4432959999999,254423830,1.0,-0.021246962249279022,0.00018370174802839756,-0.021964771673083305,-0.006442324258387089,0.33311066031455994,0.3904794454574585,0.1620194911956787,0.19183993339538574,-0.03527889400720596,0.9673171639442444
958.449297,254429832,1.0,-0.02125733345746994,0.000317201716825366,-0.021826665848493576,-0.004376588389277458,0.32479357719421387,0.3879778981208801,0.15823455154895782,0.19058485329151154,-0.03328746557235718,0.9682619571685791
958.455303,254435838,1.0,-0.02122696489095688,0.0004645872686523944,-0.021705232560634613,-0.0021313256584107876,0.31744834780693054,0.3856067359447479,0.15492814779281616,0.18936768174171448,-0.03131851926445961,0.9691007733345032
958.461294,254441829,1.0,-0.021255049854516983,0.0006084419437684119,-0.021505530923604965,8.1761390902102e-05,0.3100407123565674,0.3831383287906647,0.15158340334892273,0.18811020255088806,-0.029358085244894028,0.9699356555938721
958.469299,254449834,1.0,-0.021257968619465828,0.0007952715968713164,-0.0212988443672657,0.0027194861322641373,0.30115652084350586,0.3796441853046417,0.14756889641284943,0.18634864687919617,-0.026984257623553276,0.970963180065155
958.4774649999999,254457999,1.0,-0.021315768361091614,0.001016810187138617,-0.02100488543510437,0.00486157787963748,0.292488157749176,0.3759496212005615,0.14360535144805908,0.1845264732837677,-0.024868730455636978,0.9719614386558533
958.48344,254463975,1.0,-0.021374624222517014,0.001140801701694727,-0.02079373598098755,0.006376340053975582,0.2863006889820099,0.3732604682445526,0.14076942205429077,0.18320295214653015,-0.023369845002889633,0.9726635813713074
958.4914229999999,254471958,1.0,-0.021339867264032364,0.0014592212392017245,-0.020646527409553528,0.0075735170394182205,0.2786403298377991,0.3697325885295868,0.1371920108795166,0.18151584267616272,-0.021840043365955353,0.9735262393951416
958.497445,254477980,1.0,-0.021393654868006706,0.0015893187373876572,-0.02045411430299282,0.008461391553282738,0.2730860412120819,0.36711519956588745,0.13459624350070953,0.18026183545589447,-0.02072451077401638,0.974145770072937
958.5034549999999,254483989,1.0,-0.021451475098729134,0.00169776298571378,-0.02026989869773388,0.00922455731779337,0.26797249913215637,0.3645482659339905,0.13219988346099854,0.1790340095758438,-0.01971915364265442,0.9747210741043091
958.5113,254491822,1.0,-0.021553728729486465,0.001786665292456746,-0.019896764308214188,0.010179062373936176,0.2616272270679474,0.3610575497150421,0.12922540307044983,0.17736032605171204,-0.01845630258321762,0.9754503965377808
958.5174079999999,254497929,1.0,-0.02160469815135002,0.0018605850636959076,-0.019660277292132378,0.011094393208622932,0.25709569454193115,0.3583016097545624,0.12712077796459198,0.17602132260799408,-0.017429722473025322,0.9759882092475891
958.5214239999999,254501945,1.0,-0.021627327427268028,0.0019202016992494464,-0.019495399668812752,0.011757473461329937,0.2541388273239136,0.35646292567253113,0.12575188279151917,0.17512370645999908,-0.016728155314922333,0.9763392210006714
958.5273599999999,254507881,1.0,-0.02167745865881443,0.00198005186393857,-0.01925034262239933,0.012711729854345322,0.24966804683208466,0.35366934537887573,0.12367527931928635,0.17376303672790527,-0.01569466106593609,0.9768646359443665
958.531312,254511834,1.0,-0.021668510511517525,0.002000935608521104,-0.019062146544456482,0.013459279201924801,0.24680963158607483,0.3518941104412079,0.12235769629478455,0.17289002239704132,-0.014970282092690468,0.9771967530250549
958.5354219999999,254515943,1.0,-0.021689871326088905,0.0020133289508521557,-0.018889451399445534,0.014235413633286953,0.2438689023256302,0.3500920236110687,0.12100111693143845,0.17200350761413574,-0.014225346967577934,0.977533221244812
958.543337,254523859,1.0,-0.02171393670141697,0.0020243830513209105,-0.01856094039976597,0.015711933374404907,0.23833811283111572,0.3466779589653015,0.11844729632139206,0.17032378911972046,-0.012820830568671227,0.9781593084335327
958.547294,254527816,1.0,-0.021745501086115837,0.0020267441868782043,-0.01842266321182251,0.016428451985120773,0.23581968247890472,0.3449974060058594,0.11728718131780624,0.16949503123760223,-0.012154991738498211,0.9784515500068665
958.5532949999999,254533816,1.0,-0.021797288209199905,0.0020297779701650143,-0.01821737550199032,0.017580129206180573,0.23230449855327606,0.34240224957466125,0.1156800240278244,0.1682077795267105,-0.011140082031488419,0.9788770079612732
958.557292,254537814,1.0,-0.021833935752511024,0.0020322944037616253,-0.01808338053524494,0.018394244834780693,0.230184867978096,0.3406626284122467,0.11472051590681076,0.16733942925930023,-0.010461390018463135,0.9791461825370789
958.5592969999999,254539818,1.0,-0.02185319922864437,0.0020337312016636133,-0.01801682449877262,0.01881391555070877,0.2291955202817917,0.33978012204170227,0.11427590996026993,0.16689743101596832,-0.010121685452759266,0.9792771935462952
958.5632939999999,254543815,1.0,-0.02193528041243553,0.002025654772296548,-0.017901763319969177,0.019662633538246155,0.2273537665605545,0.3380032479763031,0.11345367133617401,0.16600531339645386,-0.00944963376969099,0.9795311093330383
958.567294,254547816,1.0,-0.022019855678081512,0.002018965082243085,-0.017787136137485504,0.020544862374663353,0.22567501664161682,0.3361820578575134,0.11271301656961441,0.16508755087852478,-0.008773686364293098,0.979777991771698
958.571295,254551817,1.0,-0.022122373804450035,0.002015446312725544,-0.017718233168125153,0.021415797993540764,0.22400911152362823,0.3342537581920624,0.11197694391012192,0.16411800682544708,-0.008099612779915333,0.9800310134887695
958.575291,254555813,1.0,-0.02217327244579792,0.0020267607178539038,-0.01761438138782978,0.022332211956381798,0.22269034385681152,0.33237364888191223,0.11141319572925568,0.16316469013690948,-0.007436015177518129,0.9802597165107727
958.579291,254559813,1.0,-0.022224022075533867,0.0020400446373969316,-0.017512457445263863,0.023263482376933098,0.22155235707759857,0.33044153451919556,0.11093822121620178,0.16218259930610657,-0.006778140552341938,0.9804813265800476
958.581293,254561815,1.0,-0.02226565033197403,0.002040385501459241,-0.017457924783229828,0.02372852899134159,0.22096370160579681,0.32947972416877747,0.11069058626890182,0.1616940051317215,-0.006448436062783003,0.9805921912193298
958.585294,254565816,1.0,-0.022262481972575188,0.002058897167444229,-0.01738150231540203,0.024641161784529686,0.22026515007019043,0.3274330198764801,0.11042803525924683,0.16065038740634918,-0.0058305757120251656,0.9807971715927124
958.589292,254569814,1.0,-0.022288892418146133,0.0020547087769955397,-0.017302507534623146,0.025654926896095276,0.21958927810192108,0.32545557618141174,0.11018331348896027,0.15963482856750488,-0.0051692756824195385,0.9809942245483398
958.5932899999999,254573811,1.0,-0.02231423184275627,0.002053435891866684,-0.01722634769976139,0.026708126068115234,0.21909834444522858,0.3234899640083313,0.11003115028142929,0.15862011909484863,-0.004504666663706303,0.9811791181564331
958.5972959999999,254577817,1.0,-0.02233877032995224,0.0020542775746434927,-0.017152896150946617,0.027775540947914124,0.2188047170639038,0.32152965664863586,0.10997563600540161,0.1576041579246521,-0.003849493805319071,0.9813518524169922
958.599292,254579814,1.0,-0.022350402548909187,0.0020553204230964184,-0.01711759716272354,0.028311051428318024,0.21872906386852264,0.3205694854259491,0.1099824458360672,0.1571047306060791,-0.0035278561990708113,0.9814323782920837
958.603303,254583825,1.0,-0.022426582872867584,0.0020267851650714874,-0.017039824277162552,0.02927413582801819,0.2186158150434494,0.31862181425094604,0.1100054457783699,0.15609772503376007,-0.0029390554409474134,0.9815924167633057
958.605291,254585813,1.0,-0.022445999085903168,0.0020218798890709877,-0.01700480654835701,0.029813481494784355,0.21865731477737427,0.3177067041397095,0.11006911098957062,0.15561823546886444,-0.00262729125097394,0.9816622734069824
958.609292,254589814,1.0,-0.022483013570308685,0.0020127464085817337,-0.016937339678406715,0.03090551681816578,0.21879416704177856,0.3159058690071106,0.11022304743528366,0.15467193722724915,-0.0020029107108712196,0.9817960262298584
958.61329,254593812,1.0,-0.022516654804348946,0.0020048159640282393,-0.016873598098754883,0.03199934959411621,0.2189989537000656,0.3141798675060272,0.11040934175252914,0.15376092493534088,-0.001386853400617838,0.9819192886352539
958.615291,254595813,1.0,-0.022547084838151932,0.002012435579672456,-0.01683375984430313,0.03254411742091179,0.21909572184085846,0.31330880522727966,0.11049918085336685,0.15330156683921814,-0.0010788753861561418,0.9819813370704651
958.6212939999999,254601815,1.0,-0.02258736453950405,0.002011802513152361,-0.016747821122407913,0.03420829772949219,0.21953828632831573,0.3109024465084076,0.11084413528442383,0.15202049911022186,-0.00016313447849825025,0.9821422100067139
958.625311,254605833,1.0,-0.022624991834163666,0.002033598953858018,-0.01666942611336708,0.03524811193346977,0.21973936259746552,0.3092641532421112,0.11102153360843658,0.15115484595298767,0.0004227703029755503,0.9822556972503662
958.6312919999999,254611813,1.0,-0.022640522569417953,0.0020746318623423576,-0.01655680127441883,0.03710563853383064,0.22026987373828888,0.3070593774318695,0.11142075806856155,0.14995945990085602,0.0014167492045089602,0.9823927879333496
958.6352919999999,254615813,1.0,-0.022646276280283928,0.0021143052726984024,-0.01648927852511406,0.038446586579084396,0.2207002192735672,0.3057270050048828,0.1117311343550682,0.14922256767749786,0.0021167031954973936,0.9824684858322144
958.6412929999999,254621814,1.0,-0.022648358717560768,0.0021939591970294714,-0.016398275271058083,0.04060772806406021,0.2215927541255951,0.3039158284664154,0.11232758313417435,0.14819562435150146,0.00321153923869133,0.9825529456138611
958.64729,254627812,1.0,-0.022652579471468925,0.0023083388805389404,-0.016301129013299942,0.04282325506210327,0.22256295382976532,0.3021726608276367,0.1129642203450203,0.14719638228416443,0.004324333276599646,0.9826259016990662
958.6512909999999,254631812,1.0,-0.022622831165790558,0.002396576339378953,-0.016227487474679947,0.04461386054754257,0.2236071228981018,0.30119261145591736,0.1136060431599617,0.14659349620342255,0.005180396605283022,0.982637882232666
958.653296,254633818,1.0,-0.022615166381001472,0.002445068210363388,-0.016197053715586662,0.04553790017962456,0.22415052354335785,0.30068573355674744,0.11393911391496658,0.14628133177757263,0.0056220912374556065,0.9826434254646301
958.657291,254637813,1.0,-0.02259761281311512,0.0025503169745206833,-0.016138609498739243,0.0474998876452446,0.22531090676784515,0.2996993660926819,0.1146489754319191,0.1456615924835205,0.006554742809385061,0.9826471209526062
958.66129,254641812,1.0,-0.02259305864572525,0.00267039961181581,-0.016093149781227112,0.04961645230650902,0.22659499943256378,0.29871106147766113,0.11542968451976776,0.14502817392349243,0.007554713636636734,0.9826422333717346
958.663295,254643817,1.0,-0.022597661241889,0.0027364608831703663,-0.016076169908046722,0.050732456147670746,0.2272593230009079,0.2982212007045746,0.11583472043275833,0.14470919966697693,0.008081363514065742,0.9826374053955078
958.667303,254647825,1.0,-0.02260132133960724,0.002878728788346052,-0.016033433377742767,0.05293485149741173,0.2284168303012848,0.29711028933525085,0.11655711382627487,0.14401093125343323,0.009141067042946815,0.9826452732086182
958.671289,254651811,1.0,-0.022602856159210205,0.0030312533490359783,-0.01598728448152542,0.055318254977464676,0.2297792136669159,0.2961415946483612,0.11739238351583481,0.1433659940958023,0.010266685858368874,0.9826290607452393
958.673291,254653813,1.0,-0.022603018209338188,0.0031110872514545918,-0.015963973477482796,0.05653291568160057,0.23045675456523895,0.29567545652389526,0.1178094670176506,0.14305052161216736,0.010840206407010555,0.9826189279556274
958.677291,254657813,1.0,-0.022602437064051628,0.003276073606684804,-0.015916546806693077,0.058981213718652725,0.2317415326833725,0.29479777812957764,0.11860978603363037,0.14244548976421356,0.011999011039733887,0.9825970530509949
958.681289,254661811,1.0,-0.022604726254940033,0.0034388878848403692,-0.01587996631860733,0.06142299622297287,0.23302297294139862,0.2939204275608063,0.11940671503543854,0.14183932542800903,0.013155351392924786,0.9825734496116638
958.6832909999999,254663812,1.0,-0.022603588178753853,0.00352713605388999,-0.015855127945542336,0.06265715509653091,0.23355859518051147,0.29353636503219604,0.11975443363189697,0.14156413078308105,0.013744775205850601,0.9825627207756042
958.687291,254667813,1.0,-0.022600525990128517,0.003710247343406081,-0.01580059714615345,0.06520941853523254,0.23439592123031616,0.2928552031517029,0.12034077942371368,0.14105601608753204,0.014977279119193554,0.9825461506843567
958.69129,254671812,1.0,-0.022603897377848625,0.0039047314785420895,-0.01576150953769684,0.06762262433767319,0.23511746525764465,0.2920089364051819,0.1208581030368805,0.14047682285308838,0.01616029068827629,0.9825469255447388
958.695292,254675814,1.0,-0.022602582350373268,0.004098853096365929,-0.015719396993517876,0.07014598697423935,0.23590289056301117,0.2913006842136383,0.12141446769237518,0.1399560570716858,0.01738463155925274,0.982531726360321
958.6992919999999,254679813,1.0,-0.02260034717619419,0.00429261801764369,-0.015677768737077713,0.07264062017202377,0.23666110634803772,0.2906072437763214,0.12195449322462082,0.13944384455680847,0.01859622448682785,0.9825155138969421
958.703307,254683829,1.0,-0.02258228324353695,0.004506079014390707,-0.015643712133169174,0.07494573295116425,0.23722238838672638,0.28977927565574646,0.12238234281539917,0.13888132572174072,0.0197377298027277,0.9825196862220764
958.7072909999999,254687813,1.0,-0.022552194073796272,0.004699645098298788,-0.015606369823217392,0.07736531645059586,0.2379777878522873,0.289112389087677,0.12291387468576431,0.13838475942611694,0.020911524072289467,0.9824991226196289
958.71129,254691812,1.0,-0.022521132603287697,0.004890510346740484,-0.01556952390819788,0.07974285632371902,0.23878459632396698,0.28843528032302856,0.1234666183590889,0.1378832310438156,0.022061729803681374,0.9824751615524292
958.7132929999999,254693814,1.0,-0.022518081590533257,0.0049772500060498714,-0.015549198724329472,0.08093370497226715,0.2391909509897232,0.2880958318710327,0.1237441822886467,0.1376313865184784,0.022637778893113136,0.982462465763092
958.7172979999999,254697843,1.0,-0.02248520217835903,0.0051633743569254875,-0.015511962585151196,0.08329017460346222,0.24009115993976593,0.287401407957077,0.12433955073356628,0.13711826503276825,0.02377220056951046,0.9824322462081909
958.721292,254701838,1.0,-0.02245120145380497,0.005346259567886591,-0.015473365783691406,0.08563996851444244,0.24103356897830963,0.28664734959602356,0.12495338916778564,0.13657379150390625,0.024904226884245872,0.9824021458625793
958.725323,254705869,1.0,-0.02241452969610691,0.005500005558133125,-0.015439387410879135,0.08782072365283966,0.24183915555477142,0.2857373058795929,0.12548550963401794,0.13596618175506592,0.025973334908485413,0.9823909401893616
958.7312919999999,254711837,1.0,-0.022330014035105705,0.00575367221608758,-0.015406002290546894,0.09145548939704895,0.24335971474647522,0.2843656837940216,0.1264590471982956,0.13501699268817902,0.027733897790312767,0.9823489189147949
958.735298,254715844,1.0,-0.022273937240242958,0.005927399732172489,-0.015374456532299519,0.09397974610328674,0.2444249838590622,0.28329989314079285,0.1271362602710724,0.13430005311965942,0.028963636606931686,0.9823242425918579
958.7393,254719846,1.0,-0.022218279540538788,0.00610600458458066,-0.015333188697695732,0.0965871512889862,0.24550846219062805,0.28209713101387024,0.1278243064880371,0.13350845873355865,0.030242163687944412,0.9823043346405029
958.745326,254725872,1.0,-0.02216767705976963,0.00638074753805995,-0.015235568396747112,0.10050065815448761,0.24715448915958405,0.27993664145469666,0.1288575381040573,0.13214223086833954,0.03218374028801918,0.9822924137115479
958.749298,254729844,1.0,-0.022150365635752678,0.006564282346516848,-0.015158061869442463,0.10321058332920074,0.24825948476791382,0.2785528004169464,0.12955500185489655,0.13125038146972656,0.03352445736527443,0.9822753667831421
958.753303,254733849,1.0,-0.02201014757156372,0.0067891147918999195,-0.015148078091442585,0.10639522969722748,0.24940946698188782,0.27654868364334106,0.1302923858165741,0.13001972436904907,0.03513623774051666,0.98228520154953
958.759295,254739841,1.0,-0.021938137710094452,0.007117526140064001,-0.015003618784248829,0.11107087135314941,0.25106334686279297,0.27365344762802124,0.13135242462158203,0.1282336264848709,0.03750414773821831,0.9822912812232971
958.763298,254743844,1.0,-0.021847274154424667,0.007357751484960318,-0.014918060041964054,0.11434951424598694,0.25213173031806946,0.2714653015136719,0.13204331696033478,0.12690435349941254,0.039182912558317184,0.9823057055473328
958.769335,254749881,1.0,-0.021810876205563545,0.0077332365326583385,-0.014657546766102314,0.11929277330636978,0.25370001792907715,0.26790812611579895,0.13305111229419708,0.12477132678031921,0.041736479848623276,0.9823378324508667
958.773292,254753838,1.0,-0.021710114553570747,0.008003110997378826,-0.014484007842838764,0.12271898239850998,0.2545936703681946,0.2653917968273163,0.13364796340465546,0.1232728436589241,0.04352492466568947,0.9823683500289917
958.7792919999999,254759838,1.0,-0.021550841629505157,0.008433062583208084,-0.01418385561555624,0.12797899544239044,0.25574034452438354,0.2613687217235565,0.13444076478481293,0.12089930474758148,0.046299222856760025,0.9824283123016357
958.7833009999999,254763846,1.0,-0.02147280052304268,0.008726880885660648,-0.01394753996282816,0.13151904940605164,0.25639939308166504,0.2585829794406891,0.13491053879261017,0.11926604062318802,0.04818079620599747,0.9824730753898621
958.7892929999999,254769838,1.0,-0.0212872251868248,0.009178743697702885,-0.013581223785877228,0.13669899106025696,0.2571759819984436,0.254189670085907,0.13548791408538818,0.11672569811344147,0.05097004771232605,0.982558012008667
958.7933019999999,254773847,1.0,-0.021112795919179916,0.009460663422942162,-0.013314182870090008,0.13998311758041382,0.2575613260269165,0.2510875165462494,0.13578656315803528,0.11496267467737198,0.05276820808649063,0.9826297163963318
958.7993009999999,254779846,1.0,-0.020886540412902832,0.00987746100872755,-0.012875269167125225,0.14492954313755035,0.25781959295272827,0.24627749621868134,0.13606394827365875,0.11225201934576035,0.05550850182771683,0.9827537536621094
958.807295,254787841,1.0,-0.020449798554182053,0.010365207679569721,-0.01228165440261364,0.1509954184293747,0.2577649652957916,0.23958542943000793,0.13618052005767822,0.10855291038751602,0.05894844979047775,0.9829527735710144
958.8132979999999,254793843,1.0,-0.02018585428595543,0.01073616836220026,-0.011819231323897839,0.15540732443332672,0.25754451751708984,0.23437166213989258,0.1361517608165741,0.10569985210895538,0.061485905200242996,0.9831122756004333
958.8213079999999,254801853,1.0,-0.0197338555008173,0.011155687272548676,-0.011203777976334095,0.1605299860239029,0.25701746344566345,0.22767888009548187,0.13594859838485718,0.10208550095558167,0.06449222564697266,0.983329713344574
958.827324,254807870,1.0,-0.019518515095114708,0.011483093723654747,-0.010716626420617104,0.16400523483753204,0.25675705075263977,0.22299674153327942,0.13584266602993011,0.09955942630767822,0.06653495877981186,0.9834672212600708
958.8332949999999,254813840,1.0,-0.01909894309937954,0.011739752255380154,-0.010288971476256847,0.16692665219306946,0.25666144490242004,0.2183363288640976,0.13578227162361145,0.09707377105951309,0.06829379498958588,0.9836034774780273
958.839295,254819841,1.0,-0.018689192831516266,0.011986586265265942,-0.009834539145231247,0.16939078271389008,0.25668391585350037,0.21344636380672455,0.13574247062206268,0.0945003405213356,0.06983637809753418,0.9837512373924255
958.8453129999999,254825858,1.0,-0.018222367390990257,0.01221525389701128,-0.009381111711263657,0.1712670922279358,0.25688785314559937,0.20842507481575012,0.1357530653476715,0.09189300984144211,0.07108846306800842,0.9839071035385132
958.849292,254829838,1.0,-0.01799151487648487,0.012384483590722084,-0.009037508629262447,0.17255696654319763,0.2569788694381714,0.2049727737903595,0.1357329934835434,0.09010255336761475,0.07195223122835159,0.9840126633644104
958.855293,254835839,1.0,-0.017452917993068695,0.012629096396267414,-0.008542449213564396,0.17378616333007812,0.2572121322154999,0.19894295930862427,0.13568349182605743,0.08704066276550293,0.07295331358909607,0.9842213988304138
958.859297,254839843,1.0,-0.017126860097050667,0.012804841622710228,-0.008184338919818401,0.17465418577194214,0.2571724057197571,0.1947571486234665,0.13554787635803223,0.08492372184991837,0.07366649061441422,0.9843719005584717
958.865292,254845838,1.0,-0.01665329746901989,0.013084824196994305,-0.007614660542458296,0.17589718103408813,0.25676172971725464,0.18808743357658386,0.13515043258666992,0.08157668262720108,0.07475140690803528,0.9846277832984924
958.869323,254849869,1.0,-0.016376808285713196,0.013298832811415195,-0.007182212080806494,0.17663633823394775,0.2564144432544708,0.18357974290847778,0.13484027981758118,0.07932454347610474,0.07543746381998062,0.9848019480705261
958.8752939999999,254855839,1.0,-0.015873538330197334,0.013622060418128967,-0.006545993499457836,0.17765775322914124,0.25533369183540344,0.17629097402095795,0.13407188653945923,0.07571969926357269,0.07648453861474991,0.985109806060791
958.8852979999999,254865843,1.0,-0.014980602078139782,0.014191044494509697,-0.005445083603262901,0.17886793613433838,0.25283482670783997,0.16326607763767242,0.13238370418548584,0.06934501230716705,0.07806714624166489,0.9856832027435303
958.8913,254871846,1.0,-0.014452386647462845,0.014543058350682259,-0.004781453404575586,0.1792832463979721,0.2510744035243988,0.15517641603946686,0.13121408224105835,0.06541658192873001,0.07888399064540863,0.9860430359840393
958.8992989999999,254879844,1.0,-0.013678763061761856,0.015066581778228283,-0.003848504740744829,0.17949001491069794,0.2489466518163681,0.1444741040468216,0.12974858283996582,0.06022956967353821,0.07977472245693207,0.9864956736564636
958.907342,254887888,1.0,-0.012819095514714718,0.0156497023999691,-0.0028611584566533566,0.17924532294273376,0.24730710685253143,0.1339096873998642,0.12851086258888245,0.05511310696601868,0.08040149509906769,0.9869058132171631
958.913293,254893839,1.0,-0.012199291959404945,0.016070285812020302,-0.0021597882732748985,0.178500697016716,0.24620389938354492,0.12605521082878113,0.1276312619447708,0.051337551325559616,0.08057842403650284,0.987209141254425
958.9192929999999,254899838,1.0,-0.011518826708197594,0.016527662053704262,-0.0014272377593442798,0.17691048979759216,0.24497917294502258,0.11830347031354904,0.12667624652385712,0.047670114785432816,0.08032979816198349,0.9875362515449524
958.923291,254903837,1.0,-0.011083950288593769,0.01682884432375431,-0.0009554123389534652,0.17561915516853333,0.24414192140102386,0.11319609731435776,0.12602853775024414,0.04526900500059128,0.08004319667816162,0.9877553582191467
958.9292929999999,254909828,1.0,-0.010435403324663639,0.017283082008361816,-0.00024910393403843045,0.17291419208049774,0.24310168623924255,0.10580037534236908,0.12516196072101593,0.04183398187160492,0.07920511811971664,0.9880844950675964
958.9332939999999,254913829,1.0,-0.009981809183955193,0.017610495910048485,0.00024534232215955853,0.1707848161458969,0.24231936037540436,0.10075738281011581,0.12453372031450272,0.03951087221503258,0.07849182188510895,0.9883163571357727
958.941298,254921834,1.0,-0.009028639644384384,0.018314316868782043,0.001244245795533061,0.16568931937217712,0.24093762040138245,0.09081554412841797,0.12337099015712738,0.034974195063114166,0.07662910223007202,0.9887792468070984
958.9473449999999,254927880,1.0,-0.008275773376226425,0.018880875781178474,0.0019984000828117132,0.16137030720710754,0.24019180238246918,0.08359722048044205,0.12265697866678238,0.031702734529972076,0.07495717704296112,0.9891064763069153
958.9532969999999,254933832,1.0,-0.007489409297704697,0.019494203850626945,0.0028297349344938993,0.15538425743579865,0.2396288961172104,0.07712066918611526,0.1220494732260704,0.028888799250125885,0.07240628451108932,0.9894577860832214
958.959293,254939829,1.0,-0.0066771614365279675,0.020149728283286095,0.003643190022557974,0.14936493337154388,0.23903755843639374,0.07076423615217209,0.12144824117422104,0.026133598759770393,0.06982828676700592,0.989793598651886
958.9632929999999,254943828,1.0,-0.006119761150330305,0.02062172442674637,0.004191141575574875,0.14504487812519073,0.2387561947107315,0.06677775084972382,0.12111715972423553,0.02443329617381096,0.06793783605098724,0.9900091290473938
958.971329,254951865,1.0,-0.004935711156576872,0.021693987771868706,0.005322877783328295,0.1357092559337616,0.2387564778327942,0.05920570716261864,0.12076134234666824,0.021248843520879745,0.06377359479665756,0.9904029965400696
958.9772969999999,254957832,1.0,-0.0040031434036791325,0.022590147331357002,0.006231887731701136,0.12809213995933533,0.23915573954582214,0.05364585295319557,0.12070996314287186,0.01894131302833557,0.06032955273985863,0.9906718134880066
958.983297,254963833,1.0,-0.0030216400045901537,0.023583238944411278,0.007203568238765001,0.1199880987405777,0.24008986353874207,0.04802626743912697,0.12093617767095566,0.01661682315170765,0.056639112532138824,0.9909037947654724
958.9913339999999,254971869,1.0,-0.0016006508376449347,0.025158625096082687,0.008721661753952503,0.10886815935373306,0.24246548116207123,0.04037655517458916,0.12182251363992691,0.013430612161755562,0.05155915394425392,0.9911208748817444
958.9973,254977836,1.0,-0.0005166391492821276,0.026458239182829857,0.009873041883111,0.10043681412935257,0.24460956454277039,0.034713029861450195,0.12269263714551926,0.011081128381192684,0.04770011082291603,0.9912357926368713
959.0052999999999,254985835,1.0,0.0010014045983552933,0.02836940623819828,0.011511689983308315,0.08912920951843262,0.24828949570655823,0.026999235153198242,0.1242886558175087,0.007866084575653076,0.04253307357430458,0.9913028478622437
959.011298,254991834,1.0,0.0021284446120262146,0.029907014220952988,0.012838330119848251,0.08110073953866959,0.2517159581184387,0.02093276008963585,0.12583684921264648,0.005286418367177248,0.03890370577573776,0.9912737607955933
959.017299,254997835,1.0,0.0032810410484671593,0.03151026368141174,0.014142530970275402,0.07319927960634232,0.25500234961509705,0.014445344917476177,0.12732966244220734,0.002506480785086751,0.03537571802735329,0.9912262558937073
959.0252959999999,255005831,1.0,0.004804359283298254,0.033777836710214615,0.015983402729034424,0.06387277692556381,0.2593350112438202,0.005095246247947216,0.12931875884532928,-0.0016038569156080484,0.031333547085523605,0.9911066293716431
959.031295,255011831,1.0,0.005911828018724918,0.03551805019378662,0.017360296100378036,0.05821828544139862,0.2625522017478943,-0.002686169696971774,0.13080504536628723,-0.005140791181474924,0.02903030999004841,0.9909696578979492
959.037295,255017831,1.0,0.007033837493509054,0.037322383373975754,0.018805619329214096,0.05297647416591644,0.26536086201667786,-0.01093483716249466,0.13209956884384155,-0.008921142667531967,0.026975002139806747,0.9908291697502136
959.0432959999999,255023832,1.0,0.008143166080117226,0.0391656719148159,0.0202800240367651,0.0486166849732399,0.26792240142822266,-0.01971275545656681,0.1332775205373764,-0.01301119290292263,0.02540302835404873,0.9906677007675171
959.047301,255027837,1.0,0.008891269564628601,0.04040790721774101,0.021268269047141075,0.04627908021211624,0.2695404887199402,-0.025824809446930885,0.1340194195508957,-0.01590009033679962,0.02466019056737423,0.9905441999435425
959.055296,255035832,1.0,0.010306554846465588,0.04290161654353142,0.02332768775522709,0.04258882999420166,0.2724185585975647,-0.038520295172929764,0.13532625138759613,-0.021967032924294472,0.02370622754096985,0.9902738332748413
959.0613559999999,255041891,1.0,0.011393589898943901,0.04479271173477173,0.02488250657916069,0.040102504193782806,0.2744361162185669,-0.04855047166347504,0.1362379640340805,-0.026781637221574783,0.023175157606601715,0.9900428652763367
959.0672989999999,255047834,1.0,0.012430233880877495,0.04662012681365013,0.02642618492245674,0.038144469261169434,0.2763541042804718,-0.059115950018167496,0.13709431886672974,-0.0318923220038414,0.022950971499085426,0.9897783994674683
959.071293,255051829,0.91,0.013096364215016365,0.04782915115356445,0.027474744245409966,0.037103909999132156,0.27737098932266235,-0.0666058287024498,0.1375291645526886,-0.03553446754813194,0.022964784875512123,0.9895936846733093
959.0772939999999,255057829,0.91,0.01405327022075653,0.04961667209863663,0.029086874797940254,0.0354183055460453,0.2790318727493286,-0.07842127233743668,0.13824766874313354,-0.041274286806583405,0.022973213344812393,0.9892705678939819
959.0832939999999,255063829,0.91,0.015017892234027386,0.051396407186985016,0.030718771740794182,0.03413602337241173,0.28098657727241516,-0.09111210703849792,0.13909631967544556,-0.04747248813509941,0.02325763739645481,0.9888668656349182
959.089292,255069828,0.91,0.015940580517053604,0.053150326013565063,0.03239498659968376,0.033185116946697235,0.28336814045906067,-0.10440100729465485,0.14014171063899994,-0.053986601531505585,0.02377006597816944,0.9883727431297302
959.0932909999999,255073826,0.91,0.016547229140996933,0.05433184280991554,0.033528346568346024,0.032620642334222794,0.285069078207016,-0.11344895511865616,0.14088977873325348,-0.05842476338148117,0.02417069487273693,0.9880042672157288
959.0972899999999,255077825,0.91,0.01705162413418293,0.05550088733434677,0.034725483506917953,0.03225288540124893,0.2875596880912781,-0.12297074496746063,0.1420149803161621,-0.06311090290546417,0.024732429534196854,0.9875409007072449
959.101292,255081828,0.91,0.01759849302470684,0.05665679648518562,0.035906337201595306,0.031900592148303986,0.2902502119541168,-0.1325778067111969,0.14323484897613525,-0.0678372010588646,0.025325505062937737,0.9870362281799316
959.1053099999999,255085845,1.0,0.01798703521490097,0.05781793221831322,0.03717798367142677,0.03136291354894638,0.292906790971756,-0.14229373633861542,0.14444057643413544,-0.07259973883628845,0.02584616281092167,0.9865080714225769
959.109295,255089831,1.0,0.018464555963873863,0.05895518139004707,0.03839903697371483,0.03109283745288849,0.29586315155029297,-0.15207715332508087,0.14578092098236084,-0.07741127163171768,0.02652694843709469,0.9859268665313721
959.113293,255093829,1.0,0.019011054188013077,0.06006909906864166,0.03959108516573906,0.03079817444086075,0.2989037036895752,-0.1619216650724411,0.1471593827009201,-0.08224669843912125,0.027217114344239235,0.9853115081787109
959.1172919999999,255097827,1.0,0.019415540620684624,0.061169691383838654,0.040862489491701126,0.030444195494055748,0.3020198941230774,-0.1717820167541504,0.14857381582260132,-0.08708078414201736,0.027896590530872345,0.9846646785736084
959.1212899999999,255101825,1.0,0.019887322559952736,0.06223677843809128,0.04209861531853676,0.030002642422914505,0.30497267842292786,-0.1816626340150833,0.14990802109241486,-0.09191302955150604,0.028541984036564827,0.984004557132721
959.1253059999999,255105841,1.0,0.020533425733447075,0.0632716715335846,0.0432429239153862,0.02924407459795475,0.3076029121875763,-0.1914934664964676,0.15109652280807495,-0.09669162333011627,0.029026774689555168,0.983350396156311
959.129291,255109827,1.0,0.02104748599231243,0.06428875029087067,0.04443066194653511,0.02861267887055874,0.3102940618991852,-0.20147569477558136,0.15230479836463928,-0.10154885798692703,0.02960101142525673,0.9826570153236389
959.133295,255113828,1.0,0.021559735760092735,0.06528068333864212,0.045624516904354095,0.02789761684834957,0.31289637088775635,-0.21161262691020966,0.1534692794084549,-0.10647019743919373,0.03015437349677086,0.9819378852844238
959.13729,255117823,1.0,0.022066792473196983,0.06624016910791397,0.04681709036231041,0.027122626081109047,0.315437376499176,-0.22184555232524872,0.1546034961938858,-0.11142832785844803,0.030695127323269844,0.9811927676200867
959.139292,255119825,1.0,0.02231999859213829,0.06670951843261719,0.04741509631276131,0.02671455591917038,0.31666162610054016,-0.227021723985672,0.1551474928855896,-0.11393294483423233,0.030962197110056877,0.980810821056366
959.1433159999999,255123848,1.0,0.022778894752264023,0.06767193973064423,0.048639100044965744,0.025692062452435493,0.3186127841472626,-0.2372123897075653,0.15600518882274628,-0.11884377896785736,0.03136318922042847,0.9800789952278137
959.14729,255127823,1.0,0.023352455347776413,0.06854601949453354,0.04980386048555374,0.024819152429699898,0.3208982050418854,-0.247577965259552,0.15701431035995483,-0.12384510040283203,0.03188086301088333,0.9792816042900085
959.151292,255131825,1.0,0.023845579475164413,0.06946958601474762,0.050995681434869766,0.023770736530423164,0.3227205276489258,-0.25809648633003235,0.15780414640903473,-0.12890323996543884,0.0323072113096714,0.9784876108169556
959.1552919999999,255135824,1.0,0.02437186986207962,0.07034292817115784,0.05217698961496353,0.02267613634467125,0.3246777057647705,-0.2684369385242462,0.15866558253765106,-0.13386395573616028,0.032714955508708954,0.9776683449745178
959.161292,255141825,1.0,0.025174858048558235,0.07159746438264847,0.053952500224113464,0.020914427936077118,0.3273848593235016,-0.28383827209472656,0.1598558872938156,-0.14123177528381348,0.03326217457652092,0.9764186143875122
959.165299,255145832,1.0,0.02575715258717537,0.07236500829458237,0.05514125898480415,0.019727731123566628,0.3288256525993347,-0.2942888140678406,0.1604698896408081,-0.14622679352760315,0.03362113982439041,0.9755699634552002
959.171292,255151825,1.0,0.026716409251093864,0.07351317256689072,0.056895818561315536,0.01789790391921997,0.3300941288471222,-0.30995067954063416,0.16096065938472748,-0.1537047028541565,0.034080870449543,0.9743228554725647
959.1792929999999,255159825,1.0,0.02801479957997799,0.07506649196147919,0.05930352583527565,0.015644622966647148,0.33172208070755005,-0.33181309700012207,0.16155554354190826,-0.16414886713027954,0.034874070435762405,0.9724910259246826
959.185301,255165834,1.0,0.029030196368694305,0.07629770040512085,0.061128683388233185,0.013946671970188618,0.33212804794311523,-0.34831252694129944,0.16160565614700317,-0.17202456295490265,0.0354156568646431,0.9711008667945862
959.1953179999999,255175850,1.0,0.030868295580148697,0.07807756215333939,0.06427227705717087,0.010811389423906803,0.3316279351711273,-0.3750380277633667,0.16116546094417572,-0.18473897874355316,0.036007530987262726,0.9688140749931335
959.2053189999999,255185851,1.0,0.032893914729356766,0.0800611600279808,0.06732954829931259,0.006286706775426865,0.3300281763076782,-0.40134432911872864,0.16035102307796478,-0.1971254050731659,0.0357811339199543,0.9665137529373169
959.213298,255193831,1.0,0.03456621989607811,0.0815395712852478,0.0698465034365654,0.002125650644302368,0.3274219036102295,-0.4216304421424866,0.15915285050868988,-0.2066284865140915,0.035130247473716736,0.9647491574287415
959.2212969999999,255201829,1.0,0.03634253516793251,0.08297786861658096,0.07241282612085342,-0.0034501992631703615,0.32387351989746094,-0.44154036045074463,0.15768931806087494,-0.2158445119857788,0.033645059913396835,0.9630229473114014
959.229301,255209834,1.0,0.03823062404990196,0.08437833189964294,0.07500956952571869,-0.00949698593467474,0.32006868720054626,-0.4603833258152008,0.15621666610240936,-0.2245093584060669,0.031793881207704544,0.9613433480262756
959.2353009999999,255215833,1.0,0.03969074785709381,0.08541426807641983,0.07695484906435013,-0.014639366418123245,0.3175196349620819,-0.4743258059024811,0.15536242723464966,-0.23086023330688477,0.030117223039269447,0.960030734539032
959.24331,255223843,1.0,0.041701316833496094,0.08681177347898483,0.0795624852180481,-0.02209954522550106,0.31441497802734375,-0.49213874340057373,0.15449386835098267,-0.2388972043991089,0.027550319209694862,0.958280086517334
959.2494439999999,255229976,1.0,0.04322776198387146,0.08773189038038254,0.08164314180612564,-0.02806086651980877,0.31230852007865906,-0.5049709677696228,0.15403693914413452,-0.24463482201099396,0.02542709745466709,0.9569638967514038
959.257296,255237829,1.0,0.04524789750576019,0.08900799602270126,0.08429767191410065,-0.03623268008232117,0.3102758526802063,-0.5215774774551392,0.1538820117712021,-0.25199979543685913,0.022541774436831474,0.9551483392715454
959.2612929999999,255241825,1.0,0.04628486558794975,0.08966309577226639,0.08565489202737808,-0.040481191128492355,0.30950820446014404,-0.5299785733222961,0.1539638489484787,-0.2557053864002228,0.021060742437839508,0.9541835784912109
959.267299,255247832,1.0,0.04779081419110298,0.09064864367246628,0.0877021849155426,-0.04692474752664566,0.3087289035320282,-0.5426874160766602,0.15429902076721191,-0.2612912654876709,0.018865160644054413,0.9526609182357788
959.2752999999999,255255832,1.0,0.049746301025152206,0.0918814092874527,0.0905778557062149,-0.0552714504301548,0.3083840608596802,-0.5597470998764038,0.15509198606014252,-0.2687739431858063,0.01616634801030159,0.9504976272583008
959.281297,255261830,1.0,0.05119967460632324,0.09284958988428116,0.092706099152565,-0.06171741709113121,0.3084322214126587,-0.5730921626091003,0.1558893322944641,-0.27460747957229614,0.014149995520710945,0.9487302303314209
959.2892999999999,255269832,1.0,0.05309266597032547,0.09411203116178513,0.0956956297159195,-0.0700424462556839,0.30972471833229065,-0.5919564366340637,0.15753722190856934,-0.2828425168991089,0.011870911344885826,0.9460662007331848
959.297302,255277835,0.88,0.054900720715522766,0.09542009979486465,0.09872584044933319,-0.07735402137041092,0.31122857332229614,-0.6115542650222778,0.15918667614459991,-0.29145947098731995,0.010193366557359695,0.9431898593902588
959.3033009999999,255283833,0.88,0.056190088391304016,0.09644707292318344,0.10101219266653061,-0.08238472789525986,0.3123932182788849,-0.6270110607147217,0.1603996902704239,-0.2982884645462036,0.009237349964678288,0.9408563375473022
959.311298,255291831,0.82,0.05788310617208481,0.09779297560453415,0.10421426594257355,-0.08767461776733398,0.31337210536003113,-0.6480095982551575,0.1615651547908783,-0.30768075585365295,0.00859769992530346,0.9376328587532043
959.3173009999999,255297833,0.82,0.05911005288362503,0.09886765480041504,0.10659616440534592,-0.09100387245416641,0.3138347864151001,-0.6640074253082275,0.16223089396953583,-0.31488004326820374,0.008409038186073303,0.9351261854171753
959.325299,255305832,0.82,0.06069432944059372,0.10034747421741486,0.10977479070425034,-0.09449522942304611,0.31386062502861023,-0.6853030920028687,0.16271091997623444,-0.3245342969894409,0.008513808250427246,0.9317350387573242
959.333303,255313836,1.0,0.062294382601976395,0.10185622423887253,0.11292718350887299,-0.09692907333374023,0.3129551410675049,-0.7066029906272888,0.16259998083114624,-0.33428525924682617,0.008958808146417141,0.9282965064048767
959.3412989999999,255321830,1.0,0.0638442113995552,0.10332843661308289,0.11615724116563797,-0.09897410124540329,0.3118976056575775,-0.7284413576126099,0.16235852241516113,-0.3442884385585785,0.009598652832210064,0.9246691465377808
959.349299,255329831,1.0,0.06536535173654556,0.10480379313230515,0.11938110738992691,-0.09985589981079102,0.3104727864265442,-0.750106930732727,0.16174915432929993,-0.3542862832546234,0.01068820245563984,0.9209800362586975
959.3553089999999,255335840,1.0,0.06648161262273788,0.10591400414705276,0.12179705500602722,-0.10024190694093704,0.3094075322151184,-0.7670360207557678,0.16123691201210022,-0.36209315061569214,0.011679284274578094,0.918016791343689
959.361315,255341847,1.0,0.06755094975233078,0.10701657086610794,0.12421868741512299,-0.10014664381742477,0.30784139037132263,-0.7844713926315308,0.16039954125881195,-0.3701716959476471,0.012827039696276188,0.9149209856987
959.367298,255347830,1.0,0.06853020191192627,0.1081184670329094,0.1266292780637741,-0.09961366653442383,0.30587491393089294,-0.802324116230011,0.15928730368614197,-0.3784695863723755,0.014115363359451294,0.9116957187652588
959.373294,255353826,1.0,0.06953725963830948,0.10922957211732864,0.12893463671207428,-0.09846879541873932,0.3031822144985199,-0.8201428651809692,0.1577189564704895,-0.3868095278739929,0.015514751896262169,0.908439576625824
959.379292,255359824,1.0,0.07047268748283386,0.11031648516654968,0.13127955794334412,-0.09726706147193909,0.300599604845047,-0.8384950757026672,0.15617167949676514,-0.3953592777252197,0.016977332532405853,0.90499347448349
959.385285,255365817,1.0,0.0714595690369606,0.11136223375797272,0.13356199860572815,-0.0958908349275589,0.29761239886283875,-0.8567420244216919,0.15439501404762268,-0.40386340022087097,0.018399158492684364,0.9015087485313416
959.391322,255371854,1.0,0.07231343537569046,0.11241446435451508,0.13589118421077728,-0.09445153176784515,0.29411011934280396,-0.8744682669639587,0.15236729383468628,-0.41213172674179077,0.019669391214847565,0.8980783820152283
959.397291,255377823,1.0,0.0732257068157196,0.11344650387763977,0.13809950649738312,-0.09329870343208313,0.29078391194343567,-0.8920260071754456,0.15046872198581696,-0.4202611446380615,0.020802602171897888,0.8945987820625305
959.4012899999999,255381821,1.0,0.07382053881883621,0.11412420868873596,0.1395719349384308,-0.09262606501579285,0.28842097520828247,-0.9035764932632446,0.14915575087070465,-0.4255942404270172,0.0214543379843235,0.8922790288925171
959.4033019999999,255383833,1.0,0.07442066818475723,0.11447950452566147,0.14011427760124207,-0.09223172068595886,0.2869022488594055,-0.9089235663414001,0.14834114909172058,-0.4280864894390106,0.02169468067586422,0.8912161588668823
959.40729,255387822,1.0,0.07508468627929688,0.11514822393655777,0.14150360226631165,-0.09166254848241806,0.2842385768890381,-0.9201902151107788,0.1469172239303589,-0.4332805275917053,0.02219039388000965,0.8889268040657043
959.411289,255391821,1.0,0.07564699649810791,0.11580182611942291,0.14295561611652374,-0.09115058183670044,0.2814798057079315,-0.9313489198684692,0.1454639881849289,-0.4384137690067291,0.022616198286414146,0.8866352438926697
959.41329,255393822,1.0,0.0758783146739006,0.11612418293952942,0.14371608197689056,-0.09088104218244553,0.28010353446006775,-0.9369320273399353,0.14473551511764526,-0.4409777820110321,0.02283027209341526,0.8854767084121704
959.41729,255397822,1.0,0.07663095742464066,0.1167755052447319,0.1449999213218689,-0.09062962979078293,0.2771831154823303,-0.9475786089897156,0.14327464997768402,-0.4458540678024292,0.023044152185320854,0.8832641243934631
959.4192919999999,255399823,1.0,0.07695738971233368,0.11709616333246231,0.1456756591796875,-0.0904829278588295,0.2757892608642578,-0.9529134035110474,0.14256902039051056,-0.44829073548316956,0.023170821368694305,0.8821409344673157
959.4233019999999,255403833,1.0,0.0775088220834732,0.11772265285253525,0.1470886915922165,-0.090265654027462,0.2731136977672577,-0.9634438753128052,0.14122647047042847,-0.4530823230743408,0.02339606173336506,0.8799000382423401
959.42729,255407822,1.0,0.07785578072071075,0.1183173656463623,0.1485934555530548,-0.09009463340044022,0.27057603001594543,-0.9732406139373779,0.13996459543704987,-0.45752936601638794,0.023568471893668175,0.8777934312820435
959.4292909999999,255409822,1.0,0.0781712457537651,0.11861872673034668,0.14924649894237518,-0.0900828093290329,0.26945820450782776,-0.978301465511322,0.13941499590873718,-0.45980724692344666,0.023664791136980057,0.8766873478889465
959.4332899999999,255413822,1.0,0.07879721373319626,0.11921501904726028,0.15054431557655334,-0.09006454795598984,0.26706331968307495,-0.9883573055267334,0.13824978470802307,-0.46433350443840027,0.023804809898138046,0.8744797110557556
959.43729,255417822,1.0,0.07941798120737076,0.11980487406253815,0.15183180570602417,-0.08998338133096695,0.2644687592983246,-0.9984434843063354,0.13698488473892212,-0.46887627243995667,0.023915357887744904,0.8722489476203918
959.4392909999999,255419822,1.0,0.07972663640975952,0.12009813636541367,0.15247198939323425,-0.0899311974644661,0.2632823884487152,-1.0034817457199097,0.1363985687494278,-0.47113633155822754,0.023997493088245392,0.871120035648346
959.4433009999999,255423832,0.94,0.0804532989859581,0.1206737756729126,0.15364086627960205,-0.08971738815307617,0.26098906993865967,-1.0131688117980957,0.13524013757705688,-0.4754818379878998,0.024193832650780678,0.8689314126968384
959.447289,255427821,0.94,0.0809900239109993,0.12124205380678177,0.15495146811008453,-0.08952828496694565,0.2587170898914337,-1.023148775100708,0.13409435749053955,-0.4799405336380005,0.024393679574131966,0.8666491508483887
959.4492909999999,255429822,0.94,0.0813794732093811,0.12151525169610977,0.15548132359981537,-0.0893697515130043,0.2576338052749634,-1.028160572052002,0.13352888822555542,-0.4821765720844269,0.024531658738851547,0.8654906153678894
959.4532889999999,255433820,0.94,0.08198275417089462,0.12207096070051193,0.15669536590576172,-0.08902543038129807,0.25547415018081665,-1.0381845235824585,0.13239458203315735,-0.48664113879203796,0.024813074618577957,0.8631548881530762
959.455291,255435823,0.94,0.08227960765361786,0.12234688550233841,0.15729844570159912,-0.08882204443216324,0.2544453740119934,-1.0431935787200928,0.13184182345867157,-0.48886701464653015,0.024975739419460297,0.8619762063026428
959.45929,255439822,0.94,0.08286101371049881,0.12289243936538696,0.15849065780639648,-0.08833982050418854,0.25246086716651917,-1.0531820058822632,0.1307491958141327,-0.49329808354377747,0.02534211240708828,0.8596042394638062
959.4632899999999,255443821,0.94,0.08333910256624222,0.12343685328960419,0.15974321961402893,-0.08772449940443039,0.2505359351634979,-1.0631247758865356,0.12964887917041779,-0.4977027475833893,0.025767404586076736,0.857215940952301
959.465291,255445823,0.94,0.08352872729301453,0.12370924651622772,0.16040103137493134,-0.0873698890209198,0.24956925213336945,-1.0680421590805054,0.1290854513645172,-0.4998805522918701,0.025991737842559814,0.8560261726379395
959.46929,255449822,0.97,0.08389291167259216,0.12421076744794846,0.16168636083602905,-0.0864650160074234,0.24785640835762024,-1.0774636268615723,0.128007173538208,-0.5040517449378967,0.026546228677034378,0.8537220358848572
959.4732899999999,255453821,0.97,0.08441556990146637,0.12470884621143341,0.162800133228302,-0.08547021448612213,0.24617747962474823,-1.0869169235229492,0.12691742181777954,-0.5082287788391113,0.027140256017446518,0.8513864278793335
959.47529,255455822,0.97,0.08467129617929459,0.12495600432157516,0.16334758698940277,-0.08490860462188721,0.2453840970993042,-1.0915549993515015,0.12637574970722198,-0.5102769136428833,0.027467308565974236,0.8502306342124939
959.47929,255459822,0.97,0.08509892225265503,0.1254647821187973,0.16450311243534088,-0.08373302221298218,0.24384711682796478,-1.100759744644165,0.12529824674129486,-0.5143349170684814,0.028145095333456993,0.8479197025299072
959.483291,255463823,0.97,0.08558258414268494,0.1259477585554123,0.16555267572402954,-0.0822773426771164,0.2425207793712616,-1.1095640659332275,0.12423870712518692,-0.5182188749313354,0.02896261401474476,0.8456802368164062
959.485296,255465828,0.97,0.08582281321287155,0.12618885934352875,0.16607484221458435,-0.08155406266450882,0.2418574094772339,-1.1139748096466064,0.12370805442333221,-0.5201601386070251,0.029366660863161087,0.8445515632629395
959.489295,255469827,0.82,0.08635551482439041,0.1266421228647232,0.1669868677854538,-0.07995131611824036,0.24054354429244995,-1.1225825548171997,0.12261074781417847,-0.5239530801773071,0.0302242673933506,0.8423338532447815
959.493291,255473823,0.82,0.086802177131176,0.1271020472049713,0.16794906556606293,-0.07834667712450027,0.23889471590518951,-1.1311771869659424,0.12136797606945038,-0.5277459621429443,0.030983317643404007,0.840115487575531
959.4972909999999,255477822,0.82,0.08724506199359894,0.12756076455116272,0.16888968646526337,-0.07662852108478546,0.23716728389263153,-1.1396831274032593,0.12005917727947235,-0.531501054763794,0.03175333887338638,0.8379046320915222
959.5012909999999,255481822,0.82,0.08768590539693832,0.12801872193813324,0.16980844736099243,-0.07482819259166718,0.2353537380695343,-1.1480553150177002,0.1186901330947876,-0.5351979732513428,0.03251589462161064,0.8357143998146057
959.5052909999999,255485823,1.0,0.08818097412586212,0.12843289971351624,0.17052404582500458,-0.0729488953948021,0.23356586694717407,-1.156187653541565,0.11730983853340149,-0.5387870669364929,0.0332934595644474,0.8335697054862976
959.509291,255489823,1.0,0.08861926198005676,0.12886881828308105,0.17130964994430542,-0.07097859680652618,0.231606125831604,-1.1642959117889404,0.11582951992750168,-0.5423685312271118,0.03404964879155159,0.8314207792282104
959.51329,255493822,1.0,0.08899547904729843,0.1293332874774933,0.1722051054239273,-0.06893965601921082,0.2295967936515808,-1.1723114252090454,0.11430704593658447,-0.5459064841270447,0.034803908318281174,0.8292820453643799
959.517291,255497823,1.0,0.08948114514350891,0.12973953783512115,0.17284250259399414,-0.06674700230360031,0.22738945484161377,-1.1801717281341553,0.1126590371131897,-0.5493866801261902,0.03554641082882881,0.8271751403808594
959.5212909999999,255501822,1.0,0.08990342915058136,0.13017119467258453,0.1735953539609909,-0.06453648209571838,0.22513100504875183,-1.1879634857177734,0.11098181456327438,-0.5528303980827332,0.03626586124300957,0.8250735402107239
959.5252909999999,255505822,1.0,0.09018590301275253,0.13064178824424744,0.17452123761177063,-0.06246223300695419,0.22278569638729095,-1.1957695484161377,0.10930228978395462,-0.5562649369239807,0.03689317777752876,0.8229588270187378
959.527292,255507824,1.0,0.09037785232067108,0.1308547407388687,0.1749023199081421,-0.06135377287864685,0.22156552970409393,-1.1996694803237915,0.10842186212539673,-0.5579825639724731,0.03721792250871658,0.8218971490859985
959.531291,255511823,1.0,0.0907541885972023,0.13127419352531433,0.17566193640232086,-0.0591755211353302,0.2191007435321808,-1.207558274269104,0.10665728151798248,-0.5614444613456726,0.03783956170082092,0.8197392821311951
959.5352909999999,255515822,1.0,0.09111975133419037,0.1316840946674347,0.17642022669315338,-0.057055119425058365,0.21665115654468536,-1.215567708015442,0.10490918904542923,-0.5649398565292358,0.0384349524974823,0.8175327181816101
959.5392919999999,255519823,1.0,0.09147228300571442,0.13208232820034027,0.177178755402565,-0.05501676723361015,0.21417799592018127,-1.223759412765503,0.10316777229309082,-0.5684940814971924,0.038986239582300186,0.8152613043785095
959.545294,255525826,1.0,0.09194432944059372,0.1326828896999359,0.17839744687080383,-0.05226566269993782,0.21046528220176697,-1.236440658569336,0.1006285697221756,-0.5739461779594421,0.03968232870101929,0.8117173314094543
959.5492929999999,255529861,1.0,0.09225969016551971,0.13305459916591644,0.17913809418678284,-0.050373904407024384,0.20777758955955505,-1.2453224658966064,0.0988217368721962,-0.5777491331100464,0.040112096816301346,0.8092164397239685
959.555292,255535861,1.0,0.09271901845932007,0.13360269367694855,0.18024131655693054,-0.047330550849437714,0.20358030498027802,-1.2584705352783203,0.09598429501056671,-0.5833724737167358,0.0407540388405323,0.8054829239845276
959.5592909999999,255539859,1.0,0.09301789849996567,0.13395997881889343,0.18096795678138733,-0.045212265104055405,0.2004992663860321,-1.2673213481903076,0.09394858032464981,-0.5871523022651672,0.04111867398023605,0.8029539585113525
959.565292,255545861,1.0,0.09342554956674576,0.134507417678833,0.1821373552083969,-0.041855499148368835,0.19548268616199493,-1.2804629802703857,0.09068378061056137,-0.5927619934082031,0.041581299155950546,0.799174964427948
959.5692919999999,255549860,1.0,0.09363296627998352,0.13487012684345245,0.18298481404781342,-0.03975679352879524,0.19195395708084106,-1.2891860008239746,0.08847443759441376,-0.5964670181274414,0.041754599660634995,0.7966529726982117
959.575294,255555863,1.0,0.09401267766952515,0.13538523018360138,0.18409889936447144,-0.03602024167776108,0.1863899528980255,-1.3014347553253174,0.08489307016134262,-0.6016973853111267,0.04209592565894127,0.7930834293365479
959.581293,255561862,1.0,0.09439091384410858,0.13594655692577362,0.18531249463558197,-0.03207016363739967,0.1807759404182434,-1.3132193088531494,0.08123462647199631,-0.6067185401916504,0.042445335537195206,0.7896150350570679
959.5872959999999,255567864,1.0,0.09478908032178879,0.1363566517829895,0.18597884476184845,-0.027442989870905876,0.17567551136016846,-1.3233723640441895,0.07760301977396011,-0.6110719442367554,0.04311368986964226,0.78658127784729
959.593295,255573864,1.0,0.09516943246126175,0.13687872886657715,0.18696270883083344,-0.02262824960052967,0.1706223487854004,-1.3328559398651123,0.07394056767225266,-0.6151368021965027,0.043809764087200165,0.7837220430374146
959.5972919999999,255577860,1.0,0.09543149918317795,0.1372241973876953,0.18760181963443756,-0.019478769972920418,0.16741155087947845,-1.3388270139694214,0.07158342748880386,-0.6176856756210327,0.04426790401339531,0.7819083333015442
959.6033259999999,255583894,1.0,0.09581182897090912,0.13787896931171417,0.1889239251613617,-0.015124217607080936,0.16271890699863434,-1.3474760055541992,0.06821250170469284,-0.6213496923446655,0.04481353238224983,0.7792710065841675
959.6112949999999,255591863,1.0,0.09631901234388351,0.13861055672168732,0.19029155373573303,-0.009511992335319519,0.15630559623241425,-1.3583903312683105,0.06372487545013428,-0.6259536147117615,0.04535326734185219,0.7759280204772949
959.619298,255599867,1.0,0.09681068360805511,0.1392982453107834,0.19160117208957672,-0.0045801326632499695,0.14930644631385803,-1.3691176176071167,0.059223901480436325,-0.63043612241745,0.045392442494630814,0.7726463675498962
959.6293049999999,255609873,1.0,0.09741804003715515,0.1400955319404602,0.19330990314483643,0.0005959052359685302,0.13953953981399536,-1.3824913501739502,0.053521208465099335,-0.6359624266624451,0.04467097297310829,0.768564760684967
959.6392669999999,255619835,1.0,0.09795798361301422,0.1407666802406311,0.194986030459404,0.005219634622335434,0.12776675820350647,-1.3951797485351562,0.04725323244929314,-0.6411876082420349,0.04300493746995926,0.7647196650505066
959.647306,255627875,1.0,0.09834236651659012,0.14122624695301056,0.19629205763339996,0.00829965528100729,0.11709796637296677,-1.4049309492111206,0.04198508337140083,-0.6451741456985474,0.040968574583530426,0.7617802619934082
959.6552979999999,255635866,1.0,0.0987260565161705,0.14162413775920868,0.1975594311952591,0.01129342895001173,0.10531514137983322,-1.4129703044891357,0.03637419641017914,-0.6484801769256592,0.038456257432699203,0.7593889236450195
959.6632979999999,255643867,1.0,0.09931037575006485,0.14204829931259155,0.1987369954586029,0.013804711401462555,0.09411100298166275,-1.419674277305603,0.031182752922177315,-0.6512196063995361,0.035883884876966476,0.7573988437652588
959.669354,255649923,0.95,0.09994515031576157,0.14242520928382874,0.19958730041980743,0.015030025504529476,0.08686121553182602,-1.4241966009140015,0.027959570288658142,-0.6530359983444214,0.034052252769470215,0.7560440897941589
959.6773,255657869,0.95,0.10044628381729126,0.14281891286373138,0.20071139931678772,0.01654908061027527,0.0792350322008133,-1.428632378578186,0.024507474154233932,-0.6548120975494385,0.032192572951316833,0.7547079920768738
959.685306,255665875,0.92,0.1006690040230751,0.14317691326141357,0.2019207924604416,0.017167678102850914,0.0744229182600975,-1.431965708732605,0.02243650332093239,-0.6561216115951538,0.030889051035046577,0.7536888718605042
959.6913049999999,255671874,0.92,0.10109744966030121,0.1435280740261078,0.20274344086647034,0.017788687720894814,0.07080824673175812,-1.4343929290771484,0.02083345502614975,-0.6570737361907959,0.029963387176394463,0.7529423832893372
959.699304,255679873,0.92,0.10143353044986725,0.14397504925727844,0.20391845703125,0.01835370622575283,0.06651236116886139,-1.437657356262207,0.018982622772455215,-0.6583414077758789,0.028796734288334846,0.7519288659095764
959.705301,255685870,1.0,0.10228230059146881,0.14446762204170227,0.20460385084152222,0.01854291930794716,0.06371352076530457,-1.4404765367507935,0.0178280808031559,-0.659422755241394,0.027972351759672165,0.7510401606559753
959.713307,255693876,1.0,0.10290677845478058,0.1449982076883316,0.2056531459093094,0.018824024125933647,0.05956773832440376,-1.4443581104278564,0.01612585224211216,-0.6609091758728027,0.026743218302726746,0.749815821647644
959.7212959999999,255701864,1.0,0.10345582664012909,0.1455274373292923,0.20672917366027832,0.019198385998606682,0.05555376783013344,-1.4489312171936035,0.014438015408813953,-0.6626487970352173,0.025591015815734863,0.7483536601066589
959.727313,255707882,1.0,0.10391873121261597,0.1459345817565918,0.2075081467628479,0.01967499777674675,0.05230594798922539,-1.4531762599945068,0.013011804781854153,-0.6642562747001648,0.024721568450331688,0.7469826936721802
959.733303,255713872,1.0,0.1042042151093483,0.14637401700019836,0.20842979848384857,0.02034415304660797,0.049251142889261246,-1.457301378250122,0.011598635464906693,-0.6658141016960144,0.023981450125575066,0.7456419467926025
959.739297,255719866,1.0,0.10453957319259644,0.14679132401943207,0.20929108560085297,0.021234430372714996,0.046136610209941864,-1.461532473564148,0.010091286152601242,-0.6674075722694397,0.023298483341932297,0.7442596554756165
959.743293,255723862,1.0,0.10469400137662888,0.14712196588516235,0.20994694530963898,0.022076962515711784,0.04370161145925522,-1.4648611545562744,0.008865626528859138,-0.6686578392982483,0.022814670577645302,0.7431672811508179
959.749299,255729868,1.0,0.10507724434137344,0.14754439890384674,0.2107568085193634,0.023423513397574425,0.04053168743848801,-1.4690678119659424,0.0071901846677064896,-0.6702339053153992,0.022270962595939636,0.7417808771133423
959.7552979999999,255735866,1.0,0.1054135337471962,0.14798277616500854,0.21159763634204865,0.025062963366508484,0.03729117661714554,-1.4731000661849976,0.005394421983510256,-0.6717397570610046,0.021804552525281906,0.7404465675354004
959.7612959999999,255741865,1.0,0.10580264776945114,0.14837387204170227,0.2123480588197708,0.027023037895560265,0.034006644040346146,-1.4769915342330933,0.003477854188531637,-0.6731874346733093,0.021434415131807327,0.7391529679298401
959.769335,255749905,1.0,0.10649899393320084,0.14880642294883728,0.21314801275730133,0.030266040936112404,0.029140867292881012,-1.4822193384170532,0.000532355101313442,-0.6751206517219543,0.02099744603037834,0.7374082803726196
959.7752949999999,255755864,1.0,0.10690265148878098,0.14919011294841766,0.2138793021440506,0.033007245510816574,0.025738397613167763,-1.485695719718933,-0.0016842292388901114,-0.6763965487480164,0.020857255905866623,0.7362403869628906
959.7813259999999,255761895,1.0,0.1072559729218483,0.14964036643505096,0.2147296667098999,0.03608863428235054,0.02213764190673828,-1.489412784576416,-0.004090962465852499,-0.6777509450912476,0.02076680399477482,0.7349868416786194
959.787294,255767864,1.0,0.10757609456777573,0.15009301900863647,0.21565011143684387,0.03973569720983505,0.01894497498869896,-1.4928826093673706,-0.006537013687193394,-0.6790042519569397,0.021014316007494926,0.7338044047355652
959.7913,255771870,1.0,0.10788041353225708,0.1502687931060791,0.21600233018398285,0.04212374985218048,0.016810201108455658,-1.4952244758605957,-0.008156047202646732,-0.6798447370529175,0.021156495437026024,0.7330054640769958
959.795294,255775864,1.0,0.10805472731590271,0.15057998895645142,0.21664485335350037,0.044805970042943954,0.014983249828219414,-1.4977471828460693,-0.00976470671594143,-0.6807470917701721,0.021506449207663536,0.7321376204490662
959.8013249999999,255781894,1.0,0.10855879634618759,0.15071716904640198,0.21699416637420654,0.04882918670773506,0.012106538750231266,-1.5019341707229614,-0.01223346870392561,-0.6822382211685181,0.021974852308630943,0.7306972742080688
959.807295,255787865,1.0,0.10890177637338638,0.15101273357868195,0.2176816612482071,0.05289248749613762,0.00961754098534584,-1.5063444375991821,-0.014578892849385738,-0.68380206823349,0.022578494623303413,0.72917240858078
959.8132959999999,255793865,1.0,0.1092410758137703,0.15124645829200745,0.2182154655456543,0.05704890191555023,0.007242140360176563,-1.5110098123550415,-0.01692039892077446,-0.6854480504989624,0.023242514580488205,0.7275537252426147
959.819299,255799869,1.0,0.10949515551328659,0.15153537690639496,0.21893630921840668,0.06149907410144806,0.00515742739662528,-1.516306757926941,-0.019267885014414787,-0.6873120069503784,0.02409609779715538,0.7257068157196045
959.8253229999999,255805892,1.0,0.10978039354085922,0.15171775221824646,0.21937547624111176,0.06609223783016205,0.002924520056694746,-1.5218586921691895,-0.02172587439417839,-0.689252495765686,0.02493528462946415,0.7237659692764282
959.831293,255811863,1.0,0.11003769189119339,0.15205015242099762,0.22012721002101898,0.07093263417482376,0.0007617998053319752,-1.5274279117584229,-0.024248728528618813,-0.6911834478378296,0.025874238461256027,0.7218087911605835
959.8352699999999,255815839,1.0,0.11019580066204071,0.15224044024944305,0.22057242691516876,0.0742441713809967,-0.0007183417910709977,-1.5311535596847534,-0.02597672864794731,-0.6924659013748169,0.026509519666433334,0.7204952836036682
959.841331,255821901,1.0,0.11042317003011703,0.15257568657398224,0.22133833169937134,0.07934443652629852,-0.0031506989616900682,-1.5369603633880615,-0.028698379173874855,-0.6944506764411926,0.027421459555625916,0.7184446454048157
959.84534,255825910,1.0,0.11055447161197662,0.1527302861213684,0.22171448171138763,0.08281578123569489,-0.004664032254368067,-1.5406949520111084,-0.03049967996776104,-0.6957165598869324,0.028085989877581596,0.7171188592910767
959.8513049999999,255831874,1.0,0.11072701960802078,0.15301942825317383,0.22238120436668396,0.08806862682104111,-0.006936171557754278,-1.5461982488632202,-0.03322141245007515,-0.6975663900375366,0.029087567701935768,0.7151582837104797
959.857317,255837887,1.0,0.11087478697299957,0.15326286852359772,0.222954660654068,0.09349354356527328,-0.009168285876512527,-1.551731824874878,-0.0359947495162487,-0.6994091272354126,0.030149122700095177,0.7131776213645935
959.863305,255843875,1.0,0.11097901314496994,0.15355858206748962,0.2235734611749649,0.09919370710849762,-0.011079452000558376,-1.5571695566177368,-0.03875460475683212,-0.7012027502059937,0.03140779212117195,0.7112146615982056
959.8693039999999,255849874,1.0,0.11108919233083725,0.15370747447013855,0.22400034964084625,0.10465576499700546,-0.013246727176010609,-1.5625219345092773,-0.0415266714990139,-0.7029500603675842,0.03247880935668945,0.7092826962471008
959.877313,255857883,1.0,0.11118470877408981,0.15398648381233215,0.2247554063796997,0.11152072995901108,-0.015736760571599007,-1.5697572231292725,-0.04494436830282211,-0.7053087949752808,0.033875156193971634,0.7066625356674194
959.885309,255865879,1.0,0.11126681417226791,0.15429969131946564,0.22567017376422882,0.11763013154268265,-0.018065741285681725,-1.5770149230957031,-0.04804811254143715,-0.7076723575592041,0.035037562251091,0.7040337920188904
959.891296,255871866,1.0,0.11126267910003662,0.15447010099887848,0.22619768977165222,0.12211935967206955,-0.019370095804333687,-1.5826042890548706,-0.05019586905837059,-0.709494948387146,0.036015648394823074,0.7019972801208496
959.897294,255877864,1.0,0.11125018447637558,0.15468625724315643,0.2268734723329544,0.12644582986831665,-0.020065536722540855,-1.588327169418335,-0.052080802619457245,-0.7113724946975708,0.03713830187916756,0.6998982429504395
959.901299,255881869,1.0,0.11119725555181503,0.15479592978954315,0.2272176295518875,0.12929344177246094,-0.020311377942562103,-1.5920650959014893,-0.05325053632259369,-0.7125979065895081,0.03794778510928154,0.6985188126564026
959.907298,255887868,1.0,0.11113639920949936,0.15486842393875122,0.22758431732654572,0.133440762758255,-0.020322289317846298,-1.5975022315979004,-0.054838795214891434,-0.714381754398346,0.03924335911870003,0.6964993476867676
959.913293,255893863,1.0,0.11102616041898727,0.15500155091285706,0.22806677222251892,0.13767024874687195,-0.020026085898280144,-1.6028474569320679,-0.0563553161919117,-0.7161310911178589,0.04067164659500122,0.6944971084594727
959.921299,255901869,1.0,0.1109110563993454,0.1551596075296402,0.22883431613445282,0.14277023077011108,-0.01870790868997574,-1.609494686126709,-0.057866569608449936,-0.7183261513710022,0.042722925543785095,0.6919781565666199
959.929311,255909881,1.0,0.11081498116254807,0.1553255021572113,0.2296367883682251,0.14748670160770416,-0.017194880172610283,-1.616108775138855,-0.05918586999177933,-0.7205151915550232,0.04470319673418999,0.6894609928131104
959.9353169999999,255915887,1.0,0.11071483790874481,0.15544186532497406,0.2301892638206482,0.15085354447364807,-0.015867600217461586,-1.6207810640335083,-0.06004991754889488,-0.7220615148544312,0.04620230570435524,0.6876674294471741
959.9433819999999,255923951,1.0,0.11062463372945786,0.15560519695281982,0.2309304177761078,0.15505777299404144,-0.013725567609071732,-1.626558542251587,-0.06097178906202316,-0.7239795923233032,0.04824591428041458,0.6854256391525269
959.949304,255929874,1.0,0.1105770394206047,0.1557469218969345,0.23140712082386017,0.15798284113407135,-0.0120453592389822,-1.630351185798645,-0.061549875885248184,-0.7252374291419983,0.049740441143512726,0.683935821056366
959.9573039999999,255937873,1.0,0.11048341542482376,0.15592581033706665,0.23202863335609436,0.16196347773075104,-0.009667431004345417,-1.6348925828933716,-0.06229877844452858,-0.7267348766326904,0.05182315409183502,0.6821214556694031
959.9632949999999,255943864,1.0,0.11045821756124496,0.15605883300304413,0.23248717188835144,0.1649361252784729,-0.008095476776361465,-1.6376802921295166,-0.06291762739419937,-0.7276381850242615,0.05332084372639656,0.6809852719306946
959.96931,255949868,1.0,0.11048123985528946,0.15614044666290283,0.23284253478050232,0.1680491417646408,-0.00682343915104866,-1.6403143405914307,-0.06368953734636307,-0.7284736633300781,0.0547599159181118,0.6799052357673645
959.975381,255955939,1.0,0.11054026335477829,0.1562178134918213,0.2332066297531128,0.17118312418460846,-0.005461589898914099,-1.6425079107284546,-0.06443006545305252,-0.7291592955589294,0.05625084787607193,0.6789781451225281
959.983348,255963906,1.0,0.11079884320497513,0.15631423890590668,0.2336031198501587,0.17553547024726868,-0.0038957754150032997,-1.6450515985488892,-0.06555955857038498,-0.729928195476532,0.05821594223380089,0.6778773665428162
959.989296,255969854,1.0,0.11082243919372559,0.1563778668642044,0.2339378297328949,0.17884907126426697,-0.0026018242351710796,-1.6466865539550781,-0.06637933850288391,-0.730412483215332,0.059757038950920105,0.6771414279937744
959.997302,255977860,1.0,0.11098939925432205,0.1564580798149109,0.23431387543678284,0.1834004670381546,-0.0007753931568004191,-1.6486231088638306,-0.06748320907354355,-0.7309720516204834,0.06189954653382301,0.6762353777885437
960.00335,255983908,1.0,0.11080487817525864,0.15648631751537323,0.23471888899803162,0.1868954598903656,0.0006018641288392246,-1.6501201391220093,-0.06834246963262558,-0.7314025163650513,0.06353333592414856,0.675531804561615
960.0112959999999,255991853,1.0,0.11089467257261276,0.15647649765014648,0.23514126241207123,0.191318541765213,0.003015735652297735,-1.6518099308013916,-0.06920023262500763,-0.7318972945213318,0.06585118174552917,0.674686074256897
960.0193119999999,255999869,1.0,0.11111586540937424,0.15641869604587555,0.23553034663200378,0.19562430679798126,0.006268497556447983,-1.6531914472579956,-0.06972555071115494,-0.7323172092437744,0.06844508647918701,0.6739177107810974
960.025312,256005870,1.0,0.11111246049404144,0.15642930567264557,0.23585064709186554,0.19881480932235718,0.009059278294444084,-1.6540716886520386,-0.06998380273580551,-0.7325913906097412,0.07051032781600952,0.6733798384666443
960.0333139999999,256013871,1.0,0.11143292486667633,0.1561877280473709,0.23619654774665833,0.20284907519817352,0.013126813806593418,-1.6552605628967285,-0.07013425976037979,-0.7329798340797424,0.07331501692533493,0.6726415157318115
960.0413139999999,256021872,1.0,0.11166273802518845,0.1559699922800064,0.23655757308006287,0.20661912858486176,0.017184361815452576,-1.6564100980758667,-0.07019300013780594,-0.7333629727363586,0.0760272666811943,0.6719163060188293
960.0473049999999,256027862,1.0,0.11170880496501923,0.15588705241680145,0.23685096204280853,0.20940345525741577,0.020228199660778046,-1.6574763059616089,-0.07023097574710846,-0.7337196469306946,0.07803921401500702,0.6712920069694519
960.055298,256035856,1.0,0.11203202605247498,0.15553340315818787,0.2371402084827423,0.21340326964855194,0.023494020104408264,-1.6590332984924316,-0.07066232711076736,-0.7342042922973633,0.08052197843790054,0.6704230904579163
960.061305,256041863,1.0,0.11214040219783783,0.15537196397781372,0.23736995458602905,0.2165864259004593,0.02598460763692856,-1.6603304147720337,-0.07104716449975967,-0.7346049547195435,0.08245480805635452,0.6697081923484802
960.069298,256049856,1.0,0.11234189569950104,0.15508507192134857,0.23761600255966187,0.22164443135261536,0.029254410415887833,-1.6628148555755615,-0.07191258668899536,-0.735359251499176,0.08525639027357101,0.6684359908103943
960.0753,256055858,1.0,0.11244862526655197,0.1548914760351181,0.23779354989528656,0.22574472427368164,0.03162131458520889,-1.6648249626159668,-0.07271414250135422,-0.7359580397605896,0.08742096275091171,0.6674098968505859
960.079301,256059859,1.0,0.11245224624872208,0.15482257306575775,0.23791345953941345,0.22858242690563202,0.03316928818821907,-1.666316032409668,-0.07330601662397385,-0.7364015579223633,0.08888083696365356,0.6666626930236816
960.0832919999999,256063849,1.0,0.11254482716321945,0.15465258061885834,0.2380121648311615,0.23151513934135437,0.03469468280673027,-1.6682249307632446,-0.07396148145198822,-0.7369787693023682,0.09034733474254608,0.6657547354698181
960.0873029999999,256067860,1.0,0.11256710439920425,0.15454600751399994,0.23811697959899902,0.23444978892803192,0.03613226115703583,-1.6703617572784424,-0.07466026395559311,-0.7376272082328796,0.09177207201719284,0.6647629737854004
960.089293,256069851,1.0,0.11256783455610275,0.1544972062110901,0.23816987872123718,0.23589098453521729,0.03688100725412369,-1.671433925628662,-0.07499133050441742,-0.7379539608955383,0.0924859419465065,0.6642639636993408
960.0932909999999,256073848,1.0,0.11255858838558197,0.1544036865234375,0.23827722668647766,0.23876754939556122,0.03839805722236633,-1.673750877380371,-0.07565523684024811,-0.7386642098426819,0.0939110741019249,0.6631984710693359
960.0972929999999,256077850,1.0,0.11253613233566284,0.15431679785251617,0.23838669061660767,0.2415858805179596,0.039938878268003464,-1.6762629747390747,-0.07630234211683273,-0.7394400238990784,0.09531635046005249,0.6620582938194275
960.1013019999999,256081859,1.0,0.11265892535448074,0.15408025681972504,0.23846891522407532,0.24431723356246948,0.04158022999763489,-1.678983211517334,-0.0768975019454956,-0.7402892112731934,0.09671996533870697,0.6608358025550842
960.103291,256083849,1.0,0.11264397948980331,0.1540389508008957,0.23851683735847473,0.24563585221767426,0.042407624423503876,-1.6803470849990845,-0.07717707753181458,-0.7407161593437195,0.09740785509347916,0.6602234244346619
960.1072899999999,256087847,1.0,0.11260370910167694,0.1539601981639862,0.2386132925748825,0.24826917052268982,0.04421344771981239,-1.6832345724105835,-0.07769548147916794,-0.7416261434555054,0.09883049875497818,0.658928394317627
960.109294,256089852,1.0,0.11258096247911453,0.1539207547903061,0.2386626899242401,0.24949873983860016,0.04517688974738121,-1.6847039461135864,-0.07790517807006836,-0.7420940399169922,0.09953382611274719,0.6582706570625305
960.11329,256093848,1.0,0.11244486272335052,0.15393002331256866,0.23878666758537292,0.25203096866607666,0.047041453421115875,-1.6875876188278198,-0.07837274670600891,-0.7430048584938049,0.1009424701333046,0.6569719314575195
960.1172889999999,256097846,1.0,0.1124148741364479,0.15381573140621185,0.23886984586715698,0.254073828458786,0.04950573667883873,-1.6909313201904297,-0.07848802953958511,-0.7441030144691467,0.10239282250404358,0.6554891467094421
960.1212949999999,256101852,1.0,0.11234278976917267,0.15374118089675903,0.23896704614162445,0.2561628520488739,0.0519011951982975,-1.6940522193908691,-0.07863665372133255,-0.7451211810112,0.1038408875465393,0.6540854573249817
960.125281,256105839,1.0,0.11208096891641617,0.15387867391109467,0.23911061882972717,0.2580665946006775,0.054383136332035065,-1.6971882581710815,-0.07869316637516022,-0.7461514472961426,0.10525919497013092,0.6526759266853333
960.129292,256109850,1.0,0.11203023791313171,0.15383201837539673,0.23922118544578552,0.2599334120750427,0.05718018114566803,-1.7004337310791016,-0.07864286005496979,-0.7472261786460876,0.10677767544984818,0.6512041687965393
960.1352929999999,256115850,1.0,0.11188801378011703,0.15379254519939423,0.23938462138175964,0.2626768946647644,0.06140263378620148,-1.705270528793335,-0.07854516059160233,-0.7488250732421875,0.10904788225889206,0.6489993929862976
960.1413379999999,256121895,1.0,0.11178791522979736,0.15373142063617706,0.23954544961452484,0.26529499888420105,0.06573976576328278,-1.7101709842681885,-0.07837779819965363,-0.7504457235336304,0.1113174706697464,0.646758496761322
960.1452959999999,256125853,1.0,0.11165376007556915,0.15373308956623077,0.23965531587600708,0.2670937776565552,0.06850140541791916,-1.7134974002838135,-0.07833831757307053,-0.7515350580215454,0.11279706656932831,0.6452402472496033
960.151297,256131855,1.0,0.11150654405355453,0.15371771156787872,0.239817276597023,0.2699299156665802,0.07236376404762268,-1.7187665700912476,-0.07844769954681396,-0.7532386183738708,0.1149449348449707,0.642857015132904
960.1552989999999,256135856,1.0,0.11140315234661102,0.15370596945285797,0.23991841077804565,0.2718813419342041,0.07482421398162842,-1.7223756313323975,-0.07859277725219727,-0.7543948888778687,0.11634908616542816,0.6412287950515747
960.1592949999999,256139852,1.0,0.11129073053598404,0.15369446575641632,0.24001117050647736,0.27397510409355164,0.07712634652853012,-1.7261624336242676,-0.07885861396789551,-0.7555939555168152,0.1177317351102829,0.6395297646522522
960.165323,256145881,1.0,0.11100011318922043,0.1537204086780548,0.24012604355812073,0.277264803647995,0.08036787807941437,-1.7321563959121704,-0.07941117882728577,-0.7574727535247803,0.11975909769535065,0.6368568539619446
960.169278,256149836,1.0,0.11083260923624039,0.15373638272285461,0.24020017683506012,0.279516339302063,0.08241331577301025,-1.7365425825119019,-0.07986962050199509,-0.7588379979133606,0.12106820940971375,0.6349238157272339
960.171302,256151860,1.0,0.11074093729257584,0.15374299883842468,0.24023324251174927,0.2806921601295471,0.08343423157930374,-1.738890528678894,-0.08013013750314713,-0.7595656514167786,0.1217309981584549,0.6338933110237122
960.177297,256157855,1.0,0.11042458564043045,0.1537512093782425,0.24030417203903198,0.2842087745666504,0.08648059517145157,-1.7461481094360352,-0.08093591779470444,-0.7618075013160706,0.12369748950004578,0.6307119727134705
960.181301,256161828,1.0,0.11020774394273758,0.153751403093338,0.2403397262096405,0.286617636680603,0.08844099938869476,-1.7515078783035278,-0.08156123757362366,-0.7634535431861877,0.1249777227640152,0.6283844113349915
960.189342,256169869,1.0,0.10970035940408707,0.15373852849006653,0.24036499857902527,0.2914997339248657,0.09234479069709778,-1.7624692916870117,-0.08287947624921799,-0.7667958736419678,0.12753243744373322,0.6236109137535095
960.1972989999999,256177825,1.0,0.10913337767124176,0.15374863147735596,0.24034172296524048,0.29632827639579773,0.09626135230064392,-1.7737443447113037,-0.08422363549470901,-0.7702069282531738,0.13004887104034424,0.6186881065368652
960.2053539999999,256185881,1.0,0.10860458016395569,0.15377788245677948,0.24032656848430634,0.3013676404953003,0.10029888153076172,-1.7846181392669678,-0.08561556786298752,-0.7734564542770386,0.13267956674098969,0.6138657927513123
960.211315,256191842,1.0,0.10821861773729324,0.15376944839954376,0.24032877385616302,0.3051440119743347,0.10327441245317459,-1.7922755479812622,-0.08666132390499115,-0.7757197022438049,0.13464371860027313,0.6104258894920349
960.219302,256199829,1.0,0.10775841772556305,0.15376313030719757,0.24036166071891785,0.31007400155067444,0.10664505511522293,-1.8017067909240723,-0.08817102760076523,-0.7784649729728699,0.13702374696731567,0.6061704754829407
960.2272959999999,256207822,1.0,0.10731075704097748,0.15370915830135345,0.24043512344360352,0.31458690762519836,0.10927598178386688,-1.8104020357131958,-0.08971831202507019,-0.7809626460075378,0.13901245594024658,0.6022652983665466
960.233299,256213826,1.0,0.10702481865882874,0.15367929637432098,0.2406323403120041,0.317523330450058,0.11056626588106155,-1.8165123462677002,-0.0908961370587349,-0.7827008962631226,0.1401163637638092,0.5995703935623169
960.239292,256219819,1.0,0.10672922432422638,0.1536376029253006,0.24079228937625885,0.32012879848480225,0.11170100420713425,-1.822317361831665,-0.09197758883237839,-0.7843489646911621,0.14106880128383636,0.5970229506492615
960.243311,256223838,1.0,0.10651373863220215,0.15359508991241455,0.24086841940879822,0.32169899344444275,0.11244771629571915,-1.825799584388733,-0.09261199086904526,-0.7853347659111023,0.14166514575481415,0.5954857468605042
960.247293,256227820,1.0,0.10628987848758698,0.1535492241382599,0.24089235067367554,0.32327646017074585,0.11313842982053757,-1.8295546770095825,-0.09328801929950714,-0.7863965630531311,0.14222724735736847,0.5938426852226257
960.2512929999999,256231819,1.0,0.10610091686248779,0.1534939557313919,0.24113033711910248,0.32408425211906433,0.1136460229754448,-1.8328771591186523,-0.09368813782930374,-0.7873578071594238,0.142508402466774,0.5924369692802429
960.2552979999999,256235824,1.0,0.10587863624095917,0.15343990921974182,0.24121612310409546,0.32514283061027527,0.11422177404165268,-1.8363398313522339,-0.09417766332626343,-0.7883478999137878,0.14288252592086792,0.5909507274627686
960.2612939999999,256241820,1.0,0.10555987060070038,0.15334376692771912,0.24147887527942657,0.3262655436992645,0.11511454731225967,-1.841283917427063,-0.09470444172620773,-0.7897768616676331,0.14332740008831024,0.5888470411300659
960.267302,256247829,1.0,0.10518341511487961,0.15322893857955933,0.24162639677524567,0.3270730972290039,0.11591469496488571,-1.8460273742675781,-0.09512276202440262,-0.7911538481712341,0.1436513513326645,0.586848795413971
960.2752979999999,256255824,1.0,0.10466188192367554,0.15305903553962708,0.24185088276863098,0.32803285121917725,0.11685165762901306,-1.8525935411453247,-0.0956936702132225,-0.7930546998977661,0.1439848095178604,0.5841021537780762
960.281302,256261829,1.0,0.10425913333892822,0.15291711688041687,0.24205666780471802,0.3287440538406372,0.1173378974199295,-1.8575533628463745,-0.09618772566318512,-0.7944791316986084,0.1441444307565689,0.5820422768592834
960.289331,256269858,1.0,0.1036745086312294,0.1527331918478012,0.24223095178604126,0.32996252179145813,0.11802547425031662,-1.8643012046813965,-0.09695424139499664,-0.7963969111442566,0.1444418579339981,0.5792136192321777
960.295298,256275825,1.0,0.1031741201877594,0.15262551605701447,0.24233973026275635,0.3311541974544525,0.11846324056386948,-1.8694969415664673,-0.09767482429742813,-0.7978519201278687,0.14470544457435608,0.5770201086997986
960.299302,256279829,1.0,0.10283056646585464,0.15255537629127502,0.24242620170116425,0.3320130705833435,0.11882021278142929,-1.873134732246399,-0.09817539900541306,-0.7988670468330383,0.14491522312164307,0.5754759907722473
960.3052899999999,256285816,1.0,0.1021757647395134,0.1525164693593979,0.24251848459243774,0.3333786129951477,0.11956097930669785,-1.8789304494857788,-0.09892333298921585,-0.800482451915741,0.1453135758638382,0.5729973316192627
960.3092909999999,256289817,1.0,0.10178378224372864,0.15246205031871796,0.24262434244155884,0.3341989815235138,0.11996990442276001,-1.8829594850540161,-0.0994245782494545,-0.8016046285629272,0.14550985395908356,0.5712894797325134
960.3132909999999,256293817,1.0,0.1014605462551117,0.15237204730510712,0.2427578568458557,0.33502379059791565,0.12038245797157288,-1.8869519233703613,-0.09992505609989166,-0.8027125597000122,0.14570917189121246,0.5695931911468506
960.317293,256297820,1.0,0.10100309550762177,0.15232765674591064,0.2428755760192871,0.3357446491718292,0.12093669921159744,-1.8913251161575317,-0.10037132352590561,-0.8039336204528809,0.14591450989246368,0.5677370429039001
960.3232979999999,256303824,1.0,0.10043703019618988,0.15219558775424957,0.24309326708316803,0.33693429827690125,0.12168002873659134,-1.8975380659103394,-0.10108716040849686,-0.8056514263153076,0.1462332159280777,0.5650867223739624
960.329296,256309823,1.0,0.0998549833893776,0.15206314623355865,0.24332192540168762,0.338479220867157,0.12260932475328445,-1.903773307800293,-0.10189712792634964,-0.807353138923645,0.1467214673757553,0.5623795390129089
960.3372969999999,256317823,1.0,0.09897536784410477,0.15193118155002594,0.24360424280166626,0.3402877449989319,0.12355019152164459,-1.9119980335235596,-0.10296082496643066,-0.8095885515213013,0.14718186855316162,0.5588406920433044
960.3433289999999,256323855,1.0,0.09829697012901306,0.15183672308921814,0.24380604922771454,0.3417123854160309,0.12412958592176437,-1.9179002046585083,-0.10380639880895615,-0.8111741542816162,0.14750520884990692,0.5562939643859863
960.349295,256329822,1.0,0.09765391051769257,0.15172889828681946,0.24399487674236298,0.343059778213501,0.12438638508319855,-1.923309087753296,-0.10467904061079025,-0.8126113414764404,0.1476999670267105,0.5539764165878296
960.3553089999999,256335835,1.0,0.0969858393073082,0.15163344144821167,0.24415840208530426,0.3443261981010437,0.12461842596530914,-1.9283649921417236,-0.1055014431476593,-0.8139479160308838,0.14787735044956207,0.551806628704071
960.363351,256343878,1.0,0.09612829983234406,0.15149112045764923,0.24434903264045715,0.34565141797065735,0.12550683319568634,-1.9343149662017822,-0.10622946918010712,-0.8155363202095032,0.14828366041183472,0.5492064952850342
960.3712979999999,256351824,1.0,0.09538768976926804,0.15131691098213196,0.24450631439685822,0.3461226522922516,0.12689109146595,-1.9390990734100342,-0.1063852310180664,-0.8168544173240662,0.14871492981910706,0.547096848487854
960.377294,256357821,1.0,0.09483806043863297,0.15118134021759033,0.24459527432918549,0.34624508023262024,0.12837912142276764,-1.9418636560440063,-0.10622110217809677,-0.8176369667053223,0.14920024573802948,0.5458260774612427
960.381301,256361828,1.0,0.09446841478347778,0.1511005312204361,0.24463509023189545,0.3455372452735901,0.1295188069343567,-1.9429047107696533,-0.10568805783987045,-0.817983865737915,0.1494108885526657,0.545352041721344
960.387292,256367819,1.0,0.09392882138490677,0.15098170936107635,0.24468006193637848,0.3451234698295593,0.13142460584640503,-1.9443638324737549,-0.10509104281663895,-0.8184448480606079,0.14998888969421387,0.5446166396141052
960.3912939999999,256371820,1.0,0.09362096339464188,0.15089790523052216,0.24470682442188263,0.34483832120895386,0.1327921599149704,-1.9449933767318726,-0.1046365424990654,-0.8186603784561157,0.15042924880981445,0.5442585945129395
960.397296,256377827,1.0,0.09311986714601517,0.15083463490009308,0.24465908110141754,0.3442070484161377,0.1347198486328125,-1.9454221725463867,-0.10386773943901062,-0.8188503384590149,0.1510118693113327,0.5439587235450745
960.40334,256383871,1.0,0.09260542690753937,0.15081952512264252,0.2445271760225296,0.3433331847190857,0.13711316883563995,-1.9457616806030273,-0.10286188125610352,-0.819036602973938,0.1517210602760315,0.5436719655990601
960.4092949999999,256389825,1.0,0.09226135909557343,0.15075501799583435,0.2444280982017517,0.34227195382118225,0.13905350863933563,-1.9458616971969604,-0.10188858956098557,-0.8191565275192261,0.1522093117237091,0.5435380935668945
960.417294,256397825,1.0,0.09182386845350266,0.150658518075943,0.2442556470632553,0.3413733243942261,0.14248211681842804,-1.9452183246612549,-0.10050570219755173,-0.8190926909446716,0.15337876975536346,0.5435629487037659
960.4232949999999,256403825,1.0,0.09151944518089294,0.1505023092031479,0.24418167769908905,0.3407188355922699,0.14525270462036133,-1.9445022344589233,-0.09940160065889359,-0.8189817667007446,0.15435224771499634,0.5436575412750244
960.4292949999999,256409825,1.0,0.091326043009758,0.15040533244609833,0.244119331240654,0.34013786911964417,0.1481185406446457,-1.9438886642456055,-0.0983077734708786,-0.818894624710083,0.155378058552742,0.5436955094337463
960.4372989999999,256417829,1.0,0.09102725237607956,0.1503271460533142,0.24394743144512177,0.3393755853176117,0.15234562754631042,-1.9428389072418213,-0.09672020375728607,-0.8187182545661926,0.1569223254919052,0.5438023805618286
960.4432969999999,256423827,1.0,0.0908418595790863,0.15022213757038116,0.24383054673671722,0.33918142318725586,0.15491680800914764,-1.9417747259140015,-0.09583020955324173,-0.8184800148010254,0.1579543501138687,0.5440196990966797
960.451298,256431829,1.0,0.09060432016849518,0.15023529529571533,0.24359405040740967,0.34103506803512573,0.158438578248024,-1.9395350217819214,-0.09541364759206772,-0.8178377151489258,0.1599801778793335,0.5444667339324951
960.4572989999999,256437829,1.0,0.09046904742717743,0.15011703968048096,0.24346783757209778,0.3424784243106842,0.16080237925052643,-1.937723159790039,-0.09518793225288391,-0.8173123002052307,0.16140775382518768,0.5448737144470215
960.4632939999999,256443824,1.0,0.09034094959497452,0.1502208113670349,0.24321945011615753,0.3445853292942047,0.1625286489725113,-1.9360004663467407,-0.09541893750429153,-0.8167691826820374,0.16275575757026672,0.5452466607093811
960.469293,256449824,1.0,0.09028097242116928,0.1501551866531372,0.2430104911327362,0.34703055024147034,0.1643199473619461,-1.9348118305206299,-0.09581100195646286,-0.8163560032844543,0.16419635713100433,0.5453647375106812
960.475294,256455825,1.0,0.09022925049066544,0.15014438331127167,0.24275849759578705,0.3495675027370453,0.16606613993644714,-1.9338263273239136,-0.09626831114292145,-0.8159925937652588,0.1656339168548584,0.5453933477401733
960.479291,256459822,1.0,0.09018594026565552,0.15004336833953857,0.2426459640264511,0.35128170251846313,0.1670835018157959,-1.9332419633865356,-0.09662950783967972,-0.815766453742981,0.16653619706630707,0.5453929901123047
960.485293,256465824,1.0,0.09013096988201141,0.15007935464382172,0.24233661592006683,0.3543120324611664,0.16796289384365082,-1.9328275918960571,-0.09758031368255615,-0.8155202269554138,0.16773384809494019,0.5452248454093933
960.489291,256469822,1.0,0.09010452777147293,0.1500263661146164,0.2421807199716568,0.35642537474632263,0.1683143526315689,-1.9328340291976929,-0.09834246337413788,-0.8154241442680359,0.16844987869262695,0.5450109243392944
960.495292,256475823,1.0,0.0901406779885292,0.15003153681755066,0.24188068509101868,0.3593049645423889,0.16878260672092438,-1.9329760074615479,-0.09939509630203247,-0.815328061580658,0.1694142371416092,0.5446646213531494
960.499295,256479826,1.0,0.09012316912412643,0.14996814727783203,0.24171888828277588,0.36119183897972107,0.16905070841312408,-1.9331471920013428,-0.1001024842262268,-0.8152850270271301,0.17002642154693604,0.5444086790084839
960.5052929999999,256485823,1.0,0.09029536694288254,0.15006831288337708,0.241369366645813,0.36391398310661316,0.1692611575126648,-1.9338874816894531,-0.10121537744998932,-0.8153529763221741,0.17081373929977417,0.5438544750213623
960.509296,256489827,1.0,0.09034746140241623,0.1500251740217209,0.2411966472864151,0.365741103887558,0.16944573819637299,-1.9343754053115845,-0.10194950550794601,-0.8153959512710571,0.17135927081108093,0.543481171131134
960.5152889999999,256495819,1.0,0.09038769453763962,0.14992697536945343,0.24093782901763916,0.368388295173645,0.1698664426803589,-1.9353268146514893,-0.10299094766378403,-0.8155259490013123,0.17219728231430054,0.5428244471549988
960.523301,256503832,1.0,0.09045910835266113,0.14979605376720428,0.24056880176067352,0.37181082367897034,0.17048946022987366,-1.9369065761566162,-0.10434623062610626,-0.8157879114151001,0.17329201102256775,0.5418227314949036
960.531351,256511882,1.0,0.09030085057020187,0.14940740168094635,0.24034114181995392,0.37498271465301514,0.17076288163661957,-1.9391541481018066,-0.10575804859399796,-0.8162343502044678,0.17414140701293945,0.5406028628349304
960.537298,256517829,1.0,0.09029842168092728,0.1492065191268921,0.24014443159103394,0.37747880816459656,0.17071011662483215,-1.9410572052001953,-0.10695789009332657,-0.81661456823349,0.17469321191310883,0.539613664150238
960.543314,256523845,1.0,0.09038715809583664,0.14896222949028015,0.24001622200012207,0.3800508677959442,0.17044390738010406,-1.9434491395950317,-0.10829288512468338,-0.8171159625053406,0.17515137791633606,0.538438618183136
960.5492959999999,256529826,1.0,0.09037250280380249,0.14872489869594574,0.23984394967556,0.3827875256538391,0.1699707806110382,-1.9462953805923462,-0.10979443788528442,-0.8177232146263123,0.175542950630188,0.5370834469795227
960.555293,256535824,1.0,0.0903361365199089,0.1484825313091278,0.23966524004936218,0.38571903109550476,0.16937029361724854,-1.949436068534851,-0.11143853515386581,-0.8183918595314026,0.17591525614261627,0.5356025099754333
960.5593,256539831,1.0,0.0902981385588646,0.14831632375717163,0.2395428866147995,0.3877691626548767,0.1689620316028595,-1.9516735076904297,-0.11258933693170547,-0.8188676834106445,0.1761750429868698,0.5345481038093567
960.5653209999999,256545851,1.0,0.09010405838489532,0.148135706782341,0.23923742771148682,0.3907983601093292,0.1682203859090805,-1.9552067518234253,-0.1143496111035347,-0.819624125957489,0.17648592591285706,0.5329101085662842
960.571295,256551826,1.0,0.09000176936388016,0.1478777378797531,0.23903051018714905,0.3937084376811981,0.16743382811546326,-1.9588630199432373,-0.11608553677797318,-0.82041335105896,0.17673414945602417,0.5312354564666748
960.575295,256555826,1.0,0.08993618190288544,0.1477060765028,0.2388913333415985,0.39558833837509155,0.1669284701347351,-1.9612923860549927,-0.11721266806125641,-0.8209380507469177,0.17688851058483124,0.5301249027252197
960.581295,256561826,1.0,0.08983925729990005,0.14747750759124756,0.23866404592990875,0.3982756435871124,0.16620278358459473,-1.9646683931350708,-0.11881695687770844,-0.8216580152511597,0.17710918188095093,0.5285764336585999
960.585296,256565827,1.0,0.08979824930429459,0.14732147753238678,0.23852673172950745,0.40000924468040466,0.16579291224479675,-1.9668034315109253,-0.1198323518037796,-0.8221096992492676,0.17727485299110413,0.5275883674621582
960.5912959999999,256571827,1.0,0.08971688151359558,0.14711761474609375,0.23829051852226257,0.40247851610183716,0.16532985866069794,-1.969829797744751,-0.12124454975128174,-0.8227483034133911,0.17755676805973053,0.5261735320091248
960.595297,256575828,1.0,0.08968181163072586,0.14693249762058258,0.23817358911037445,0.40398719906806946,0.16519561409950256,-1.971744418144226,-0.12207255512475967,-0.8231568932533264,0.17778286337852478,0.5252658724784851
960.601317,256581850,1.0,0.08966594934463501,0.14652742445468903,0.23809918761253357,0.4062652289867401,0.16522516310214996,-1.97433602809906,-0.12323296070098877,-0.8236976861953735,0.17823338508605957,0.5239929556846619
960.605297,256585830,1.0,0.08965709805488586,0.14633651077747345,0.23801003396511078,0.4078749120235443,0.16534310579299927,-1.9760059118270874,-0.12401250004768372,-0.8240379095077515,0.1785990595817566,0.5231489539146423
960.6112979999999,256591830,1.0,0.08964863419532776,0.14610257744789124,0.237847700715065,0.41041749715805054,0.1655091494321823,-1.9783958196640015,-0.12522843480110168,-0.8245075345039368,0.1791813224554062,0.5219188332557678
960.615294,256595827,1.0,0.08966722339391708,0.14587613940238953,0.23779423534870148,0.412303626537323,0.16553710401058197,-1.9798634052276611,-0.12613007426261902,-0.824772298336029,0.17959220707416534,0.521141529083252
960.619296,256599829,1.0,0.08967004716396332,0.14578627049922943,0.2376459389925003,0.4142504930496216,0.16549775004386902,-1.9812802076339722,-0.12707123160362244,-0.8250170946121216,0.17999359965324402,0.5203863978385925
960.623292,256603825,1.0,0.0896792784333229,0.14569659531116486,0.23749680817127228,0.41627591848373413,0.16534852981567383,-1.9826425313949585,-0.12807050347328186,-0.8252387642860413,0.1803731620311737,0.5196580290794373
960.627307,256607840,1.0,0.08970029652118683,0.14566698670387268,0.23731765151023865,0.4183507561683655,0.16516679525375366,-1.9837709665298462,-0.12907837331295013,-0.8253942728042603,0.18076609075069427,0.5190247297286987
960.6312909999999,256611823,1.0,0.08974582701921463,0.14550136029720306,0.2372291535139084,0.42049747705459595,0.16486485302448273,-1.984951376914978,-0.1301538348197937,-0.8255543112754822,0.18112455308437347,0.5183762311935425
960.6352989999999,256615831,1.0,0.08979663997888565,0.14533179998397827,0.23713631927967072,0.42273131012916565,0.16446451842784882,-1.9860621690750122,-0.131286159157753,-0.8256867527961731,0.18146909773349762,0.5177589058876038
960.6393019999999,256619834,1.0,0.08985167741775513,0.14515787363052368,0.2370399385690689,0.42501163482666016,0.16395632922649384,-1.9871292114257812,-0.13246338069438934,-0.8258004784584045,0.18178370594978333,0.5171670317649841
960.6452939999999,256625826,1.0,0.08994819223880768,0.14488324522972107,0.2369062453508377,0.4285568594932556,0.16306397318840027,-1.9886056184768677,-0.1343051642179489,-0.8259239792823792,0.18224117159843445,0.5163331031799316
960.6492969999999,256629829,1.0,0.09003101289272308,0.14466363191604614,0.23682764172554016,0.4311233460903168,0.16203884780406952,-1.9896296262741089,-0.1357378214597702,-0.8259896636009216,0.18242059648036957,0.5157897472381592
960.655302,256635835,1.0,0.09012669324874878,0.14440180361270905,0.23663535714149475,0.4350096583366394,0.1604171246290207,-1.991258144378662,-0.13793301582336426,-0.8261023759841919,0.18265606462955475,0.5149428248405457
960.663297,256643830,1.0,0.0902971476316452,0.14399343729019165,0.2364075928926468,0.440691739320755,0.15706458687782288,-1.9937468767166138,-0.14141814410686493,-0.8262572884559631,0.1825900375843048,0.5137710571289062
960.667298,256647831,1.0,0.09037922322750092,0.14390996098518372,0.2361556589603424,0.4437243640422821,0.1549271196126938,-1.9950659275054932,-0.1433708667755127,-0.8263214826583862,0.18241146206855774,0.5131896734237671
960.673293,256653826,1.0,0.09057168662548065,0.14362725615501404,0.2359188199043274,0.4484015703201294,0.15144473314285278,-1.9971153736114502,-0.14643248915672302,-0.826409101486206,0.18205517530441284,0.5123098492622375
960.679311,256659844,1.0,0.09073318541049957,0.1433716118335724,0.23566219210624695,0.4531896412372589,0.1476936936378479,-1.9992055892944336,-0.14961375296115875,-0.8264784216880798,0.18160977959632874,0.5114362835884094
960.685294,256665827,1.0,0.09099122881889343,0.1430591493844986,0.23542402684688568,0.45798516273498535,0.14350514113903046,-2.0011439323425293,-0.152899369597435,-0.82648104429245,0.1809948831796646,0.510677695274353
960.691484,256672017,1.0,0.0912165641784668,0.14275111258029938,0.23514756560325623,0.46270638704299927,0.1391056329011917,-2.003112316131592,-0.15621034801006317,-0.8264757394790649,0.1802675873041153,0.5099409818649292
960.6973389999999,256677872,1.0,0.09154181182384491,0.14237967133522034,0.23486584424972534,0.46675941348075867,0.13509763777256012,-2.0046517848968506,-0.1590982973575592,-0.826413094997406,0.1795569360256195,0.5094000697135925
960.7034209999999,256683953,1.0,0.09195875376462936,0.14192920923233032,0.23456430435180664,0.4706619679927826,0.1312030404806137,-2.005854368209839,-0.16186074912548065,-0.8262695670127869,0.17887726426124573,0.509001612663269
960.709312,256689845,1.0,0.09229055792093277,0.14156672358512878,0.23426148295402527,0.4742824137210846,0.12755471467971802,-2.006446123123169,-0.16438396275043488,-0.8259924054145813,0.17827296257019043,0.5088547468185425
960.7153549999999,256695887,1.0,0.092681884765625,0.14115673303604126,0.2339395433664322,0.47790172696113586,0.12382813543081284,-2.0063045024871826,-0.16686055064201355,-0.8255168795585632,0.17769671976566315,0.5090219378471375
960.7193729999999,256699905,1.0,0.09295088052749634,0.1408824622631073,0.23372311890125275,0.4803530275821686,0.12130409479141235,-2.0060622692108154,-0.16852402687072754,-0.8251522183418274,0.17731916904449463,0.5091968178749084
960.723299,256703832,1.0,0.09319005161523819,0.14064887166023254,0.23351433873176575,0.4827740788459778,0.1187966838479042,-2.0057575702667236,-0.17016445100307465,-0.8247707486152649,0.1769465208053589,0.509398877620697
960.7253039999999,256705836,1.0,0.09332768619060516,0.1405097395181656,0.23340538144111633,0.48403432965278625,0.11749245971441269,-2.0055785179138184,-0.17101602256298065,-0.8245653510093689,0.1767549365758896,0.509512722492218
960.729294,256709827,1.0,0.0935228168964386,0.14028342068195343,0.233195498585701,0.4864672124385834,0.11502204090356827,-2.0052599906921387,-0.17264923453330994,-0.8241744637489319,0.1764025241136551,0.5097164511680603
960.733293,256713826,1.0,0.09379217773675919,0.13998456299304962,0.23298238217830658,0.488994836807251,0.11246402561664581,-2.004966974258423,-0.1743464171886444,-0.8237740397453308,0.1760372668504715,0.5099123120307922
960.735296,256715829,1.0,0.09392566978931427,0.139834463596344,0.23287588357925415,0.49026528000831604,0.11118058860301971,-2.0048441886901855,-0.17520073056221008,-0.8235774636268616,0.1758527159690857,0.5100006461143494
960.7393109999999,256719843,1.0,0.09427355974912643,0.13935883343219757,0.23265306651592255,0.49277228116989136,0.10879193246364594,-2.0045909881591797,-0.1768467277288437,-0.8231896758079529,0.17554819583892822,0.5101634860038757
960.743296,256723829,1.0,0.09451461583375931,0.13902367651462555,0.23244132101535797,0.49532613158226013,0.10625001788139343,-2.0043466091156006,-0.17855285108089447,-0.822789192199707,0.1751934438943863,0.510337233543396
960.747311,256727844,1.0,0.09474976360797882,0.13868823647499084,0.23222938179969788,0.49792513251304626,0.1037638932466507,-2.0042057037353516,-0.1802709400653839,-0.8224090337753296,0.17486408352851868,0.5104589462280273
960.7512939999999,256731826,1.0,0.0949721559882164,0.13835740089416504,0.23202106356620789,0.5004538893699646,0.10108491033315659,-2.004340171813965,-0.1820346564054489,-0.8220923542976379,0.17441418766975403,0.5104970335960388
960.7552969999999,256735829,1.0,0.09517906606197357,0.13802319765090942,0.2318139374256134,0.5028825402259827,0.09847090393304825,-2.0047848224639893,-0.1837659627199173,-0.8218625783920288,0.17393645644187927,0.5104097723960876
960.759297,256739830,1.0,0.09534618258476257,0.137799933552742,0.23161298036575317,0.5050938129425049,0.09585770219564438,-2.005373001098633,-0.18541909754276276,-0.8216851949691772,0.1733897477388382,0.5102834701538086
960.763339,256743872,1.0,0.09541982412338257,0.13767114281654358,0.2314159870147705,0.5073361396789551,0.09327255189418793,-2.00600528717041,-0.1870802640914917,-0.8215135931968689,0.1728573739528656,0.5101339817047119
960.7692999999999,256749832,1.0,0.09562218934297562,0.1372702717781067,0.23111464083194733,0.5103774070739746,0.0893554836511612,-2.006575107574463,-0.1894153654575348,-0.8211808800697327,0.17199499905109406,0.5100995302200317
960.7733,256753833,1.0,0.09575788676738739,0.13700628280639648,0.23091252148151398,0.512343168258667,0.08664681762456894,-2.006959915161133,-0.19097165763378143,-0.8209567666053772,0.1713639497756958,0.5100923180580139
960.7792979999999,256759830,1.0,0.09599240124225616,0.13666145503520966,0.23061540722846985,0.5152539610862732,0.08260628581047058,-2.0074832439422607,-0.19327811896800995,-0.8206048607826233,0.17042121291160583,0.5101057887077332
960.785299,256765832,1.0,0.09622606635093689,0.1362740695476532,0.23032143712043762,0.5175157189369202,0.07896289229393005,-2.0072052478790283,-0.19514347612857819,-0.8201245665550232,0.16955099999904633,0.5104578137397766
960.789359,256769892,1.0,0.09639132022857666,0.13609421253204346,0.23013456165790558,0.5192001461982727,0.07634355127811432,-2.007188081741333,-0.19652323424816132,-0.819816529750824,0.1689227670431137,0.5106315612792969
960.795301,256775834,1.0,0.09660854935646057,0.135777086019516,0.22985859215259552,0.5213155150413513,0.07361774146556854,-2.0060572624206543,-0.19801312685012817,-0.8191723227500916,0.16847196221351624,0.5112384557723999
960.8013109999999,256781844,1.0,0.09684186428785324,0.1354810893535614,0.2295808047056198,0.5235441327095032,0.07011256366968155,-2.004789352416992,-0.19974303245544434,-0.8184342980384827,0.16775058209896088,0.51198410987854
960.8072999999999,256787854,1.0,0.09696756303310394,0.1351584643125534,0.2293166220188141,0.5256856679916382,0.06679222732782364,-2.003169298171997,-0.201358824968338,-0.8176189064979553,0.16711953282356262,0.512859582901001
960.811295,256791849,1.0,0.09712866693735123,0.1349731683731079,0.22913315892219543,0.5270451903343201,0.0643845722079277,-2.00205659866333,-0.20245668292045593,-0.8170595169067383,0.1666078269481659,0.5134850144386292
960.815295,256795849,1.0,0.0972694605588913,0.13478146493434906,0.2289494127035141,0.5281715989112854,0.06183263659477234,-2.0006539821624756,-0.20347337424755096,-0.8164380192756653,0.16600878536701202,0.5142651200294495
960.8192899999999,256799843,1.0,0.09741626679897308,0.134589284658432,0.22876375913619995,0.5292571187019348,0.05925028771162033,-1.9991179704666138,-0.20447079837322235,-0.8157815933227539,0.16540206968784332,0.5151060819625854
960.821292,256801846,1.0,0.09749296307563782,0.1344926804304123,0.2286694198846817,0.5297551155090332,0.05791700631380081,-1.9982764720916748,-0.20495650172233582,-0.8154353499412537,0.1650783270597458,0.5155649185180664
960.825302,256805856,1.0,0.09768442064523697,0.13430821895599365,0.2284737080335617,0.5306564569473267,0.05516987666487694,-1.9964394569396973,-0.2058984786272049,-0.814705491065979,0.16439105570316315,0.5165621042251587
960.829294,256809848,1.0,0.09788525104522705,0.13416320085525513,0.22826890647411346,0.53150874376297,0.05239430069923401,-1.9944924116134644,-0.20681986212730408,-0.8139470219612122,0.16369280219078064,0.5176103711128235
960.8332949999999,256813848,1.0,0.09803035110235214,0.13400407135486603,0.22806429862976074,0.532100260257721,0.049545854330062866,-1.9923804998397827,-0.2076420783996582,-0.8131647706031799,0.16291657090187073,0.5187543034553528
960.839298,256819852,1.0,0.09824785590171814,0.13376905024051666,0.22775012254714966,0.5326435565948486,0.04530854895710945,-1.9889941215515137,-0.20871113240718842,-0.8119657635688782,0.16170305013656616,0.5205798745155334
960.843296,256823850,1.0,0.09828966110944748,0.1336529403924942,0.22753627598285675,0.5329959392547607,0.04240673780441284,-1.986795425415039,-0.20944704115390778,-0.8111734390258789,0.16085635125637054,0.5217804908752441
960.8472979999999,256827851,1.0,0.0983709841966629,0.1335521936416626,0.2273145318031311,0.5329235196113586,0.03968918323516846,-1.984168291091919,-0.2099291831254959,-0.8103217482566833,0.16001927852630615,0.5231655836105347
960.8512929999999,256831847,1.0,0.09845013916492462,0.13345135748386383,0.22709257900714874,0.5328354239463806,0.0369647778570652,-1.9814761877059937,-0.21040378510951996,-0.8094505667686462,0.15918339788913727,0.5245766639709473
960.8572919999999,256837845,1.0,0.09856203943490982,0.13329969346523285,0.22675973176956177,0.5325891375541687,0.032973941415548325,-1.9772416353225708,-0.21103274822235107,-0.8081033825874329,0.15796104073524475,0.5267660021781921
960.8612919999999,256841845,1.0,0.09863157570362091,0.13319839537143707,0.2265394926071167,0.5323537588119507,0.030372170731425285,-1.974401593208313,-0.21140921115875244,-0.8072074055671692,0.15715420246124268,0.5282281041145325
960.865319,256845873,1.0,0.09889664500951767,0.13304542005062103,0.22631904482841492,0.5322306156158447,0.02773977443575859,-1.9716845750808716,-0.21185114979743958,-0.8063263297080994,0.15635281801223755,0.5296326279640198
960.8712929999999,256851846,1.0,0.09901802986860275,0.13292118906974792,0.22599466145038605,0.5318766236305237,0.023912761360406876,-1.967475414276123,-0.21240711212158203,-0.8049886226654053,0.15517087280750275,0.5317879915237427
960.8752989999999,256855852,1.0,0.09910032153129578,0.13284073770046234,0.2257843017578125,0.5317260026931763,0.021261705085635185,-1.9646903276443481,-0.2128433734178543,-0.8040820360183716,0.15436477959156036,0.5332179069519043
960.8812939999999,256861847,1.0,0.09923039376735687,0.1327264904975891,0.22548244893550873,0.5316645503044128,0.01695302315056324,-1.9606281518936157,-0.21366649866104126,-0.8027052879333496,0.15305674076080322,0.535335898399353
960.8852909999999,256865844,1.0,0.09937179088592529,0.1326199322938919,0.22529210150241852,0.5316937565803528,0.013854440301656723,-1.9580084085464478,-0.21431401371955872,-0.8017827272415161,0.152105450630188,0.5367288589477539
960.889315,256869869,1.0,0.09952478855848312,0.13253025710582733,0.22510680556297302,0.5320196151733398,0.0103027718141675,-1.9557017087936401,-0.21522873640060425,-0.8008760213851929,0.1510208249092102,0.5380213260650635
960.895306,256875860,1.0,0.09971607476472855,0.13247577846050262,0.224828839302063,0.5322160124778748,0.0047324178740382195,-1.952091097831726,-0.21654218435287476,-0.7994802594184875,0.14923793077468872,0.540063738822937
960.901296,256881850,1.0,0.0999198704957962,0.13242994248867035,0.22456446290016174,0.5322797894477844,-0.001168323215097189,-1.9483999013900757,-0.217891663312912,-0.7980414032936096,0.14730022847652435,0.5421769618988037
960.9073089999999,256887863,1.0,0.10004810243844986,0.1325407326221466,0.22431685030460358,0.5323123335838318,-0.007315622642636299,-1.944737434387207,-0.2193036526441574,-0.7965830564498901,0.14525675773620605,0.5442994236946106
960.9133039999999,256893857,1.0,0.10035791993141174,0.13238468766212463,0.22408980131149292,0.5320167541503906,-0.013384964317083359,-1.9408303499221802,-0.22055263817310333,-0.7950873374938965,0.1431860476732254,0.546525776386261
960.921299,256901853,1.0,0.10059678554534912,0.13247445225715637,0.22382602095603943,0.5305230617523193,-0.020777875557541847,-1.9346555471420288,-0.22153440117835999,-0.7929853796958923,0.1405145674943924,0.54986572265625
960.929539,256910093,1.0,0.10103805363178253,0.13221301138401031,0.22359605133533478,0.5285917520523071,-0.027972696349024773,-1.9283313751220703,-0.22229492664337158,-0.790885329246521,0.13782167434692383,0.5532544851303101
960.935391,256915945,1.0,0.10126061737537384,0.13214044272899628,0.2234688401222229,0.5267482399940491,-0.03258820250630379,-1.9235870838165283,-0.22250649333000183,-0.7894036769866943,0.1360042691230774,0.5557297468185425
960.9434699999999,256924023,1.0,0.10150092840194702,0.13210615515708923,0.22333718836307526,0.5240050554275513,-0.03839712217450142,-1.9170931577682495,-0.2225843369960785,-0.7874258756637573,0.1336570531129837,0.5590639114379883
960.949477,256930031,1.0,0.10165666043758392,0.1320023238658905,0.22321000695228577,0.5216554999351501,-0.04233132302761078,-1.91230046749115,-0.22242718935012817,-0.7860206961631775,0.13197267055511475,0.561498761177063
960.9573019999999,256937855,1.0,0.1018282026052475,0.13188500702381134,0.22306156158447266,0.5183547139167786,-0.04715714603662491,-1.9063266515731812,-0.22207626700401306,-0.7843048572540283,0.12979672849178314,0.5645359754562378
960.9632949999999,256943848,1.0,0.10195688903331757,0.13181374967098236,0.22295096516609192,0.5157611966133118,-0.05065694451332092,-1.9020211696624756,-0.22175434231758118,-0.7830818295478821,0.1281569004058838,0.5667306780815125
960.969306,256949860,1.0,0.10211024433374405,0.13170002400875092,0.22277936339378357,0.5133713483810425,-0.053982917219400406,-1.8980345726013184,-0.22149156033992767,-0.7819347381591797,0.1266060769557953,0.5687622427940369
960.9753089999999,256955862,1.0,0.10222280025482178,0.1316407173871994,0.22266866266727448,0.51091468334198,-0.057300787419080734,-1.8942018747329712,-0.2212168425321579,-0.7808335423469543,0.12502051889896393,0.5707293152809143
960.981309,256961863,1.0,0.10234025865793228,0.1315777450799942,0.22255657613277435,0.5085257291793823,-0.060556523501873016,-1.89054274559021,-0.22096846997737885,-0.7797741889953613,0.12345780432224274,0.5726109743118286
960.987299,256967853,1.0,0.1024559810757637,0.13150715827941895,0.22244475781917572,0.506167471408844,-0.06374577432870865,-1.8870351314544678,-0.22072884440422058,-0.7787554264068604,0.1219116672873497,0.5744182467460632
960.991311,256971865,1.0,0.10253254324197769,0.1314692199230194,0.22240152955055237,0.5047860741615295,-0.06585592776536942,-1.884867787361145,-0.22065243124961853,-0.7781031131744385,0.12092233449220657,0.5755396485328674
960.9973,256977854,1.0,0.10264480113983154,0.13140995800495148,0.22233179211616516,0.5025562047958374,-0.06888070702552795,-1.8816136121749878,-0.2204410433769226,-0.7771496176719666,0.11944754421710968,0.5772144198417664
961.003333,256983887,1.0,0.1027715876698494,0.13133029639720917,0.22231663763523102,0.500712513923645,-0.07193688303232193,-1.8786731958389282,-0.22041212022304535,-0.7762374877929688,0.11803621798753738,0.5787411332130432
961.009297,256989851,1.0,0.10296902060508728,0.13118593394756317,0.22230002284049988,0.4989854693412781,-0.07484131306409836,-1.8759639263153076,-0.22040343284606934,-0.7753891348838806,0.1166922003030777,0.5801525115966797
961.0152949999999,256995848,1.0,0.10316156595945358,0.1310511827468872,0.2222905457019806,0.4975203275680542,-0.0777154266834259,-1.87351393699646,-0.22050638496875763,-0.7745867967605591,0.11540708690881729,0.581440806388855
961.0233039999999,257003879,1.0,0.10338711738586426,0.13091249763965607,0.2222643494606018,0.4959073066711426,-0.08142644912004471,-1.8706063032150269,-0.2207665592432022,-0.7735904455184937,0.11380044370889664,0.5829831957817078
961.031263,257011839,1.0,0.10368946939706802,0.1307426393032074,0.22217191755771637,0.494850754737854,-0.08491276949644089,-1.8682173490524292,-0.22121179103851318,-0.7726998925209045,0.1123872697353363,0.5842682123184204
961.039308,257019884,1.0,0.10414653271436691,0.13047751784324646,0.2221841812133789,0.4938947856426239,-0.08806581795215607,-1.866136074066162,-0.2216215580701828,-0.7719147205352783,0.11110074073076248,0.5853957533836365
961.0492989999999,257029874,1.0,0.10497406870126724,0.12997408211231232,0.22228150069713593,0.49290740489959717,-0.09155257791280746,-1.8642219305038452,-0.222125843167305,-0.7711491584777832,0.1096559688448906,0.5864850282669067
961.057289,257037865,1.0,0.10557012259960175,0.12963835895061493,0.22233380377292633,0.4919614791870117,-0.09383733570575714,-1.8629462718963623,-0.22234131395816803,-0.7706728577613831,0.10862409323453903,0.5872209668159485
961.065355,257045931,1.0,0.10589548200368881,0.1295025795698166,0.22231295704841614,0.49092021584510803,-0.09574169665575027,-1.8615765571594238,-0.2224079966545105,-0.7702130079269409,0.10772376507520676,0.5879644155502319
961.0732979999999,257053873,1.0,0.10631636530160904,0.12925231456756592,0.22232088446617126,0.4898208677768707,-0.09727945923805237,-1.8601007461547852,-0.22234347462654114,-0.7697608470916748,0.1069616824388504,0.5887196063995361
961.0813039999999,257061879,1.0,0.10674718022346497,0.12901923060417175,0.2223401814699173,0.4887949228286743,-0.0985107421875,-1.8585366010665894,-0.22221629321575165,-0.7693016529083252,0.1063508465886116,0.589478075504303
961.0872979999999,257067873,1.0,0.10697042942047119,0.12897196412086487,0.222345769405365,0.4881150424480438,-0.09914948046207428,-1.8573827743530273,-0.22207580506801605,-0.768978476524353,0.10602832585573196,0.5900105237960815
961.093297,257073873,1.0,0.10723573714494705,0.12876079976558685,0.2223557084798813,0.4874001145362854,-0.09952490031719208,-1.8562418222427368,-0.2218477576971054,-0.7686867713928223,0.1057969406247139,0.5905178189277649
961.1012979999999,257081873,1.0,0.10755801200866699,0.1284881979227066,0.22237224876880646,0.48648619651794434,-0.09948896616697311,-1.8550132513046265,-0.22142133116722107,-0.768428385257721,0.10567719489336014,0.5910353064537048
961.1072979999999,257087873,1.0,0.1077871173620224,0.128012552857399,0.22239667177200317,0.4856685996055603,-0.09906312823295593,-1.8540754318237305,-0.2209358513355255,-0.7682805061340332,0.1057058572769165,0.5914039611816406
961.115295,257095871,1.0,0.10796277970075607,0.1276392638683319,0.22243081033229828,0.4844951629638672,-0.09807446599006653,-1.8531025648117065,-0.22015056014060974,-0.7682122588157654,0.10585283488035202,0.5917591452598572
961.1212939999999,257101869,1.0,0.10809145122766495,0.1274358630180359,0.22246026992797852,0.483551561832428,-0.09718358516693115,-1.8524268865585327,-0.21949702501296997,-0.7681969404220581,0.10599629580974579,0.5919960141181946
961.127293,257107869,1.0,0.10822290927171707,0.12730935215950012,0.2224903702735901,0.48276349902153015,-0.09631841629743576,-1.8518630266189575,-0.21891629695892334,-0.7681947350502014,0.10616311430931091,0.5921840071678162
961.133293,257113869,1.0,0.10820353776216507,0.12730872631072998,0.22251096367835999,0.48223984241485596,-0.09560807794332504,-1.8513072729110718,-0.21848179399967194,-0.768151581287384,0.10634654015302658,0.5923674702644348
961.137292,257117868,1.0,0.10826602578163147,0.12721389532089233,0.22252702713012695,0.48204803466796875,-0.09521499276161194,-1.8510392904281616,-0.21828100085258484,-0.7681286334991455,0.10647265613079071,0.5924486517906189
961.1433169999999,257123892,1.0,0.10824031382799149,0.1268150806427002,0.22254547476768494,0.48195135593414307,-0.0949321836233139,-1.8506892919540405,-0.2181440144777298,-0.7680609822273254,0.10659274458885193,0.5925652384757996
961.149292,257129868,1.0,0.1082221120595932,0.12655316293239594,0.22256939113140106,0.48217645287513733,-0.09494733810424805,-1.8505983352661133,-0.21822994947433472,-0.7680080533027649,0.10666344314813614,0.5925893783569336
961.1552929999999,257135868,1.0,0.10826212167739868,0.12633715569972992,0.22259528934955597,0.48242607712745667,-0.09502094238996506,-1.8504917621612549,-0.21834126114845276,-0.7679426074028015,0.10672026872634888,0.5926229953765869
961.1592919999999,257139867,1.0,0.10820724815130234,0.1261015385389328,0.22261159121990204,0.48270002007484436,-0.09532948583364487,-1.8504395484924316,-0.21853229403495789,-0.7678694128990173,0.10668656975030899,0.5926535129547119
961.1652949999999,257145870,1.0,0.10823614150285721,0.12602846324443817,0.2226599007844925,0.48318323493003845,-0.09595572203397751,-1.8503533601760864,-0.21889306604862213,-0.7677344083786011,0.10659448057413101,0.592711865901947
961.171293,257151869,1.0,0.10819052904844284,0.12584619224071503,0.22271285951137543,0.4837779402732849,-0.09657789766788483,-1.85041081905365,-0.21930305659770966,-0.7676299214363098,0.10652129352092743,0.5927087664604187
961.177292,257157868,1.0,0.10820280015468597,0.12569385766983032,0.22276270389556885,0.4844506084918976,-0.09726490080356598,-1.8505147695541382,-0.21976396441459656,-0.7675244808197021,0.10644076019525528,0.592689037322998
961.181291,257161867,1.0,0.10810309648513794,0.12556438148021698,0.2228083610534668,0.4849259555339813,-0.09773562103509903,-1.8506724834442139,-0.2200898677110672,-0.7674761414527893,0.10638032853603363,0.5926415920257568
961.185291,257165867,1.0,0.10818243026733398,0.12550638616085052,0.22283783555030823,0.48537880182266235,-0.098149873316288,-1.8508485555648804,-0.22039185464382172,-0.767440676689148,0.10633324086666107,0.5925837159156799
961.1873039999999,257167879,1.0,0.10822264105081558,0.12553177773952484,0.22285112738609314,0.4855695962905884,-0.09842904657125473,-1.8508750200271606,-0.22054655849933624,-0.7674020528793335,0.10627773404121399,0.5925861597061157
961.191291,257171867,1.0,0.10817515850067139,0.12549127638339996,0.2228819578886032,0.4859738051891327,-0.0987062081694603,-1.851084589958191,-0.2207922786474228,-0.7673941850662231,0.10626605898141861,0.5925069451332092
961.19529,257175866,1.0,0.10812205821275711,0.12545636296272278,0.22291409969329834,0.48633506894111633,-0.09888753294944763,-1.8512892723083496,-0.220993772149086,-0.7673983573913574,0.10627960413694382,0.5924239754676819
961.1992909999999,257179866,1.0,0.10806380212306976,0.125427708029747,0.22294747829437256,0.48664653301239014,-0.09900536388158798,-1.8514882326126099,-0.22115762531757355,-0.7674120664596558,0.10630380362272263,0.5923407077789307
961.2032919999999,257183867,1.0,0.10781911015510559,0.1254226267337799,0.22295452654361725,0.486885666847229,-0.09907028079032898,-1.8516170978546143,-0.22127485275268555,-0.767417848110199,0.10633499175310135,0.5922838449478149
961.2072939999999,257187869,1.0,0.1077430471777916,0.12542182207107544,0.22296051681041718,0.4871268570423126,-0.09901797771453857,-1.8517770767211914,-0.22136090695858002,-0.7674432992935181,0.10640916228294373,0.5922054052352905
961.2132939999999,257193869,1.0,0.10767572373151779,0.12541203200817108,0.22298285365104675,0.48733001947402954,-0.09883742779493332,-1.8520283699035645,-0.22140051424503326,-0.767511785030365,0.10651206970214844,0.5920833349227905
961.219293,257199869,1.0,0.10754971206188202,0.1254161149263382,0.22299404442310333,0.4875142276287079,-0.0986824780702591,-1.852272629737854,-0.22143983840942383,-0.7675778865814209,0.10660012811422348,0.5919671058654785
961.225293,257205826,1.0,0.107527956366539,0.12540021538734436,0.22303475439548492,0.4877081513404846,-0.09859642386436462,-1.8525584936141968,-0.22150485217571259,-0.7676488757133484,0.10665951669216156,0.5918400287628174
961.229294,257209827,1.0,0.10763051360845566,0.12540075182914734,0.2230389416217804,0.4878293573856354,-0.09861014038324356,-1.852786898612976,-0.22156748175621033,-0.7677017450332642,0.10666470974683762,0.591746985912323
961.235293,257215826,1.0,0.10754842311143875,0.1254257708787918,0.2230425328016281,0.48826315999031067,-0.09880313277244568,-1.853362798690796,-0.22181996703147888,-0.767806351184845,0.10665373504161835,0.5915186405181885
961.239297,257219830,1.0,0.10749524086713791,0.12544499337673187,0.2230471819639206,0.48867735266685486,-0.09905120730400085,-1.8538422584533691,-0.22207555174827576,-0.7678794264793396,0.1066259890794754,0.5913328528404236
961.245292,257225825,1.0,0.10737881064414978,0.1254979968070984,0.223030686378479,0.4893624782562256,-0.09951560199260712,-1.8545578718185425,-0.22250956296920776,-0.7679721713066101,0.10656730830669403,0.5910597443580627
961.2512929999999,257231825,1.0,0.10729160159826279,0.12557180225849152,0.22300605475902557,0.49063876271247864,-0.10050739347934723,-1.8558349609375,-0.22335104644298553,-0.7681158781051636,0.10641391575336456,0.590583086013794
961.2572839999999,257237816,1.0,0.10725528746843338,0.12561103701591492,0.2230251282453537,0.4919852316379547,-0.10147761553525925,-1.8572111129760742,-0.2242182344198227,-0.7682818174362183,0.10627754777669907,0.5900629758834839
961.2653859999999,257245918,1.0,0.10729729384183884,0.1256522387266159,0.22308491170406342,0.49425941705703735,-0.10309329628944397,-1.8595898151397705,-0.2256784439086914,-0.7685773372650146,0.106047622859478,0.5891621112823486
961.2733119999999,257253844,1.0,0.10733277350664139,0.12573766708374023,0.2231089174747467,0.49660542607307434,-0.10463415086269379,-1.8624086380004883,-0.2271672934293747,-0.7689975500106812,0.10581494122743607,0.5880824327468872
961.281311,257261844,1.0,0.10732991248369217,0.12580975890159607,0.2231331616640091,0.49880415201187134,-0.106011301279068,-1.8657174110412598,-0.22857803106307983,-0.7695897221565247,0.10554340481758118,0.5868085622787476
961.287377,257267910,1.0,0.10730396956205368,0.1258632391691208,0.22314687073230743,0.5002607107162476,-0.1068483218550682,-1.8684017658233643,-0.22951674461364746,-0.7701310515403748,0.10533422231674194,0.5857686996459961
961.2953679999999,257275900,1.0,0.10714682191610336,0.1259518265724182,0.2231450229883194,0.5016053915023804,-0.10776042193174362,-1.8719769716262817,-0.23047983646392822,-0.7709361910820007,0.10495786368846893,0.5843973755836487
961.3013719999999,257281904,1.0,0.10702832788228989,0.12601782381534576,0.22313812375068665,0.5022640824317932,-0.10808846354484558,-1.8745607137680054,-0.23096151649951935,-0.7715835571289062,0.1047229990363121,0.5833941698074341
961.307387,257287920,1.0,0.10686744749546051,0.12611247599124908,0.22308173775672913,0.5025541186332703,-0.10830188542604446,-1.8770900964736938,-0.2312656044960022,-0.7722670435905457,0.1044311597943306,0.5824207663536072
961.3133849999999,257293917,1.0,0.1067274883389473,0.1261645257472992,0.2230401188135147,0.5026471018791199,-0.10837332159280777,-1.8795634508132935,-0.23145051300525665,-0.7729692459106445,0.10414393991231918,0.5814664959907532
961.3193799999999,257299912,1.0,0.10658248513936996,0.12621481716632843,0.22298988699913025,0.5025115013122559,-0.10816983878612518,-1.8819588422775269,-0.23146577179431915,-0.7736999988555908,0.10390762984752655,0.580530047416687
961.325376,257305909,1.0,0.10646191984415054,0.1262463629245758,0.2229573130607605,0.5022338628768921,-0.10775603353977203,-1.884311318397522,-0.231364905834198,-0.774453341960907,0.1037183329463005,0.5795988440513611
961.333363,257313896,1.0,0.10638449341058731,0.12624406814575195,0.22293993830680847,0.5016376376152039,-0.10684379935264587,-1.887253761291504,-0.2310320883989334,-0.7754597067832947,0.10356618463993073,0.5784119963645935
961.3394059999999,257319938,1.0,0.10630154609680176,0.1262698918581009,0.22290246188640594,0.5012323260307312,-0.10606661438941956,-1.8895004987716675,-0.2307748794555664,-0.7762284874916077,0.10349716991186142,0.5774951577186584
961.345344,257325877,1.0,0.10624097287654877,0.12630392611026764,0.22285199165344238,0.5008171796798706,-0.10523995012044907,-1.8915584087371826,-0.23049041628837585,-0.7769472002983093,0.10346739739179611,0.5766469836235046
961.353296,257333829,1.0,0.10618730634450912,0.12634307146072388,0.22279903292655945,0.5006197094917297,-0.10413260757923126,-1.8941445350646973,-0.23024018108844757,-0.7778177261352539,0.1035514622926712,0.575557291507721
961.359297,257339830,1.0,0.10615106672048569,0.1263781487941742,0.22275768220424652,0.5007232427597046,-0.10341714322566986,-1.8961185216903687,-0.2301844209432602,-0.7784397006034851,0.10363772511482239,0.5747225284576416
961.3652999999999,257345832,1.0,0.10608633607625961,0.12641441822052002,0.22272232174873352,0.5010989904403687,-0.10280065983533859,-1.8979741334915161,-0.23025628924369812,-0.7789862751960754,0.10377664864063263,0.5739275217056274
961.3712949999999,257351827,1.0,0.10606882721185684,0.12646441161632538,0.22268357872962952,0.501636266708374,-0.10231558978557587,-1.8998624086380005,-0.23042958974838257,-0.7795106768608093,0.1039058268070221,0.5731220245361328
961.379295,257359828,1.0,0.10606054961681366,0.12653610110282898,0.22263847291469574,0.5025894045829773,-0.10187467187643051,-1.9023902416229248,-0.2308109849691391,-0.7801650762557983,0.10406239330768585,0.5720487236976624
961.383293,257363826,1.0,0.10605983436107635,0.12657217681407928,0.22261962294578552,0.503123939037323,-0.10173450410366058,-1.9036999940872192,-0.2310490906238556,-0.7804907560348511,0.1041196882724762,0.5714976787567139
961.389295,257369828,1.0,0.10606082528829575,0.12662120163440704,0.22260098159313202,0.5039933919906616,-0.10164956748485565,-1.9056708812713623,-0.23146775364875793,-0.7809607982635498,0.10417386144399643,0.5706756711006165
961.3952929999999,257375825,1.0,0.10605673491954803,0.12666596472263336,0.22258782386779785,0.5047169327735901,-0.10154943913221359,-1.90772545337677,-0.23182986676692963,-0.7814720273017883,0.10418203473091125,0.5698266625404358
961.401294,257381827,1.0,0.10605011880397797,0.1267053186893463,0.22257691621780396,0.5053004622459412,-0.10144390165805817,-1.9097791910171509,-0.23213596642017365,-0.7819988131523132,0.10415197163820267,0.5689842700958252
961.407293,257387826,1.0,0.10606224834918976,0.12673698365688324,0.2225915789604187,0.5057152509689331,-0.10134153068065643,-1.911769151687622,-0.23237374424934387,-0.7825257778167725,0.10407959669828415,0.5681753754615784
961.411292,257391825,1.0,0.10605021566152573,0.12675850093364716,0.22258104383945465,0.5059650540351868,-0.10124588012695312,-1.913111686706543,-0.23251518607139587,-0.782886803150177,0.10403262823820114,0.5676285624504089
961.417293,257397826,1.0,0.10605604946613312,0.1267828792333603,0.222604900598526,0.5058889985084534,-0.10098126530647278,-1.914977788925171,-0.23251008987426758,-0.7834492325782776,0.10389964282512665,0.5668784379959106
961.421293,257401826,1.0,0.10604649782180786,0.12680083513259888,0.22260774672031403,0.5058550834655762,-0.1007855162024498,-1.9162286520004272,-0.2325083166360855,-0.7838255167007446,0.1038227453827858,0.5663728713989258
961.4273069999999,257407839,1.0,0.10603780299425125,0.12681694328784943,0.2226237803697586,0.5055851340293884,-0.1003362163901329,-1.9179894924163818,-0.23237131536006927,-0.7843964695930481,0.10372108966112137,0.565656840801239
961.431289,257411822,1.0,0.10604590177536011,0.12681499123573303,0.22264079749584198,0.5053931474685669,-0.09994363784790039,-1.9191449880599976,-0.2322489619255066,-0.7847813367843628,0.10368943214416504,0.5651788711547852
961.4332909999999,257413823,1.0,0.10604885965585709,0.12681467831134796,0.22265034914016724,0.5052788257598877,-0.09970321506261826,-1.9197134971618652,-0.23216809332370758,-0.7849771976470947,0.10368719696998596,0.5649404525756836
961.43729,257417822,1.0,0.10605256259441376,0.12681491672992706,0.2226715385913849,0.5050248503684998,-0.0991557165980339,-1.9208359718322754,-0.23197756707668304,-0.7853735685348511,0.10370407998561859,0.5644645094871521
961.4413,257421832,1.0,0.10610687732696533,0.12677501142024994,0.222719207406044,0.5047053694725037,-0.09849324822425842,-1.9219002723693848,-0.23172709345817566,-0.7857712507247925,0.10375545918941498,0.5640043616294861
961.4432899999999,257423821,1.0,0.10609456151723862,0.12678340077400208,0.22272537648677826,0.5045715570449829,-0.09818024188280106,-1.9224406480789185,-0.23161745071411133,-0.7859675288200378,0.1037803366780281,0.5637713074684143
961.447291,257427823,1.0,0.10613977164030075,0.12673203647136688,0.22276952862739563,0.5043107271194458,-0.09745021164417267,-1.9234464168548584,-0.23136873543262482,-0.7863473296165466,0.10388247668743134,0.5633247494697571
961.45129,257431822,1.0,0.10615862905979156,0.1267032027244568,0.22280530631542206,0.5040688514709473,-0.09672970324754715,-1.9244786500930786,-0.23113153874874115,-0.7867311835289001,0.10398335009813309,0.5628674030303955
961.455292,257435824,1.0,0.10615119338035583,0.1266963630914688,0.22283296287059784,0.5038455724716187,-0.09601455181837082,-1.9255108833312988,-0.2309032529592514,-0.7871119379997253,0.10408761352300644,0.5624093413352966
961.461295,257441827,1.0,0.10617318749427795,0.12665043771266937,0.22289323806762695,0.503660261631012,-0.09506037831306458,-1.9271252155303955,-0.23065553605556488,-0.7876728773117065,0.10423140227794647,0.5616985559463501
961.465295,257445827,1.0,0.10612797737121582,0.12666720151901245,0.222919762134552,0.5035978555679321,-0.0944727212190628,-1.9282336235046387,-0.23052947223186493,-0.7880440354347229,0.10432152450084686,0.5612127780914307
961.4712959999999,257451827,1.0,0.10613207519054413,0.12663672864437103,0.2229916900396347,0.5036038756370544,-0.0937425047159195,-1.9299607276916504,-0.23042424023151398,-0.7885931134223938,0.10441688448190689,0.5604665279388428
961.4772949999999,257457826,1.0,0.10610667616128922,0.1266314536333084,0.22304590046405792,0.5036623477935791,-0.09310807287693024,-1.9317264556884766,-0.23036792874336243,-0.7891375422477722,0.10448429733514786,0.5597102046012878
961.483292,257463824,1.0,0.10613830387592316,0.12657517194747925,0.2231314778327942,0.5039594173431396,-0.09288862347602844,-1.9335936307907104,-0.23052342236042023,-0.7896451354026794,0.10444029420614243,0.5589380860328674
961.487308,257467840,1.0,0.10614250600337982,0.12655268609523773,0.2231643795967102,0.5042187571525574,-0.09281502664089203,-1.9348143339157104,-0.23066972196102142,-0.7899627685546875,0.10440154373645782,0.55843585729599
961.4912899999999,257471821,1.0,0.10616184771060944,0.12651649117469788,0.2231978327035904,0.5044915080070496,-0.09281802922487259,-1.9360041618347168,-0.23084035515785217,-0.7902631163597107,0.10433918237686157,0.5579518675804138
961.493296,257473828,1.0,0.10617263615131378,0.12649676203727722,0.22321437299251556,0.5046388506889343,-0.09285522252321243,-1.936616063117981,-0.2309405356645584,-0.7904134392738342,0.10429470241069794,0.5577057003974915
961.4972899999999,257477821,1.0,0.1061963438987732,0.1264539510011673,0.22324690222740173,0.5049751400947571,-0.09299653768539429,-1.9378249645233154,-0.231174498796463,-0.7906989455223083,0.10419198870658875,0.5572230815887451
961.501302,257481834,1.0,0.1062820553779602,0.1263553351163864,0.22328686714172363,0.5053535103797913,-0.09324997663497925,-1.9390761852264404,-0.2314574122428894,-0.7909810543060303,0.10405075550079346,0.5567314624786377
961.50329,257483822,1.0,0.10630828142166138,0.12632037699222565,0.22330248355865479,0.5055282115936279,-0.09337489306926727,-1.9396847486495972,-0.23159171640872955,-0.7911190390586853,0.10397867858409882,0.5564929246902466
961.50729,257487822,1.0,0.10636165738105774,0.12624631822109222,0.2233332246541977,0.5058660507202148,-0.09366540610790253,-1.940909743309021,-0.2318670004606247,-0.7913946509361267,0.10381385684013367,0.5560169816017151
961.5112889999999,257491820,1.0,0.10636447370052338,0.12621252238750458,0.22336170077323914,0.506206750869751,-0.0939568355679512,-1.9421340227127075,-0.23214350640773773,-0.7916693091392517,0.10364924371242523,0.5555410981178284
961.513292,257493824,1.0,0.10644276440143585,0.12612409889698029,0.22337713837623596,0.5063564777374268,-0.09411837160587311,-1.9427021741867065,-0.23227550089359283,-0.7917952537536621,0.10355985164642334,0.55532306432724
961.51729,257497822,1.0,0.10649649053812027,0.12603379786014557,0.22340542078018188,0.5066423416137695,-0.09446348994970322,-1.943882942199707,-0.23254218697547913,-0.7920589447021484,0.1033630222082138,0.5548719763755798
961.5212919999999,257501823,1.0,0.10652381181716919,0.12595868110656738,0.22343209385871887,0.5069032907485962,-0.0948445126414299,-1.9450560808181763,-0.23280805349349976,-0.7923197746276855,0.10314545780420303,0.5544283390045166
961.525302,257505834,1.0,0.10647303611040115,0.12592610716819763,0.22344866394996643,0.5070337653160095,-0.09529643505811691,-1.9462165832519531,-0.23304030299186707,-0.7925857305526733,0.1028643548488617,0.5540027022361755
961.52929,257509822,1.0,0.10647233575582504,0.1258329451084137,0.2234642058610916,0.5071642994880676,-0.09572452306747437,-1.9473222494125366,-0.23326313495635986,-0.7928383350372314,0.10259904712438583,0.5535964965820312
961.531291,257511823,1.0,0.10647100955247879,0.12578456103801727,0.22347168624401093,0.5072283148765564,-0.09593124687671661,-1.9478543996810913,-0.23337095975875854,-0.7929596304893494,0.10247134417295456,0.553400993347168
961.5352909999999,257515822,1.0,0.1064661517739296,0.12568365037441254,0.22348643839359283,0.5073477029800415,-0.0963924452662468,-1.9488871097564697,-0.23359408974647522,-0.7931900024414062,0.10219778120517731,0.5530271530151367
961.5392929999999,257519824,1.0,0.10645746439695358,0.1255764663219452,0.22350206971168518,0.5073843598365784,-0.09694484621286392,-1.9498801231384277,-0.23380646109580994,-0.7934106588363647,0.10186902433633804,0.5526814460754395
961.543289,257523821,1.0,0.10645651817321777,0.1254635602235794,0.22351868450641632,0.5073578953742981,-0.0974477156996727,-1.9508517980575562,-0.2339792102575302,-0.7936370372772217,0.10154511034488678,0.5523428320884705
961.54729,257527822,1.0,0.10639798641204834,0.12536026537418365,0.22351175546646118,0.5071319937705994,-0.09787753224372864,-1.9515498876571655,-0.2340392768383026,-0.7938176393508911,0.1012275218963623,0.5521160960197449
961.5492909999999,257529822,1.0,0.10637401044368744,0.12531039118766785,0.2235129177570343,0.507071852684021,-0.09812083095312119,-1.951941728591919,-0.23409989476203918,-0.7939109802246094,0.10106681287288666,0.5519856214523315
961.55329,257533822,1.0,0.10633433610200882,0.12521299719810486,0.22352367639541626,0.5069577097892761,-0.09861227124929428,-1.952688455581665,-0.23422284424304962,-0.7940861582756042,0.10074940323829651,0.5517393946647644
961.557289,257537821,1.0,0.10627321153879166,0.1251061111688614,0.22351567447185516,0.5068852305412292,-0.09923289716243744,-1.9533051252365112,-0.23438987135887146,-0.7942089438438416,0.10040641576051712,0.551554262638092
961.5592909999999,257539822,1.0,0.10624748468399048,0.1250537633895874,0.2235160619020462,0.506848931312561,-0.09955830127000809,-1.9535874128341675,-0.2344760149717331,-0.7942617535591125,0.1002318412065506,0.5514733791351318
961.563277,257543809,1.0,0.10619736462831497,0.12496864050626755,0.2235325574874878,0.5067138671875,-0.10016507655382156,-1.954042911529541,-0.23460614681243896,-0.7943485379219055,0.09989594668149948,0.551353931427002
961.56729,257547822,1.0,0.10614441335201263,0.12486506998538971,0.22354859113693237,0.5066209435462952,-0.10085675865411758,-1.9544398784637451,-0.2347724735736847,-0.7944064736366272,0.09954413771629333,0.5512632727622986
961.571296,257551828,1.0,0.10609102994203568,0.12476184219121933,0.22356602549552917,0.5065315365791321,-0.10159611701965332,-1.9547545909881592,-0.23494862020015717,-0.7944369912147522,0.09918363392353058,0.5512092709541321
961.575291,257555823,1.0,0.10604625195264816,0.12466130405664444,0.22358667850494385,0.5064462423324585,-0.10236238688230515,-1.9550249576568604,-0.2351311892271042,-0.7944521903991699,0.09881850332021713,0.5511749982833862
961.579292,257559824,1.0,0.10599078238010406,0.12456054240465164,0.22360731661319733,0.5063841938972473,-0.10317496210336685,-1.9552497863769531,-0.2353329062461853,-0.7944478988647461,0.0984463319182396,0.5511617064476013
961.5832919999999,257563823,1.0,0.1059340387582779,0.12446150928735733,0.2236296534538269,0.5063431859016418,-0.10404795408248901,-1.95545494556427,-0.23555786907672882,-0.7944300770759583,0.09805779159069061,0.5511605739593506
961.5873419999999,257567873,1.0,0.10586971789598465,0.12437188625335693,0.22364787757396698,0.5063436031341553,-0.10491523891687393,-1.955670714378357,-0.2357981950044632,-0.7944107055664062,0.09768164157867432,0.5511525869369507
961.5912999999999,257571831,1.0,0.10578571259975433,0.12429191917181015,0.22366371750831604,0.506402313709259,-0.10587841272354126,-1.9559378623962402,-0.23608942329883575,-0.7943897247314453,0.09727663546800613,0.5511297583580017
961.595291,257575823,1.0,0.10570182651281357,0.12421230971813202,0.2236802875995636,0.5065288543701172,-0.10692029446363449,-1.9562710523605347,-0.23643143475055695,-0.7943715453147888,0.09685056656599045,0.5510843992233276
961.599289,257579821,1.0,0.1056181862950325,0.12413400411605835,0.2236965447664261,0.5067384839057922,-0.10801061987876892,-1.956669807434082,-0.2368221879005432,-0.7943568825721741,0.09641988575458527,0.5510132312774658
961.6032889999999,257583820,1.0,0.10544488579034805,0.12409450113773346,0.22366967797279358,0.5070376396179199,-0.10906930267810822,-1.9571417570114136,-0.2372434139251709,-0.7943543791770935,0.09601783007383347,0.5509058237075806
961.605291,257585823,1.0,0.10538772493600845,0.12406779825687408,0.22366465628147125,0.5072141289710999,-0.10960837453603745,-1.9573838710784912,-0.2374674677848816,-0.7943506240844727,0.09581948071718216,0.5508492588996887
961.609297,257589829,1.0,0.1053064838051796,0.12399906665086746,0.22367078065872192,0.507572591304779,-0.11070084571838379,-1.957848072052002,-0.2379203736782074,-0.7943353056907654,0.0954207107424736,0.5507451295852661
961.613295,257593827,1.0,0.10519342869520187,0.12394702434539795,0.2236587554216385,0.5080838799476624,-0.11173543334007263,-1.9584267139434814,-0.23842386901378632,-0.7943382859230042,0.09507361799478531,0.5505831241607666
961.615293,257595825,1.0,0.1051366850733757,0.12392111867666245,0.22365258634090424,0.5083255171775818,-0.11225296556949615,-1.9587153196334839,-0.2386699616909027,-0.7943410873413086,0.0948960930109024,0.5505030751228333
961.619294,257599826,1.0,0.10502307116985321,0.12387015670537949,0.2236400991678238,0.5088404417037964,-0.11325207352638245,-1.9593358039855957,-0.23916707932949066,-0.7943577170372009,0.09455898404121399,0.5503212809562683
961.6212939999999,257601825,1.0,0.1049991101026535,0.12382924556732178,0.2236505150794983,0.50909423828125,-0.11375335603952408,-1.9596418142318726,-0.2394143044948578,-0.7943650484085083,0.09438909590244293,0.5502323508262634
961.625313,257605845,1.0,0.10495728999376297,0.12376442551612854,0.22365984320640564,0.5097157955169678,-0.11463283002376556,-1.960425853729248,-0.23992954194545746,-0.7944244146347046,0.09410973638296127,0.5499699711799622
961.629294,257609826,1.0,0.1048578992486,0.12372588366270065,0.22364668548107147,0.510364294052124,-0.11551575362682343,-1.9611585140228271,-0.24045366048812866,-0.7944656610488892,0.09384220093488693,0.549727201461792
961.6312949999999,257611826,1.0,0.10480832308530807,0.12370709329843521,0.22363942861557007,0.5107049942016602,-0.11595306545495987,-1.9615541696548462,-0.2407224476337433,-0.7944926023483276,0.09371095895767212,0.5495929718017578
961.6352929999999,257615824,1.0,0.10470972955226898,0.12367060780525208,0.22362354397773743,0.5114455223083496,-0.11680296063423157,-1.9623764753341675,-0.24127818644046783,-0.7945497632026672,0.0934707298874855,0.5493075251579285
961.639294,257619826,1.0,0.10461094975471497,0.12363463640213013,0.22360548377037048,0.5122275948524475,-0.11763273179531097,-1.9632455110549927,-0.24184706807136536,-0.7946161031723022,0.09324400126934052,0.5489998459815979
961.643294,257623826,1.0,0.10447508841753006,0.12363666296005249,0.22356878221035004,0.5130448341369629,-0.11838959902524948,-1.96420156955719,-0.24241459369659424,-0.7947083711624146,0.09304550290107727,0.5486495494842529
961.649314,257629865,1.0,0.1042841449379921,0.12366269528865814,0.2235220968723297,0.5143057703971863,-0.11949729174375534,-1.9657502174377441,-0.2432774305343628,-0.79487544298172,0.09275371581315994,0.5480746626853943
961.655301,257635852,1.0,0.10411388427019119,0.1236589103937149,0.2234841138124466,0.5155325531959534,-0.12047401815652847,-1.9674458503723145,-0.24409867823123932,-0.7950980067253113,0.09248658269643784,0.547431468963623
961.6592989999999,257639849,1.0,0.10399502515792847,0.12365629523992538,0.22345657646656036,0.5163325667381287,-0.1210518404841423,-1.968685507774353,-0.24462471902370453,-0.795284628868103,0.09231934696435928,0.546953558921814
961.665312,257645863,1.0,0.1038983166217804,0.12358741462230682,0.22346556186676025,0.5175513625144958,-0.12178555130958557,-1.9707735776901245,-0.24539676308631897,-0.7956362366676331,0.09209849685430527,0.5461329817771912
961.669311,257649862,1.0,0.1037847250699997,0.12358632683753967,0.22344902157783508,0.5183992981910706,-0.1222568079829216,-1.9723654985427856,-0.24592986702919006,-0.7959217429161072,0.09194279462099075,0.5455030798912048
961.6732949999999,257653845,1.0,0.10366226732730865,0.12358471006155014,0.22343352437019348,0.5192776918411255,-0.1227218508720398,-1.9741698503494263,-0.24648305773735046,-0.7962610721588135,0.09177097678184509,0.5447866320610046
961.677295,257657846,1.0,0.1035630851984024,0.12352543324232101,0.2234288454055786,0.5201518535614014,-0.1231917142868042,-1.975963830947876,-0.24703510105609894,-0.7965967655181885,0.09159639477729797,0.5440747737884521
961.681299,257661850,1.0,0.10340357571840286,0.12355116754770279,0.22341373562812805,0.5211125612258911,-0.12378891557455063,-1.9786453247070312,-0.24769484996795654,-0.797149658203125,0.0912826806306839,0.5430167317390442
961.687342,257667893,1.0,0.10316570848226547,0.12351878732442856,0.2234015166759491,0.522589921951294,-0.12479867786169052,-1.9827417135238647,-0.24873065948486328,-0.7979802489280701,0.09076324850320816,0.5414080023765564
961.6932959999999,257673846,1.0,0.10287469625473022,0.12351187318563461,0.22339005768299103,0.5242426991462708,-0.1260075569152832,-1.9873323440551758,-0.24990840256214142,-0.7988988757133484,0.0901443362236023,0.539611279964447
961.699296,257679847,1.0,0.10257933288812637,0.1235063299536705,0.22338633239269257,0.5260785222053528,-0.12748801708221436,-1.9924376010894775,-0.25124961137771606,-0.7999013662338257,0.08939412236213684,0.5376245379447937
961.7072969999999,257687847,1.0,0.10206954181194305,0.12359298020601273,0.22335553169250488,0.5288159847259521,-0.13003918528556824,-1.9997938871383667,-0.25331994891166687,-0.8012818694114685,0.08815569430589676,0.534794270992279
961.713299,257693850,1.0,0.10172026604413986,0.12363002449274063,0.22334904968738556,0.5310478210449219,-0.13230758905410767,-2.0056509971618652,-0.25504380464553833,-0.8023409247398376,0.08707644045352936,0.5325592756271362
961.7212949999999,257701846,1.0,0.10131502896547318,0.12364353239536285,0.22336632013320923,0.5340279936790466,-0.13552924990653992,-2.013622283935547,-0.25739195942878723,-0.8037611246109009,0.08552254736423492,0.5295311808586121
961.727303,257707854,1.0,0.10107823461294174,0.12360472977161407,0.22340358793735504,0.5361098051071167,-0.13786004483699799,-2.019444227218628,-0.25905662775039673,-0.8048017621040344,0.08436115831136703,0.5273206233978271
961.7353039999999,257715854,1.0,0.10073171555995941,0.12357280403375626,0.223383367061615,0.5385981202125549,-0.140560120344162,-2.026841878890991,-0.2610359191894531,-0.8061570525169373,0.08293971419334412,0.5244922041893005
961.741306,257721857,1.0,0.10046596080064774,0.1235506534576416,0.22338184714317322,0.5401545166969299,-0.14209236204624176,-2.0321309566497803,-0.2622583508491516,-0.80718594789505,0.08202193677425385,0.5224401950836182
961.749299,257729850,1.0,0.09985458850860596,0.12360932677984238,0.22321704030036926,0.541478157043457,-0.14333392679691315,-2.0383682250976562,-0.2633507251739502,-0.8085143566131592,0.08103334158658981,0.5199850797653198
961.757296,257737847,1.0,0.0994054302573204,0.12354043126106262,0.22314618527889252,0.542446494102478,-0.14432165026664734,-2.0443766117095947,-0.2642245292663574,-0.8098471760749817,0.08008251339197159,0.5176096558570862
961.763299,257743850,1.0,0.09912356734275818,0.12346523255109787,0.2231193631887436,0.5429335236549377,-0.14496581256389618,-2.0486576557159424,-0.26474830508232117,-0.8108249306678772,0.07937472313642502,0.5159175992012024
961.767292,257747843,1.0,0.09911641478538513,0.12323965132236481,0.22322507202625275,0.5430639386177063,-0.1452445089817047,-2.0511887073516846,-0.2649685740470886,-0.8114321827888489,0.07895732671022415,0.5149127840995789
961.773294,257753845,1.0,0.09887897223234177,0.12306077778339386,0.22322669625282288,0.5432468056678772,-0.14574052393436432,-2.0550618171691895,-0.2653142809867859,-0.8123544454574585,0.07828448712825775,0.5133810043334961
961.7792979999999,257759848,1.0,0.09867054224014282,0.12289541959762573,0.22323249280452728,0.5432508587837219,-0.14608772099018097,-2.058642864227295,-0.26553875207901,-0.8132374286651611,0.07766568660736084,0.5119590759277344
961.787327,257767878,1.0,0.09837903827428818,0.12264332920312881,0.22321708500385284,0.5430072546005249,-0.14612996578216553,-2.0625438690185547,-0.26560062170028687,-0.8142626881599426,0.0770677924156189,0.510385274887085
961.7932979999999,257773848,1.0,0.09820142388343811,0.12240313738584518,0.2232014238834381,0.5427197813987732,-0.14603163301944733,-2.0648953914642334,-0.26555052399635315,-0.8149100542068481,0.07672329246997833,0.5094290971755981
961.7992969999999,257779847,1.0,0.09805569797754288,0.12221751362085342,0.22319750487804413,0.5424266457557678,-0.14595071971416473,-2.0669212341308594,-0.2654893398284912,-0.8154725432395935,0.07641352713108063,0.5086067914962769
961.80531,257785861,1.0,0.09791101515293121,0.12196044623851776,0.2231587916612625,0.5421775579452515,-0.14596740901470184,-2.06847882270813,-0.2654511630535126,-0.8158998489379883,0.076136514544487,0.5079826712608337
961.811296,257791847,1.0,0.09780534356832504,0.12180725485086441,0.22315116226673126,0.5418938398361206,-0.14599524438381195,-2.0698609352111816,-0.2653944790363312,-0.8162856101989746,0.07586942613124847,0.5074321627616882
961.8172959999999,257797847,1.0,0.09771531820297241,0.12159328162670135,0.22311265766620636,0.5415866374969482,-0.14633436501026154,-2.0704119205474854,-0.26537027955055237,-0.816432774066925,0.07557658851146698,0.5072517395019531
961.8232929999999,257803843,1.0,0.09763059765100479,0.12140743434429169,0.22308427095413208,0.5412512421607971,-0.1466703861951828,-2.0708558559417725,-0.26532965898513794,-0.8165568113327026,0.07529210299253464,0.5071156024932861
961.827334,257807885,1.0,0.09758245944976807,0.12137868255376816,0.22304145991802216,0.5411391854286194,-0.14695154130458832,-2.070967197418213,-0.2653546631336212,-0.8165722489356995,0.07513130456209183,0.5071015357971191
961.831297,257811848,1.0,0.0975215956568718,0.1213054358959198,0.222986102104187,0.5409363508224487,-0.1472332775592804,-2.070916175842285,-0.2653366029262543,-0.8165584802627563,0.07496878504753113,0.5071571469306946
961.835305,257815856,1.0,0.09746101498603821,0.12123145908117294,0.22292983531951904,0.5407148003578186,-0.14754535257816315,-2.070777654647827,-0.26531481742858887,-0.8165220618247986,0.07480043917894363,0.5072520971298218
961.84133,257821881,1.0,0.09739304333925247,0.12109504640102386,0.2227860689163208,0.5404924154281616,-0.14818774163722992,-2.0706002712249756,-0.2653694748878479,-0.8164432048797607,0.07449886202812195,0.5073947906494141
961.845299,257825850,1.0,0.09739114344120026,0.12099998444318771,0.22270777821540833,0.5402432680130005,-0.14861243963241577,-2.0703518390655518,-0.2653590738773346,-0.8163713812828064,0.07429094612598419,0.5075462460517883
961.8512969999999,257831841,1.0,0.09738440066576004,0.12085359543561935,0.22258765995502472,0.5398208498954773,-0.14924266934394836,-2.069880723953247,-0.2653183937072754,-0.8162456154823303,0.0739826038479805,0.5078147649765015
961.8553119999999,257835856,1.0,0.09737775474786758,0.12075427174568176,0.22250713407993317,0.5395365357398987,-0.14964532852172852,-2.06954288482666,-0.2652852535247803,-0.8161577582359314,0.07378678768873215,0.5080017447471619
961.8612989999999,257841843,1.0,0.0973440483212471,0.12061434239149094,0.2224179059267044,0.5390967130661011,-0.1502280980348587,-2.069028377532959,-0.2652249038219452,-0.8160277009010315,0.07349956780672073,0.5082837343215942
961.8653009999999,257845845,1.0,0.09739957749843597,0.12049908190965652,0.22239425778388977,0.5389448404312134,-0.15063557028770447,-2.06886625289917,-0.26525354385375977,-0.8159663081169128,0.07331203669309616,0.5083944201469421
961.869296,257849841,1.0,0.09744974970817566,0.12037290632724762,0.2223162204027176,0.5386824607849121,-0.1508752852678299,-2.0684220790863037,-0.2651870846748352,-0.8158645033836365,0.07320396602153778,0.5086080431938171
961.8752949999999,257855839,1.0,0.09747849404811859,0.12019989639520645,0.22222253680229187,0.5383631587028503,-0.1512225717306137,-2.0676660537719727,-0.2651115655899048,-0.8156800270080566,0.07307776063680649,0.5089612603187561
961.879297,257859842,1.0,0.09753390401601791,0.12007436901330948,0.22214125096797943,0.5382703542709351,-0.15136145055294037,-2.066965341567993,-0.2650810480117798,-0.8155001997947693,0.07308895140886307,0.5092636346817017
961.883296,257863841,1.0,0.09759332984685898,0.11995063722133636,0.2220592200756073,0.5381956696510315,-0.15152153372764587,-2.0662355422973633,-0.2650619149208069,-0.8153083324432373,0.07309973984956741,0.5095791220664978
961.889295,257869840,1.0,0.09757155179977417,0.11982070654630661,0.22197960317134857,0.5382391810417175,-0.15177009999752045,-2.0652616024017334,-0.2651031017303467,-0.8150296211242676,0.07313605397939682,0.5099982023239136
961.893293,257873838,1.0,0.09763395041227341,0.1197252944111824,0.22187277674674988,0.5382525324821472,-0.1520058810710907,-2.064265251159668,-0.2651281952857971,-0.8147503137588501,0.07317300885915756,0.5104260444641113
961.897292,257877837,1.0,0.09767641127109528,0.1196340024471283,0.22178855538368225,0.5382582545280457,-0.15229402482509613,-2.0632355213165283,-0.2651614248752594,-0.8144579529762268,0.07319065183401108,0.5108726024627686
961.903295,257883840,1.0,0.09778865426778793,0.11947958916425705,0.221574068069458,0.5383009314537048,-0.15279731154441833,-2.0617806911468506,-0.2652454376220703,-0.8140302896499634,0.07318433374166489,0.5115110874176025
961.911302,257891847,1.0,0.09780090302228928,0.11930754780769348,0.22142653167247772,0.5381658673286438,-0.15355472266674042,-2.059534788131714,-0.2652890086174011,-0.8133976459503174,0.07313153892755508,0.5125014781951904
961.917299,257897844,1.0,0.0978187546133995,0.11917201429605484,0.22124721109867096,0.5379204750061035,-0.15412437915802002,-2.05780291557312,-0.26526206731796265,-0.812929093837738,0.07306071370840073,0.5132684111595154
961.925319,257905864,1.0,0.09782478958368301,0.11901086568832397,0.22110530734062195,0.537678062915802,-0.15491227805614471,-2.0556700229644775,-0.2652742564678192,-0.8123343586921692,0.07295288890600204,0.5142181515693665
961.933315,257913860,1.0,0.09763029217720032,0.11889837682247162,0.22100089490413666,0.5376496315002441,-0.15561224520206451,-2.054044008255005,-0.2653712034225464,-0.8118494749069214,0.07286959886550903,0.5149452686309814
961.9413079999999,257921852,1.0,0.09748523682355881,0.11877913773059845,0.2208329290151596,0.5376273989677429,-0.15612810850143433,-2.052666425704956,-0.2654357850551605,-0.8114455938339233,0.07283181697130203,0.5155535340309143
961.947285,257927830,1.0,0.09713765978813171,0.11880937963724136,0.22052036225795746,0.5375795960426331,-0.15628531575202942,-2.0521318912506104,-0.2654346525669098,-0.8112983107566833,0.07282494008541107,0.5157867670059204
961.955306,257935851,1.0,0.0969797819852829,0.11874288320541382,0.22038553655147552,0.5374952554702759,-0.15644635260105133,-2.051321029663086,-0.26540958881378174,-0.8110840320587158,0.0728437602519989,0.5161339044570923
961.961297,257941842,1.0,0.09674979001283646,0.11876273155212402,0.2202095240354538,0.5375835299491882,-0.156611368060112,-2.0511255264282227,-0.2654779553413391,-0.8110052347183228,0.07282380014657974,0.5162253975868225
961.969298,257949843,1.0,0.09678248316049576,0.11871857941150665,0.22028981149196625,0.5378277897834778,-0.15694956481456757,-2.051330327987671,-0.2656657099723816,-0.8109915256500244,0.07271885871887207,0.5161651372909546
961.975294,257955839,1.0,0.0967048704624176,0.11868725717067719,0.2202625870704651,0.5380570888519287,-0.15721888840198517,-2.05161190032959,-0.26583361625671387,-0.811006486415863,0.07262850552797318,0.5160678625106812
961.983302,257963847,1.0,0.09658868610858917,0.11867383122444153,0.2202320396900177,0.5384973287582397,-0.15747174620628357,-2.052370071411133,-0.26610037684440613,-0.811117947101593,0.07253596186637878,0.5157681703567505
961.9913809999999,257971925,1.0,0.0964837297797203,0.11857622861862183,0.22018207609653473,0.5390458703041077,-0.15761128067970276,-2.0534865856170654,-0.26639682054519653,-0.8113186359405518,0.07247062027454376,0.5153084397315979
961.999412,257979957,1.0,0.09638532251119614,0.11857990175485611,0.22021371126174927,0.539741039276123,-0.15766790509223938,-2.05481219291687,-0.26674044132232666,-0.811561644077301,0.07244936376810074,0.5147507786750793
962.005406,257985951,1.0,0.0962820053100586,0.11869251728057861,0.2203054130077362,0.5404443144798279,-0.15771988034248352,-2.0560190677642822,-0.26708200573921204,-0.8117730021476746,0.0724475234746933,0.5142403244972229
962.0134419999999,257993987,1.0,0.09616708755493164,0.11870481818914413,0.2203563153743744,0.5415384769439697,-0.15770144760608673,-2.057887554168701,-0.2675895094871521,-0.8121086359024048,0.07248657941818237,0.5134404301643372
962.0192949999999,257999840,1.0,0.09608817845582962,0.11870473623275757,0.2203892469406128,0.5424356460571289,-0.15762780606746674,-2.05944561958313,-0.2679927945137024,-0.8123956918716431,0.07253885269165039,0.5127682089805603
962.0252969999999,258005841,1.0,0.09599784761667252,0.11873646080493927,0.22044678032398224,0.5434228777885437,-0.15751934051513672,-2.061236619949341,-0.2684330642223358,-0.8127331733703613,0.07259681820869446,0.5119943618774414
962.031295,258011840,1.0,0.09589637070894241,0.1186528205871582,0.220455139875412,0.5444425344467163,-0.15734808146953583,-2.0631587505340576,-0.2688766121864319,-0.8131051659584045,0.07267093658447266,0.5111597776412964
962.039316,258019861,1.0,0.0957515686750412,0.11862864345312119,0.22051413357257843,0.5457581281661987,-0.15695814788341522,-2.0658774375915527,-0.26941806077957153,-0.8136616349220276,0.07280372828245163,0.5099689364433289
962.045302,258025847,1.0,0.09565295279026031,0.11863309890031815,0.220608651638031,0.5466993451118469,-0.1565634161233902,-2.0678746700286865,-0.2697804272174835,-0.8140835165977478,0.0729391798377037,0.5090838670730591
962.0532989999999,258033843,1.0,0.0955977737903595,0.11856735497713089,0.22067858278751373,0.5478293895721436,-0.15592089295387268,-2.070526123046875,-0.2701856791973114,-0.8146700859069824,0.07313708961009979,0.5079008340835571
962.061297,258041839,1.0,0.09555227309465408,0.11850407719612122,0.22074800729751587,0.5487772822380066,-0.1551627814769745,-2.0729854106903076,-0.27048343420028687,-0.8152424097061157,0.07336217164993286,0.5067904591560364
962.0672959999999,258047838,1.0,0.09554074704647064,0.11841895431280136,0.22078591585159302,0.5493642091751099,-0.15456536412239075,-2.074650287628174,-0.270643413066864,-0.8156447410583496,0.07353552430868149,0.5060319304466248
962.0732949999999,258053836,1.0,0.09550392627716064,0.11836953461170197,0.22086374461650848,0.5498677492141724,-0.15387922525405884,-2.0762412548065186,-0.27074623107910156,-0.8160479664802551,0.07373466342687607,0.5052973628044128
962.079294,258059836,1.0,0.09547442942857742,0.11831757426261902,0.2209131270647049,0.5502997636795044,-0.15327908098697662,-2.0775885581970215,-0.27083152532577515,-0.8163899183273315,0.07391262799501419,0.5046728253364563
962.0853189999999,258065860,1.0,0.09542876482009888,0.11828088760375977,0.22099952399730682,0.5507597923278809,-0.1526845246553421,-2.078852891921997,-0.270926833152771,-0.8167061805725098,0.07410639524459839,0.5040812492370605
962.089296,258069838,1.0,0.09537680447101593,0.1182645633816719,0.22107192873954773,0.5511166453361511,-0.15232034027576447,-2.0796852111816406,-0.2710181772708893,-0.8169040083885193,0.07423610240221024,0.5036923289299011
962.095294,258075836,1.0,0.0953020229935646,0.11824771016836166,0.22118200361728668,0.5516858696937561,-0.15181246399879456,-2.0809123516082764,-0.2711775600910187,-0.8171866536140442,0.0744258388876915,0.5031198263168335
962.1012949999999,258081836,1.0,0.09523039311170578,0.11824171990156174,0.2212933450937271,0.5523180365562439,-0.15136922895908356,-2.082073450088501,-0.2713756263256073,-0.8174372315406799,0.07461302727460861,0.5025779008865356
962.1072959999999,258087837,1.0,0.09522978216409683,0.11821050196886063,0.22138571739196777,0.5530123710632324,-0.15101023018360138,-2.0830178260803223,-0.27161091566085815,-0.8176161050796509,0.0748097151517868,0.502130389213562
962.1133229999999,258093864,1.0,0.09524518996477127,0.11818140745162964,0.2214258313179016,0.5537579655647278,-0.15059703588485718,-2.0838284492492676,-0.27184978127479553,-0.8177595734596252,0.0750599205493927,0.5017300248146057
962.119294,258099836,1.0,0.0952809676527977,0.11814946681261063,0.22147788107395172,0.5545149445533752,-0.15019084513187408,-2.0843443870544434,-0.2720840275287628,-0.8178266286849976,0.07534990459680557,0.5014501214027405
962.1252939999999,258105835,1.0,0.09532856196165085,0.11812067776918411,0.22150947153568268,0.5552805662155151,-0.14983326196670532,-2.0846049785614014,-0.2723236382007599,-0.8178235292434692,0.07565629482269287,0.5012790560722351
962.129291,258109833,1.0,0.09543640166521072,0.11805419623851776,0.22149495780467987,0.555803656578064,-0.14961932599544525,-2.084620475769043,-0.2724882960319519,-0.8177775144577026,0.07587499171495438,0.5012315511703491
962.133296,258113838,1.0,0.09554345905780792,0.11799034476280212,0.22150199115276337,0.5563102960586548,-0.14942367374897003,-2.0845224857330322,-0.2726461589336395,-0.8177035450935364,0.07609731703996658,0.5012326836585999
962.137292,258117834,1.0,0.09565889835357666,0.11792434006929398,0.22150801122188568,0.556836724281311,-0.14929579198360443,-2.0843169689178467,-0.2728237509727478,-0.817592978477478,0.0763109028339386,0.5012839436531067
962.141312,258121854,1.0,0.09582550823688507,0.11781946569681168,0.22152693569660187,0.5573895573616028,-0.14918382465839386,-2.084094285964966,-0.2730151414871216,-0.8174729347229004,0.07652679085731506,0.5013425946235657
962.1452919999999,258125833,1.0,0.09593119472265244,0.11770594120025635,0.22154328227043152,0.5579186677932739,-0.14908573031425476,-2.083740472793579,-0.27319496870040894,-0.8173218369483948,0.07674884051084518,0.5014569759368896
962.149292,258129834,1.0,0.09602600336074829,0.11761651188135147,0.22155208885669708,0.5584317445755005,-0.14896194636821747,-2.0833969116210938,-0.27336257696151733,-0.8171780109405518,0.07697629928588867,0.5015652179718018
962.1552939999999,258135835,1.0,0.09616737067699432,0.11747706681489944,0.22156433761119843,0.5591440796852112,-0.1488054394721985,-2.08293080329895,-0.27359911799430847,-0.8169793486595154,0.07728426158428192,0.501712441444397
962.1592969999999,258139838,1.0,0.09625888615846634,0.11738073825836182,0.2215714007616043,0.5595663785934448,-0.14870193600654602,-2.0826642513275146,-0.2737371623516083,-0.816865086555481,0.07747004926204681,0.5017945766448975
962.1652909999999,258145832,1.0,0.09628307074308395,0.11730453372001648,0.22152119874954224,0.5601134896278381,-0.14855924248695374,-2.0824646949768066,-0.27391958236694336,-0.8167544007301331,0.07769440114498138,0.5018404722213745
962.1692899999999,258149831,1.0,0.09633862972259521,0.11721216142177582,0.22149737179279327,0.5604404211044312,-0.1484631597995758,-2.0824735164642334,-0.27403104305267334,-0.816721498966217,0.07781544327735901,0.5018144249916077
962.171291,258151833,1.0,0.09636252373456955,0.11716581881046295,0.221485897898674,0.5605674982070923,-0.1483982354402542,-2.082520008087158,-0.274069607257843,-0.8167222738265991,0.07786813378334045,0.5017839074134827
962.1752879999999,258155829,1.0,0.0964040532708168,0.11709447205066681,0.2214699685573578,0.5607805848121643,-0.1482369601726532,-2.0826358795166016,-0.27412354946136475,-0.8167383074760437,0.07797325402498245,0.5017120242118835
962.1792909999999,258159832,1.0,0.09645029157400131,0.11697924882173538,0.22143998742103577,0.56086665391922,-0.14802245795726776,-2.0827455520629883,-0.2741129398345947,-0.8167755603790283,0.07806962728500366,0.5016422271728516
962.181291,258161833,1.0,0.09647117555141449,0.1169549822807312,0.22143438458442688,0.5609101057052612,-0.14790236949920654,-2.082753896713257,-0.2741030156612396,-0.8167837858200073,0.07812965661287308,0.5016248822212219
962.185289,258165831,1.0,0.09651698917150497,0.11690835654735565,0.22142329812049866,0.5609679818153381,-0.14764708280563354,-2.0826640129089355,-0.2740636169910431,-0.8167789578437805,0.07826337218284607,0.5016334652900696
962.1892789999999,258169821,1.0,0.0966988205909729,0.11678063869476318,0.2213975340127945,0.5609923005104065,-0.1473376601934433,-2.0825531482696533,-0.273997038602829,-0.8167787790298462,0.07841423153877258,0.5016465187072754
962.191294,258171836,1.0,0.09678992629051208,0.11671797931194305,0.22138254344463348,0.5610272884368896,-0.14721474051475525,-2.0823891162872314,-0.27397620677948,-0.8167451620101929,0.07849695533514023,0.5016997456550598
962.195292,258175834,1.0,0.09697626531124115,0.11659472435712814,0.22135517001152039,0.5611098408699036,-0.14700371026992798,-2.081982374191284,-0.2739447057247162,-0.8166529536247253,0.0786617174744606,0.5018411874771118
962.197291,258177833,1.0,0.09707151353359222,0.11653375625610352,0.22134260833263397,0.5611564517021179,-0.14691823720932007,-2.0817606449127197,-0.27393507957458496,-0.8165995478630066,0.07873955368995667,0.5019211769104004
962.2013029999999,258181844,1.0,0.0974593311548233,0.11628269404172897,0.22129778563976288,0.5612374544143677,-0.14668047428131104,-2.0813839435577393,-0.27389776706695557,-0.81651771068573,0.07891097664833069,0.5020476579666138
962.20729,258187832,1.0,0.09780412912368774,0.11609114706516266,0.22128887474536896,0.5615062713623047,-0.1465098112821579,-2.0806708335876465,-0.27393946051597595,-0.816318929195404,0.079147569835186,0.5023108720779419
962.211292,258191834,1.0,0.0979045033454895,0.11603964120149612,0.22128842771053314,0.5616940259933472,-0.14640185236930847,-2.0801947116851807,-0.2739720046520233,-0.8161844611167908,0.07930511236190796,0.5024867653846741
962.2172929999999,258197834,1.0,0.09853890538215637,0.11568969488143921,0.22127710282802582,0.5622775554656982,-0.14633525907993317,-2.079859733581543,-0.2741812467575073,-0.8160269856452942,0.07952550053596497,0.5025935769081116
962.223295,258203837,1.0,0.09887636452913284,0.11551228165626526,0.22127848863601685,0.5628468990325928,-0.14627012610435486,-2.0796403884887695,-0.2743895649909973,-0.8159003257751465,0.07972591370344162,0.5026537775993347
962.22732,258207862,1.0,0.09885721653699875,0.11555586755275726,0.2213183492422104,0.5632955431938171,-0.14621689915657043,-2.079683780670166,-0.27456188201904297,-0.8158549666404724,0.07985498756170273,0.502612829208374
962.233293,258213835,1.0,0.09922365099191666,0.11538062244653702,0.22134807705879211,0.5639961361885071,-0.14634381234645844,-2.079916477203369,-0.2748866081237793,-0.8158044219017029,0.07994599640369415,0.5025027990341187
962.2372919999999,258217833,1.0,0.09939466416835785,0.11530360579490662,0.22136488556861877,0.5644539594650269,-0.14643846452236176,-2.080177068710327,-0.27510589361190796,-0.8157974481582642,0.07998558133840561,0.5023878216743469
962.243291,258223833,1.0,0.09997229278087616,0.11500038951635361,0.22141405940055847,0.5651082396507263,-0.14646174013614655,-2.0807621479034424,-0.27540165185928345,-0.8158520460128784,0.08005962520837784,0.5021253228187561
962.249293,258229835,1.0,0.1003086119890213,0.1148018017411232,0.22146564722061157,0.5655958652496338,-0.14633899927139282,-2.0814578533172607,-0.27559977769851685,-0.8159717917442322,0.08013752847909927,0.5018095374107361
962.253294,258233836,1.0,0.10044839978218079,0.11472920328378677,0.22148866951465607,0.5659084916114807,-0.14624081552028656,-2.081920623779297,-0.2757229804992676,-0.81605464220047,0.08019324392080307,0.5015981197357178
962.2592989999999,258239841,1.0,0.10077574849128723,0.1145375594496727,0.22154030203819275,0.5662387013435364,-0.1458747535943985,-2.08270001411438,-0.27580365538597107,-0.8162413835525513,0.08032169938087463,0.5012292861938477
962.2633609999999,258243902,1.0,0.10055109113454819,0.11465150862932205,0.22153139114379883,0.5664066672325134,-0.14548666775226593,-2.0832934379577637,-0.27580565214157104,-0.8164058923721313,0.0804443284869194,0.5009405016899109
962.267293,258247861,1.0,0.10058315843343735,0.11460471898317337,0.22154006361961365,0.5665216445922852,-0.14511670172214508,-2.083805561065674,-0.2757870554924011,-0.8165554404258728,0.08055732399225235,0.5006887316703796
962.2712909999999,258251858,1.0,0.10061606019735336,0.1145578920841217,0.22154811024665833,0.5666148066520691,-0.14471615850925446,-2.084336280822754,-0.2757532298564911,-0.8167155981063843,0.08067510277032852,0.5004271268844604
962.2752919999999,258255859,1.0,0.10067207366228104,0.11451762914657593,0.22155742347240448,0.566685140132904,-0.14431461691856384,-2.0848751068115234,-0.27571025490760803,-0.8168809413909912,0.08078648895025253,0.5001628994941711
962.2792609999999,258259828,1.0,0.10068017244338989,0.11446463316679001,0.22156135737895966,0.5667381286621094,-0.14391566812992096,-2.085505723953247,0.2756645977497101,0.8170711994171143,-0.08087983727455139,-0.49986210465431213
962.2852949999999,258265862,1.0,0.10077530145645142,0.11440706998109818,0.2215726375579834,0.5668124556541443,-0.14331679046154022,-2.086515188217163,0.275596559047699,0.8173730373382568,-0.08101002871990204,-0.4993848502635956
962.291299,258271867,1.0,0.10084019601345062,0.11430824548006058,0.22157445549964905,0.5668430924415588,-0.1426718682050705,-2.087646007537842,0.2755051255226135,0.8177153468132019,-0.08113200217485428,-0.49885478615760803
962.2992979999999,258279865,1.0,0.1008853018283844,0.11419805884361267,0.2215726226568222,0.5669573545455933,-0.14194294810295105,-2.0892226696014404,0.27544671297073364,0.8181652426719666,-0.0812486931681633,-0.4981299340724945
962.3053249999999,258285892,1.0,0.1008734330534935,0.11412502080202103,0.22156861424446106,0.5669969320297241,-0.14130105078220367,-2.090343952178955,0.2753596901893616,0.8185027241706848,-0.08137316256761551,-0.4976029694080353
962.311303,258291871,1.0,0.10093864053487778,0.11408375948667526,0.22157801687717438,0.5670191645622253,-0.1407037079334259,-2.0914225578308105,0.2752743363380432,0.8188271522521973,-0.08148062974214554,-0.4970986545085907
962.317294,258297862,1.0,0.10085976868867874,0.11407781392335892,0.22156967222690582,0.5669867992401123,-0.14002545177936554,-2.0923030376434326,0.27514001727104187,0.8191174864768982,-0.08163584023714066,-0.4966689646244049
962.321298,258301866,1.0,0.10089404135942459,0.11405374854803085,0.22157453000545502,0.5669694542884827,-0.1395871788263321,-2.092895984649658,0.27505573630332947,0.8193104267120361,-0.08173378556966782,-0.4963812530040741
962.329295,258309863,1.0,0.10088323801755905,0.11414163559675217,0.2215421199798584,0.5669956207275391,-0.13873523473739624,-2.094048023223877,0.2749165892601013,0.8196767568588257,-0.0819392278790474,-0.49581941962242126
962.335297,258315865,1.0,0.10082975775003433,0.11427991092205048,0.22148974239826202,0.5669882893562317,-0.13804219663143158,-2.0949015617370605,0.2747884690761566,0.8199574947357178,-0.08211089670658112,-0.49539756774902344
962.343347,258323915,1.0,0.10069286823272705,0.11452831327915192,0.22139722108840942,0.5671240091323853,-0.13726593554019928,-2.096210479736328,0.274718701839447,0.8203392028808594,-0.08229045569896698,-0.4947742223739624
962.349297,258329865,1.0,0.10043793171644211,0.11488255858421326,0.22122743725776672,0.5674144625663757,-0.1367150992155075,-2.097367763519287,0.2747584581375122,0.820639431476593,-0.08243455737829208,-0.4942299425601959
962.355298,258335866,1.0,0.10042983293533325,0.11494730412960052,0.2211969792842865,0.5677422285079956,-0.13618016242980957,-2.0985748767852783,0.2748195230960846,0.8209449648857117,-0.0825742855668068,-0.49366495013237
962.36334,258343908,1.0,0.10031592845916748,0.11510557681322098,0.22111020982265472,0.5685878396034241,-0.13548539578914642,-2.100532054901123,0.27508774399757385,0.8213793039321899,-0.08280559629201889,-0.49275344610214233
962.369296,258349864,1.0,0.10015479475259781,0.11523444205522537,0.2210601568222046,0.5692729353904724,-0.13484466075897217,-2.1019914150238037,0.27528247237205505,0.821707010269165,-0.0830426812171936,-0.49205800890922546
962.3752959999999,258355863,1.0,0.10010869055986404,0.11528685688972473,0.22104255855083466,0.569989025592804,-0.13412970304489136,-2.1034884452819824,0.2754749357700348,0.822046160697937,-0.08331312984228134,-0.49133753776550293
962.383296,258363864,1.0,0.09987549483776093,0.11546710133552551,0.22097332775592804,0.5711170434951782,-0.13292166590690613,-2.105586051940918,0.2757495939731598,0.8225231766700745,-0.0838087797164917,-0.490299791097641
962.3913,258371868,1.0,0.09964481741189957,0.11563560366630554,0.22091569006443024,0.5722761750221252,-0.13163883984088898,-2.107783317565918,0.2760254442691803,0.8230259418487549,-0.08432909846305847,-0.4892103970050812
962.397434,258378002,1.0,0.09934189170598984,0.11582333594560623,0.22085179388523102,0.573222279548645,-0.13050593435764313,-2.1094508171081543,0.2762267291545868,0.8234126567840576,-0.08480676263570786,-0.48836278915405273
962.4053,258385868,1.0,0.09892085939645767,0.11605560779571533,0.22076360881328583,0.5745106339454651,-0.12904369831085205,-2.1115729808807373,0.27651432156562805,0.8238936066627502,-0.0854431688785553,-0.48727676272392273
962.415299,258395867,1.0,0.09861507266759872,0.116200290620327,0.2206965535879135,0.5764361619949341,-0.12710468471050262,-2.114255905151367,0.2769819498062134,0.8244667649269104,-0.0863567516207695,-0.48587867617607117
962.4232999999999,258403867,1.0,0.0983681008219719,0.11631161719560623,0.22063718736171722,0.5780250430107117,-0.12542515993118286,-2.1165757179260254,0.2773565351963043,0.8249707818031311,-0.0871281549334526,-0.4846702814102173
962.4313139999999,258411881,1.0,0.09824304282665253,0.11633380502462387,0.22062313556671143,0.5795266032218933,-0.1235995963215828,-2.119311571121216,0.2776823341846466,0.8255992531776428,-0.08788106590509415,-0.4832756519317627
962.43931,258419878,1.0,0.0979737937450409,0.11641838401556015,0.22059819102287292,0.5810992121696472,-0.12172698974609375,-2.12239408493042,0.2780447006225586,0.8263030052185059,-0.0886215940117836,-0.4817267954349518
962.4472979999999,258427865,1.0,0.09748531877994537,0.11649413406848907,0.22064942121505737,0.5826099514961243,-0.11973518878221512,-2.125922203063965,0.27837735414505005,0.8271301984786987,-0.0893341600894928,-0.4799802601337433
962.4532969999999,258433864,1.0,0.0972752496600151,0.11653328686952591,0.22068199515342712,0.5838298797607422,-0.11817813664674759,-2.128819227218628,0.2786619961261749,0.8278018236160278,-0.08988016843795776,-0.4785532057285309
962.4612989999999,258441866,1.0,0.09690399467945099,0.11657803505659103,0.22078567743301392,0.5854114890098572,-0.11591105908155441,-2.1331045627593994,0.2790025770664215,0.8288178443908691,-0.09061777591705322,-0.476452499628067
962.4672939999999,258447861,1.0,0.09695916622877121,0.11650876700878143,0.22086434066295624,0.5865349173545837,-0.11399159580469131,-2.136322259902954,0.27918604016304016,0.8296060562133789,-0.09124711900949478,-0.4748503863811493
962.471294,258451862,1.0,0.09688443690538406,0.11648648232221603,0.22092969715595245,0.5873846411705017,-0.11258593946695328,-2.1384806632995605,0.27932417392730713,0.830130398273468,-0.09174158424139023,-0.4737562835216522
962.4772939999999,258457830,1.0,0.09675852209329605,0.11649546027183533,0.22101226449012756,0.5886468887329102,-0.11041614413261414,-2.141817092895508,0.2795197069644928,0.8309444189071655,-0.0924917608499527,-0.4720650017261505
962.483295,258463832,1.0,0.09664080291986465,0.11647690087556839,0.2211257964372635,0.5898096561431885,-0.10809018462896347,-2.145479202270508,0.2796575725078583,0.8318592309951782,-0.09323830902576447,-0.47022172808647156
962.489295,258469832,1.0,0.0965011864900589,0.11654293537139893,0.22118937969207764,0.590823769569397,-0.105618916451931,-2.1492316722869873,0.279709130525589,0.8328245878219604,-0.09399827569723129,-0.46832719445228577
962.493299,258473836,1.0,0.09646674990653992,0.1165117621421814,0.22126935422420502,0.5915151834487915,-0.10391172766685486,-2.1520204544067383,0.27975234389305115,0.8335356116294861,-0.09449346363544464,-0.4669347107410431
962.497299,258477836,1.0,0.09640511870384216,0.1165170893073082,0.2213364988565445,0.592188835144043,-0.10219740867614746,-2.154923915863037,0.27979379892349243,0.8342736959457397,-0.09497134387493134,-0.46549245715141296
962.503293,258483830,1.0,0.09644539654254913,0.11641518026590347,0.2214987426996231,0.5930888652801514,-0.0995013639330864,-2.1594603061676025,0.27979472279548645,0.8354441523551941,-0.09568985551595688,-0.4632401764392853
962.507292,258487829,1.0,0.0963863655924797,0.11645353585481644,0.22156427800655365,0.5937403440475464,-0.09765245020389557,-2.1626155376434326,0.27981433272361755,0.8362480998039246,-0.09618432074785233,-0.4616726338863373
962.5112929999999,258491829,1.0,0.09636922925710678,0.11646188050508499,0.22165238857269287,0.5943993926048279,-0.09563793241977692,-2.1661550998687744,0.2798216938972473,0.8371506929397583,-0.09669709205627441,-0.4599219560623169
962.5152919999999,258495828,1.0,0.09634730219841003,0.11647263169288635,0.22174228727817535,0.5950235724449158,-0.0937097892165184,-2.1695501804351807,0.2798286974430084,0.838013231754303,-0.09718534350395203,-0.45824089646339417
962.5193049999999,258499841,1.0,0.09631749242544174,0.11648797243833542,0.2218359261751175,0.5956308841705322,-0.09172011911869049,-2.1730732917785645,0.27982383966445923,0.838908851146698,-0.097678042948246,-0.45649704337120056
962.523289,258503826,1.0,0.09622642397880554,0.11654500663280487,0.22191442549228668,0.5962077379226685,-0.08968951553106308,-2.1766247749328613,0.2798011898994446,0.8398145437240601,-0.09817734360694885,-0.4547351002693176
962.527303,258507840,1.0,0.09601958096027374,0.11674181371927261,0.22196634113788605,0.5966753959655762,-0.08764247596263885,-2.1802163124084473,0.2797335088253021,0.8407416939735413,-0.09865347295999527,-0.4529569745063782
962.53129,258511827,1.0,0.09593410044908524,0.11682304739952087,0.22209933400154114,0.5970819592475891,-0.085459865629673,-2.183929204940796,0.2796194553375244,0.8417120575904846,-0.09915696829557419,-0.4511115550994873
962.5352899999999,258515826,1.0,0.0958404392004013,0.11690773069858551,0.22223535180091858,0.5973628163337708,-0.08318803459405899,-2.187678813934326,0.27943775057792664,0.8427110314369202,-0.09966576844453812,-0.4492431879043579
962.5392899999999,258519826,1.0,0.09573983401060104,0.11699686199426651,0.22237184643745422,0.597544252872467,-0.08075720071792603,-2.191397190093994,0.27918124198913574,0.8437252640724182,-0.10022544860839844,-0.4473705589771271
962.543291,258523828,1.0,0.09568426758050919,0.11706790328025818,0.2225455343723297,0.5977054834365845,-0.07841182500123978,-2.1949844360351562,0.2789304256439209,0.8447007536888123,-0.10076345503330231,-0.4455617070198059
962.547293,258527830,1.0,0.09548644721508026,0.11731696128845215,0.22275646030902863,0.5979471802711487,-0.07471361011266708,-2.1983556747436523,0.2784183621406555,0.84572434425354,-0.10192932188510895,-0.4436710476875305
962.551292,258531829,1.0,0.09529665857553482,0.11750955134630203,0.22290228307247162,0.5981047749519348,-0.0713471919298172,-2.2017087936401367,0.27794381976127625,0.8467218279838562,-0.10293860733509064,-0.44182923436164856
962.555293,258535830,1.0,0.09510204941034317,0.11770809441804886,0.2230502963066101,0.5981683731079102,-0.0679253488779068,-2.205108404159546,0.27742353081703186,0.847740888595581,-0.10394605249166489,-0.439962238073349
962.5592969999999,258539833,1.0,0.09490058571100235,0.11791340261697769,0.22320115566253662,0.598111093044281,-0.06439608335494995,-2.208552598953247,0.2768351435661316,0.8487887382507324,-0.1049686148762703,-0.43806567788124084
962.563312,258543849,1.0,0.09455888718366623,0.11815328150987625,0.22320206463336945,0.5979611277580261,-0.06087324768304825,-2.2118635177612305,0.2762050926685333,0.8498131632804871,-0.10598862171173096,-0.43622782826423645
962.567291,258547828,1.0,0.09427543729543686,0.11842656880617142,0.22333213686943054,0.597765326499939,-0.05719076469540596,-2.2153279781341553,0.2755335569381714,0.8508831858634949,-0.1070481464266777,-0.43430376052856445
962.571291,258551828,1.0,0.09398383647203445,0.11871087551116943,0.22346776723861694,0.5974882245063782,-0.053375329822301865,-2.21879506111145,0.2748032212257385,0.851967990398407,-0.1081492230296135,-0.43236270546913147
962.575293,258555830,1.0,0.09374549239873886,0.11891783773899078,0.2235458642244339,0.5972044467926025,-0.0495523065328598,-2.2222647666931152,0.27407217025756836,0.8530473113059998,-0.10925435274839401,-0.4304163455963135
962.579291,258559828,1.0,0.09341086447238922,0.11926288157701492,0.22372594475746155,0.5968559980392456,-0.04532727226614952,-2.225588798522949,0.2732253074645996,0.8541267514228821,-0.11054099351167679,-0.42848116159439087
962.5832899999999,258563826,1.0,0.09313192218542099,0.11952715367078781,0.2238471359014511,0.5964861512184143,-0.04122481867671013,-2.2289535999298096,0.27240076661109924,0.8552005887031555,-0.11176759004592896,-0.42654168605804443
962.5872919999999,258567828,1.0,0.09278691560029984,0.11987549066543579,0.22402004897594452,0.596106767654419,-0.03709035366773605,-2.2321267127990723,0.2715582549571991,0.856229305267334,-0.11303474754095078,-0.42467713356018066
962.591291,258571828,1.0,0.09242235124111176,0.12022585421800613,0.2241782248020172,0.5955815315246582,-0.0328858457505703,-2.2355339527130127,0.2706555724143982,0.8573244214057922,-0.11427224427461624,-0.4227082431316376
962.5972909999999,258577827,1.0,0.09190958738327026,0.12069351226091385,0.2244032472372055,0.594616174697876,-0.026713602244853973,-2.2408313751220703,0.26927071809768677,0.8590047955513,-0.11601407825946808,-0.41969606280326843
962.601318,258581855,1.0,0.09150630980730057,0.12103546410799026,0.2245526760816574,0.5938532948493958,-0.022876108065247536,-2.244504928588867,0.2683660686016083,0.8601409196853638,-0.11701597273349762,-0.41766560077667236
962.609294,258589831,1.0,0.09082018584012985,0.12158102542161942,0.22484152019023895,0.5920432806015015,-0.015186191536486149,-2.2523915767669678,0.26647329330444336,0.8625380992889404,-0.11890647560358047,-0.41337788105010986
962.615293,258595830,1.0,0.09015292674303055,0.1221127137541771,0.22509902715682983,0.5904343724250793,-0.01004166528582573,-2.259023427963257,0.26512426137924194,0.8644521832466125,-0.11991912126541138,-0.4099401831626892
962.623298,258603835,1.0,0.08951256424188614,0.12259788066148758,0.22538910806179047,0.5884162783622742,-0.0033568956423550844,-2.26798152923584,0.26343417167663574,0.866966962814331,-0.1212204247713089,-0.40531015396118164
962.62934,258609877,1.0,0.0890178233385086,0.12296693027019501,0.2255876362323761,0.5871121287345886,0.0013112208107486367,-2.2748465538024902,0.2623445391654968,0.8688096404075623,-0.12208089232444763,-0.40179774165153503
962.637297,258617834,1.0,0.0882214680314064,0.12359940260648727,0.22588084638118744,0.5856213569641113,0.00783416349440813,-2.284055709838867,0.2609546482563019,0.8712311387062073,-0.12341415137052536,-0.3970238268375397
962.643296,258623833,1.0,0.08771125972270966,0.1239873468875885,0.22606216371059418,0.5845021605491638,0.012776008807122707,-2.291067361831665,0.25991782546043396,0.8730463981628418,-0.12443192303180695,-0.3933820426464081
962.6492939999999,258629831,1.0,0.08691894263029099,0.12458660453557968,0.2262909710407257,0.5830000042915344,0.01757042109966278,-2.2985665798187256,0.2587815225124359,0.8749765753746033,-0.12525631487369537,-0.3895625174045563
962.6552949999999,258635831,1.0,0.08621098846197128,0.1250733584165573,0.226486936211586,0.5811707377433777,0.022368930280208588,-2.3063573837280273,0.2575271725654602,0.8769820332527161,-0.1259922832250595,-0.38562703132629395
962.661343,258641880,1.0,0.08560597151517868,0.12542815506458282,0.2266264706850052,0.5791885256767273,0.027050379663705826,-2.31467342376709,0.2562691569328308,0.879076361656189,-0.12659253180027008,-0.3814776837825775
962.667299,258647836,1.0,0.08491019159555435,0.12580899894237518,0.22680507600307465,0.5769189596176147,0.031679458916187286,-2.3235747814178467,0.25493913888931274,0.8812882900238037,-0.12705400586128235,-0.3770865499973297
962.675295,258655832,1.0,0.08392535895109177,0.12631037831306458,0.2270592898130417,0.5735751390457153,0.03756813704967499,-2.336491107940674,0.2531570494174957,0.8844128251075745,-0.12737612426280975,-0.3708110451698303
962.681296,258661833,1.0,0.08316683024168015,0.1266559213399887,0.22726544737815857,0.5708532333374023,0.04175448790192604,-2.346830129623413,0.2518177628517151,0.886853814125061,-0.1274142861366272,-0.36584657430648804
962.6892949999999,258669829,1.0,0.08223985880613327,0.12701110541820526,0.227540522813797,0.5672860741615295,0.04704902321100235,-2.360635995864868,0.2501223087310791,0.8900371193885803,-0.127374529838562,-0.35923317074775696
962.695294,258675829,1.0,0.081446073949337,0.12741802632808685,0.22773808240890503,0.5648189783096313,0.05124877020716667,-2.370898723602295,0.2489011138677597,0.8923513889312744,-0.12751464545726776,-0.35425594449043274
962.7013159999999,258681850,1.0,0.08065328747034073,0.12786497175693512,0.22793416678905487,0.562580943107605,0.05534902215003967,-2.380847930908203,0.24778665602207184,0.8945437669754028,-0.12770585715770721,-0.34940582513809204
962.7072959999999,258687830,1.0,0.07995521277189255,0.12821033596992493,0.22815029323101044,0.5601590871810913,0.05943214148283005,-2.390599012374878,0.24658656120300293,0.8966913223266602,-0.1278969645500183,-0.3446478247642517
962.713297,258693832,1.0,0.0792708694934845,0.12856239080429077,0.2283996343612671,0.5571819543838501,0.06285078078508377,-2.3997225761413574,0.24522124230861664,0.8987446427345276,-0.12778940796852112,-0.34028592705726624
962.7212969999999,258701831,1.0,0.0783763974905014,0.12898023426532745,0.2287701666355133,0.5531644225120544,0.06730785965919495,-2.411635637283325,0.24338486790657043,0.9013997912406921,-0.12764795124530792,-0.33458659052848816
962.729347,258709882,1.0,0.07758858799934387,0.12923352420330048,0.22919325530529022,0.5489096641540527,0.0713130459189415,-2.4227302074432373,0.24147191643714905,0.9038875102996826,-0.12739118933677673,-0.32931777834892273
962.7352999999999,258715834,1.0,0.0770297572016716,0.1294807493686676,0.22948458790779114,0.545737087726593,0.07421420514583588,-2.4308974742889404,0.24005483090877533,0.9056957960128784,-0.12719117105007172,-0.32544004917144775
962.743332,258723867,1.0,0.0763319730758667,0.12983447313308716,0.22986063361167908,0.5416731238365173,0.07795485854148865,-2.441478729248047,0.23824457824230194,0.9079992175102234,-0.12695267796516418,-0.32040590047836304
962.749294,258729829,1.0,0.0759962946176529,0.12997916340827942,0.23017486929893494,0.5391687750816345,0.08055244386196136,-2.4492485523223877,0.23715995252132416,0.9096059799194336,-0.12680132687091827,-0.3166915774345398
962.7552939999999,258735828,1.0,0.07558837532997131,0.1301618069410324,0.23047325015068054,0.5369073152542114,0.08303327113389969,-2.456965684890747,0.2362036406993866,0.9111536145210266,-0.12665221095085144,-0.3129954934120178
962.7613249999999,258741860,0.97,0.07513318955898285,0.13029374182224274,0.23080341517925262,0.5350800156593323,0.08540652692317963,-2.4643170833587646,0.235441654920578,0.91257244348526,-0.12657424807548523,-0.30944737792015076
962.7652929999999,258745827,0.97,0.07492171972990036,0.13035184144973755,0.2310086488723755,0.5339736342430115,0.08689408749341965,-2.4690771102905273,0.23499247431755066,0.9134721159934998,-0.1265173852443695,-0.3071490526199341
962.769292,258749827,0.97,0.07471722364425659,0.13040754199028015,0.23120926320552826,0.5329399108886719,0.08834294974803925,-2.473740577697754,0.23457758128643036,0.9143409132957458,-0.12646831572055817,-0.3048931956291199
962.773291,258753826,0.97,0.07446783781051636,0.1305023729801178,0.23139207065105438,0.5319465398788452,0.08978655934333801,-2.478325605392456,0.2341778725385666,0.9151864051818848,-0.12643487751483917,-0.3026694655418396
962.7792949999999,258759829,0.97,0.07418356835842133,0.13056597113609314,0.23167161643505096,0.5307511687278748,0.09190575033426285,-2.484642744064331,0.23368698358535767,0.9163234829902649,-0.1264781504869461,-0.299574613571167
962.785324,258765859,1.0,0.07395406067371368,0.1305995136499405,0.23190777003765106,0.5296527743339539,0.09385251998901367,-2.4909231662750244,0.23326806724071503,0.9174281358718872,-0.12646615505218506,-0.2965095341205597
962.791425,258771960,1.0,0.07376538962125778,0.1305849254131317,0.23212918639183044,0.5285006761550903,0.0955025851726532,-2.497079849243164,0.2328656166791916,0.9185034036636353,-0.12632960081100464,-0.29354026913642883
962.797432,258777967,1.0,0.0735970064997673,0.1305500715970993,0.23233507573604584,0.527423620223999,0.096928171813488,-2.502939462661743,0.2325153350830078,0.9195117950439453,-0.12613996863365173,-0.2907290458679199
962.803468,258784003,1.0,0.07338634133338928,0.1305539906024933,0.23252208530902863,0.5264014601707458,0.09822917729616165,-2.508612632751465,0.23219870030879974,0.92047518491745,-0.12592627108097076,-0.2880135178565979
962.8114049999999,258791939,1.0,0.07313641905784607,0.13054701685905457,0.23275646567344666,0.5250045657157898,0.09955062717199326,-2.5155558586120605,0.23178650438785553,0.921654462814331,-0.12552420794963837,-0.28473100066185
962.817424,258797959,1.0,0.07300611585378647,0.13049733638763428,0.23292218148708344,0.5239434838294983,0.10048393160104752,-2.5204615592956543,0.23146100342273712,0.9224885106086731,-0.12523218989372253,-0.28241387009620667
962.823451,258803986,1.0,0.07276389002799988,0.1305084377527237,0.23308894038200378,0.5228961706161499,0.10139645636081696,-2.5252034664154053,0.23113460838794708,0.9232913255691528,-0.12495394796133041,-0.280172199010849
962.831366,258811901,0.94,0.0727771520614624,0.1302911788225174,0.2332993894815445,0.5215868353843689,0.1022910550236702,-2.531062602996826,0.23075933754444122,0.9242731332778931,-0.12450448423624039,-0.2774308919906616
962.839381,258819916,0.94,0.07267165184020996,0.13015100359916687,0.23350666463375092,0.5206791162490845,0.10300641506910324,-2.5366501808166504,0.23057907819747925,0.9251598715782166,-0.12406265735626221,-0.2748107612133026
962.84533,258825865,1.0,0.07300464063882828,0.1297404170036316,0.233694925904274,0.5202949047088623,0.10347700119018555,-2.540836811065674,0.23059025406837463,0.9257841110229492,-0.12374327331781387,-0.2728360593318939
962.853312,258833847,1.0,0.07291756570339203,0.1295694261789322,0.23390276730060577,0.5200565457344055,0.10385057330131531,-2.5463972091674805,0.23076775670051575,0.9265717267990112,-0.1232411116361618,-0.27022722363471985
962.859305,258839840,1.0,0.07308895885944366,0.1292591542005539,0.2340814769268036,0.5202101469039917,0.10402677953243256,-2.550523042678833,0.23106682300567627,0.927111804485321,-0.12286638468503952,-0.26828277111053467
962.8673,258847835,0.86,0.07272300124168396,0.12922102212905884,0.23423995077610016,0.5204256772994995,0.10429814457893372,-2.556182622909546,0.23147404193878174,0.92784583568573,-0.12236551940441132,-0.2656097412109375
962.873295,258853830,0.86,0.07260637730360031,0.12910042703151703,0.23435534536838531,0.5207616686820984,0.10446394234895706,-2.5602872371673584,0.23185664415359497,0.9283521771430969,-0.12201080471277237,-0.26366278529167175
962.879296,258859831,0.86,0.07252593338489532,0.1289348006248474,0.2344580590724945,0.521178662776947,0.10471965372562408,-2.5642170906066895,0.232252836227417,0.9288232326507568,-0.1217273473739624,-0.26177939772605896
962.885326,258865861,1.0,0.07232708483934402,0.12882328033447266,0.23453092575073242,0.5214542746543884,0.10512282699346542,-2.5681445598602295,0.2325618714094162,0.9293083548545837,-0.1214926615357399,-0.25988560914993286
962.891296,258871831,1.0,0.07203783839941025,0.12870676815509796,0.2345719039440155,0.5217339396476746,0.10552845895290375,-2.571695566177368,0.23284956812858582,0.9297404885292053,-0.12130269408226013,-0.25816527009010315
962.901308,258881817,1.0,0.07157862931489944,0.12849752604961395,0.23461835086345673,0.5218865275382996,0.10623390227556229,-2.577043294906616,0.23314465582370758,0.9304177165031433,-0.12102463841438293,-0.25557681918144226
962.907298,258887807,1.0,0.07121509313583374,0.12837733328342438,0.23466458916664124,0.5217185616493225,0.10672371089458466,-2.579899549484253,0.23317039012908936,0.9308067560195923,-0.12089629471302032,-0.2541937828063965
962.9152929999999,258895801,1.0,0.07065214961767197,0.12822549045085907,0.23471200466156006,0.5215428471565247,0.10740088671445847,-2.5829458236694336,0.23317788541316986,0.931220531463623,-0.12083151191473007,-0.25269773602485657
962.9192919999999,258899800,1.0,0.07046717405319214,0.128160759806633,0.2347314953804016,0.5214428305625916,0.10774562507867813,-2.5843679904937744,0.23316913843154907,0.9314152002334595,-0.120812326669693,-0.2519964873790741
962.9232959999999,258903804,1.0,0.07010938972234726,0.12807154655456543,0.23474110662937164,0.521297037601471,0.10810369998216629,-2.585489511489868,0.23311913013458252,0.9315770864486694,-0.12082863599061966,-0.2514360547065735
962.927296,258907805,1.0,0.06985023617744446,0.1280222237110138,0.2347961813211441,0.5209904313087463,0.1085112914443016,-2.586545705795288,0.23298345506191254,0.9317495822906494,-0.12085536867380142,-0.2509092390537262
962.931291,258911800,1.0,0.06955195218324661,0.12796224653720856,0.23483918607234955,0.5208472013473511,0.1089649349451065,-2.5874507427215576,0.2329084575176239,0.9318841695785522,-0.12094162404537201,-0.2504369020462036
962.935289,258915798,1.0,0.06925847381353378,0.12790419161319733,0.23487691581249237,0.5207024812698364,0.10944369435310364,-2.588245391845703,0.2328227311372757,0.9320051670074463,-0.12105222046375275,-0.2500126361846924
962.937292,258917801,1.0,0.06911371648311615,0.12787584960460663,0.234893798828125,0.5206308960914612,0.10969281196594238,-2.588604211807251,0.23277658224105835,0.932060718536377,-0.12111666798591614,-0.24981723725795746
962.941302,258921811,1.0,0.0687396302819252,0.1278131902217865,0.23493464291095734,0.5203511714935303,0.11016233265399933,-2.5892560482025146,0.2326207160949707,0.9321790933609009,-0.12122291326522827,-0.24946890771389008
962.945289,258925798,1.0,0.06839676946401596,0.12775972485542297,0.23497548699378967,0.5202610492706299,0.11065583676099777,-2.5896782875061035,0.23253607749938965,0.9322468042373657,-0.12139070779085159,-0.2492130547761917
962.947292,258927801,1.0,0.06822656840085983,0.12773339450359344,0.2349948137998581,0.5202087759971619,0.11089503020048141,-2.5898988246917725,0.23249201476573944,0.932282567024231,-0.12146910279989243,-0.24908208847045898
962.951294,258931803,1.0,0.06789128482341766,0.1276824027299881,0.2350301295518875,0.5201360583305359,0.11138677597045898,-2.590221881866455,0.2324097752571106,0.9323357343673706,-0.1216498389840126,-0.2488716095685959
962.955289,258935798,1.0,0.06756308674812317,0.12763404846191406,0.23506110906600952,0.5200769901275635,0.11187203228473663,-2.590426445007324,0.2323276251554489,0.9323724508285522,-0.12184303253889084,-0.248716339468956
962.9572919999999,258937800,1.0,0.06740156561136246,0.1276106834411621,0.23507511615753174,0.5200583934783936,0.11210639774799347,-2.590486764907837,0.23229025304317474,0.932384192943573,-0.12194206565618515,-0.248658686876297
962.961334,258941843,1.0,0.0671592429280281,0.12757229804992676,0.23508815467357635,0.5199149250984192,0.11248303949832916,-2.5905609130859375,0.23217584192752838,0.9324133396148682,-0.12208973616361618,-0.24858358502388
962.965291,258945800,1.0,0.06687501817941666,0.12753801047801971,0.2351066917181015,0.5198835134506226,0.112838976085186,-2.5905189514160156,0.2321094423532486,0.9324149489402771,-0.12225522100925446,-0.2485584169626236
962.969289,258949798,1.0,0.06659524142742157,0.12750624120235443,0.23512212932109833,0.5198980569839478,0.11316220462322235,-2.590346336364746,0.2320609837770462,0.9323945641517639,-0.12242647260427475,-0.2485956996679306
962.971292,258951801,1.0,0.06645698845386505,0.12749136984348297,0.2351287454366684,0.5199323296546936,0.11331595480442047,-2.5902323722839355,0.23204870522022247,0.9323777556419373,-0.12251504510641098,-0.2486266791820526
962.97529,258955799,1.0,0.06638211756944656,0.12746424973011017,0.23510035872459412,0.5199787616729736,0.11363182216882706,-2.5900309085845947,0.23201429843902588,0.9323500394821167,-0.12269016355276108,-0.24867630004882812
962.979289,258959798,1.0,0.06601344794034958,0.12743647396564484,0.23513086140155792,0.5202085375785828,0.11388209462165833,-2.589616060256958,0.23206129670143127,0.9322738647460938,-0.12288257479667664,-0.2488228976726532
962.9812909999999,258961800,1.0,0.0659797415137291,0.1274239867925644,0.23511521518230438,0.5203014016151428,0.11399780958890915,-2.589451789855957,0.2320784628391266,0.9322437047958374,-0.12296663969755173,-0.24887850880622864
962.985291,258965800,1.0,0.06575305014848709,0.12743180990219116,0.23514117300510406,0.5204281210899353,0.11413909494876862,-2.589162826538086,0.23210017383098602,0.932194173336029,-0.1230812594294548,-0.24898695945739746
962.98929,258969799,1.0,0.06550956517457962,0.12743525207042694,0.23517045378684998,0.520634114742279,0.11430034041404724,-2.588836908340454,0.2321537435054779,0.9321310520172119,-0.12321923673152924,-0.2491050511598587
962.993292,258973801,1.0,0.06526555866003036,0.12743793427944183,0.23519989848136902,0.5208332538604736,0.11443664133548737,-2.5885283946990967,0.23220863938331604,0.9320706725120544,-0.1233428344130516,-0.2492186725139618
962.997298,258977807,1.0,0.06502020359039307,0.12744008004665375,0.23522940278053284,0.5210325717926025,0.11454451829195023,-2.588247060775757,0.23226918280124664,0.9320133924484253,-0.12345018237829208,-0.249323308467865
963.003292,258983801,1.0,0.06470790505409241,0.1274845153093338,0.2352963536977768,0.5212132930755615,0.11462484300136566,-2.5879242420196533,0.2323223203420639,0.9319528341293335,-0.12354732304811478,-0.24945203959941864
963.009291,258989800,1.0,0.0645132064819336,0.1274823546409607,0.2353011667728424,0.521411657333374,0.11477062106132507,-2.5875401496887207,0.23237073421478271,0.9318830966949463,-0.12368402630090714,-0.2495996057987213
963.013292,258993801,1.0,0.06421182304620743,0.1275736391544342,0.2354130893945694,0.5214386582374573,0.11498460918664932,-2.5872693061828613,0.2323368340730667,0.9318479895591736,-0.12381768971681595,-0.24969595670700073
963.021296,259001805,1.0,0.06390542536973953,0.12759016454219818,0.23543596267700195,0.5214818120002747,0.11551517248153687,-2.586610794067383,0.23224225640296936,0.9317652583122253,-0.12414459139108658,-0.24993036687374115
963.0292939999999,259009802,1.0,0.06367653608322144,0.12762045860290527,0.23547197878360748,0.5214525461196899,0.11619804799556732,-2.5859627723693848,0.23209315538406372,0.9316933155059814,-0.12453150749206543,-0.2501443922519684
963.0352929999999,259015801,1.0,0.06346561014652252,0.12768875062465668,0.23555946350097656,0.5214931964874268,0.11679982393980026,-2.5853970050811768,0.23199285566806793,0.9316228032112122,-0.12488007545471191,-0.2503262758255005
963.0413189999999,259021827,1.0,0.0632488876581192,0.1277974545955658,0.23570141196250916,0.5214543342590332,0.11739494651556015,-2.5848352909088135,0.23185648024082184,0.9315618276596069,-0.125215083360672,-0.25051209330558777
963.047293,259027802,1.0,0.06313824653625488,0.12793007493019104,0.2358713001012802,0.5214019417762756,0.11807972192764282,-2.584144353866577,0.23169295489788055,0.9314867854118347,-0.12560468912124634,-0.2507472038269043
963.0532929999999,259033801,1.0,0.06301641464233398,0.12802578508853912,0.23598824441432953,0.5212869048118591,0.11876047402620316,-2.5833518505096436,0.23149412870407104,0.9314061403274536,-0.12599621713161469,-0.2510339915752411
963.0572629999999,259037771,1.0,0.06293675303459167,0.12808869779109955,0.23606286942958832,0.5211473107337952,0.1192280501127243,-2.5827271938323975,0.23132413625717163,0.9313474893569946,-0.1262667328119278,-0.25127217173576355
963.061337,259041846,1.0,0.06294528394937515,0.12803032994270325,0.2359573394060135,0.5209049582481384,0.11972152441740036,-2.5819716453552246,0.23109421133995056,0.9312843680381775,-0.1265513002872467,-0.25157439708709717
963.067294,259047803,1.0,0.06293981522321701,0.12811067700386047,0.23599696159362793,0.5205559134483337,0.1205419972538948,-2.580620527267456,0.23073051869869232,0.9311608076095581,-0.12704184651374817,-0.25211769342422485
963.0732949999999,259053803,1.0,0.06289023905992508,0.12816202640533447,0.23600420355796814,0.5201402902603149,0.12146596610546112,-2.5790116786956787,0.23030416667461395,0.9310125708580017,-0.12760098278522491,-0.25277167558670044
963.0813019999999,259061810,1.0,0.06284113228321075,0.1282394826412201,0.23601040244102478,0.5195181965827942,0.12276481091976166,-2.576482057571411,0.22966867685317993,0.9307733178138733,-0.12841196358203888,-0.25381824374198914
963.089299,259069808,1.0,0.06276273727416992,0.1282958686351776,0.2359953075647354,0.5187544822692871,0.12397533655166626,-2.5736656188964844,0.22895950078964233,0.9305112957954407,-0.1291956752538681,-0.25501906871795654
963.095297,259075806,1.0,0.06283880770206451,0.12838734686374664,0.23600974678993225,0.5181596875190735,0.12483314424753189,-2.5713555812835693,0.228410542011261,0.9302902817726135,-0.12977902591228485,-0.25601959228515625
963.103355,259083885,1.0,0.06313495337963104,0.12858141958713531,0.2360699325799942,0.5173224210739136,0.1258002072572708,-2.5680360794067383,0.22766612470149994,0.9299663305282593,-0.13049541413784027,-0.2574911415576935
963.109371,259089901,1.0,0.06313295662403107,0.128609299659729,0.23602953553199768,0.5167723894119263,0.1265033334493637,-2.5654940605163574,0.22714263200759888,0.929705798625946,-0.1310371458530426,-0.25861677527427673
963.1173329999999,259097862,1.0,0.06346641480922699,0.12874436378479004,0.23603752255439758,0.5160855054855347,0.12703430652618408,-2.561843156814575,0.2265065610408783,0.9293137788772583,-0.13160642981529236,-0.2602892220020294
963.127299,259107829,1.0,0.06359636783599854,0.12881514430046082,0.23600131273269653,0.515322208404541,0.12770888209342957,-2.5570900440216064,0.22573970258235931,0.928783655166626,-0.13235428929328918,-0.26245933771133423
963.137298,259117828,1.0,0.06367969512939453,0.1287432461977005,0.23580411076545715,0.5147013664245605,0.1280699521303177,-2.551861047744751,0.22505132853984833,0.9281668066978455,-0.13302765786647797,-0.264880895614624
963.1453419999999,259125871,1.0,0.06413282454013824,0.128792405128479,0.23568101227283478,0.5141201615333557,0.12813785672187805,-2.547074317932129,0.22445262968540192,0.9275959730148315,-0.13351945579051971,-0.267131507396698
963.153297,259133827,1.0,0.06440427899360657,0.12880250811576843,0.23554782569408417,0.5133541226387024,0.12829504907131195,-2.541553020477295,0.2237045019865036,0.926941990852356,-0.13410736620426178,-0.2697221338748932
963.1613,259141830,1.0,0.0648970678448677,0.12882661819458008,0.23535622656345367,0.5122419595718384,0.12869012355804443,-2.534484386444092,0.22265410423278809,0.9261101484298706,-0.13492634892463684,-0.2730201780796051
963.1692979999999,259149827,1.0,0.06532064080238342,0.12879599630832672,0.2351003736257553,0.5107320547103882,0.1292462944984436,-2.5260725021362305,0.2213006168603897,0.925125777721405,-0.13590706884860992,-0.2769434154033661
963.1773,259157830,1.0,0.06579664349555969,0.12878820300102234,0.23480799794197083,0.5084689855575562,0.1299603432416916,-2.515052318572998,0.21939140558242798,0.9238410592079163,-0.13713139295578003,-0.28209948539733887
963.185296,259165826,1.0,0.06636137515306473,0.1287875771522522,0.23445585370063782,0.5058808326721191,0.13076092302799225,-2.502556085586548,0.21720926463603973,0.9223498702049255,-0.13849197328090668,-0.28794237971305847
963.191292,259171822,1.0,0.06679593026638031,0.12876959145069122,0.23412232100963593,0.5034717321395874,0.1315746158361435,-2.491208076477051,0.21517886221408844,0.9209691286087036,-0.13973937928676605,-0.2932351231575012
963.1972579999999,259177787,1.0,0.06735247373580933,0.12875580787658691,0.2337353676557541,0.5008307099342346,0.13263142108917236,-2.4781041145324707,0.21287037432193756,0.919320821762085,-0.14123106002807617,-0.2993145287036896
963.203322,259183852,1.0,0.06810567528009415,0.12871667742729187,0.2332540601491928,0.49786168336868286,0.13380108773708344,-2.4630649089813232,0.21024350821971893,0.9173697829246521,-0.142903134226799,-0.30628255009651184
963.2072919999999,259187821,1.0,0.06844913959503174,0.12870314717292786,0.2329729050397873,0.4956912100315094,0.13456925749778748,-2.452782392501831,0.20838066935539246,0.9160180687904358,-0.14399214088916779,-0.3110541105270386
963.215301,259195831,1.0,0.0693717747926712,0.12861360609531403,0.23227423429489136,0.490225613117218,0.13733884692192078,-2.4294745922088623,0.20370590686798096,0.9129236936569214,-0.14677932858467102,-0.32176080346107483
963.2212979999999,259201827,1.0,0.0698670819401741,0.1285654753446579,0.2317785918712616,0.48588109016418457,0.13924619555473328,-2.4115092754364014,0.20005755126476288,0.910456120967865,-0.14874304831027985,-0.3300335109233856
963.2272979999999,259207827,1.0,0.07043726742267609,0.12849976122379303,0.23121224343776703,0.4808083474636078,0.14076629281044006,-2.3921561241149902,0.19602589309215546,0.9077388048171997,-0.15049269795417786,-0.3390222191810608
963.233295,259213825,1.0,0.0709228590130806,0.128449946641922,0.2307054102420807,0.47582536935806274,0.1419549137353897,-2.372748613357544,0.19207718968391418,0.9049028158187866,-0.15205112099647522,-0.34804844856262207
963.239296,259219826,1.0,0.07152280956506729,0.1284061223268509,0.2301488220691681,0.4706836938858032,0.1426372081041336,-2.3526699542999268,0.18809077143669128,0.9018586874008179,-0.15335646271705627,-0.3574276566505432
963.247296,259227826,1.0,0.0728062093257904,0.12827739119529724,0.22931647300720215,0.4636635184288025,0.14178594946861267,-2.3250608444213867,0.18297719955444336,0.8974742889404297,-0.15426264703273773,-0.370489239692688
963.253297,259233827,1.0,0.07348841428756714,0.12826833128929138,0.2287249118089676,0.45836466550827026,0.141090989112854,-2.3038692474365234,0.1791069209575653,0.893965482711792,-0.1548793762922287,-0.3804718554019928
963.261302,259241832,1.0,0.07489434629678726,0.1281806379556656,0.22782014310359955,0.45126113295555115,0.13873635232448578,-2.2740495204925537,0.17411991953849792,0.8887781500816345,-0.15510207414627075,-0.39458712935447693
963.267305,259247835,1.0,0.07546213269233704,0.12825828790664673,0.22717545926570892,0.4458369016647339,0.13633383810520172,-2.2516069412231445,0.1704891473054886,0.8847173452377319,-0.15490132570266724,-0.40523362159729004
963.2752939999999,259255823,1.0,0.0766649842262268,0.12827399373054504,0.22623102366924286,0.43810519576072693,0.13308385014533997,-2.2198312282562256,0.16533569991588593,0.8787494897842407,-0.1545615941286087,-0.4202072322368622
963.281304,259261834,1.0,0.07782181352376938,0.12824329733848572,0.22538623213768005,0.4316924512386322,0.13066154718399048,-2.1938390731811523,0.16106632351875305,0.873684823513031,-0.15426994860172272,-0.4323577880859375
963.289307,259269837,1.0,0.07927252352237701,0.12820345163345337,0.2242407202720642,0.4230598211288452,0.12801207602024078,-2.158583879470825,0.1552087962627411,0.8665461540222168,-0.15402020514011383,-0.4486488401889801
963.295298,259275828,1.0,0.08041161298751831,0.12814520299434662,0.22331464290618896,0.416350394487381,0.12613420188426971,-2.130316734313965,0.15058504045009613,0.8605844974517822,-0.15385538339614868,-0.4615701735019684
963.303354,259283884,1.0,0.08197827637195587,0.12800388038158417,0.22198882699012756,0.40789616107940674,0.12442979961633682,-2.091676712036133,0.14441071450710297,0.8520820140838623,-0.15399804711341858,-0.4789429306983948
963.309306,259289836,1.0,0.08290828764438629,0.127926766872406,0.22111400961875916,0.4018285274505615,0.12346041947603226,-2.0629477500915527,0.13986778259277344,0.8455176949501038,-0.15416207909584045,-0.49170199036598206
963.317317,259297818,1.0,0.0841471254825592,0.12770871818065643,0.21986576914787292,0.39373278617858887,0.1220613494515419,-2.0262961387634277,-0.1340021789073944,-0.836876630783081,0.15406867861747742,0.5078815817832947
963.325299,259305800,1.0,0.08526737987995148,0.12745791673660278,0.21868939697742462,0.38597261905670166,0.12086810171604156,-1.9927552938461304,-0.12850841879844666,-0.8287133574485779,0.15378132462501526,0.5225620269775391
963.3332959999999,259313796,1.0,0.08604395389556885,0.1273394227027893,0.21777300536632538,0.3789913058280945,0.12008638679981232,-1.9627488851547241,-0.12353768199682236,-0.8211941123008728,0.15350770950317383,0.5355502367019653
963.339296,259319797,1.0,0.08664446324110031,0.12723349034786224,0.21704690158367157,0.37399959564208984,0.11949162930250168,-1.9417563676834106,-0.12005123496055603,-0.8158127069473267,0.1531984657049179,0.5445801615715027
963.345293,259325794,1.0,0.08717307448387146,0.12717904150485992,0.21620306372642517,0.3693525791168213,0.11892178654670715,-1.9227631092071533,-0.11686980724334717,-0.8108614683151245,0.15282046794891357,0.5527123808860779
963.3512949999999,259331795,1.0,0.08767621964216232,0.1271541714668274,0.21554407477378845,0.3644709289073944,0.11821673065423965,-1.9040294885635376,-0.11367028951644897,-0.8059079647064209,0.1522607058286667,0.5607210993766785
963.3572929999999,259337793,1.0,0.08818452060222626,0.12713557481765747,0.21491944789886475,0.3592611253261566,0.11756846308708191,-1.8859758377075195,-0.11039458215236664,-0.8010846376419067,0.15154488384723663,0.5684281587600708
963.363314,259343815,1.0,0.08874557167291641,0.1271159052848816,0.21452783048152924,0.35362064838409424,0.1169012114405632,-1.8686528205871582,-0.10702978074550629,-0.7964163422584534,0.15061055123806,0.5758316516876221
963.3672929999999,259347793,1.0,0.08911067247390747,0.1271284818649292,0.21420004963874817,0.3494451642036438,0.11650806665420532,-1.8567373752593994,-0.1045922115445137,-0.7931800484657288,0.149879589676857,0.5809147953987122
963.373292,259353793,1.0,0.08970604091882706,0.12712211906909943,0.2137042135000229,0.34269943833351135,0.11617305129766464,-1.8385344743728638,-0.1006670892238617,-0.7881941199302673,0.14871081709861755,0.5886436104774475
963.377297,259357798,1.0,0.09012184292078018,0.12713514268398285,0.2133612334728241,0.33750370144844055,0.11633620411157608,-1.825888752937317,-0.09763684868812561,-0.7847175598144531,0.14786475896835327,0.5939877033233643
963.383295,259363796,1.0,0.09076610207557678,0.12715557217597961,0.21283258497714996,0.32939571142196655,0.11681660264730453,-1.8065054416656494,-0.09289245307445526,-0.7793211936950684,0.14654844999313354,0.6021237969398499
963.389295,259369796,1.0,0.09148649126291275,0.12715953588485718,0.21237412095069885,0.32076534628868103,0.1180521696805954,-1.78638756275177,-0.08769002556800842,-0.7736462354660034,0.14531275629997253,0.6104638576507568
963.393292,259373793,1.0,0.09196598827838898,0.127170592546463,0.21204806864261627,0.3148793876171112,0.11938432604074478,-1.7723050117492676,-0.08398009836673737,-0.7696160674095154,0.1446181833744049,0.6162175536155701
963.397291,259377792,1.0,0.09244465082883835,0.1271781623363495,0.21171528100967407,0.30902621150016785,0.12116950005292892,-1.7576855421066284,-0.08011321723461151,-0.7653772234916687,0.14408034086227417,0.6221096515655518
963.401304,259381805,1.0,0.09291372448205948,0.12718209624290466,0.21137796342372894,0.30322590470314026,0.12326068431138992,-1.742578148841858,-0.07614464312791824,-0.760935366153717,0.14364302158355713,0.6281290054321289
963.407291,259387792,1.0,0.09360800683498383,0.12719936668872833,0.21088533103466034,0.2946659028530121,0.1270291656255722,-1.7195671796798706,-0.07003357261419296,-0.7540619969367981,0.1431807577610016,0.6371695399284363
963.413294,259393795,1.0,0.09425236284732819,0.1272355169057846,0.21046032011508942,0.2862622141838074,0.1316019743680954,-1.6970627307891846,-0.0637706071138382,-0.7472311854362488,0.1429261565208435,0.6458722949028015
963.4193029999999,259399803,1.0,0.09483616799116135,0.12721523642539978,0.2099882960319519,0.2780526280403137,0.13641773164272308,-1.6751636266708374,-0.05755433812737465,-0.7404677867889404,0.1426829695701599,0.6542450189590454
963.425299,259405800,1.0,0.09534180909395218,0.12718459963798523,0.20955047011375427,0.2702823281288147,0.14144949615001678,-1.6546483039855957,-0.051536139100790024,-0.7340317964553833,0.14250829815864563,0.6619914770126343
963.4332999999999,259413800,1.0,0.09593259543180466,0.12715980410575867,0.20899838209152222,0.2604702115058899,0.14810733497142792,-1.6286917924880981,-0.043840762227773666,-0.7257360816001892,0.14224198460578918,0.6716787815093994
963.441296,259421797,1.0,0.09644436836242676,0.12709808349609375,0.20848813652992249,0.25092965364456177,0.15458951890468597,-1.6044580936431885,-0.03643985837697983,-0.7178434133529663,0.14179910719394684,0.680636465549469
963.4472969999999,259427797,1.0,0.09677393734455109,0.12711341679096222,0.20823374390602112,0.24400115013122559,0.1588316708803177,-1.5882076025009155,-0.03133321553468704,-0.7124702334403992,0.14119446277618408,0.6866356134414673
963.455295,259435796,1.0,0.09722179919481277,0.12709850072860718,0.2079150527715683,0.23479457199573517,0.16438935697078705,-1.5669063329696655,-0.024614131078124046,-0.705319344997406,0.14024578034877777,0.6944421529769897
963.4612999999999,259441800,1.0,0.0975264385342598,0.12703819572925568,0.20766685903072357,0.22761507332324982,0.1685866117477417,-1.551383137702942,-0.019514912739396095,-0.7000362873077393,0.13936002552509308,0.7001051306724548
963.467311,259447812,1.0,0.09787814319133759,0.12699878215789795,0.20744802057743073,0.22035415470600128,0.1726747304201126,-1.5362939834594727,-0.014471473172307014,-0.6948376297950745,0.1383342742919922,0.7055882811546326
963.473303,259453804,1.0,0.09818699955940247,0.12685982882976532,0.20715123414993286,0.21294261515140533,0.1770608276128769,-1.5210908651351929,-0.009276689030230045,-0.6895359754562378,0.13728775084018707,0.7110598683357239
963.4813039999999,259461804,1.0,0.09866799414157867,0.12672126293182373,0.20676229894161224,0.2029966562986374,0.18306775391101837,-1.500594139099121,-0.002281052526086569,-0.6822819113731384,0.13581199944019318,0.7183601260185242
963.4873349999999,259467835,1.0,0.09893584251403809,0.12646527588367462,0.20630322396755219,0.19583070278167725,0.18738247454166412,-1.4846720695495605,0.0028127797413617373,-0.6765619516372681,0.13466256856918335,0.7239627242088318
963.493304,259473805,1.0,0.09934280812740326,0.12633424997329712,0.20578821003437042,0.19065339863300323,0.19202308356761932,-1.4672996997833252,0.00743922870606184,-0.67025226354599,0.13426747918128967,0.7298484444618225
963.499299,259479800,1.0,0.09977637231349945,0.12623944878578186,0.20509521663188934,0.18696850538253784,0.19709637761116028,-1.4484527111053467,0.011824292130768299,-0.6633417010307312,0.13448309898376465,0.7360382080078125
963.505329,259485830,1.0,0.10025951266288757,0.12618258595466614,0.20424793660640717,0.18463850021362305,0.20257405936717987,-1.4274845123291016,0.016065021976828575,-0.6555846929550171,0.13524356484413147,0.7427380681037903
963.5112939999999,259491794,1.0,0.10070181638002396,0.12607187032699585,0.20336118340492249,0.18328872323036194,0.2084561139345169,-1.4047783613204956,0.02027762681245804,-0.6471084952354431,0.13640716671943665,0.749821662902832
963.5152909999999,259495791,1.0,0.10100699216127396,0.12597812712192535,0.20274823904037476,0.1822468638420105,0.2122991979122162,-1.389249563217163,0.023143988102674484,-0.6412609219551086,0.1370563954114914,0.754628598690033
963.5192649999999,259499765,1.0,0.10131078213453293,0.1258653998374939,0.20212970674037933,0.1812068372964859,0.21606101095676422,-1.373484492301941,0.026005765423178673,-0.635283887386322,0.13764141499996185,0.7594688534736633
963.5252999999999,259505819,1.0,0.10176234692335129,0.12566274404525757,0.20117652416229248,0.1797519028186798,0.22150969505310059,-1.3492493629455566,0.030250070616602898,-0.6260190606117249,0.1384219080209732,0.7668275237083435
963.529367,259509887,1.0,0.10205279290676117,0.12551191449165344,0.20050770044326782,0.1790047585964203,0.2250935137271881,-1.3324986696243286,0.03304514288902283,-0.6195651888847351,0.1389574110507965,0.7718405723571777
963.533292,259513812,1.0,0.10223723202943802,0.12531977891921997,0.1998947262763977,0.17837052047252655,0.22821049392223358,-1.3165405988693237,0.035577014088630676,-0.6133778691291809,0.13937410712242126,0.7765801548957825
963.5392949999999,259519814,1.0,0.10261500626802444,0.12505431473255157,0.19888395071029663,0.17752359807491302,0.2326779067516327,-1.292043924331665,0.03931557759642601,-0.6038075089454651,0.13990825414657593,0.7837706804275513
963.545442,259525962,1.0,0.10295860469341278,0.12475546449422836,0.19783589243888855,0.1767917275428772,0.23659314215183258,-1.2668235301971436,0.042866867035627365,-0.5938644409179688,0.14024172723293304,0.7910876870155334
963.5532989999999,259533818,1.0,0.10344860702753067,0.12439078092575073,0.19639238715171814,0.17590732872486115,0.24137425422668457,-1.234067678451538,0.04735755920410156,-0.5808147192001343,0.14051441848278046,0.800416886806488
963.559301,259539821,1.0,0.1036563590168953,0.12406093627214432,0.19525755941867828,0.17517833411693573,0.2446429431438446,-1.208703875541687,0.050683341920375824,-0.570604145526886,0.14051218330860138,0.8075261116027832
963.565337,259545857,1.0,0.10369641333818436,0.12368515878915787,0.19410809874534607,0.17413291335105896,0.24788211286067963,-1.1831920146942139,0.05410312861204147,-0.5602352619171143,0.1403069943189621,0.814569354057312
963.571299,259551819,1.0,0.1038471907377243,0.12336505204439163,0.19287139177322388,0.17325907945632935,0.25105777382850647,-1.1573225259780884,0.05747692286968231,-0.5496345162391663,0.1400805115699768,0.8215690851211548
963.5773059999999,259557825,1.0,0.10396984219551086,0.12305640429258347,0.19159255921840668,0.1722353994846344,0.25440362095832825,-1.130866289138794,0.06100638955831528,-0.5386964678764343,0.13975432515144348,0.8285849690437317
963.5813059999999,259561825,1.0,0.10403305292129517,0.12285846471786499,0.19072280824184418,0.17140695452690125,0.25672751665115356,-1.1130865812301636,0.06344807893037796,-0.531289279460907,0.1394570767879486,0.8332213163375854
963.5872989999999,259567818,1.0,0.10428109765052795,0.12261368334293365,0.18931496143341064,0.1697309911251068,0.2603236436843872,-1.0865777730941772,0.06725776940584183,-0.5201541781425476,0.13880139589309692,0.8400298953056335
963.5912989999999,259571818,1.0,0.10431063175201416,0.12242487818002701,0.18836329877376556,0.1685730516910553,0.2627875506877899,-1.068651795387268,0.06985022872686386,-0.512571394443512,0.13831213116645813,0.8445479869842529
963.595298,259575818,1.0,0.10431386530399323,0.12224502861499786,0.18740098178386688,0.167255237698555,0.2654327154159546,-1.0507982969284058,0.0725524052977562,-0.5049727559089661,0.1377662718296051,0.8489753007888794
963.599299,259579819,1.0,0.10428647696971893,0.1220758780837059,0.18643027544021606,0.16580350697040558,0.268319308757782,-1.0330740213394165,0.07537891715765,-0.49738410115242004,0.1371886283159256,0.8532914519309998
963.603354,259583874,1.0,0.10415458679199219,0.12188927084207535,0.18539777398109436,0.16410765051841736,0.27165529131889343,-1.0154809951782227,0.07844650000333786,-0.4898034632205963,0.1365778148174286,0.8574877381324768
963.6072899999999,259587809,1.0,0.10418672859668732,0.12176970392465591,0.1844780445098877,0.16264966130256653,0.27471253275871277,-0.9981508851051331,0.08131197094917297,-0.4823055565357208,0.1359723061323166,0.8615574836730957
963.6112899999999,259591809,1.0,0.10395874083042145,0.12160516530275345,0.18339940905570984,0.16065089404582977,0.27840524911880493,-0.9809099435806274,0.0845731869339943,-0.47478795051574707,0.13524168729782104,0.86552494764328
963.613292,259593812,1.0,0.10387711971998215,0.12153314054012299,0.1828806847333908,0.15970563888549805,0.28023162484169006,-0.9722543954849243,0.08618202805519104,-0.4710020124912262,0.1348765343427658,0.8674895167350769
963.6172909999999,259597810,1.0,0.10369253158569336,0.12139388173818588,0.18183787167072296,0.1577180027961731,0.2839677631855011,-0.9550577402114868,0.08944617211818695,-0.46344777941703796,0.13409335911273956,0.8713406324386597
963.6212889999999,259601808,1.0,0.10348070412874222,0.12125695496797562,0.1807864010334015,0.15552441775798798,0.28786876797676086,-0.9380740523338318,0.09280841797590256,-0.45594078302383423,0.13321971893310547,0.8750754594802856
963.623292,259603812,1.0,0.10336491465568542,0.12118864059448242,0.18025577068328857,0.1543356329202652,0.28983885049819946,-0.9296422004699707,0.09451169520616531,-0.4521957337856293,0.1327318549156189,0.8769086599349976
963.627302,259607822,1.0,0.10322491079568863,0.12110137194395065,0.1792658567428589,0.15176820755004883,0.2941032946109772,-0.9131304621696472,0.09807376563549042,-0.44482487440109253,0.13172274827957153,0.8804325461387634
963.6312889999999,259611808,1.0,0.10295234620571136,0.1209721490740776,0.17821115255355835,0.1489378660917282,0.2984326183795929,-0.8966473937034607,0.10170946270227432,-0.4374184310436249,0.13056278228759766,0.8838968873023987
963.633291,259613811,1.0,0.10280842334032059,0.12090260535478592,0.17767687141895294,0.14738453924655914,0.300586462020874,-0.8884578943252563,0.10354409366846085,-0.4337178170681,0.12990300357341766,0.8856030106544495
963.63729,259617810,1.0,0.10251080244779587,0.12075124680995941,0.17660093307495117,0.14399194717407227,0.30511003732681274,-0.8722136616706848,0.10735084861516953,-0.42633458971977234,0.12846916913986206,0.8889377117156982
963.639291,259619811,1.0,0.10241758823394775,0.12068759649991989,0.1760890781879425,0.14233478903770447,0.3073969781398773,-0.8640705943107605,0.10925208777189255,-0.42262235283851624,0.12775371968746185,0.8905803561210632
963.643292,259623812,1.0,0.10204917192459106,0.12049704045057297,0.17496567964553833,0.13832449913024902,0.312209814786911,-0.8479827642440796,0.11328143626451492,-0.4152204394340515,0.12603044509887695,0.8937984108924866
963.64729,259627810,1.0,0.101789690554142,0.12031859159469604,0.17388997972011566,0.13412804901599884,0.3169824481010437,-0.8319442272186279,0.11730550229549408,-0.4077925980091095,0.1241626888513565,0.8969549536705017
963.6493059999999,259629825,1.0,0.10163437575101852,0.12022116780281067,0.17335684597492218,0.13198375701904297,0.3195127248764038,-0.8240731358528137,0.11937400698661804,-0.4041283130645752,0.1232236698269844,0.8984687328338623
963.653291,259633811,1.0,0.10131128877401352,0.1200152188539505,0.17229129374027252,0.12732669711112976,0.32452934980392456,-0.8080536127090454,0.12356304377317429,-0.3966246247291565,0.12111148238182068,0.9015281796455383
963.657289,259637809,1.0,0.10098876059055328,0.11978638172149658,0.17120938003063202,0.12234709411859512,0.3295683264732361,-0.792003870010376,0.127798929810524,-0.389048308134079,0.11879713088274002,0.9045419096946716
963.661292,259641812,1.0,0.10066571086645126,0.11953288316726685,0.17011603713035583,0.1170615404844284,0.334607869386673,-0.7759871482849121,0.13206040859222412,-0.38142770528793335,0.11628683656454086,0.9074967503547668
963.6633049999999,259643824,1.0,0.10032027959823608,0.11938011646270752,0.16955837607383728,0.11442212015390396,0.3371361196041107,-0.7680535316467285,0.13417735695838928,-0.3776366710662842,0.11501733213663101,0.9089323282241821
963.667292,259647812,1.0,0.09998501092195511,0.11909980326890945,0.16847781836986542,0.10870932787656784,0.3423997759819031,-0.7521591186523438,0.13856260478496552,-0.3699818551540375,0.11227095127105713,0.9117615222930908
963.671291,259651811,1.0,0.09971213340759277,0.1188061386346817,0.1673741489648819,0.10286206752061844,0.3477082848548889,-0.7362552285194397,0.1429557055234909,-0.36227238178253174,0.10940883308649063,0.9145228862762451
963.673292,259653812,1.0,0.09960513561964035,0.11865981668233871,0.16681645810604095,0.09998326748609543,0.3504009544849396,-0.7282955646514893,0.14514762163162231,-0.3584018647670746,0.10798119753599167,0.9158713221549988
963.677294,259657814,1.0,0.0991564691066742,0.11831999570131302,0.16571743786334991,0.09354586899280548,0.35557979345321655,-0.712539792060852,0.1495172530412674,-0.35065725445747375,0.10474515706300735,0.9185382723808289
963.681292,259661812,1.0,0.09882240742444992,0.11798657476902008,0.16459780931472778,0.08748490363359451,0.36088019609451294,-0.6968387961387634,0.15383084118366241,-0.3429245352745056,0.10164589434862137,0.9210900664329529
963.685312,259665832,1.0,0.09875929355621338,0.11765731126070023,0.16344968974590302,0.08165358752012253,0.36589276790618896,-0.681198000907898,0.15792685747146606,-0.33520224690437317,0.09855137765407562,0.9235725402832031
963.689296,259669816,1.0,0.09838663041591644,0.1173400953412056,0.16240650415420532,0.0756969302892685,0.3709697425365448,-0.6662214398384094,0.16199983656406403,-0.32774025201797485,0.09540627896785736,0.9258725643157959
963.695293,259675813,1.0,0.09787171334028244,0.11684498190879822,0.16079434752464294,0.06741948425769806,0.37860482931137085,-0.6439294219017029,0.16792891919612885,-0.3166177570819855,0.09091056883335114,0.9291331171989441
963.699293,259679813,1.0,0.09751658886671066,0.11652038246393204,0.15972594916820526,0.0624162033200264,0.3836614489555359,-0.6292803287506104,0.1717289388179779,-0.30930668115615845,0.08810146898031235,0.9311695098876953
963.703306,259683826,1.0,0.0971541479229927,0.11620230972766876,0.15866205096244812,0.05780698359012604,0.3885687589645386,-0.6147063970565796,0.17536145448684692,-0.3020390272140503,0.08541166037321091,0.9331268072128296
963.709293,259689813,0.97,0.09661159664392471,0.11575184017419815,0.1570833921432495,0.05193515121936798,0.39500483870506287,-0.5930208563804626,0.180155947804451,-0.29128044843673706,0.08166229724884033,0.9359651803970337
963.7132959999999,259693815,0.97,0.09622716903686523,0.11547251790761948,0.15606294572353363,0.04794032871723175,0.3990735709667206,-0.5784622430801392,0.18322719633579254,-0.28402942419052124,0.07903433591127396,0.9378212094306946
963.7173009999999,259697820,0.97,0.09589268267154694,0.1151670515537262,0.1550036072731018,0.044030413031578064,0.4028751850128174,-0.5637692809104919,0.1861354112625122,-0.27670639753341675,0.07635858654975891,0.9396576881408691
963.7232909999999,259703810,0.97,0.09528541564941406,0.11475865542888641,0.1535148173570633,0.038117580115795135,0.4074861705303192,-0.5412062406539917,0.18994896113872528,-0.2654517590999603,0.07206153869628906,0.9424764513969421
963.727312,259707852,0.91,0.09482516348361969,0.11448689550161362,0.15254320204257965,0.034498218446969986,0.40998122096061707,-0.5256802439689636,0.1921500265598297,-0.25773680210113525,0.06918856501579285,0.9443849921226501
963.7312989999999,259711838,0.91,0.09441758692264557,0.11418340355157852,0.15153226256370544,0.030316878110170364,0.41246798634529114,-0.5100555419921875,0.1943863332271576,-0.24990157783031464,0.06600993871688843,0.9462588429450989
963.735291,259715831,0.91,0.09401243180036545,0.11386522650718689,0.15050652623176575,0.026013096794486046,0.4147045612335205,-0.49413344264030457,0.196488618850708,-0.24189820885658264,0.06268447637557983,0.9481287598609924
963.739293,259719833,0.91,0.09373272210359573,0.11348452419042587,0.14937546849250793,0.021709449589252472,0.4169611632823944,-0.4781235158443451,0.19856096804141998,-0.23383286595344543,0.059324100613594055,0.9499349594116211
963.7412909999999,259721830,0.91,0.09359307587146759,0.11329445987939835,0.14881078898906708,0.019574159756302834,0.41811129450798035,-0.47012850642204285,0.19958935678005219,-0.22979886829853058,0.0576445497572422,0.9508068561553955
963.745291,259725831,0.91,0.0930635929107666,0.11297409981489182,0.14782285690307617,0.01482268888503313,0.41944369673728943,-0.45312878489494324,0.20123347640037537,-0.22120659053325653,0.05382780358195305,0.9527199268341064
963.7493069999999,259729846,1.0,0.092791847884655,0.11254318058490753,0.14664913713932037,0.010666973888874054,0.42089155316352844,-0.4361993670463562,0.20281574130058289,-0.21268576383590698,0.05029137432575226,0.9545162916183472
963.75329,259733830,1.0,0.092463918030262,0.11213306337594986,0.14552363753318787,0.006168645806610584,0.4225826561450958,-0.4194858968257904,0.20449762046337128,-0.2042098343372345,0.046615470200777054,0.9561935067176819
963.7572889999999,259737828,1.0,0.09205405414104462,0.11173699796199799,0.14446231722831726,0.001701068482361734,0.42399367690086365,-0.4024193286895752,0.20600123703479767,-0.19555582106113434,0.042866628617048264,0.9578537940979004
963.7612919999999,259741831,1.0,0.09168322384357452,0.11131421476602554,0.14335355162620544,-0.002705876948311925,0.42540574073791504,-0.3852430582046509,0.20745140314102173,-0.18683795630931854,0.03911389410495758,0.9594402313232422
963.7652929999999,259745832,1.0,0.09122706949710846,0.11091290414333344,0.14237748086452484,-0.0068541462533175945,0.4266189634799957,-0.3675672113895416,0.20874130725860596,-0.1778945028781891,0.03539430350065231,0.9610035419464111
963.771294,259751834,1.0,0.09072583168745041,0.11020585149526596,0.14070957899093628,-0.01329988706856966,0.4286929666996002,-0.3412291705608368,0.21071910858154297,-0.16450491547584534,0.02971125766634941,0.9631473422050476
963.7752919999999,259755831,1.0,0.09040304273366928,0.10972438007593155,0.13953924179077148,-0.01744929514825344,0.4299229383468628,-0.323334276676178,0.2118922919034958,-0.15541642904281616,0.025921260938048363,0.9645078778266907
963.781292,259761832,1.0,0.08987458795309067,0.1090027317404747,0.13784192502498627,-0.023563126102089882,0.4322972893714905,-0.2964126169681549,0.21380284428596497,-0.141719251871109,0.02028629742562771,0.9663293957710266
963.787292,259767832,1.0,0.0894683450460434,0.10820519924163818,0.1359643191099167,-0.029179537668824196,0.4350646436214447,-0.2693801820278168,0.21575623750686646,-0.12798446416854858,0.014861617237329483,0.9679092764854431
963.791291,259771831,1.0,0.08910774439573288,0.1076885312795639,0.13484607636928558,-0.03289441764354706,0.4371594190597534,-0.251563161611557,0.21711529791355133,-0.11891057342290878,0.011271048337221146,0.9688107371330261
963.79531,259775850,1.0,0.08872535824775696,0.10717973113059998,0.13369829952716827,-0.03642859682440758,0.43945345282554626,-0.23378175497055054,0.21851269900798798,-0.10985925048589706,0.007761589251458645,0.9695993661880493
963.801298,259781838,1.0,0.08810658007860184,0.10643097758293152,0.13201181590557098,-0.041302960366010666,0.4433048665523529,-0.20759128034114838,0.22069931030273438,-0.0965377539396286,0.0027364231646060944,0.970548689365387
963.805296,259785836,1.0,0.08765454590320587,0.10594868659973145,0.13090640306472778,-0.044096291065216064,0.4461993873119354,-0.19022639095783234,0.2222418487071991,-0.08773785084486008,-0.00039548217318952084,0.9710357785224915
963.811297,259791837,1.0,0.08692145347595215,0.10524239391088486,0.12926091253757477,-0.048413753509521484,0.45095112919807434,-0.16504569351673126,0.22468847036361694,-0.0749262347817421,-0.00508826645091176,0.97153240442276
963.817295,259797835,1.0,0.08615225553512573,0.1045493558049202,0.12761607766151428,-0.05254074186086655,0.4557749927043915,-0.14002837240695953,0.22707894444465637,-0.06220502033829689,-0.009726296178996563,0.9718390107154846
963.821294,259801834,1.0,0.08559809625148773,0.10410550981760025,0.12658709287643433,-0.0550515279173851,0.45902374386787415,-0.12374900281429291,0.22863808274269104,-0.053941354155540466,-0.012687022797763348,0.971933126449585
963.8273429999999,259807882,1.0,0.08475030213594437,0.10346825420856476,0.12493615597486496,-0.058192163705825806,0.46394088864326477,-0.09936096519231796,0.23092082142829895,-0.041629593819379807,-0.01686602644622326,0.9719352126121521
963.831298,259811838,1.0,0.08418967574834824,0.10307803004980087,0.12387469410896301,-0.06030259281396866,0.4669266641139984,-0.08358822762966156,0.2322666198015213,-0.03366166725754738,-0.01964147761464119,0.971871018409729
963.8373039999999,259817843,1.0,0.0833052396774292,0.1025066152215004,0.1223040223121643,-0.06319904327392578,0.4710131585597992,-0.05991176515817642,0.2340346723794937,-0.021741332486271858,-0.023723121732473373,0.971695601940155
963.843296,259823836,1.0,0.08239179104566574,0.10196241736412048,0.12078708410263062,-0.06558030098676682,0.4742223918437958,-0.03652083873748779,0.2353121042251587,-0.010039377957582474,-0.027574928477406502,0.9714767336845398
963.849294,259829834,1.0,0.08142853528261185,0.10142260789871216,0.11932747066020966,-0.06735016405582428,0.47682175040245056,-0.01315656490623951,0.23623496294021606,0.001562447752803564,-0.031163044273853302,0.971194863319397
963.855295,259835835,1.0,0.0804922953248024,0.10091257840394974,0.11787623167037964,-0.06819841265678406,0.4789367914199829,0.010285894386470318,0.23687487840652466,0.013079450465738773,-0.03433842211961746,0.9708450436592102
963.8612949999999,259841834,1.0,0.07953524589538574,0.1004292219877243,0.11645306646823883,-0.06854517757892609,0.480699747800827,0.03386025130748749,0.237305149435997,0.024588588625192642,-0.037303660064935684,0.9704071879386902
963.865325,259845865,1.0,0.07893222570419312,0.10013730823993683,0.11550172418355942,-0.06820346415042877,0.48151570558547974,0.0496896430850029,0.23740394413471222,0.03223881497979164,-0.03902142867445946,0.9700914025306702
963.871265,259851805,1.0,0.07792039215564728,0.09967615455389023,0.11423026025295258,-0.06750855594873428,0.4827567934989929,0.07259176671504974,0.23755863308906555,0.04327765479683876,-0.041417285799980164,0.9695243835449219
963.8752939999999,259855833,1.0,0.07722869515419006,0.09937161207199097,0.1134180799126625,-0.06662329286336899,0.48355674743652344,0.08736501634120941,0.23765644431114197,0.0503416508436203,-0.04275566712021828,0.9691011905670166
963.8812929999999,259861832,1.0,0.07618430256843567,0.09891580790281296,0.11224833130836487,-0.06534178555011749,0.48481765389442444,0.10885080695152283,0.2378334105014801,0.060609254986047745,-0.04471403360366821,0.9683813452720642
963.8873189999999,259867858,1.0,0.07504885643720627,0.09844794869422913,0.11118430644273758,-0.06388754397630692,0.4861910939216614,0.129505917429924,0.2380754053592682,0.07044482231140137,-0.046502046287059784,0.9675717949867249
963.8912939999999,259871833,1.0,0.07430829107761383,0.09814470261335373,0.11048749834299088,-0.06306092441082001,0.48723113536834717,0.1424105316400528,0.23830553889274597,0.07659506052732468,-0.047669436782598495,0.9669908285140991
963.897294,259877834,1.0,0.07316680997610092,0.09767264872789383,0.10948269814252853,-0.06193571910262108,0.4889184534549713,0.16075284779071808,0.2387225180864334,0.08533521741628647,-0.0493687242269516,0.9660704731941223
963.903319,259883859,1.0,0.07198165357112885,0.09719497710466385,0.10852955281734467,-0.0610022097826004,0.49089062213897705,0.17773668467998505,0.23929138481616974,0.09343244135379791,-0.051021166145801544,0.9650942087173462
963.90729,259887830,1.0,0.07119173556566238,0.09685031324625015,0.10790564119815826,-0.06041351333260536,0.4921643137931824,0.1886414736509323,0.2396538108587265,0.09862673282623291,-0.052094679325819016,0.9644298553466797
963.91129,259891830,1.0,0.07037847489118576,0.09655017405748367,0.10733770579099655,-0.06024196743965149,0.4937765300273895,0.19665387272834778,0.24023017287254333,0.10247322171926498,-0.05304248258471489,0.9638335704803467
963.9152889999999,259895828,1.0,0.0695708692073822,0.09622717648744583,0.10677769780158997,-0.0599210225045681,0.49527913331985474,0.205599844455719,0.24073247611522675,0.10674773156642914,-0.054031141102313995,0.9631891846656799
963.9192899999999,259899829,1.0,0.06876470893621445,0.09589660912752151,0.1062401756644249,-0.059730175882577896,0.4968760907649994,0.21390031278133392,0.24128665030002594,0.11072337627410889,-0.05501467362046242,0.9625458121299744
963.921291,259901831,1.0,0.06836265325546265,0.09572833776473999,0.10597941279411316,-0.059686094522476196,0.4976993501186371,0.2178259938955307,0.2415774166584015,0.11260799318552017,-0.05550730600953102,0.9622259140014648
963.9252909999999,259905830,1.0,0.06756555289030075,0.09534428268671036,0.1054767370223999,-0.05970584601163864,0.49939820170402527,0.22521410882472992,0.24218788743019104,0.11616499722003937,-0.0564950667321682,0.961591899394989
963.9292899999999,259909829,1.0,0.06673494726419449,0.09496466815471649,0.10502182692289352,-0.05997653678059578,0.5013272762298584,0.23202580213546753,0.24290654063224792,0.11947230994701385,-0.05755069851875305,0.9609426259994507
963.9332899999999,259913830,1.0,0.06591381877660751,0.09457526355981827,0.10459506511688232,-0.060290999710559845,0.5031041502952576,0.23820173740386963,0.24356327950954437,0.12247678637504578,-0.058547139167785645,0.96033775806427
963.937289,259917829,1.0,0.06511486321687698,0.09417484700679779,0.10417737066745758,-0.0606672540307045,0.504870593547821,0.24398155510425568,0.24421890079975128,0.12529630959033966,-0.05952877178788185,0.9597470164299011
963.9392899999999,259919829,1.0,0.06472329050302505,0.09397165477275848,0.103963203728199,-0.06084845960140228,0.5057553648948669,0.24689213931560516,0.2445458322763443,0.1267143338918686,-0.06002043932676315,0.959446907043457
963.9432899999999,259923853,1.0,0.06391383707523346,0.09356838464736938,0.1036248654127121,-0.06147322803735733,0.5074130296707153,0.2505760192871094,0.24519124627113342,0.12855622172355652,-0.06086429953575134,0.9589838981628418
963.94729,259927854,1.0,0.06312362849712372,0.0931580439209938,0.10328146070241928,-0.06199318915605545,0.5090934634208679,0.2549414336681366,0.24583089351654053,0.13071097433567047,-0.06174541637301445,0.9584723711013794
963.949316,259929880,1.0,0.06273774802684784,0.09292272478342056,0.10312069952487946,-0.06229816749691963,0.5100154876708984,0.25721773505210876,0.24618306756019592,0.1318381279706955,-0.06222490593791008,0.9581965804100037
963.9532909999999,259933854,1.0,0.06196998432278633,0.0924740731716156,0.10283005982637405,-0.06286752223968506,0.51158607006073,0.2609747648239136,0.24678146839141846,0.13370580971240997,-0.06305259466171265,0.9577296376228333
963.95729,259937854,1.0,0.06120539829134941,0.0920172929763794,0.10255315899848938,-0.0634702742099762,0.5130482316017151,0.26444658637046814,0.24733230471611023,0.13544030487537384,-0.0638568177819252,0.9572904109954834
963.961289,259941853,1.0,0.060448769479990005,0.09155410528182983,0.10229111462831497,-0.0641404315829277,0.5143998265266418,0.26760998368263245,0.2478332817554474,0.13703499734401703,-0.06465032696723938,0.9568805694580078
963.963313,259943877,1.0,0.06003251299262047,0.09129535406827927,0.10221125185489655,-0.06453859061002731,0.5150480270385742,0.26958605647087097,0.24805258214473724,0.13802862167358398,-0.06512509286403656,0.9566487073898315
963.967278,259947842,1.0,0.05929826945066452,0.09082701802253723,0.10195212811231613,-0.06536306440830231,0.5162230134010315,0.2722477912902832,0.2484714388847351,0.13940195739269257,-0.06592164933681488,0.9562862515449524
963.969293,259949857,1.0,0.05893722549080849,0.09059539437294006,0.10181483626365662,-0.06579146534204483,0.5168068408966064,0.27357035875320435,0.2486775666475296,0.14008654654026031,-0.06632678955793381,0.956104576587677
963.9732909999999,259953854,1.0,0.05821738392114639,0.09012158960103989,0.10156276077032089,-0.06675166636705399,0.517865002155304,0.2759144604206085,0.24903881549835205,0.1413246989250183,-0.06714297831058502,0.9557713270187378
963.9772889999999,259957852,1.0,0.05749557912349701,0.08961425721645355,0.10135660320520401,-0.06807633489370346,0.5187634825706482,0.2775881886482239,0.2493186891078949,0.14228810369968414,-0.06804047524929047,0.9554919004440308
963.97929,259959854,1.0,0.057140860706567764,0.08936237543821335,0.1012510135769844,-0.06875677406787872,0.5192359089851379,0.278402179479599,0.24946866929531097,0.14276112616062164,-0.06849658489227295,0.9553496241569519
963.98329,259963854,1.0,0.05643868446350098,0.08885083347558975,0.1010500118136406,-0.07030371576547623,0.5201516151428223,0.2798018753528595,0.2497481256723404,0.14362157881259918,-0.06946756690740585,0.9550774693489075
963.9872909999999,259967854,1.0,0.0557713583111763,0.0883718729019165,0.10078995674848557,-0.07203684747219086,0.5209961533546448,0.2815881371498108,0.24996498227119446,0.1446901559829712,-0.07057144492864609,0.9547784924507141
963.9912899999999,259971853,1.0,0.05507877096533775,0.08785068243741989,0.10059919208288193,-0.07406645268201828,0.5218377709388733,0.2823633849620819,0.25019311904907227,0.14531345665454865,-0.07169035077095032,0.9545406699180603
963.995291,259975855,1.0,0.054393503814935684,0.08731526136398315,0.10042029619216919,-0.07632610201835632,0.5226383805274963,0.2828553318977356,0.2503940165042877,0.14583085477352142,-0.0728808343410492,0.9543188810348511
963.999292,259979856,1.0,0.053715694695711136,0.08676491677761078,0.10025456547737122,-0.07881361246109009,0.5233879089355469,0.2830631732940674,0.2505634129047394,0.14624179899692535,-0.07414096593856812,0.9541144967079163
964.003306,259983870,1.0,0.05303080007433891,0.08618301153182983,0.10011366009712219,-0.08143272250890732,0.5240373611450195,0.28369054198265076,0.25065878033638,0.14686982333660126,-0.07550982385873795,0.953885555267334
964.011352,259991916,1.0,0.05171864852309227,0.08496887236833572,0.09986916184425354,-0.08733784407377243,0.5254006385803223,0.2825565040111542,0.2509206235408783,0.14707207679748535,-0.07826896756887436,0.9535630941390991
964.01731,259997874,1.0,0.05077052488923073,0.08403358608484268,0.09971863776445389,-0.09203606843948364,0.5263263583183289,0.281201034784317,0.2510717809200287,0.1470184624195099,-0.08039601892232895,0.9533545970916748
964.023297,260003861,1.0,0.04982620105147362,0.08302146941423416,0.09961473196744919,-0.09737377613782883,0.5271461606025696,0.27902403473854065,0.2511608302593231,0.14665468037128448,-0.08271700888872147,0.9531885981559753
964.0273119999999,260007875,1.0,0.049238789826631546,0.08232756704092026,0.09952700883150101,-0.10108572244644165,0.5277345776557922,0.2779065668582916,0.251216858625412,0.1465916633605957,-0.08438121527433395,0.953037679195404
964.031294,260011858,1.0,0.048648521304130554,0.08159679919481277,0.09944713860750198,-0.10493854433298111,0.5283775329589844,0.27583229541778564,0.2513308525085449,0.14609161019325256,-0.08599495142698288,0.9529401659965515
964.0352899999999,260015853,1.0,0.048071760684251785,0.08085206151008606,0.0993848666548729,-0.10889216512441635,0.5291242599487305,0.27341488003730774,0.2515048086643219,0.14544257521629333,-0.08761885017156601,0.952845573425293
964.0392889999999,260019852,1.0,0.04751535505056381,0.08012346923351288,0.0993443951010704,-0.1128695011138916,0.5299196839332581,0.27080538868904114,0.25171220302581787,0.14470677077770233,-0.08923164010047913,0.9527531862258911
964.04129,260021854,1.0,0.04724399372935295,0.07974252104759216,0.09932902455329895,-0.11485311388969421,0.5303897857666016,0.2692413032054901,0.25186389684677124,0.1442159116268158,-0.09000666439533234,0.9527146220207214
964.0452889999999,260025852,1.0,0.04670213907957077,0.07898394763469696,0.09929678589105606,-0.11874361336231232,0.5312680006027222,0.2664179503917694,0.25213244557380676,0.14337041974067688,-0.09155391901731491,0.9526237845420837
964.047291,260027855,1.0,0.046435654163360596,0.07860469818115234,0.09928417205810547,-0.12064782530069351,0.531705915927887,0.2650156617164612,0.25227007269859314,0.14294753968715668,-0.09230859577655792,0.952578067779541
964.051291,260031855,0.99,0.045916683971881866,0.07786855846643448,0.09924332797527313,-0.12424464523792267,0.5326042175292969,0.262777179479599,0.2525474429130554,0.14234615862369537,-0.09378884732723236,0.9524499773979187
964.0552889999999,260035852,0.99,0.04540951922535896,0.07713643461465836,0.09920848160982132,-0.12765321135520935,0.5334965586662292,0.26004597544670105,0.2528614103794098,0.14148782193660736,-0.09511557966470718,0.9523630142211914
964.05729,260037854,0.99,0.04515905678272247,0.07677488029003143,0.09919547289609909,-0.12925978004932404,0.5339580178260803,0.2587231993675232,0.25303179025650024,0.14106743037700653,-0.09573812782764435,0.9523177742958069
964.06129,260041854,0.99,0.04466472938656807,0.07606493681669235,0.09917738288640976,-0.13224923610687256,0.534893274307251,0.2561556100845337,0.2533925771713257,0.14023680984973907,-0.09688622504472733,0.9522283673286438
964.06529,260045854,0.99,0.04417883977293968,0.07537471503019333,0.09903911501169205,-0.13484105467796326,0.5358264446258545,0.25429341197013855,0.2537482678890228,0.13969296216964722,-0.09793302416801453,0.9521065354347229
964.0692909999999,260049854,0.99,0.04371986910700798,0.0747474953532219,0.09897320717573166,-0.1373172402381897,0.5367040038108826,0.25198471546173096,0.25410911440849304,0.13892221450805664,-0.09886408597230911,0.9520268440246582
964.0732899999999,260053853,0.99,0.0432562455534935,0.07410972565412521,0.09901276975870132,-0.13981249928474426,0.5375809073448181,0.2496698796749115,0.2544706463813782,0.13815215229988098,-0.09980225563049316,0.9519444108009338
964.077291,260057855,0.99,0.04281366989016533,0.07351686805486679,0.09888409823179245,-0.14198873937129974,0.538368821144104,0.24789690971374512,0.25478628277778625,0.1375989466905594,-0.10065200179815292,0.9518506526947021
964.081298,260061862,0.99,0.04236868396401405,0.07291232794523239,0.09880620241165161,-0.14430657029151917,0.5390195250511169,0.24612706899642944,0.25502780079841614,0.13706369698047638,-0.10156188160181046,0.9517665505409241
964.0853109999999,260065874,1.0,0.041937924921512604,0.07233329862356186,0.09886496514081955,-0.1463465839624405,0.5396208763122559,0.24502255022525787,0.2552320659160614,0.13680943846702576,-0.10242137312889099,0.9516562819480896
964.089292,260069856,1.0,0.041537925601005554,0.07179237902164459,0.09874642640352249,-0.14887432754039764,0.5403628945350647,0.24320630729198456,0.25550776720046997,0.13628219068050385,-0.10342834144830704,0.9515489935874939
964.0932919999999,260073855,1.0,0.04113330692052841,0.07121740281581879,0.09868238121271133,-0.15149226784706116,0.5410960912704468,0.24119965732097626,0.25578466057777405,0.13567666709423065,-0.10445259511470795,0.9514492750167847
964.0973019999999,260077865,1.0,0.040735311806201935,0.07063748687505722,0.09862250089645386,-0.1540929675102234,0.5417233109474182,0.2391582578420639,0.2560156583786011,0.1350512057542801,-0.10545831173658371,0.9513651728630066
964.101314,260081878,1.0,0.0403425395488739,0.07005613297224045,0.09856276959180832,-0.15662899613380432,0.5423477292060852,0.23717224597930908,0.2562485635280609,0.13444459438323975,-0.10643944144248962,0.9512791037559509
964.1073,260087864,1.0,0.039740100502967834,0.06914350390434265,0.09858604520559311,-0.16001413762569427,0.5431469082832336,0.23479357361793518,0.2565310597419739,0.13376490771770477,-0.10778127610683441,0.951147735118866
964.1113049999999,260091868,1.0,0.03935661166906357,0.06857612729072571,0.09855721145868301,-0.16205482184886932,0.5432195663452148,0.23333294689655304,0.25650855898857117,0.13333366811275482,-0.10856771469116211,0.951124906539917
964.117302,260097866,1.0,0.0387728214263916,0.06769596040248871,0.09855488687753677,-0.16492921113967896,0.5430988073348999,0.23122985661029816,0.2563743591308594,0.13269923627376556,-0.1096595972776413,0.9511245489120483
964.123298,260103862,1.0,0.038209911435842514,0.06685804575681686,0.09853320568799973,-0.1668483018875122,0.5419825911521912,0.22986790537834167,0.2557884454727173,0.13227011263370514,-0.11034860461950302,0.951262354850769
964.1313,260111864,1.0,0.03745095804333687,0.06573561578989029,0.0985657274723053,-0.16851796209812164,0.5395645499229431,0.22922562062740326,0.25455716252326965,0.13211750984191895,-0.11095482110977173,0.9515432715415955
964.139296,260119860,1.0,0.03670830279588699,0.0646166279911995,0.0985688865184784,-0.1697380244731903,0.5366668701171875,0.22921517491340637,0.2530907988548279,0.13219407200813293,-0.11140722781419754,0.9518709182739258
964.147299,260127863,1.0,0.035993605852127075,0.0635264441370964,0.09853658080101013,-0.17031337320804596,0.5330542922019958,0.2306879460811615,0.2512415647506714,0.13287532329559326,-0.11170792579650879,0.9522306323051453
964.155308,260135893,0.92,0.035304803401231766,0.062425434589385986,0.09847548604011536,-0.17083843052387238,0.5294278264045715,0.2324974685907364,0.2493690699338913,0.13370947539806366,-0.11202328652143478,0.9525689482688904
964.1613159999999,260141901,0.92,0.03480925410985947,0.061579667031764984,0.0984187126159668,-0.17150650918483734,0.5269775390625,0.23370341956615448,0.24808309972286224,0.13430364429950714,-0.11238161474466324,0.9527789354324341
964.1673509999999,260147935,0.93,0.03433508425951004,0.06080317497253418,0.0983329713344574,-0.17224211990833282,0.5246853828430176,0.23503471910953522,0.24686060845851898,0.1349692940711975,-0.11279329657554626,0.9529536962509155
964.173377,260153962,0.93,0.03387146070599556,0.05991342291235924,0.09827591478824615,-0.17313729226589203,0.5226187109947205,0.23618729412555695,0.24574469029903412,0.1355745941400528,-0.11326783150434494,0.9530999064445496
964.1792929999999,260159877,0.93,0.03345596417784691,0.059121664613485336,0.09818997979164124,-0.17404218018054962,0.5208609104156494,0.23727235198020935,0.24477927386760712,0.13615624606609344,-0.11375176161527634,0.953207790851593
964.1853219999999,260165906,1.0,0.03304700553417206,0.05818390101194382,0.09813424944877625,-0.1748953014612198,0.5190847516059875,0.23846811056137085,0.24380162358283997,0.13678313791751862,-0.11422274261713028,0.9533122777938843
964.191296,260171881,1.0,0.03267691656947136,0.05735740810632706,0.09802912175655365,-0.1754433512687683,0.5172684192657471,0.23991526663303375,0.24281059205532074,0.13749104738235474,-0.11457590758800507,0.9534209966659546
964.1993,260179885,1.0,0.03221650794148445,0.05625017732381821,0.09785190224647522,-0.17569893598556519,0.5146857500076294,0.24248500168323517,0.24140731990337372,0.1386779099702835,-0.11488787084817886,0.9535678625106812
964.2073069999999,260187891,1.0,0.031778983771800995,0.05509756878018379,0.09764207899570465,-0.1755227893590927,0.5120961666107178,0.2457232028245926,0.2399916648864746,0.1401316076517105,-0.11507032811641693,0.9536907076835632
964.2153119999999,260195896,1.0,0.03139154613018036,0.054131634533405304,0.09725748002529144,-0.17267507314682007,0.5094683766365051,0.25177058577537537,0.23858588933944702,0.14260601997375488,-0.11430740356445312,0.9537683725357056
964.221288,260201873,1.0,0.031117280945181847,0.053443655371665955,0.09695538133382797,-0.16949515044689178,0.5074542760848999,0.256815642118454,0.23756110668182373,0.14458289742469788,-0.11328975111246109,0.9538479447364807
964.2253129999999,260205897,1.0,0.030940432101488113,0.05300623178482056,0.09674134850502014,-0.16689440608024597,0.5060916543006897,0.2603673040866852,0.23689602315425873,0.14593534171581268,-0.112400121986866,0.9539126753807068
964.2312929999999,260211877,1.0,0.030694210901856422,0.052388712763786316,0.09642490744590759,-0.16218994557857513,0.5040948987007141,0.26577237248420715,0.23598235845565796,0.1479111909866333,-0.11068910360336304,0.9540348649024963
964.2372939999999,260217878,1.0,0.030475249513983727,0.051797326654195786,0.09610192477703094,-0.15684416890144348,0.5022158622741699,0.27098017930984497,0.2351931780576706,0.14972525835037231,-0.10864943265914917,0.9541812539100647
964.2412949999999,260221879,1.0,0.030346348881721497,0.05141147971153259,0.09588910639286041,-0.15302805602550507,0.5009326338768005,0.274242103099823,0.23468831181526184,0.1508072167634964,-0.10713986307382584,0.9543058276176453
964.247296,260227881,1.0,0.03018006682395935,0.050763342529535294,0.09560506790876389,-0.14708399772644043,0.4988850951194763,0.2787932753562927,0.2339152693748474,0.15224389731884003,-0.10471894592046738,0.9545361995697021
964.253302,260233887,1.0,0.030033884570002556,0.05012064427137375,0.09534531831741333,-0.14102894067764282,0.49735626578330994,0.2824031710624695,0.23345744609832764,0.15323300659656525,-0.10216059535741806,0.9547672271728516
964.259293,260239878,1.0,0.029881849884986877,0.049505747854709625,0.09509837627410889,-0.13510926067829132,0.49572357535362244,0.28522661328315735,0.23298607766628265,0.1538650393486023,-0.09956549853086472,0.9550548195838928
964.2633099999999,260243894,1.0,0.029732437804341316,0.04911170154809952,0.0949527770280838,-0.13154418766498566,0.4948996603488922,0.28666234016418457,0.23279426991939545,0.15412358939647675,-0.09797998517751694,0.9552238583564758
964.269292,260249877,1.0,0.029582953080534935,0.048382531851530075,0.09474552422761917,-0.12645135819911957,0.4942139983177185,0.28867292404174805,0.23276075720787048,0.15448200702667236,-0.09573917835950851,0.9554013609886169
964.273292,260253877,1.0,0.02954036556184292,0.0478658564388752,0.09457534551620483,-0.12309560924768448,0.49379831552505493,0.28997913002967834,0.23275861144065857,0.15471035242080688,-0.09426219761371613,0.9555118083953857
964.2773209999999,260257905,1.0,0.02944157086312771,0.04732303321361542,0.09443165361881256,-0.12084781378507614,0.49464210867881775,0.2905879020690918,0.23330889642238617,0.1547490656375885,-0.0933120921254158,0.9554645419120789
964.2833049999999,260263889,1.0,0.02938104420900345,0.04641464352607727,0.09422145783901215,-0.1177634745836258,0.4951275885105133,0.29150062799453735,0.23373828828334808,0.1548302322626114,-0.09197572618722916,0.9554760456085205
964.2852959999999,260265880,1.0,0.02937483973801136,0.046127378940582275,0.0941295474767685,-0.11662480235099792,0.4952661991119385,0.2919072210788727,0.23387432098388672,0.15489280223846436,-0.09148803353309631,0.9554794430732727
964.2892929999999,260269877,1.0,0.029313793405890465,0.0455087311565876,0.09403225779533386,-0.11473312973976135,0.4953160285949707,0.2926618754863739,0.23401042819023132,0.15503254532814026,-0.0906757265329361,0.9555009007453918
964.29329,260273875,1.0,0.029283851385116577,0.04489852115511894,0.09390497952699661,-0.11297591775655746,0.49528345465660095,0.2933960556983948,0.2340979278087616,0.15517736971378326,-0.0899200513958931,0.9555273652076721
964.2952909999999,260275875,1.0,0.029273943975567818,0.044592153280973434,0.09384068101644516,-0.11221010237932205,0.49527788162231445,0.2937358617782593,0.23413944244384766,0.15525001287460327,-0.08959359675645828,0.9555360674858093
964.2992909999999,260279875,1.0,0.029263507574796677,0.043984271585941315,0.09371177852153778,-0.11073615401983261,0.495163232088089,0.29447323083877563,0.2341659963130951,0.15542873740196228,-0.08896835148334503,0.9555588960647583
964.3032949999999,260283879,1.0,0.02927262708544731,0.04335809126496315,0.0936046838760376,-0.10971494019031525,0.49495261907577515,0.2951185405254364,0.23411573469638824,0.15561571717262268,-0.0885424092411995,0.9555803537368774
964.30729,260287875,1.0,0.029318323358893394,0.04277949407696724,0.09342347830533981,-0.10832906514406204,0.494705468416214,0.29589593410491943,0.23407074809074402,0.15582293272018433,-0.08795525133609772,0.9556118249893188
964.311291,260291876,1.0,0.029341265559196472,0.0421941913664341,0.09336432814598083,-0.1072872057557106,0.49364519119262695,0.2966170608997345,0.23361164331436157,0.15603742003440857,-0.08747288584709167,0.9557334184646606
964.315292,260295877,1.0,0.029387041926383972,0.04162539541721344,0.09327781200408936,-0.10637648403644562,0.4934535026550293,0.2970125079154968,0.23357349634170532,0.15611857175827026,-0.08707137405872345,0.9557662010192871
964.3193,260299885,1.0,0.029451673850417137,0.04107479006052017,0.09320530295372009,-0.10548068583011627,0.4933302104473114,0.2971983850002289,0.23357617855072021,0.15610188245773315,-0.08665694296360016,0.9558058977127075
964.325303,260305888,1.0,0.029638132080435753,0.040352459996938705,0.09300673007965088,-0.10354293882846832,0.4918992519378662,0.2978903353214264,0.23301102221012115,0.15619656443595886,-0.08571779727935791,0.956013023853302
964.329266,260309851,1.0,0.029734881594777107,0.0398772694170475,0.09293816238641739,-0.10190916061401367,0.49121880531311035,0.2988520860671997,0.2327711433172226,0.15646158158779144,-0.08500401675701141,0.9560918807983398
964.3332939999999,260313878,1.0,0.029843734577298164,0.039418067783117294,0.09285516291856766,-0.09999684244394302,0.490999311208725,0.3001178801059723,0.23276203870773315,0.15684279799461365,-0.08422262966632843,0.9561007618904114
964.3372989999999,260317883,1.0,0.029979031533002853,0.03898689150810242,0.09273317456245422,-0.09810253232717514,0.4908326268196106,0.30157288908958435,0.23276984691619873,0.15731696784496307,-0.08347528427839279,0.9560865163803101
964.343298,260323883,1.0,0.030165240168571472,0.03833482041954994,0.0925353616476059,-0.09553521871566772,0.48958420753479004,0.3052874505519867,0.23221950232982635,0.15878811478614807,-0.08259566128253937,0.9560535550117493
964.349295,260329880,1.0,0.030382264405488968,0.037707213312387466,0.09225872904062271,-0.09315580874681473,0.4889926016330719,0.30918392539024353,0.2319653332233429,0.1603720635175705,-0.08186996728181839,0.9559133052825928
964.355298,260335883,1.0,0.03059113770723343,0.03708638995885849,0.09197169542312622,-0.09082196652889252,0.4881061315536499,0.31399908661842346,0.23153211176395416,0.16239993274211884,-0.08125075697898865,0.9557287693023682
964.3612979999999,260341882,1.0,0.030779080465435982,0.0364595390856266,0.09168341755867004,-0.08885805308818817,0.4871256351470947,0.3192822337150574,0.23100844025611877,0.16469469666481018,-0.08085361868143082,0.9554964303970337
964.3672939999999,260347888,1.0,0.030878955498337746,0.035755909979343414,0.0915457233786583,-0.08699492365121841,0.484930157661438,0.3250056505203247,0.22987967729568481,0.16721029579639435,-0.08046378195285797,0.9553646445274353
964.373292,260353887,1.0,0.031089048832654953,0.03514135256409645,0.0912080854177475,-0.08565013110637665,0.4824049472808838,0.33068758249282837,0.22855417430400848,0.16976726055145264,-0.08028564602136612,0.9552466869354248
964.379293,260359888,1.0,0.031191980466246605,0.0344284251332283,0.09111878275871277,-0.08491117507219315,0.4774992763996124,0.33682531118392944,0.22601965069770813,0.1726115643978119,-0.080259308218956,0.9553422331809998
964.385316,260365911,1.0,0.03144022449851036,0.03386901691555977,0.09075236320495605,-0.08449127525091171,0.47202256321907043,0.3431471288204193,0.22317691147327423,0.1755821257829666,-0.08034566044807434,0.9554619789123535
964.3912939999999,260371888,1.0,0.031552694737911224,0.033235542476177216,0.09057090431451797,-0.08479851484298706,0.46455273032188416,0.3503910005092621,0.21927635371685028,0.17907509207725525,-0.08070363849401474,0.955686628818512
964.3952919999999,260375886,1.0,0.03165476396679878,0.03284100815653801,0.09042134135961533,-0.0854593887925148,0.45911431312561035,0.35552385449409485,0.2164008766412735,0.1815982311964035,-0.08114029467105865,0.9558289647102356
964.399291,260379886,1.0,0.03179493546485901,0.032482922077178955,0.0902307853102684,-0.08640006184577942,0.45337674021720886,0.3608587980270386,0.213345468044281,0.1842464953660965,-0.081693135201931,0.9559618830680847
964.403342,260383937,1.0,0.031887609511613846,0.032075684517621994,0.09013073146343231,-0.08779378235340118,0.4472901523113251,0.3662877380847931,0.21007318794727325,0.1869848370552063,-0.08242733031511307,0.9560918807983398
964.4073,260387895,1.0,0.032043784856796265,0.0317571796476841,0.08996642380952835,-0.08967867493629456,0.44145408272743225,0.3721432089805603,0.20685231685638428,0.1899743378162384,-0.08344481140375137,0.9561165571212769
964.413292,260393887,1.0,0.03225179761648178,0.03128097578883171,0.08979471027851105,-0.09227943420410156,0.43236640095710754,0.3812573552131653,0.2018575668334961,0.19458326697349548,-0.08483369648456573,0.9561349749565125
964.417374,260397969,1.0,0.032410237938165665,0.0309890229254961,0.08967951685190201,-0.09412003308534622,0.42646685242652893,0.38774290680885315,0.19856877624988556,0.1978561133146286,-0.08584150671958923,0.9560620188713074
964.421401,260401996,1.0,0.032574478536844254,0.030724722892045975,0.08956842124462128,-0.09581723064184189,0.4207891523838043,0.39438101649284363,0.1953880339860916,0.20118288695812225,-0.08679572492837906,0.9559369683265686
964.4252859999999,260405880,1.0,0.03273773938417435,0.030488429591059685,0.08946648985147476,-0.09735696017742157,0.4155850410461426,0.4009385406970978,0.19244834780693054,0.2044522762298584,-0.08769078552722931,0.9557579159736633
964.431293,260411888,1.0,0.03305085375905037,0.03021371364593506,0.0892360657453537,-0.09929616749286652,0.4077451527118683,0.4110824763774872,0.1880381852388382,0.20946015417575836,-0.08884812146425247,0.9554444551467896
964.437295,260417890,1.0,0.03333727642893791,0.02994431182742119,0.08905042707920074,-0.10097147524356842,0.3999863266944885,0.4215719699859619,0.18366993963718414,0.21460039913654327,-0.0898766964673996,0.9550571441650391
964.4432979999999,260423892,1.0,0.03362186625599861,0.029695700854063034,0.0888771265745163,-0.10230311751365662,0.3921275734901428,0.4320579171180725,0.17928335070610046,0.21969978511333466,-0.09068743139505386,0.9546545147895813
964.451337,260431932,1.0,0.034032486379146576,0.02938970737159252,0.08861688524484634,-0.10350208729505539,0.3817461431026459,0.4452599883079529,0.17357242107391357,0.22606679797172546,-0.0913674533367157,0.9541584849357605
964.4572989999999,260437893,1.0,0.034280139952898026,0.029164496809244156,0.08846453577280045,-0.10447128117084503,0.3729008436203003,0.45485052466392517,0.16878420114517212,0.23068928718566895,-0.09172461926937103,0.953876793384552
964.463317,260443912,1.0,0.03438339754939079,0.02891070954501629,0.0884043276309967,-0.10507046431303024,0.3637790381908417,0.4637863337993622,0.16393449902534485,0.23496177792549133,-0.09177691489458084,0.9536747336387634
964.4672929999999,260447887,1.0,0.03449011966586113,0.02875715307891369,0.08831828832626343,-0.10567541420459747,0.3573988378047943,0.4696740508079529,0.16053667664527893,0.23778945207595825,-0.0918475091457367,0.953545093536377
964.4732919999999,260453886,1.0,0.034729473292827606,0.02854299731552601,0.08816034346818924,-0.10665781795978546,0.3476775586605072,0.4783555865287781,0.15536436438560486,0.24195876717567444,-0.09192344546318054,0.9533456563949585
964.4772929999999,260457887,1.0,0.03475820645689964,0.028377220034599304,0.08811952918767929,-0.10730583220720291,0.34084025025367737,0.4831366539001465,0.15179188549518585,0.24425183236598969,-0.09182918816804886,0.953345537185669
964.483293,260463888,1.0,0.0348566435277462,0.02813444286584854,0.08803174644708633,-0.10861770063638687,0.3308541774749756,0.49026647210121155,0.14652150869369507,0.24769115447998047,-0.09184548258781433,0.9532811641693115
964.489292,260469887,1.0,0.03507871925830841,0.027903037145733833,0.08786909282207489,-0.11002367734909058,0.32120269536972046,0.4964078366756439,0.141443133354187,0.2506582736968994,-0.0918382778763771,0.9532732963562012
964.493292,260473887,1.0,0.03513144701719284,0.027729202061891556,0.08781500160694122,-0.11113505065441132,0.3147904574871063,0.5004749298095703,0.13804638385772705,0.2526298761367798,-0.09189973771572113,0.9532448649406433
964.499293,260479888,1.0,0.03518785163760185,0.02746659703552723,0.08774121105670929,-0.11280987411737442,0.3053470551967621,0.5061943531036377,0.13304956257343292,0.2553977966308594,-0.09196525067090988,0.9532114863395691
964.507294,260487889,1.0,0.0352725088596344,0.02712673880159855,0.08763609826564789,-0.11500236392021179,0.293438583612442,0.5130351185798645,0.1267520785331726,0.2586996555328369,-0.09202178567647934,0.9531738758087158
964.513295,260493890,1.0,0.035190850496292114,0.026807356625795364,0.08760931342840195,-0.11638544499874115,0.2850802540779114,0.51771080493927,0.12235616892576218,0.2609361708164215,-0.09195364266633987,0.9531452059745789
964.5193009999999,260499895,1.0,0.03517014533281326,0.026508085429668427,0.087550587952137,-0.11765572428703308,0.27708932757377625,0.5221830010414124,0.11815926432609558,0.26306387782096863,-0.0918443575501442,0.9531004428863525
964.527341,260507936,1.0,0.03517308086156845,0.02612261101603508,0.08744983375072479,-0.11894673854112625,0.2675931751728058,0.5273595452308655,0.11320624500513077,0.2655037045478821,-0.09157774597406387,0.9530507326126099
964.5333049999999,260513899,1.0,0.035174380987882614,0.02585189789533615,0.08736912161111832,-0.11944039911031723,0.2611508369445801,0.5307493209838867,0.10990247875452042,0.26707375049591064,-0.09119310975074768,0.9530355930328369
964.541299,260521894,1.0,0.035203468054533005,0.025503523647785187,0.08725517988204956,-0.11936861276626587,0.2538115978240967,0.5344381928443909,0.10623249411582947,0.26874199509620667,-0.09042935073375702,0.9530555605888367
964.5473109999999,260527905,1.0,0.03523900732398033,0.025256754830479622,0.08716792613267899,-0.11898964643478394,0.24936580657958984,0.5365633368492126,0.10406038165092468,0.26968175172805786,-0.0897940844297409,0.9530898332595825
964.555302,260535897,1.0,0.035313550382852554,0.025013277307152748,0.08700577914714813,-0.11764517426490784,0.2455148547887802,0.5381999015808105,0.10232613980770111,0.27034640312194824,-0.08874497562646866,0.9531875252723694
964.5632969999999,260543891,1.0,0.0354166217148304,0.024840906262397766,0.0868201032280922,-0.11558492481708527,0.24355265498161316,0.5389147996902466,0.10163428634405136,0.270559161901474,-0.08754757046699524,0.9533119201660156
964.569298,260549893,1.0,0.03546527028083801,0.024793729186058044,0.08661354333162308,-0.11379425972700119,0.24382814764976501,0.5387179851531982,0.10201685130596161,0.2703772783279419,-0.08671937882900238,0.9533983469009399
964.5773959999999,260557977,1.0,0.03557366877794266,0.02472657710313797,0.08636493980884552,-0.11110629886388779,0.24665318429470062,0.5371633172035217,0.10379863530397415,0.2695279121398926,-0.08572053909301758,0.953536868095398
964.5832969999999,260563878,1.0,0.03567345440387726,0.02468997798860073,0.08619703352451324,-0.10898913443088531,0.25063806772232056,0.5351032018661499,0.10607854276895523,0.26847410202026367,-0.08511275798082352,0.9536376595497131
964.5913919999999,260571973,1.0,0.035854097455739975,0.02465119957923889,0.08599872887134552,-0.10575041174888611,0.26044437289237976,0.5306206941604614,0.11139531433582306,0.26624807715415955,-0.08457095921039581,0.9537037014961243
964.599304,260579886,1.0,0.036018673330545425,0.024704137817025185,0.08578730374574661,-0.10189427435398102,0.2738098204135895,0.5250681042671204,0.11853742599487305,0.2634786367416382,-0.08409389853477478,0.9536540508270264
964.605344,260585926,1.0,0.03612270578742027,0.024812575429677963,0.08560904115438461,-0.09852467477321625,0.28681206703186035,0.5205687880516052,0.1253909170627594,0.2612050473690033,-0.08383065462112427,0.95342618227005
964.613294,260593876,1.0,0.03631940111517906,0.025061391294002533,0.08539941161870956,-0.09375451505184174,0.30840498208999634,0.5130845904350281,0.13665321469306946,0.2574131190776825,-0.083717942237854,0.9529195427894592
964.619296,260599878,1.0,0.03645605593919754,0.025266272947192192,0.08525597304105759,-0.09050537645816803,0.3254954218864441,0.5073224306106567,0.14548245072364807,0.25447532534599304,-0.0838308185338974,0.952391505241394
964.623307,260603889,1.0,0.036537449806928635,0.025414470583200455,0.0851675346493721,-0.08852631598711014,0.33744844794273376,0.5036985278129578,0.15159806609153748,0.2526121437549591,-0.08404938131570816,0.9519143104553223
964.629294,260609876,1.0,0.03666741028428078,0.025685664266347885,0.08503356575965881,-0.08589120954275131,0.35537487268447876,0.4991476237773895,0.1606827825307846,0.2502313554286957,-0.08456360548734665,0.9510070085525513
964.6352939999999,260615875,1.0,0.03679661080241203,0.025994664058089256,0.08490423858165741,-0.08377011865377426,0.37389808893203735,0.49510276317596436,0.16995662450790405,0.24809542298316956,-0.08539092540740967,0.9498798847198486
964.6412929999999,260621874,1.0,0.03692537173628807,0.026296544820070267,0.08479072898626328,-0.08250274509191513,0.39283493161201477,0.4914746582508087,0.17929351329803467,0.2461974024772644,-0.08666737377643585,0.9485406875610352
964.6452929999999,260625874,1.0,0.03701561689376831,0.026490377262234688,0.08472079783678055,-0.08220499008893967,0.4056815207004547,0.48900604248046875,0.18555279076099396,0.24494262039661407,-0.08777669817209244,0.9475592374801636
964.651292,260631874,1.0,0.037119876593351364,0.026716019958257675,0.08464790880680084,-0.08241482079029083,0.4245019257068634,0.48548969626426697,0.1946311891078949,0.24319827556610107,-0.08968373388051987,0.946007490158081
964.657295,260637877,1.0,0.03731231763958931,0.027083449065685272,0.08452384173870087,-0.0835534855723381,0.44491955637931824,0.48114585876464844,0.20438313484191895,0.24113422632217407,-0.0920834094285965,0.9442470073699951
964.661298,260641880,1.0,0.03742529824376106,0.027294613420963287,0.08445083349943161,-0.08445484936237335,0.4589458703994751,0.47818952798843384,0.21106117963790894,0.23973889648914337,-0.09375967085361481,0.942967414855957
964.6673,260647882,1.0,0.037687696516513824,0.02780747227370739,0.0842646136879921,-0.08621324598789215,0.4798390567302704,0.4742346405982971,0.22092822194099426,0.23791484534740448,-0.09645421802997589,0.9408951997756958
964.673293,260653875,1.0,0.0378265343606472,0.028048746287822723,0.08417695760726929,-0.08805125951766968,0.5019528269767761,0.46979108452796936,0.23137348890304565,0.23586131632328033,-0.09920710325241089,0.9386126399040222
964.6792969999999,260659878,1.0,0.038070082664489746,0.02844849042594433,0.08404076099395752,-0.09111320972442627,0.523594856262207,0.46514448523521423,0.24144898355007172,0.2338663637638092,-0.10239538550376892,0.9362286329269409
964.6832959999999,260663877,1.0,0.038214560598134995,0.028666704893112183,0.08397290110588074,-0.0931706354022026,0.5373155474662781,0.46208328008651733,0.24782292544841766,0.23257029056549072,-0.10442199558019638,0.9346608519554138
964.689307,260669889,1.0,0.038346242159605026,0.02879348210990429,0.08395173400640488,-0.09644731134176254,0.5559214353561401,0.45774322748184204,0.25641223788261414,0.23079907894134521,-0.10732798278331757,0.9324511885643005
964.695309,260675891,1.0,0.038463421165943146,0.028900960460305214,0.08396768569946289,-0.09953392297029495,0.570439338684082,0.45426833629608154,0.26305246353149414,0.22945868968963623,-0.10979238897562027,0.9306437373161316
964.701296,260681878,1.0,0.03864468261599541,0.029153183102607727,0.0839378833770752,-0.10193123668432236,0.5822932720184326,0.4514879286289215,0.2684815227985382,0.22838559746742249,-0.11172904819250107,0.9291255474090576
964.707311,260687893,1.0,0.038876891136169434,0.029562076553702354,0.08390147984027863,-0.10313347727060318,0.5898248553276062,0.4499932527542114,0.27195027470588684,0.22779135406017303,-0.112835593521595,0.9281283617019653
964.713316,260693898,1.0,0.039038971066474915,0.029820747673511505,0.08390651643276215,-0.1041829064488411,0.596403956413269,0.44869130849838257,0.27497851848602295,0.22727595269680023,-0.11379573494195938,0.9272448420524597
964.7193159999999,260699897,1.0,0.039179105311632156,0.02997838333249092,0.08390888571739197,-0.10499533265829086,0.601881206035614,0.4477035701274872,0.277499794960022,0.2268844097852707,-0.11457531899213791,0.9264932870864868
964.72736,260707942,1.0,0.03932523727416992,0.030091209337115288,0.08394602686166763,-0.10545894503593445,0.6036520600318909,0.44761329889297485,0.27827873826026917,0.2268921136856079,-0.11495144665241241,0.9262111186981201
964.7312999999999,260711881,1.0,0.03939639776945114,0.030177677050232887,0.08396144211292267,-0.10593533515930176,0.6042652726173401,0.4476335346698761,0.27850961685180664,0.22696265578269958,-0.11523506045341492,0.9260892271995544
964.7373769999999,260717958,1.0,0.03951473906636238,0.0302620530128479,0.08396640419960022,-0.1065911203622818,0.6039990782737732,0.44806617498397827,0.2782859802246094,0.22725646197795868,-0.11557280272245407,0.9260423183441162
964.745383,260725965,1.0,0.03964484483003616,0.03039848431944847,0.08400174975395203,-0.10730550438165665,0.5994131565093994,0.44972938299179077,0.27596843242645264,0.22816264629364014,-0.11568280309438705,0.9264991879463196
964.753299,260733881,1.0,0.03981828689575195,0.030386222526431084,0.0839783251285553,-0.1078396663069725,0.5919901132583618,0.4520406126976013,0.2723073363304138,0.22936421632766724,-0.11551224440336227,0.9273067116737366
964.7592999999999,260739881,1.0,0.039880309253931046,0.030450785532593727,0.08399637788534164,-0.1084774062037468,0.5820483565330505,0.45483386516571045,0.26742565631866455,0.23081830143928528,-0.11519274860620499,0.9284056425094604
964.767295,260747877,1.0,0.0399029366672039,0.030499570071697235,0.08403205871582031,-0.10919176042079926,0.567280113697052,0.4591621458530426,0.2601812481880188,0.2330216020345688,-0.11460472643375397,0.9299851655960083
964.773297,260753879,1.0,0.039967745542526245,0.030438777059316635,0.0840425193309784,-0.10946443676948547,0.5543764233589172,0.46308189630508423,0.25387635827064514,0.23495827615261078,-0.11391564458608627,0.9313241243362427
964.781299,260761825,1.0,0.039890993386507034,0.030325399711728096,0.08409135788679123,-0.10887502878904343,0.5330668687820435,0.47006309032440186,0.24354468286037445,0.23825518786907196,-0.11229175329208374,0.9334404468536377
964.7873579999999,260767883,1.0,0.039875809103250504,0.03009270317852497,0.08412864059209824,-0.10854138433933258,0.5167181491851807,0.4752010107040405,0.2356071025133133,0.24069403111934662,-0.11101784557104111,0.9350030422210693
964.795301,260775827,1.0,0.03976410627365112,0.029774514958262444,0.08420617133378983,-0.10820760577917099,0.49337801337242126,0.4822387397289276,0.22426113486289978,0.24404527246952057,-0.10914909094572067,0.9371421337127686
964.801297,260781823,1.0,0.039665620774030685,0.029502151533961296,0.08426012843847275,-0.10819007456302643,0.47527068853378296,0.4874785244464874,0.21543104946613312,0.24655966460704803,-0.10772387683391571,0.9387189745903015
964.807296,260787822,1.0,0.03953443840146065,0.029185915365815163,0.08431334048509598,-0.10830707848072052,0.45785287022590637,0.49242156744003296,0.20691759884357452,0.2489367574453354,-0.10635446012020111,0.9401618838310242
964.815298,260795824,1.0,0.03932112827897072,0.028698328882455826,0.08438147604465485,-0.10853654891252518,0.43329551815986633,0.4991438686847687,0.19490663707256317,0.2521587014198303,-0.10434632748365402,0.942093014717102
964.823313,260803839,1.0,0.03908747062087059,0.02816634438931942,0.08444029092788696,-0.10891938209533691,0.408844918012619,0.5053431987762451,0.18294015526771545,0.255122572183609,-0.10228051245212555,0.9439195394515991
964.83141,260811936,1.0,0.03900032117962837,0.02765926718711853,0.08441675454378128,-0.1097291111946106,0.3861788213253021,0.5105409622192383,0.1718047559261322,0.25762346386909485,-0.10045512020587921,0.9455273747444153
964.837402,260817928,1.0,0.03882975876331329,0.027176272124052048,0.08438166975975037,-0.11070599406957626,0.36998194456100464,0.5139912962913513,0.16380202770233154,0.2592986822128296,-0.09927573800086975,0.9466136693954468
964.847303,260827829,1.0,0.03856944665312767,0.02633686363697052,0.08429257571697235,-0.1130797490477562,0.3470506966114044,0.518233597278595,0.15236343443393707,0.26140671968460083,-0.09797132760286331,0.9480788707733154
964.8553919999999,260835917,1.0,0.038492120802402496,0.025737307965755463,0.08421650528907776,-0.11544676125049591,0.3329029977321625,0.52020263671875,0.14521241188049316,0.26243856549263,-0.0975196585059166,0.9489622116088867
964.8614709999999,260841996,1.0,0.038389794528484344,0.025261864066123962,0.08409839868545532,-0.11704784631729126,0.3280070126056671,0.5198665261268616,0.14268317818641663,0.2623620927333832,-0.09765815734863281,0.9493526816368103
964.8694439999999,260849969,1.0,0.03814483433961868,0.024595454335212708,0.08390747755765915,-0.1184915155172348,0.3234215974807739,0.5190668106079102,0.14034466445446014,0.26205116510391235,-0.09772812575101852,0.9497798681259155
964.877443,260857969,1.0,0.03811392933130264,0.02417166531085968,0.08376510441303253,-0.11916366219520569,0.32101014256477356,0.5180454254150391,0.139155313372612,0.2615942060947418,-0.09768251329660416,0.950085461139679
964.883442,260863968,1.0,0.038068946450948715,0.023884618654847145,0.0836552083492279,-0.11955370754003525,0.31986188888549805,0.5171769261360168,0.13859842717647552,0.261199414730072,-0.09766799956560135,0.9502769708633423
964.891406,260871932,1.0,0.03824973478913307,0.023744136095046997,0.0836043506860733,-0.1201380267739296,0.32225117087364197,0.5151345133781433,0.13976332545280457,0.2602892518043518,-0.09809289127588272,0.9503123164176941
964.8953849999999,260875910,1.0,0.03826083242893219,0.023625638335943222,0.08355896174907684,-0.12007827311754227,0.3228582441806793,0.5142866969108582,0.14010262489318848,0.2598872184753418,-0.09807846695184708,0.9503738880157471
964.901441,260881967,1.0,0.038284484297037125,0.02345757745206356,0.0835038423538208,-0.11972840875387192,0.3232864439487457,0.512590765953064,0.1404356211423874,0.25906023383140564,-0.09784481674432755,0.9505745768547058
964.90734,260887866,1.0,0.038253121078014374,0.023266157135367393,0.08347395807504654,-0.11905176192522049,0.3238861560821533,0.5106844902038574,0.14090271294116974,0.2581113874912262,-0.09746105968952179,0.9508029818534851
964.915447,260895973,1.0,0.0382784903049469,0.023145204409956932,0.08343302458524704,-0.11785973608493805,0.32642191648483276,0.5076358914375305,0.1424160748720169,0.2565975487232208,-0.09698115289211273,0.951036274433136
964.9233069999999,260903832,1.0,0.03825340047478676,0.023098301142454147,0.08338771760463715,-0.11527983099222183,0.3365411162376404,0.5042369365692139,0.14774593710899353,0.254867285490036,-0.09670776128768921,0.9507162570953369
964.931298,260911824,1.0,0.038450270891189575,0.023326922208070755,0.08330915868282318,-0.11139966547489166,0.35129961371421814,0.5004357695579529,0.155470609664917,0.2528524100780487,-0.0963105633854866,0.9500625133514404
964.937293,260917819,1.0,0.03856968879699707,0.0234894510358572,0.08325349539518356,-0.10796196758747101,0.3649194538593292,0.49695175886154175,0.16257156431674957,0.25098171830177307,-0.09598780423402786,0.9494024515151978
964.9432939999999,260923819,1.0,0.03873760998249054,0.023706387728452682,0.08321484178304672,-0.10426856577396393,0.38093259930610657,0.49276748299598694,0.17087022960186005,0.24872997403144836,-0.09573440253734589,0.9485629796981812
964.9472969999999,260927822,1.0,0.038834068924188614,0.023858724161982536,0.08317416161298752,-0.10182914137840271,0.3922291696071625,0.4897976815700531,0.17669786512851715,0.2471233755350113,-0.09561173617839813,0.9479273557662964
964.9533,260933826,1.0,0.03904975578188896,0.02412853203713894,0.08314702659845352,-0.09811673313379288,0.40965035557746887,0.4852713644504547,0.18566475808620453,0.24463871121406555,-0.09541672468185425,0.9468770623207092
964.9612999999999,260941825,1.0,0.039372388273477554,0.024547142907977104,0.08313873410224915,-0.09278137981891632,0.4348086416721344,0.47873005270957947,0.19858475029468536,0.24097338318824768,-0.09507476538419724,0.9452283978462219
964.965324,260945850,1.0,0.039597272872924805,0.024803727865219116,0.08319268375635147,-0.09005067497491837,0.44747406244277954,0.4754619896411896,0.20508062839508057,0.23910130560398102,-0.09485207498073578,0.9443386793136597
964.9712969999999,260951822,1.0,0.03983279690146446,0.02517097443342209,0.08324771374464035,-0.08598075062036514,0.4670407474040985,0.47053107619285583,0.21507515013217926,0.23623591661453247,-0.0945495218038559,0.9428656697273254
964.9772939999999,260957819,1.0,0.04011039808392525,0.025581661611795425,0.08336910605430603,-0.08224624395370483,0.4863578677177429,0.46633437275886536,0.22485554218292236,0.23370350897312164,-0.09441191703081131,0.9412274360656738
964.983308,260963834,1.0,0.04032273590564728,0.025942256674170494,0.08347117155790329,-0.07920531183481216,0.5044876933097839,0.46301528811454773,0.23393183946609497,0.23162789642810822,-0.09453601390123367,0.9395143985748291
964.9912999999999,260971783,1.0,0.04049462080001831,0.02639836259186268,0.08359026163816452,-0.0762908086180687,0.5240110754966736,0.4605448246002197,0.24359050393104553,0.2299102395772934,-0.09493839740753174,0.9374389052391052
964.997319,260977803,1.0,0.040635399520397186,0.02671160362660885,0.08370374888181686,-0.07452865689992905,0.5361443758010864,0.45970216393470764,0.2495429515838623,0.22915108501911163,-0.09528502076864243,0.9360228776931763
965.0073769999999,260987860,1.0,0.040842875838279724,0.027191748842597008,0.08387657254934311,-0.07231669127941132,0.5487138628959656,0.45976537466049194,0.2556990087032318,0.22873426973819733,-0.0955771803855896,0.9344322681427002
965.017298,260997782,1.0,0.04098312556743622,0.0276006069034338,0.08401884883642197,-0.07056265324354172,0.5550653338432312,0.46051374077796936,0.2588440775871277,0.22876718640327454,-0.09552059322595596,0.9335636496543884
965.0233119999999,261003795,1.0,0.0411006435751915,0.027875609695911407,0.08411884307861328,-0.06996040046215057,0.5549721717834473,0.46120119094848633,0.2588365077972412,0.22901150584220886,-0.09531866014003754,0.9335265159606934
965.0313219999999,261011805,1.0,0.04115378111600876,0.028068087995052338,0.08415926992893219,-0.06969443708658218,0.5520166754722595,0.4625225067138672,0.2574179768562317,0.22963805496692657,-0.09505359083414078,0.9337918162345886
965.0392929999999,261019776,1.0,0.04118303954601288,0.028177060186862946,0.08423154801130295,-0.06990817189216614,0.5481115579605103,0.4637446999549866,0.25550320744514465,0.23029403388500214,-0.09489712119102478,0.9341719746589661
965.045297,261025781,1.0,0.04127189889550209,0.02829166129231453,0.08424249291419983,-0.0717659741640091,0.5402499437332153,0.4655138850212097,0.25151389837265015,0.2314687967300415,-0.09515472501516342,0.9349377155303955
965.0493329999999,261029816,1.0,0.04133576527237892,0.028376149013638496,0.08426392078399658,-0.07284782826900482,0.5343170762062073,0.46688470244407654,0.24853576719760895,0.23232623934745789,-0.09519945830106735,0.9355167150497437
965.055299,261035783,1.0,0.04139285907149315,0.02844175137579441,0.08432413637638092,-0.07473772019147873,0.5239112377166748,0.46937933564186096,0.24330344796180725,0.23386123776435852,-0.09527553617954254,0.9365014433860779
965.061294,261041778,1.0,0.04141372814774513,0.028419148176908493,0.08439020067453384,-0.07654689997434616,0.5115443468093872,0.47225528955459595,0.23713186383247375,0.23557518422603607,-0.09513366222381592,0.9376686215400696
965.065292,261045776,1.0,0.04144619032740593,0.028449581936001778,0.08445179462432861,-0.07739946246147156,0.5020461082458496,0.4745028614997864,0.2324477583169937,0.2368365079164505,-0.09476470947265625,0.9385606646537781
965.071297,261051781,1.0,0.041444290429353714,0.028369856998324394,0.08453652262687683,-0.07867152988910675,0.48637762665748596,0.4782327711582184,0.2247265875339508,0.2388974279165268,-0.0940701812505722,0.9399876594543457
965.075291,261055775,1.0,0.041445355862379074,0.028305955231189728,0.08459879457950592,-0.07935847342014313,0.474526584148407,0.4810200333595276,0.21891412138938904,0.2403981238603592,-0.09339049458503723,0.9410438537597656
965.0792899999999,261059773,1.0,0.04144662618637085,0.028233570978045464,0.08466099202632904,-0.08022867143154144,0.4629216492176056,0.48362472653388977,0.21319900453090668,0.2418213188648224,-0.09278688579797745,0.9420505166053772
965.081296,261061780,1.0,0.04144727811217308,0.028192440047860146,0.08469177037477493,-0.08070463687181473,0.45703309774398804,0.4849298596382141,0.21029357612133026,0.24253548681735992,-0.09248869866132736,0.9425491690635681
965.085302,261065786,1.0,0.0413951650261879,0.027989165857434273,0.08473402261734009,-0.0815054327249527,0.44576966762542725,0.4874778389930725,0.20474335551261902,0.2439071089029312,-0.0918600782752037,0.9434782266616821
965.08929,261069774,1.0,0.04137495532631874,0.027838611975312233,0.0847608670592308,-0.0826444998383522,0.43395522236824036,0.4900120794773102,0.19888626039028168,0.24530020356178284,-0.09131108224391937,0.9444227814674377
965.091291,261071775,1.0,0.041364457458257675,0.027759656310081482,0.08477234095335007,-0.08325640857219696,0.428031325340271,0.4912792146205902,0.19594256579875946,0.24599643051624298,-0.09104852378368378,0.9448822140693665
965.09529,261075774,1.0,0.04134218022227287,0.02759549207985401,0.08479052037000656,-0.08452297747135162,0.4162403345108032,0.4938395619392395,0.1900716871023178,0.24739524722099304,-0.0905403271317482,0.9457646608352661
965.09929,261079774,1.0,0.04131810739636421,0.027423156425356865,0.08480201661586761,-0.0858428031206131,0.40457090735435486,0.49641773104667664,0.18424604833126068,0.24879373610019684,-0.09005657583475113,0.9465965032577515
965.1012999999999,261081783,1.0,0.04129296913743019,0.027316322550177574,0.08478765934705734,-0.08617016673088074,0.39964452385902405,0.49761444330215454,0.18180900812149048,0.2494104951620102,-0.08974846452474594,0.9469345808029175
965.105289,261085773,1.0,0.04126795008778572,0.027140701189637184,0.08481711149215698,-0.08752927929162979,0.3880685269832611,0.5001870393753052,0.17601653933525085,0.25079116225242615,-0.08927005529403687,0.9477092623710632
965.1072909999999,261087774,1.0,0.041228510439395905,0.02699609100818634,0.0847991406917572,-0.08825865387916565,0.38270947337150574,0.5013870596885681,0.17332039773464203,0.2514386773109436,-0.08909134566783905,0.9480513334274292
965.1112909999999,261091774,1.0,0.041179198771715164,0.026761896908283234,0.08479473739862442,-0.0896761417388916,0.3717285096645355,0.503796398639679,0.16780473291873932,0.2527254819869995,-0.08867360651493073,0.9487404227256775
965.115291,261095775,1.0,0.0411476232111454,0.026549559086561203,0.08480247855186462,-0.09110753238201141,0.36102309823036194,0.5061090588569641,0.16241903603076935,0.2539541721343994,-0.08827302604913712,0.9493867754936218
965.1172929999999,261097776,1.0,0.0411187969148159,0.026409359648823738,0.08478216826915741,-0.09186990559101105,0.3562890887260437,0.5070722699165344,0.16002243757247925,0.25447550415992737,-0.08814827352762222,0.9496656656265259
965.1212919999999,261101775,1.0,0.04109284654259682,0.026178477331995964,0.08476572483778,-0.0933796763420105,0.34701481461524963,0.5089970231056213,0.1553213894367218,0.25550776720046997,-0.08790735900402069,0.9501911997795105
965.125311,261105795,1.0,0.041093483567237854,0.02598007582128048,0.08478693664073944,-0.0946546196937561,0.33974194526672363,0.5104690790176392,0.15162286162376404,0.25629863142967224,-0.0877520889043808,0.9505898356437683
965.129296,261109780,1.0,0.04107913374900818,0.025750383734703064,0.08477671444416046,-0.09602334350347519,0.33243969082832336,0.51179039478302,0.14790311455726624,0.25701749324798584,-0.08762092888355255,0.9509938359260559
965.1352919999999,261115775,1.0,0.041087742894887924,0.025440851226449013,0.08475746959447861,-0.09768667817115784,0.32346388697624207,0.5132022500038147,0.14334015548229218,0.2577882409095764,-0.0874282568693161,0.9515014886856079
965.139293,261119777,1.0,0.04114234074950218,0.02530510164797306,0.08475612848997116,-0.09876267611980438,0.3176548480987549,0.5140992403030396,0.14038647711277008,0.25827285647392273,-0.0872984379529953,0.9518223404884338
965.143293,261123777,1.0,0.04115496203303337,0.025096867233514786,0.08471035957336426,-0.0992998331785202,0.31531602144241333,0.5139903426170349,0.13920404016971588,0.25825005769729614,-0.0872621238231659,0.9520055055618286
965.1493399999999,261129823,1.0,0.041266780346632004,0.02495143748819828,0.08466855436563492,-0.10007958114147186,0.31269243359565735,0.5135962963104248,0.13786640763282776,0.2581060826778412,-0.08728712052106857,0.9522368907928467
965.153293,261133777,1.0,0.04129897058010101,0.024834446609020233,0.0846320390701294,-0.1005646139383316,0.3114229440689087,0.5132195353507996,0.13721328973770142,0.2579546570777893,-0.08733794838190079,0.9523675441741943
965.1592929999999,261139776,1.0,0.04135320335626602,0.02468368038535118,0.08456925302743912,-0.1011045053601265,0.3109121322631836,0.5124461650848389,0.13693323731422424,0.2576211094856262,-0.08748006820678711,0.9524850845336914
965.163296,261143780,1.0,0.04138903319835663,0.0245976559817791,0.08452359586954117,-0.10132939368486404,0.3113853931427002,0.511804461479187,0.13715870678424835,0.25733307003974915,-0.08760053664445877,0.9525194764137268
965.1692929999999,261149776,1.0,0.04132106527686119,0.024414462968707085,0.08443579822778702,-0.1013987734913826,0.31413108110427856,0.5102985501289368,0.1385289579629898,0.2566331624984741,-0.08786161988973618,0.9524859189987183
965.173293,261153777,1.0,0.0414055772125721,0.02439984120428562,0.08439198136329651,-0.10152968764305115,0.3157045245170593,0.5093604326248169,0.13930591940879822,0.2562025189399719,-0.08804842829704285,0.9524713158607483
965.1792949999999,261159778,1.0,0.041293926537036896,0.024260258302092552,0.08429542183876038,-0.10172857344150543,0.31963834166526794,0.5066164135932922,0.14128296077251434,0.2549270987510681,-0.0884227454662323,0.9524876475334167
965.1832929999999,261163776,1.0,0.041318800300359726,0.024240776896476746,0.08423949778079987,-0.10179247707128525,0.3237646520137787,0.5046572089195251,0.14333507418632507,0.25401633977890015,-0.08880624920129776,0.9523887038230896
965.1873489999999,261167832,1.0,0.041366469115018845,0.024274785071611404,0.08417651057243347,-0.1015566810965538,0.32840248942375183,0.5023893117904663,0.14568375051021576,0.2529383897781372,-0.08908084779977798,0.9522935748100281
965.191298,261171782,1.0,0.04135766997933388,0.02427092008292675,0.08411157131195068,-0.10132832080125809,0.33219408988952637,0.5000340938568115,0.1476307362318039,0.25181490182876587,-0.08924725651741028,0.9522758722305298
965.195301,261175806,1.0,0.0413498654961586,0.024272240698337555,0.08404827862977982,-0.10090140998363495,0.335919588804245,0.4974973797798157,0.14957916736602783,0.25058895349502563,-0.08929309248924255,0.9522908926010132
965.201292,261181797,1.0,0.04134019464254379,0.0242936909198761,0.08396053314208984,-0.09960167109966278,0.34133362770080566,0.49367597699165344,0.1525009274482727,0.24868905544281006,-0.08901707828044891,0.9523513913154602
965.205291,261185796,1.0,0.0413191057741642,0.024307366460561752,0.08390197902917862,-0.09867644309997559,0.3446710705757141,0.4911917448043823,0.15432223677635193,0.24744480848312378,-0.08877252042293549,0.9524049162864685
965.2112989999999,261191803,1.0,0.041253890842199326,0.024437200278043747,0.0837939977645874,-0.09725011885166168,0.35645636916160583,0.48645296692848206,0.16034390032291412,0.24510376155376434,-0.08907424658536911,0.9519872665405273
965.217306,261197811,1.0,0.04127446189522743,0.024588676169514656,0.08371209353208542,-0.09600789844989777,0.3688312768936157,0.48182934522628784,0.16661643981933594,0.24282023310661316,-0.08951006829738617,0.9514542818069458
965.2233,261203805,1.0,0.04116309434175491,0.02480345591902733,0.08359172195196152,-0.09474380314350128,0.385010689496994,0.477471262216568,0.17469260096549988,0.240648552775383,-0.090352363884449,0.9504773616790771
965.2312959999999,261211800,1.0,0.04117974638938904,0.025191929191350937,0.0834842249751091,-0.09303334355354309,0.40454190969467163,0.4724760353565216,0.1844421774148941,0.23810935020446777,-0.09125456213951111,0.9491878747940063
965.237297,261217802,1.0,0.041173454374074936,0.025446398183703423,0.08341258019208908,-0.09173623472452164,0.41874977946281433,0.46914583444595337,0.1915191262960434,0.23638179898262024,-0.09188129752874374,0.9481571316719055
965.243294,261223799,1.0,0.04107676073908806,0.025700241327285767,0.08332046121358871,-0.09077192842960358,0.4306330680847168,0.46720680594444275,0.19737938046455383,0.2353368103504181,-0.0925261452794075,0.9471519589424133
965.2512969999999,261231801,1.0,0.040976088494062424,0.025975357741117477,0.08322019129991531,-0.09035269170999527,0.44437891244888306,0.465465247631073,0.20404614508152008,0.2344217449426651,-0.09363590180873871,0.9458562135696411
965.2593059999999,261239810,1.0,0.04084533825516701,0.026189321652054787,0.08312205225229263,-0.09089057892560959,0.45473217964172363,0.46467331051826477,0.20893806219100952,0.23405978083610535,-0.09491924196481705,0.9447492957115173
965.267296,261247801,1.0,0.0406559519469738,0.02643948420882225,0.08305878192186356,-0.09220746159553528,0.4594683349132538,0.4653000831604004,0.21100161969661713,0.23447321355342865,-0.09611385315656662,0.944067120552063
965.273294,261253799,1.0,0.04053974896669388,0.026488816365599632,0.08301418274641037,-0.093469999730587,0.4607747197151184,0.46617522835731506,0.21143095195293427,0.235013946890831,-0.09694202244281769,0.943751871585846
965.2792949999999,261259799,1.0,0.04040433466434479,0.026533061638474464,0.08297817409038544,-0.09494418650865555,0.4608405530452728,0.4673865735530853,0.21122969686985016,0.23574098944664001,-0.09777263551950455,0.9435299038887024
965.285322,261265827,1.0,0.040256332606077194,0.026497850194573402,0.08292479813098907,-0.09672670811414719,0.4597959816455841,0.46898841857910156,0.2104451060295105,0.23668844997882843,-0.09867008775472641,0.9433746337890625
965.293449,261273954,1.0,0.04009706526994705,0.026269642636179924,0.08290497213602066,-0.09999307990074158,0.4551277458667755,0.47248002886772156,0.20766939222812653,0.23869138956069946,-0.10007154196500778,0.9433374404907227
965.299447,261279952,1.0,0.039941009134054184,0.02612542174756527,0.08290455490350723,-0.10228592902421951,0.4507218599319458,0.475995272397995,0.20512808859348297,0.24059657752513885,-0.1010364443063736,0.9433066248893738
965.307297,261287802,1.0,0.03972431644797325,0.02593754231929779,0.08298534154891968,-0.10515587776899338,0.4422420859336853,0.4820423126220703,0.20045073330402374,0.24375398457050323,-0.10207100212574005,0.9433901906013489
965.3133009999999,261293805,1.0,0.03953045979142189,0.025730373337864876,0.08301527053117752,-0.10741525143384933,0.43481892347335815,0.4874138832092285,0.19637645781040192,0.24651862680912018,-0.10284308344125748,0.9434448480606079
965.321302,261301807,1.0,0.03927196189761162,0.025436820462346077,0.08304284512996674,-0.11053125560283661,0.4236510992050171,0.4952002167701721,0.19028711318969727,0.250493586063385,-0.10380370914936066,0.9435404539108276
965.329341,261309846,1.0,0.038964223116636276,0.02504010498523712,0.08290095627307892,-0.11370972543954849,0.4118395745754242,0.5030745267868042,0.18386884033679962,0.2544942796230316,-0.10468165576457977,0.9436454176902771
965.3372959999999,261317800,1.0,0.03865160793066025,0.024669688194990158,0.08286000043153763,-0.11688920110464096,0.399320513010025,0.51113361120224,0.17709408700466156,0.25855758786201477,-0.10544403642416,0.9437516927719116
965.3433,261323805,1.0,0.03838546201586723,0.024379611015319824,0.08287231624126434,-0.11927395313978195,0.38956254720687866,0.5169869661331177,0.17184123396873474,0.261497437953949,-0.1059204638004303,0.9438593983650208
965.3494979999999,261330002,1.0,0.038123007863759995,0.024082813411951065,0.0828508511185646,-0.12162906676530838,0.38007763028144836,0.5223389863967896,0.16674314439296722,0.26418450474739075,-0.10634399205446243,0.9439778923988342
965.357357,261337862,1.0,0.03777214139699936,0.023675046861171722,0.08278857916593552,-0.12475035339593887,0.36830082535743713,0.5283360481262207,0.16041472554206848,0.26721054315567017,-0.1068735122680664,0.9441629648208618
965.3653119999999,261345816,1.0,0.03741323947906494,0.023260820657014847,0.08270233869552612,-0.12812377512454987,0.3581043481826782,0.5330536365509033,0.15486454963684082,0.2696390151977539,-0.10758177936077118,0.9443187713623047
965.371308,261351813,1.0,0.037143487483263016,0.022950001060962677,0.08260074257850647,-0.13067787885665894,0.3520059287548065,0.535659909248352,0.1514807641506195,0.27101993560791016,-0.10823024064302444,0.9443982243537903
965.3793059999999,261359810,1.0,0.03672708570957184,0.022477535530924797,0.08244757354259491,-0.13432112336158752,0.3473016321659088,0.5371520519256592,0.14866924285888672,0.27195823192596436,-0.10947622358798981,0.9444316625595093
965.387303,261367808,1.0,0.036338284611701965,0.022044263780117035,0.08227287977933884,-0.1380147635936737,0.34485021233558655,0.5375200510025024,0.1469811052083969,0.2723817229270935,-0.11094167083501816,0.944402813911438
965.391312,261371817,1.0,0.036152973771095276,0.02186044305562973,0.08212768286466599,-0.13973206281661987,0.3450348973274231,0.536854088306427,0.1468721628189087,0.27219530940055847,-0.11172667890787125,0.9443809986114502
965.397296,261377801,1.0,0.035862427204847336,0.021596472710371017,0.08194229006767273,-0.14212267100811005,0.34522831439971924,0.5359950065612793,0.1466871201992035,0.27196717262268066,-0.11281649023294449,0.9443458914756775
965.3993089999999,261379813,1.0,0.03576638549566269,0.02152065373957157,0.08188486844301224,-0.14282748103141785,0.34536120295524597,0.5356173515319824,0.14667581021785736,0.27184203267097473,-0.11313808709383011,0.944345235824585
965.4033099999999,261383814,1.0,0.03553365543484688,0.021346716210246086,0.08176258206367493,-0.14410719275474548,0.3455474376678467,0.5346075892448425,0.14664779603481293,0.2714611887931824,-0.11369137465953827,0.9443926811218262
965.407295,261387789,1.0,0.03534235060214996,0.021244138479232788,0.08162382245063782,-0.14522048830986023,0.3450995683670044,0.5333366990089417,0.1463562250137329,0.27093735337257385,-0.1140686497092247,0.9445428252220154
965.4092919999999,261389785,1.0,0.03525498881936073,0.021204428747296333,0.08157046884298325,-0.14569945633411407,0.3456312417984009,0.5325438380241394,0.1465895026922226,0.27060434222221375,-0.1143023744225502,0.9445738792419434
965.413293,261393787,1.0,0.03508053347468376,0.02114005573093891,0.08147235214710236,-0.146476611495018,0.34658554196357727,0.5308009386062622,0.14703813195228577,0.2698497474193573,-0.11465885490179062,0.9446768164634705
965.417289,261397783,1.0,0.03490552678704262,0.021092532202601433,0.08138041198253632,-0.14703063666820526,0.3472477197647095,0.5288622379302979,0.147389754652977,0.2689828872680664,-0.11485897749662399,0.9448449015617371
965.421289,261401783,1.0,0.03474501147866249,0.021078066900372505,0.08131415396928787,-0.1472638100385666,0.3473825752735138,0.5268715620040894,0.14753690361976624,0.26806122064590454,-0.11483883112668991,0.9450863003730774
965.423291,261403785,1.0,0.034672025591135025,0.021086033433675766,0.0812937393784523,-0.14726093411445618,0.3473130762577057,0.525846540927887,0.14756305515766144,0.2675757110118866,-0.11475339531898499,0.9452301263809204
965.427292,261407786,1.0,0.034586694091558456,0.021163664758205414,0.08122383058071136,-0.14699408411979675,0.3478166162967682,0.52358078956604,0.14796823263168335,0.2664913535118103,-0.11452090740203857,0.9455013275146484
965.431292,261411786,1.0,0.03444819152355194,0.021230483427643776,0.08114064484834671,-0.14666622877120972,0.34952646493911743,0.5208449959754944,0.14898240566253662,0.26519501209259033,-0.11436905711889267,0.9457249045372009
965.435291,261415785,1.0,0.034298717975616455,0.02131516858935356,0.08108171820640564,-0.14628195762634277,0.35211533308029175,0.5177812576293945,0.15044112503528595,0.2637496590614319,-0.11426838487386703,0.9459103345870972
965.4392919999999,261419785,1.0,0.03413902595639229,0.02143879048526287,0.08100463449954987,-0.14582805335521698,0.3572500944137573,0.513550341129303,0.1531880646944046,0.26177719235420227,-0.11434324830770493,0.9460083246231079
965.4432969999999,261423790,1.0,0.033967144787311554,0.02158510312438011,0.08092939108610153,-0.14539740979671478,0.3617510497570038,0.5095753073692322,0.1556154191493988,0.2599179148674011,-0.11436306685209274,0.946122407913208
965.449295,261429789,1.0,0.03368377313017845,0.02186986804008484,0.08086363226175308,-0.144400492310524,0.368975967168808,0.503395676612854,0.1595393717288971,0.25700071454048157,-0.11424623429775238,0.9462798833847046
965.4532969999999,261433790,1.0,0.033478032797575,0.022137047722935677,0.0807824358344078,-0.14335277676582336,0.3738260567188263,0.499173104763031,0.16222527623176575,0.2549736201763153,-0.11396924406290054,0.9464049935340881
965.4572919999999,261437785,1.0,0.03323574736714363,0.022425992414355278,0.08071901649236679,-0.14221850037574768,0.3784816265106201,0.4951370358467102,0.1648174226284027,0.2530221939086914,-0.11363355070352554,0.9465212225914001
965.463313,261443807,1.0,0.03283503279089928,0.022937074303627014,0.0805906429886818,-0.14040827751159668,0.38504818081855774,0.4894614815711975,0.16849619150161743,0.25025442242622375,-0.11304473131895065,0.9466798305511475
965.4672969999999,261447790,1.0,0.03252028301358223,0.023298712447285652,0.0805201381444931,-0.1392805129289627,0.38888266682624817,0.485726922750473,0.17067506909370422,0.24842973053455353,-0.11262226849794388,0.9468204379081726
965.471291,261451785,1.0,0.03216336667537689,0.02366316132247448,0.08048679679632187,-0.1381540149450302,0.3925611078739166,0.48202186822891235,0.17277613282203674,0.24661493301391602,-0.1121780201792717,0.9469665288925171
965.475294,261455788,1.0,0.031772494316101074,0.024121880531311035,0.08036059141159058,-0.13661198318004608,0.3937274217605591,0.47929930686950684,0.17367389798164368,0.2452031672000885,-0.11134018003940582,0.9472677111625671
965.4812939999999,261461787,1.0,0.031112851575016975,0.02485741302371025,0.08016667515039444,-0.1339881718158722,0.39481738209724426,0.4763663709163666,0.1746765524148941,0.24359512329101562,-0.10996094346046448,0.9476592540740967
965.4873,261467794,1.0,0.030335145071148872,0.025671981275081635,0.0799524113535881,-0.1310279220342636,0.39411023259162903,0.4755190312862396,0.1747455894947052,0.24292896687984467,-0.1084069237112999,0.9479965567588806
965.493294,261473788,1.0,0.029501646757125854,0.026560064405202866,0.07967016845941544,-0.1278979629278183,0.39138004183769226,0.4768582880496979,0.1737515777349472,0.24326969683170319,-0.10674142837524414,0.9482808113098145
965.5012979999999,261481791,1.0,0.02833513170480728,0.027853060513734818,0.07920356094837189,-0.12355576455593109,0.3865208625793457,0.4799572825431824,0.1717989593744278,0.24432973563671112,-0.1044149324297905,0.94862300157547
965.5073,261487794,1.0,0.027505137026309967,0.028876781463623047,0.07882137596607208,-0.12065104395151138,0.38216686248779297,0.4831324815750122,0.16991274058818817,0.24556012451648712,-0.10282433032989502,0.9488187432289124
965.5152989999999,261495792,1.0,0.026334600523114204,0.03023117035627365,0.07842028141021729,-0.11708594113588333,0.3780261278152466,0.48662203550338745,0.1681981384754181,0.24689088761806488,-0.10096316039562225,0.9489787817001343
965.521298,261501792,1.0,0.025515669956803322,0.031254760921001434,0.07815054059028625,-0.11541427671909332,0.37652501463890076,0.48812589049339294,0.16761289536952972,0.24745647609233856,-0.10012655705213547,0.9490236639976501
965.5292989999999,261509792,1.0,0.02426997199654579,0.032549817115068436,0.0779823288321495,-0.11451854556798935,0.37554702162742615,0.48906511068344116,0.16721028089523315,0.24782246351242065,-0.09966923296451569,0.949047327041626
965.537298,261517792,1.0,0.023037103936076164,0.03386044129729271,0.077838234603405,-0.11462584882974625,0.37573209404945374,0.48867279291152954,0.1673048436641693,0.24764613807201385,-0.09970834851264954,0.949072539806366
965.543316,261523810,1.0,0.022032663226127625,0.0348442904651165,0.07772549241781235,-0.11569953709840775,0.3770301640033722,0.48844411969184875,0.16780264675617218,0.24763385951519012,-0.10034582018852234,0.9489206671714783
965.5513719999999,261531865,1.0,0.02049395628273487,0.03619109094142914,0.07745758444070816,-0.11760061234235764,0.3783226013183594,0.48903000354766846,0.1681540310382843,0.24807807803153992,-0.10144331306219101,0.9486256837844849
965.55926,261539754,1.0,0.018816810101270676,0.037564851343631744,0.07715973258018494,-0.1175926923751831,0.3793030381202698,0.4917645752429962,0.1684836447238922,0.2493792325258255,-0.10178110748529434,0.9481897950172424
965.565351,261545845,1.0,0.01745978370308876,0.03870215266942978,0.07690279930830002,-0.11613012105226517,0.38017478585243225,0.49462854862213135,0.16893652081489563,0.2506175935268402,-0.10142908990383148,0.9478203654289246
965.5732959999999,261553789,1.0,0.015520209446549416,0.04038221016526222,0.07642024755477905,-0.11152578890323639,0.3812732696533203,0.5010157227516174,0.16971834003925323,0.25325778126716614,-0.0999155044555664,0.9471394419670105
965.579307,261559801,1.0,0.013944406993687153,0.04173623397946358,0.07601123303174973,-0.10770068317651749,0.3819062411785126,0.5063937902450562,0.1702391803264618,0.2554803788661957,-0.09863579273223877,0.9465829730033875
965.585306,261565800,1.0,0.012271919287741184,0.043160367757081985,0.07555370032787323,-0.10317942500114441,0.38226380944252014,0.5127794146537781,0.17067734897136688,0.2581167221069336,-0.09708332270383835,0.9459491968154907
965.5912999999999,261571793,1.0,0.01045652013272047,0.04469882324337959,0.07500534504652023,-0.09786882251501083,0.3817794620990753,0.5206122994422913,0.1707603484392166,0.26136696338653564,-0.09518265724182129,0.9452345967292786
965.597312,261577806,1.0,0.008538810536265373,0.04624505713582039,0.074448361992836,-0.09245689958333969,0.38079750537872314,0.5291403532028198,0.17060454189777374,0.2649359405040741,-0.09323306381702423,0.9444631338119507
965.603309,261583803,1.0,0.006514634937047958,0.04780903458595276,0.0738554298877716,-0.08695444464683533,0.3791850209236145,0.5383628010749817,0.17014876008033752,0.26882630586624146,-0.09121938794851303,0.9436423182487488
965.609298,261589792,1.0,0.004338701721280813,0.04937213659286499,0.07324735075235367,-0.08136239647865295,0.3763827085494995,0.5484983921051025,0.16912204027175903,0.2731468379497528,-0.08908342570066452,0.9427898526191711
965.613312,261593806,1.0,0.0028243940323591232,0.0504172183573246,0.07282005995512009,-0.07781374454498291,0.37417954206466675,0.5555341839790344,0.16825570166110992,0.27617764472961426,-0.08771773427724838,0.9421897530555725
965.6193109999999,261599790,1.0,0.00046956795267760754,0.05197703838348389,0.07215239107608795,-0.0725652351975441,0.3704419732093811,0.5663666725158691,0.1667500138282776,0.2808680236339569,-0.08565811067819595,0.9412599205970764
965.623298,261603778,1.0,-0.0011542902793735266,0.05301646143198013,0.0716804713010788,-0.06906189769506454,0.3677944839000702,0.5737628936767578,0.16568021476268768,0.2840806543827057,-0.08426716178655624,0.9406100511550903
965.627297,261607777,1.0,-0.0028633861802518368,0.05401799827814102,0.0711810514330864,-0.06574342399835587,0.36497020721435547,0.5810806751251221,0.16451559960842133,0.2872754633426666,-0.08292427659034729,0.9399632811546326
965.633299,261613779,1.0,-0.005502100568264723,0.055515896528959274,0.070408396422863,-0.06037195026874542,0.36067649722099304,0.592988908290863,0.1627829223871231,0.2924776077270508,-0.08077669888734818,0.938847005367279
965.637298,261617778,1.0,-0.007253811229020357,0.05655321106314659,0.06988143175840378,-0.05682312324643135,0.35776737332344055,0.6009883284568787,0.161615252494812,0.29597967863082886,-0.07934680581092834,0.9380728006362915
965.643302,261623782,1.0,-0.010084735229611397,0.05801871791481972,0.06905492395162582,-0.05154246836900711,0.3532836139202118,0.6139925718307495,0.1597871482372284,0.3017119765281677,-0.07726714015007019,0.9367324709892273
965.6493469999999,261629826,1.0,-0.01293895673006773,0.05955693870782852,0.06821185350418091,-0.04661601781845093,0.34877923130989075,0.6266286969184875,0.15794117748737335,0.30730295181274414,-0.07529768347740173,0.9353874921798706
965.657303,261637783,1.0,-0.016950203105807304,0.0614798329770565,0.06707339733839035,-0.03961619734764099,0.3430550694465637,0.6443001627922058,0.15569625794887543,0.31510627269744873,-0.07254243642091751,0.9333832859992981
965.6633009999999,261643780,1.0,-0.020043330267071724,0.06293781101703644,0.06621671468019485,-0.03424883261322975,0.33885881304740906,0.657904863357544,0.15410278737545013,0.3211119472980499,-0.07043838500976562,0.9317606687545776
965.671295,261651775,1.0,-0.024255726486444473,0.06486889719963074,0.06508444249629974,-0.027443263679742813,0.3336344361305237,0.6758788824081421,0.15215231478214264,0.32906004786491394,-0.06781129539012909,0.9295002818107605
965.6773919999999,261657872,1.0,-0.027613384649157524,0.06629256159067154,0.06424281746149063,-0.02230425737798214,0.32958605885505676,0.6903664469718933,0.150639608502388,0.3354857563972473,-0.06585729867219925,0.927588164806366
965.6833929999999,261663872,1.0,-0.030934298411011696,0.06771064549684525,0.06343443691730499,-0.017469534650444984,0.3254447281360626,0.7046099901199341,0.14907483756542206,0.34181898832321167,-0.06398960202932358,0.9256575107574463
965.6913549999999,261671834,1.0,-0.03536205738782883,0.06965938210487366,0.06242988631129265,-0.011434895917773247,0.3197602927684784,0.7230187654495239,0.14691102504730225,0.3500213623046875,-0.06158558651804924,0.9230977296829224
965.6972989999999,261677778,1.0,-0.03877851366996765,0.07106705009937286,0.06172194704413414,-0.006831662263721228,0.3149879276752472,0.7370256185531616,0.1450977474451065,0.3562678098678589,-0.05964629352092743,0.9211201071739197
965.705352,261685832,0.98,-0.043529607355594635,0.07293342798948288,0.06082963943481445,-0.0009077030699700117,0.30844876170158386,0.7554038763046265,0.14262080192565918,0.36447301506996155,-0.05706734582781792,0.9184563159942627
965.7113089999999,261691788,0.98,-0.047194741666316986,0.0742705687880516,0.06026957929134369,0.0036962542217224836,0.3033260107040405,0.7690442800521851,0.1407349556684494,0.37055087089538574,-0.05497979745268822,0.9164403676986694
965.719297,261699777,0.98,-0.052104510366916656,0.07606872916221619,0.0595223531126976,0.009781434200704098,0.2963244616985321,0.7874663472175598,0.13817937672138214,0.37876421213150024,-0.05216534808278084,0.9136317372322083
965.725293,261705773,0.98,-0.05580274760723114,0.07741479575634003,0.05897342413663864,0.014368196949362755,0.29084181785583496,0.8014636039733887,0.136198028922081,0.3850063383579254,-0.04998131841421127,0.9114395976066589
965.733293,261713773,0.91,-0.06067247316241264,0.07916837930679321,0.058221518993377686,0.02020970918238163,0.28368353843688965,0.8202235102653503,0.13362576067447662,0.39337751269340515,-0.04718796908855438,0.9083895683288574
965.7372909999999,261717770,0.91,-0.06313896179199219,0.08003345876932144,0.0578606054186821,0.023126162588596344,0.28007185459136963,0.8298984169960022,0.13234089314937592,0.3976934254169464,-0.045788489282131195,0.9067685604095459
965.7412939999999,261721773,0.91,-0.06563009321689606,0.08084098249673843,0.05751965194940567,0.025935111567378044,0.27674630284309387,0.8397504091262817,0.13117611408233643,0.4020829200744629,-0.04449508711695671,0.9050648212432861
965.747295,261727775,0.91,-0.06934178620576859,0.08207506686449051,0.05700496584177017,0.030016565695405006,0.2719738781452179,0.8544526100158691,0.12953025102615356,0.4086248278617859,-0.042633384466171265,0.9024577736854553
965.7552959999999,261735775,1.0,-0.07424277812242508,0.08363018929958344,0.05633571371436119,0.03499515727162361,0.2665712535381317,0.8734714984893799,0.12773454189300537,0.4170611798763275,-0.04048851132392883,0.8989463448524475
965.7612959999999,261741775,1.0,-0.07789114862680435,0.08475767076015472,0.055869780480861664,0.03866386041045189,0.26274731755256653,0.8873765468597412,0.1265168935060501,0.4232078492641449,-0.03891407325863838,0.8963115215301514
965.7653379999999,261745817,1.0,-0.08034075051546097,0.08545753359794617,0.055573973804712296,0.04090254381299019,0.2606041431427002,0.8961884379386902,0.12586615979671478,0.4270912706851959,-0.038007136434316635,0.8945983648300171
965.771297,261751777,1.0,-0.08395000547170639,0.08656585216522217,0.055160410702228546,0.044449321925640106,0.25707903504371643,0.9092308878898621,0.12481547147035599,0.432827353477478,-0.03647371754050255,0.8920488953590393
965.7752899999999,261755769,1.0,-0.08635149151086807,0.08721595257520676,0.054925158619880676,0.04665696620941162,0.25495147705078125,0.9170682430267334,0.1242087110877037,0.43626394867897034,-0.035510022193193436,0.8904970288276672
965.777293,261757773,1.0,-0.0875556543469429,0.08755410462617874,0.05480778589844704,0.047743059694767,0.25382253527641296,0.9211152195930481,0.12387380003929138,0.4380412995815277,-0.03502786532044411,0.8896899223327637
965.783292,261763772,1.0,-0.09114990383386612,0.08854495733976364,0.05448248237371445,0.05084659904241562,0.25039735436439514,0.932990312576294,0.12283690273761749,0.44325903058052063,-0.03361738845705986,0.8873006105422974
965.787294,261767774,1.0,-0.0935351550579071,0.08921116590499878,0.05428934469819069,0.05279390886425972,0.24808569252490997,0.9407594203948975,0.12212002277374268,0.4466748535633087,-0.03270905464887619,0.8857191205024719
965.791291,261771771,1.0,-0.09594832360744476,0.08991220593452454,0.05413547158241272,0.054505400359630585,0.2460930049419403,0.9482093453407288,0.1215045154094696,0.44994646310806274,-0.03195297345519066,0.884174108505249
965.795294,261775774,1.0,-0.09835060685873032,0.09056798368692398,0.05398847535252571,0.05634322017431259,0.24383759498596191,0.9558535814285278,0.12080635130405426,0.45330217480659485,-0.03108820505440235,0.8825851082801819
965.801329,261781809,1.0,-0.10195298492908478,0.09154074639081955,0.053784944117069244,0.05902992561459541,0.24047520756721497,0.967388927936554,0.11976668983697891,0.45836061239242554,-0.029821248725056648,0.8801546096801758
965.805316,261785796,1.0,-0.10435191541910172,0.09217005968093872,0.05366130173206329,0.060622747987508774,0.23840606212615967,0.9747138023376465,0.119118832051754,0.46157094836235046,-0.029075952246785164,0.8785883784294128
965.811294,261791774,1.0,-0.10802215337753296,0.0931745246052742,0.05353042855858803,0.06303253769874573,0.23530574142932892,0.986455500125885,0.11815591901540756,0.4667067527770996,-0.027985893189907074,0.8760369420051575
965.817294,261797774,1.0,-0.11160021275281906,0.09413870424032211,0.05338052287697792,0.06527332961559296,0.2323836237192154,0.9983713030815125,0.11724507063627243,0.47190845012664795,-0.027011800557374954,0.8733993172645569
965.823305,261803793,1.0,-0.11509942263364792,0.09505762159824371,0.05322616547346115,0.0671430230140686,0.22971640527248383,1.010422706604004,0.11637012660503387,0.4771662950515747,-0.026258649304509163,0.8706783652305603
965.8272939999999,261807781,1.0,-0.11734970659017563,0.09572052955627441,0.053090885281562805,0.06799030303955078,0.22816750407218933,1.018242359161377,0.11580019444227219,0.48058345913887024,-0.025967955589294434,0.8688817620277405
965.831296,261811784,1.0,-0.11964007467031479,0.09635218977928162,0.052983421832323074,0.06872855871915817,0.2267175316810608,1.0261555910110474,0.11524941027164459,0.4840366542339325,-0.02575007639825344,0.8670426607131958
965.8372939999999,261817781,1.0,-0.12297394871711731,0.09720029681921005,0.05282226949930191,0.0695813000202179,0.22466455399990082,1.0379014015197754,0.11442159116268158,0.48915934562683105,-0.025548959150910378,0.8642789721488953
965.8432909999999,261823778,1.0,-0.12631364166736603,0.09811297804117203,0.0526832640171051,0.06925474107265472,0.22331202030181885,1.0489647388458252,0.11361781507730484,0.4940093457698822,-0.02598358877003193,0.8616093397140503
965.847312,261827800,0.87,-0.12844888865947723,0.09864562004804611,0.052594736218452454,0.06878118216991425,0.2224906086921692,1.056105375289917,0.11305506527423859,0.4971444308757782,-0.02638578601181507,0.8598661422729492
965.851291,261831779,0.87,-0.13055047392845154,0.09922970086336136,0.052511222660541534,0.06812243163585663,0.22182446718215942,1.0630472898483276,0.11251351237297058,0.5001915693283081,-0.026891913264989853,0.8581526279449463
965.853292,261833780,0.87,-0.13159233331680298,0.09951888769865036,0.05247071757912636,0.06773775815963745,0.221504345536232,1.066454529762268,0.1122344359755516,0.5016880631446838,-0.027167117223143578,0.8573064804077148
965.8572909999999,261837778,0.87,-0.13364341855049133,0.10009146481752396,0.0523923896253109,0.06689635664224625,0.22086277604103088,1.073081374168396,0.11165827512741089,0.5046002864837646,-0.0277349092066288,0.8556528091430664
965.861274,261841762,0.87,-0.13564354181289673,0.1006586104631424,0.052316777408123016,0.06602398306131363,0.22022460401058197,1.0794270038604736,0.11107710003852844,0.5073882341384888,-0.028297677636146545,0.8540598750114441
965.865294,261845782,1.0,-0.13767337799072266,0.10136834532022476,0.0522330179810524,0.06510663032531738,0.21953420341014862,1.0854321718215942,0.11046469211578369,0.5100303292274475,-0.028843935579061508,0.852545976638794
965.869296,261849784,1.0,-0.13957449793815613,0.10190222412347794,0.052149154245853424,0.06430193781852722,0.218866765499115,1.091382384300232,0.10988937318325043,0.5126368999481201,-0.02934177778661251,0.8510386943817139
965.8732769999999,261853764,1.0,-0.14144812524318695,0.10257527977228165,0.05206158384680748,0.06367681175470352,0.2182052880525589,1.0967929363250732,0.10936882346868515,0.5149993300437927,-0.02973223477602005,0.8496647477149963
965.8772909999999,261857778,1.0,-0.1432713121175766,0.10319148004055023,0.05197885259985924,0.06317318230867386,0.21761749684810638,1.1019822359085083,0.10891280323266983,0.5172542929649353,-0.030075794085860252,0.8483404517173767
965.8812829999999,261861770,1.0,-0.14503446221351624,0.1038118377327919,0.05189967527985573,0.06282678991556168,0.2171691358089447,1.1067695617675781,0.10856146365404129,0.5193209648132324,-0.03036539815366268,0.8471116423606873
965.8852919999999,261865779,1.0,-0.14670470356941223,0.10430656373500824,0.05183210223913193,0.06261739134788513,0.21683788299560547,1.1112409830093384,0.10829921066761017,0.5212387442588806,-0.03060932271182537,0.8459577560424805
965.889292,261869780,1.0,-0.14830127358436584,0.10477297008037567,0.05173899233341217,0.06255662441253662,0.21652762591838837,1.1151783466339111,0.10809233039617538,0.5229194164276123,-0.030766131356358528,0.8449406623840332
965.893291,261873779,1.0,-0.1499011516571045,0.10535994172096252,0.05165351182222366,0.06259476393461227,0.21630950272083282,1.1189805269241333,0.10795199871063232,0.5245318412780762,-0.03089764714241028,0.8439537882804871
965.8952909999999,261875778,1.0,-0.1506824493408203,0.10565312206745148,0.05161144211888313,0.06263197958469391,0.2162133902311325,1.1207537651062012,0.10789397358894348,0.5252819061279297,-0.030952131375670433,0.8434925675392151
965.8992959999999,261879783,1.0,-0.15220919251441956,0.10623753815889359,0.0515267513692379,0.06272551417350769,0.21604673564434052,1.1240447759628296,0.10779760777950287,0.5266711115837097,-0.031045855954289436,0.8426347970962524
965.90329,261883778,1.0,-0.15373265743255615,0.10687777400016785,0.051429640501737595,0.06297548860311508,0.21578772366046906,1.1271308660507202,0.10770700871944427,0.5279681086540222,-0.031037824228405952,0.8418346047401428
965.9072769999999,261887764,1.0,-0.15514814853668213,0.10746938735246658,0.05132276192307472,0.06298158317804337,0.21575067937374115,1.129533052444458,0.10765574872493744,0.5289801359176636,-0.031154701486229897,0.8412013053894043
965.9092909999999,261889778,1.0,-0.1558557003736496,0.10776516795158386,0.05126738175749779,0.06292269378900528,0.215752512216568,1.1308350563049316,0.10762062668800354,0.5295307040214539,-0.03125002607703209,0.8408558368682861
965.913292,261893780,1.0,-0.1572248488664627,0.1083427295088768,0.051150497049093246,0.06268731504678726,0.21582043170928955,1.1332786083221436,0.10754833370447159,0.530567467212677,-0.031498588621616364,0.8402019739151001
965.91729,261897778,1.0,-0.15854519605636597,0.10890446603298187,0.05102295055985451,0.06224418804049492,0.21600687503814697,1.1355701684951782,0.10747233778238297,0.5315457582473755,-0.031857892870903015,0.8395795822143555
965.9192909999999,261899778,1.0,-0.1591876894235611,0.10917942225933075,0.05095471441745758,0.06191718950867653,0.21617481112480164,1.1366608142852783,0.10743813216686249,0.532014012336731,-0.032098863273859024,0.8392781615257263
965.9233029999999,261903790,1.0,-0.16040650010108948,0.10964808613061905,0.05081743374466896,0.061235662549734116,0.2166089564561844,1.1386903524398804,0.10740520805120468,0.5328838229179382,-0.03261056914925575,0.838710606098175
965.927292,261907780,1.0,-0.16158418357372284,0.11015774309635162,0.050643689930438995,0.060214877128601074,0.21731817722320557,1.1405813694000244,0.1073979064822197,0.5337016582489014,-0.03333112597465515,0.8381630182266235
965.9292919999999,261909779,1.0,-0.16215665638446808,0.1104082316160202,0.050552815198898315,0.05963358283042908,0.21776936948299408,1.1414672136306763,0.10741613805294037,0.5340851545333862,-0.03374394401907921,0.8378998637199402
965.9332909999999,261913778,1.0,-0.16326548159122467,0.11090122908353806,0.050364281982183456,0.05834711715579033,0.2188635617494583,1.143136739730835,0.10750018060207367,0.5348078608512878,-0.03466780111193657,0.8373902440071106
965.93729,261917778,1.0,-0.16433458030223846,0.11134885996580124,0.05019425228238106,0.056997187435626984,0.22008423507213593,1.1447147130966187,0.10762009024620056,0.5354900360107422,-0.035647571086883545,0.8368975520133972
965.9392929999999,261919780,1.0,-0.1648409366607666,0.1116277202963829,0.0500679649412632,0.05620775371789932,0.22096620500087738,1.1453502178192139,0.10776477307081223,0.5357617735862732,-0.03625059500336647,0.8366791009902954
965.9432889999999,261923776,1.0,-0.16582193970680237,0.11206698417663574,0.049887266010046005,0.054687872529029846,0.2226497232913971,1.146633267402649,0.10803508758544922,0.5363103747367859,-0.037411030381917953,0.836241602897644
965.9473029999999,261927790,1.0,-0.16672910749912262,0.11244627088308334,0.04972737655043602,0.053155310451984406,0.22436542809009552,1.1478623151779175,0.10831496119499207,0.5368358492851257,-0.03858276829123497,0.835814893245697
965.949262,261929750,1.0,-0.16716237366199493,0.11267346143722534,0.04962671175599098,0.0524643138051033,0.22524352371692657,1.1483954191207886,0.10848459601402283,0.5370596647262573,-0.03913833945989609,0.8356232047080994
965.9532909999999,261933778,1.0,-0.16801971197128296,0.11314252018928528,0.04941783845424652,0.05116063728928566,0.22699233889579773,1.1494156122207642,0.10884188115596771,0.5374841690063477,-0.040212418884038925,0.8352527618408203
965.95729,261937778,1.0,-0.1688246726989746,0.11361348628997803,0.04920501634478569,0.050035446882247925,0.2286573201417923,1.1503350734710693,0.10921327024698257,0.5378604531288147,-0.04118398576974869,0.8349146842956543
965.959291,261939779,1.0,-0.16921009123325348,0.11385095119476318,0.04909631982445717,0.049540285021066666,0.22946397960186005,1.1507689952850342,0.10940656810998917,0.5380351543426514,-0.041633281856775284,0.834754467010498
965.9632899999999,261943777,1.0,-0.16994206607341766,0.11443711072206497,0.04881612956523895,0.04861782491207123,0.23089438676834106,1.1517078876495361,0.10973329097032547,0.538418173789978,-0.042457979172468185,0.8344230055809021
965.9672889999999,261947776,1.0,-0.1706325262784958,0.11493202298879623,0.04858975484967232,0.04791192337870598,0.2322070151567459,1.1525359153747559,0.11007102578878403,0.5387479066848755,-0.04315448924899101,0.8341299295425415
965.969293,261949781,1.0,-0.1709797978401184,0.11514735221862793,0.04849166423082352,0.04754486307501793,0.23287861049175262,1.152953863143921,0.11024214327335358,0.5389145016670227,-0.04351307451725006,0.8339810967445374
965.9732899999999,261953777,1.0,-0.17158350348472595,0.11563780903816223,0.04824846610426903,0.04733273759484291,0.23367318511009216,1.1537411212921143,0.1104978546500206,0.5392214059829712,-0.043860968202352524,0.8337305784225464
965.9772889999999,261957776,1.0,-0.17215515673160553,0.1161242201924324,0.0479971244931221,0.046891387552022934,0.23476509749889374,1.1545579433441162,0.11081427335739136,0.5395407676696777,-0.04438710957765579,0.8334541320800781
965.979293,261959781,1.0,-0.1724233329296112,0.11636506021022797,0.04786650836467743,0.046707507222890854,0.23526379466056824,1.1549769639968872,0.1109623908996582,0.5397047996520996,-0.044622667133808136,0.8333156108856201
965.983291,261963779,1.0,-0.1729232370853424,0.11680571734905243,0.047611746937036514,0.046377457678318024,0.23622964322566986,1.1558467149734497,0.11125471442937851,0.5400450825691223,-0.04507141187787056,0.833031952381134
965.9872889999999,261967776,1.0,-0.17340901494026184,0.11715412884950638,0.047396957874298096,0.046096768230199814,0.23702271282672882,1.1568313837051392,0.11148568987846375,0.5404375791549683,-0.04545916989445686,0.8327254056930542
965.989292,261969780,1.0,-0.17362667620182037,0.11736627668142319,0.04725589230656624,0.04594029486179352,0.23747210204601288,1.1573224067687988,0.11161863803863525,0.540631890296936,-0.04567418247461319,0.8325697183609009
965.99329,261973778,1.0,-0.17401956021785736,0.11777789890766144,0.04696264863014221,0.045606110244989395,0.23832564055919647,1.1582931280136108,0.11185997724533081,0.5410187244415283,-0.046100251376628876,0.8322624564170837
965.99529,261975778,1.0,-0.17419467866420746,0.11797714233398438,0.04681006446480751,0.04543484002351761,0.23874051868915558,1.158790111541748,0.11197417229413986,0.5412176847457886,-0.04631251469254494,0.8321059942245483
965.99929,261979778,1.0,-0.17450039088726044,0.11836133152246475,0.04649336263537407,0.04504046216607094,0.2395617663860321,1.1597585678100586,0.1121852844953537,0.5416080951690674,-0.04675500839948654,0.8317987322807312
966.003289,261983777,1.0,-0.17479221522808075,0.11875054985284805,0.04616955667734146,0.04467027261853218,0.2402384728193283,1.160821557044983,0.11234042793512344,0.5420424342155457,-0.04715345427393913,0.8314722776412964
966.0052919999999,261985779,1.0,-0.17485857009887695,0.11890333145856857,0.04598315432667732,0.04433479160070419,0.24067331850528717,1.1611965894699097,0.11242076009511948,0.5421988368034363,-0.04743282496929169,0.8313435912132263
966.00929,261989778,1.0,-0.17500941455364227,0.11921067535877228,0.04564268887042999,0.04379022493958473,0.24152116477489471,1.16197669506073,0.11260561645030975,0.5425180196762085,-0.04793483763933182,0.8310815095901489
966.013289,261993777,1.0,-0.17510120570659637,0.11949831247329712,0.0452989861369133,0.04320371896028519,0.24237361550331116,1.1626604795455933,0.11278295516967773,0.542799174785614,-0.04845020920038223,0.8308439254760742
966.0152909999999,261995778,1.0,-0.1751084178686142,0.11963202059268951,0.04511290043592453,0.04284194856882095,0.2428443431854248,1.162862777709961,0.11287471652030945,0.5428838133811951,-0.0487406924366951,0.8307591676712036
966.01929,261999778,1.0,-0.17508797347545624,0.11988704651594162,0.044748056679964066,0.042150963097810745,0.24376805126667023,1.1632742881774902,0.1130593791604042,0.5430548191070557,-0.04930368810892105,0.8305890560150146
966.0233059999999,262003793,1.0,-0.1749570071697235,0.12006960064172745,0.04440169408917427,0.04131399840116501,0.2447185069322586,1.163669466972351,0.11321563273668289,0.5432262420654297,-0.04993373155593872,0.8304179906845093
966.027291,262007779,1.0,-0.17477460205554962,0.12024364620447159,0.04404378682374954,0.040506310760974884,0.24576520919799805,1.163853645324707,0.11342474073171616,0.543304443359375,-0.05056600645184517,0.8303000926971436
966.031292,262011817,1.0,-0.17451733350753784,0.12040138989686966,0.043678827583789825,0.03965083882212639,0.24692308902740479,1.1639577150344849,0.1136687844991684,0.5433475375175476,-0.05124397948384285,0.8301969170570374
966.0352919999999,262015816,1.0,-0.1742028295993805,0.1205618679523468,0.04330538958311081,0.03872133418917656,0.24815362691879272,1.1640042066574097,0.11392419040203094,0.5433679819107056,-0.05196923762559891,0.8301034569740295
966.041292,262021817,1.0,-0.17353534698486328,0.1207258403301239,0.04276154935359955,0.036937814205884933,0.25049644708633423,1.1637061834335327,0.11441685259342194,0.5432476997375488,-0.053333479911088943,0.8300278782844543
966.0452919999999,262025816,1.0,-0.17300041019916534,0.12086305022239685,0.04238783195614815,0.03564595431089401,0.2522180676460266,1.1632847785949707,0.1147896945476532,0.5430746078491211,-0.05431630462408066,0.8300259113311768
966.051292,262031817,1.0,-0.17204025387763977,0.12098925560712814,0.04188385233283043,0.0334814116358757,0.2551211714744568,1.1621646881103516,0.11543449014425278,0.5426126718521118,-0.055943477898836136,0.8301305174827576
966.055291,262035816,1.0,-0.17128756642341614,0.12106027454137802,0.04155880957841873,0.032093267887830734,0.25729358196258545,1.160988450050354,0.11599056422710419,0.5421138405799866,-0.05704457685351372,0.830303966999054
966.061301,262041826,1.0,-0.1699858456850052,0.12115787714719772,0.04108748957514763,0.029998742043972015,0.261067271232605,1.1584316492080688,0.11706037819385529,0.5410162210464478,-0.0587935708463192,0.8307476043701172
966.065298,262045823,1.0,-0.16900259256362915,0.12116213887929916,0.04083666950464249,0.02848617173731327,0.2639089822769165,1.1561648845672607,0.11789663136005402,0.540044367313385,-0.06006142869591713,0.831170916557312
966.0692939999999,262049818,1.0,-0.16794949769973755,0.12123019248247147,0.0405462346971035,0.02707330882549286,0.2669145464897156,1.1535834074020386,0.1188402846455574,0.5389289855957031,-0.061311349272727966,0.8316690921783447
966.075292,262055817,1.0,-0.16614364087581635,0.12125955522060394,0.04020930826663971,0.02493341453373432,0.2718890309333801,1.148241639137268,0.12049641460180283,0.5366256237030029,-0.06322703510522842,0.8327760100364685
966.079292,262059817,1.0,-0.16484038531780243,0.12129160761833191,0.03999112546443939,0.023501424118876457,0.27529746294021606,1.1440861225128174,0.12166246026754379,0.5348378419876099,-0.06448977440595627,0.833659291267395
966.0832979999999,262063822,1.0,-0.16344745457172394,0.12134617567062378,0.039771128445863724,0.022085992619395256,0.27882930636405945,1.13935124874115,0.12290889024734497,0.5328010320663452,-0.06573799252510071,0.8346825838088989
966.087315,262067840,1.0,-0.1619562804698944,0.12144271284341812,0.03955172002315521,0.02061666175723076,0.28246060013771057,1.1339690685272217,0.12421055138111115,0.5304911732673645,-0.0669889748096466,0.8358608484268188
966.091291,262071816,1.0,-0.1603861302137375,0.12147348374128342,0.03942275419831276,0.019308093935251236,0.2861558794975281,1.1280691623687744,0.12560638785362244,0.5279495716094971,-0.06815004348754883,0.8371665477752686
966.095293,262075818,1.0,-0.1587233543395996,0.12150899320840836,0.039317209273576736,0.018155943602323532,0.29001709818840027,1.1214855909347534,0.12714408338069916,0.5251012444496155,-0.06923764199018478,0.8386353254318237
966.1013069999999,262081831,1.0,-0.15610182285308838,0.12159130722284317,0.03917665407061577,0.016474535688757896,0.2960572838783264,1.110572099685669,0.12961919605731964,0.5203709006309509,-0.07082837074995041,0.8410685658454895
966.1072949999999,262087819,1.0,-0.15321287512779236,0.12149322032928467,0.039355263113975525,0.014783580787479877,0.30209624767303467,1.098366618156433,0.1321582943201065,0.5150845646858215,-0.07231111824512482,0.8437969088554382
966.1133,262093825,1.0,-0.15026800334453583,0.12154620885848999,0.03939884155988693,0.013022029772400856,0.30805113911628723,1.0855814218521118,0.13468718528747559,0.5095465779304504,-0.07373343408107758,0.8466315865516663
966.117295,262097820,1.0,-0.14821407198905945,0.12156081944704056,0.03949407488107681,0.011767832562327385,0.31193000078201294,1.0765224695205688,0.1363469362258911,0.5056279301643372,-0.07463877648115158,0.8486335873603821
966.125334,262105859,1.0,-0.14397132396697998,0.12171266227960587,0.039596494287252426,0.0090327812358737,0.31989091634750366,1.0574449300765991,0.13976487517356873,0.49736595153808594,-0.07648710906505585,0.8527852296829224
966.129295,262109820,1.0,-0.14178450405597687,0.12174966186285019,0.03972184658050537,0.007570658810436726,0.3242027461528778,1.0475375652313232,0.1416235864162445,0.49305787682533264,-0.07748448103666306,0.8548876047134399
966.137293,262117818,1.0,-0.1373012661933899,0.12189962714910507,0.03995156288146973,0.0044808220118284225,0.3333705961704254,1.0270602703094482,0.1455991417169571,0.4841213822364807,-0.07958175987005234,0.8591240644454956
966.143296,262123821,1.0,-0.13366582989692688,0.12193527817726135,0.04031018540263176,0.00209054141305387,0.34181877970695496,1.0102674961090088,0.14933578670024872,0.47671812772750854,-0.08140373975038528,0.8624454140663147
966.151297,262131822,1.0,-0.128823921084404,0.12215524911880493,0.04071907699108124,-0.0010921673383563757,0.3534359335899353,0.9874680042266846,0.15454895794391632,0.46662089228630066,-0.08378782868385315,0.8668097853660583
966.157298,262137823,1.0,-0.12509146332740784,0.12231104075908661,0.04113210365176201,-0.0035041288938373327,0.3628675937652588,0.9690143465995789,0.15886929631233215,0.45840615034103394,-0.08556879311800003,0.8702312111854553
966.1653339999999,262145858,1.0,-0.11998246610164642,0.12249953299760818,0.04185907915234566,-0.006848846562206745,0.3759934902191162,0.9430686235427856,0.16496717929840088,0.446817547082901,-0.08789253234863281,0.8748798966407776
966.171301,262151826,1.0,-0.11617051064968109,0.12269464880228043,0.04238732159137726,-0.009531275369226933,0.38597723841667175,0.922808051109314,0.1696525365114212,0.43775415420532227,-0.08957437425851822,0.8783881664276123
966.179301,262159826,1.0,-0.11097917705774307,0.12290265411138535,0.04339000955224037,-0.013530663214623928,0.39988240599632263,0.8928767442703247,0.17627902328968048,0.4243566691875458,-0.09173043072223663,0.883421003818512
966.187296,262167821,1.0,-0.10582803189754486,0.1230878084897995,0.04447275772690773,-0.018067840486764908,0.41296151280403137,0.8622463941574097,0.1825544685125351,0.41068074107170105,-0.09370407462120056,0.8883888125419617
966.1932919999999,262173816,1.0,-0.10203779488801956,0.12326489388942719,0.04535325616598129,-0.02180591970682144,0.42181751132011414,0.8389756679534912,0.18684402108192444,0.40032848715782166,-0.09499790519475937,0.8920772671699524
966.1973009999999,262177825,1.0,-0.09952662140130997,0.12335442006587982,0.046014294028282166,-0.02448471635580063,0.4273904860019684,0.8229591846466064,0.18957124650478363,0.39321842789649963,-0.09578040987253189,0.8945770859718323
966.203315,262183840,1.0,-0.09579697996377945,0.1234951764345169,0.04707317426800728,-0.02870594896376133,0.43524062633514404,0.7992860674858093,0.19342003762722015,0.3827279508113861,-0.09690804034471512,0.8981741666793823
966.209292,262189817,1.0,-0.0922461673617363,0.12359229475259781,0.04822934791445732,-0.033300209790468216,0.4420003294944763,0.7760122418403625,0.1967368870973587,0.37246885895729065,-0.09796038269996643,0.9016458988189697
966.213297,262193822,1.0,-0.08985970169305801,0.12366656213998795,0.04897213354706764,-0.03643003851175308,0.4467736780643463,0.760399580001831,0.1990884691476822,0.36557188630104065,-0.0986919105052948,0.9038699269294739
966.219292,262199817,1.0,-0.08640117943286896,0.12378901988267899,0.05017523467540741,-0.04117196053266525,0.4539937973022461,0.7379069328308105,0.20262999832630157,0.35563430190086365,-0.09985239058732986,0.906915009021759
966.225321,262205846,1.0,-0.082939013838768,0.12390444427728653,0.05128750205039978,-0.0460142083466053,0.461275190114975,0.7162839770317078,0.2061864584684372,0.346087783575058,-0.10108532011508942,0.9096659421920776
966.2312989999999,262211823,1.0,-0.07959162443876266,0.12404476851224899,0.05248003453016281,-0.05074194073677063,0.46904677152633667,0.6947457194328308,0.2100294977426529,0.3365459740161896,-0.10228322446346283,0.9122294187545776
966.2372949999999,262217819,1.0,-0.07630050927400589,0.12422256171703339,0.0537065789103508,-0.055548831820487976,0.476943701505661,0.6731786131858826,0.21396471560001373,0.3269912004470825,-0.1034562736749649,0.9146543741226196
966.243299,262223811,1.0,-0.07319334894418716,0.12438444048166275,0.0550331249833107,-0.06002339348196983,0.48529917001724243,0.6517385840415955,0.21820303797721863,0.31744468212127686,-0.10448051244020462,0.9168969988822937
966.249337,262229849,1.0,-0.07015259563922882,0.12460482865571976,0.056392867118120193,-0.06487133353948593,0.4934205114841461,0.6305825710296631,0.2223028838634491,0.3080754280090332,-0.10558751225471497,0.9189789295196533
966.257296,262237808,1.0,-0.06628253310918808,0.12484060972929001,0.058175358921289444,-0.07176116108894348,0.5033345818519592,0.6017106771469116,0.22738529741764069,0.29534927010536194,-0.10692843794822693,0.9217543601989746
966.263297,262243809,1.0,-0.06357081234455109,0.12502218782901764,0.05956556275486946,-0.07728476822376251,0.5094223022460938,0.5800682306289673,0.23057015240192413,0.28587889671325684,-0.1078295037150383,0.923841655254364
966.2692959999999,262249807,1.0,-0.060952749103307724,0.12520147860050201,0.06093717738986015,-0.08289682865142822,0.5142896175384521,0.5592159628868103,0.23317386209964752,0.2768043577671051,-0.1086445227265358,0.9258540272712708
966.277292,262257804,1.0,-0.05777977034449577,0.12547017633914948,0.06274208426475525,-0.09032820165157318,0.5181516408920288,0.5321657061576843,0.23544375598430634,0.26507893204689026,-0.10940299183130264,0.9286174774169922
966.281291,262261803,1.0,-0.0563635490834713,0.12562327086925507,0.06366780400276184,-0.09411696344614029,0.5196967720985413,0.5190846920013428,0.2363865077495575,0.2594297230243683,-0.10980537533760071,0.9299249649047852
966.2852899999999,262265801,1.0,-0.055033572018146515,0.12578657269477844,0.06454738974571228,-0.09791292250156403,0.5209540724754333,0.5069659352302551,0.2371547520160675,0.25422796607017517,-0.11028324067592621,0.9311086535453796
966.2892889999999,262269800,1.0,-0.05377970263361931,0.12598901987075806,0.06546513736248016,-0.1016610637307167,0.5221168994903564,0.4955779016017914,0.23785772919654846,0.24935823678970337,-0.11080876737833023,0.9321832656860352
966.291291,262271803,1.0,-0.053157463669776917,0.12608924508094788,0.06589772552251816,-0.1034897193312645,0.5226991772651672,0.48998892307281494,0.2382141649723053,0.24696585536003113,-0.11106090992689133,0.9326989650726318
966.2952889999999,262275800,1.0,-0.05197417363524437,0.12630996108055115,0.06674065440893173,-0.10695358365774155,0.523883581161499,0.47936731576919556,0.23893797397613525,0.2424156367778778,-0.11153934895992279,0.9336499571800232
966.2992889999999,262279800,1.0,-0.05086617171764374,0.12656305730342865,0.06755435466766357,-0.1100732758641243,0.5251021385192871,0.469477117061615,0.23968887329101562,0.2381637692451477,-0.11194269359111786,0.9345031380653381
966.301304,262281816,1.0,-0.05020508915185928,0.12668730318546295,0.06793386489152908,-0.11166008561849594,0.5255927443504333,0.4648185074329376,0.2399926483631134,0.23617489635944366,-0.11217694729566574,0.934901773929596
966.305291,262285803,1.0,-0.04916919767856598,0.12697219848632812,0.06868082284927368,-0.11409824341535568,0.5268523693084717,0.45610305666923523,0.24078962206840515,0.23238840699195862,-0.11239910870790482,0.9356187582015991
966.3092889999999,262289800,1.0,-0.04814410209655762,0.12729103863239288,0.06937821209430695,-0.1158946231007576,0.5281587839126587,0.44829848408699036,0.24163685739040375,0.22894999384880066,-0.11243007332086563,0.9362440705299377
966.311291,262291803,1.0,-0.047688521444797516,0.12746909260749817,0.06972987949848175,-0.11669164896011353,0.5287928581237793,0.4445401728153229,0.24205619096755981,0.22728580236434937,-0.11241170763969421,0.9365434050559998
966.31529,262295802,1.0,-0.04683554917573929,0.1278541535139084,0.07041371613740921,-0.11792536824941635,0.529992938041687,0.4375327527523041,0.24287672340869904,0.2241518497467041,-0.11225754767656326,0.9371046423912048
966.3192899999999,262299801,1.0,-0.04606025665998459,0.12827695906162262,0.07107452303171158,-0.11872833967208862,0.5311266183853149,0.43114107847213745,0.24368071556091309,0.22125348448753357,-0.11196547746658325,0.9376195073127747
966.32129,262301802,1.0,-0.045775286853313446,0.12851639091968536,0.07141552865505219,-0.11897696554660797,0.5316780805587769,0.4281449317932129,0.2440812587738037,0.21987903118133545,-0.11176910996437073,0.9378620386123657
966.32529,262305802,1.0,-0.04531014338135719,0.12896843254566193,0.07206945866346359,-0.11937560886144638,0.5330034494400024,0.42273107171058655,0.2449657917022705,0.21738898754119873,-0.11141877621412277,0.9382535219192505
966.327291,262307803,1.0,-0.04501824826002121,0.1291998028755188,0.07237174361944199,-0.11936468631029129,0.5335326790809631,0.42005762457847595,0.24536575376987457,0.21613365411758423,-0.11113514751195908,0.9384726285934448
966.33129,262311802,1.0,-0.044497035443782806,0.12968404591083527,0.07296139001846313,-0.11912845820188522,0.5345889925956726,0.4149549901485443,0.24617308378219604,0.21371060609817505,-0.11049450933933258,0.9388916492462158
966.335289,262315801,1.0,-0.04413272812962532,0.13023965060710907,0.07358603924512863,-0.118849016726017,0.5356399416923523,0.40990087389945984,0.2469780445098877,0.21130411326885223,-0.109835684299469,0.9393021464347839
966.3372899999999,262317801,1.0,-0.043950438499450684,0.13051766157150269,0.07389859855175018,-0.1187114492058754,0.5361663103103638,0.4073708653450012,0.24738016724586487,0.21009938418865204,-0.10950573533773422,0.9395051002502441
966.341293,262321805,1.0,-0.04363570362329483,0.13102881610393524,0.07437142729759216,-0.11740399152040482,0.5372588634490967,0.4034433364868164,0.2482476830482483,0.20809341967105865,-0.10850228369235992,0.9398390650749207
966.3432919999999,262323803,1.0,-0.043565522879362106,0.1313333511352539,0.0746578648686409,-0.11696847528219223,0.5377955436706543,0.4012533128261566,0.24866533279418945,0.20701071619987488,-0.10807305574417114,0.9400172233581543
966.347304,262327816,1.0,-0.04338104650378227,0.13188539445400238,0.07514757663011551,-0.11611942201852798,0.5391169786453247,0.3972211182117462,0.24959513545036316,0.20501106977462769,-0.10728771984577179,0.9402989149093628
966.35129,262331802,1.0,-0.043291591107845306,0.13242797553539276,0.07559298723936081,-0.11494974792003632,0.5400474071502686,0.3935835063457489,0.25034913420677185,0.20315544307231903,-0.10636395961046219,0.9406061172485352
966.353292,262333804,1.0,-0.04328114911913872,0.13270331919193268,0.07580418884754181,-0.11434883624315262,0.540463387966156,0.3918907344341278,0.25069674849510193,0.20228444039821625,-0.1059052124619484,0.9407530426979065
966.3572919999999,262337803,1.0,-0.043329108506441116,0.13325659930706024,0.0761972963809967,-0.11312057077884674,0.5411855578422546,0.38891175389289856,0.25131943821907043,0.2007295787334442,-0.10501551628112793,0.941019594669342
966.3612919999999,262341803,1.0,-0.04346837103366852,0.13381175696849823,0.07654935121536255,-0.11187389492988586,0.5417013764381409,0.38642576336860657,0.25181838870048523,0.19940336048603058,-0.10416015982627869,0.9412631988525391
966.365291,262345803,0.96,-0.043640583753585815,0.134263277053833,0.07672598958015442,-0.11103196442127228,0.5422263145446777,0.3841784596443176,0.25226733088493347,0.19823989272117615,-0.10352516919374466,0.9414588212966919
966.3712919999999,262351803,0.96,-0.044213853776454926,0.13515523076057434,0.07716373354196548,-0.10907574743032455,0.5426128506660461,0.3816284239292145,0.25277480483055115,0.19679255783557892,-0.102314792573452,0.9417585730552673
966.3752929999999,262355805,0.96,-0.04478517174720764,0.13562598824501038,0.07717286050319672,-0.10743124783039093,0.5420851707458496,0.38257095217704773,0.2526387572288513,0.1970285028219223,-0.1016150489449501,0.9418215155601501
966.3812949999999,262361806,0.96,-0.045718804001808167,0.1364039033651352,0.07725860178470612,-0.10510754585266113,0.5417011380195618,0.3829633593559265,0.2526658773422241,0.19691987335681915,-0.10053782165050507,0.9419525861740112
966.3852939999999,262365805,0.96,-0.04648046940565109,0.13696719706058502,0.07731641083955765,-0.10350213199853897,0.5413332581520081,0.38393154740333557,0.25260129570961,0.1971733719110489,-0.09987278282642365,0.9419876337051392
966.3912919999999,262371803,1.0,-0.047995198518037796,0.1378570944070816,0.07724660634994507,-0.10154768079519272,0.5408230423927307,0.3860885500907898,0.25244536995887756,0.19794316589832306,-0.09918107837438583,0.9419410824775696
966.397293,262377805,1.0,-0.049585647881031036,0.13865411281585693,0.07699926942586899,-0.09885396808385849,0.5398082137107849,0.390034556388855,0.2520376145839691,0.1994638293981552,-0.09832265973091125,0.941819429397583
966.401292,262381804,1.0,-0.05070188269019127,0.13921494781970978,0.07686181366443634,-0.09695897996425629,0.538986086845398,0.39316579699516296,0.2516844868659973,0.20070190727710724,-0.09775292873382568,0.9417101740837097
966.4052919999999,262385803,0.97,-0.051995206624269485,0.13966071605682373,0.076419398188591,-0.09519801288843155,0.5378680229187012,0.3975962996482849,0.25111669301986694,0.20257022976875305,-0.09738205373287201,0.9415001273155212
966.4092919999999,262389803,0.97,-0.05333415046334267,0.14018599689006805,0.07609059661626816,-0.09285949170589447,0.5366056561470032,0.40225329995155334,0.25053131580352783,0.20447422564029694,-0.09675232321023941,0.94130939245224
966.413291,262393803,0.97,-0.054746128618717194,0.1407107412815094,0.07572222501039505,-0.09031053632497787,0.5351768136024475,0.40747198462486267,0.2498658001422882,0.20661835372447968,-0.09607575088739395,0.9410873651504517
966.417374,262397886,0.97,-0.05625823512673378,0.14124716818332672,0.0753115639090538,-0.08748377114534378,0.5335935950279236,0.41337573528289795,0.24912840127944946,0.20905263721942902,-0.09533596783876419,0.9408204555511475
966.421308,262401820,0.97,-0.05778519809246063,0.14175991714000702,0.07487516105175018,-0.0845460593700409,0.5319351553916931,0.41959014534950256,0.24835839867591858,0.21162158250808716,-0.09457109868526459,0.9405268430709839
966.425295,262405807,0.97,-0.05937513709068298,0.1423620879650116,0.07461685687303543,-0.08186805993318558,0.5304580330848694,0.42579033970832825,0.24765340983867645,0.21421635150909424,-0.09393931180238724,0.9401885867118835
966.4273,262407812,0.97,-0.06021055951714516,0.14263181388378143,0.07441233843564987,-0.08024189621210098,0.5295882821083069,0.42933225631713867,0.24725139141082764,0.21568754315376282,-0.09352871030569077,0.9399989247322083
966.431294,262411806,0.97,-0.06192173436284065,0.14316421747207642,0.07398378103971481,-0.07693308591842651,0.5279102921485901,0.4367026686668396,0.2464754283428192,0.21875843405723572,-0.09271823614835739,0.9395732879638672
966.435292,262415804,0.97,-0.06364939361810684,0.14370942115783691,0.07356583327054977,-0.0735757052898407,0.5262281894683838,0.44431695342063904,0.24570024013519287,0.2219395637512207,-0.0919090211391449,0.9391096830368042
966.4392949999999,262419806,0.97,-0.06552822142839432,0.1442074328660965,0.0730530172586441,-0.07005497813224792,0.5245311856269836,0.45263057947158813,0.2449135035276413,0.22543059289455414,-0.09110163897275925,0.9385621547698975
966.4432969999999,262423808,0.97,-0.06736176460981369,0.1447492390871048,0.07261393219232559,-0.066523477435112,0.5227845907211304,0.4611024856567383,0.24410761892795563,0.22899644076824188,-0.09029722213745117,0.937986433506012
966.447315,262427867,0.94,-0.06930415332317352,0.14526669681072235,0.07218117266893387,-0.06332007795572281,0.5212481021881104,0.46924394369125366,0.2433876097202301,0.2324453443288803,-0.08962282538414001,0.9373896718025208
966.4532929999999,262433844,0.94,-0.07237009704113007,0.14596113562583923,0.07144774496555328,-0.05791233107447624,0.5183935761451721,0.48285970091819763,0.2420753836631775,0.23821313679218292,-0.08842777460813522,0.936394453048706
966.459293,262439845,0.94,-0.07554969191551208,0.1466296762228012,0.0706816017627716,-0.05243571475148201,0.5152940154075623,0.497035413980484,0.240657776594162,0.2442413866519928,-0.08722320944070816,0.9353192448616028
966.4633349999999,262443886,0.98,-0.07781744748353958,0.14701509475708008,0.07016648352146149,-0.04918490722775459,0.5134273171424866,0.5059650540351868,0.23979425430297852,0.24806201457977295,-0.0865580141544342,0.9345970749855042
966.469294,262449846,0.98,-0.08110649138689041,0.14761017262935638,0.06940164417028427,-0.04360051080584526,0.5098434090614319,0.5206705927848816,0.238184854388237,0.2543385326862335,-0.08527746796607971,0.9334385991096497
966.475292,262455844,0.98,-0.08462351560592651,0.14808417856693268,0.06862258911132812,-0.037750981748104095,0.5057302117347717,0.5359298586845398,0.2363690882921219,0.26085755228996277,-0.0838499516248703,0.9322296977043152
966.479291,262459843,0.98,-0.08695738017559052,0.14840655028820038,0.06809327751398087,-0.03381847217679024,0.5027850866317749,0.5461552143096924,0.23508450388908386,0.265231728553772,-0.08284827321767807,0.931409478187561
966.483292,262463844,0.98,-0.08919724076986313,0.1487872153520584,0.06754767894744873,-0.029886962845921516,0.4996837079524994,0.5564561486244202,0.23373912274837494,0.26964762806892395,-0.08182255923748016,0.9305703639984131
966.487305,262467857,0.91,-0.09147976338863373,0.14914332330226898,0.06702743470668793,-0.02645089477300644,0.4967687726020813,0.5660299062728882,0.23245784640312195,0.27378013730049133,-0.08095402270555496,0.9297602772712708
966.489294,262469846,0.91,-0.09266440570354462,0.14929310977458954,0.06677162647247314,-0.02453351579606533,0.49510684609413147,0.5711843371391296,0.23173953592777252,0.27600061893463135,-0.08043761551380157,0.9293278455734253
966.493291,262473843,0.91,-0.09505576640367508,0.14957495033740997,0.06625360995531082,-0.020740866661071777,0.49171575903892517,0.5815407633781433,0.23027566075325012,0.28047236800193787,-0.07940956950187683,0.9284408688545227
966.4972899999999,262477841,0.91,-0.09746099263429642,0.14983004331588745,0.06573096662759781,-0.017025256529450417,0.4882825016975403,0.5918805003166199,0.22879768908023834,0.28494885563850403,-0.07839443534612656,0.9275290369987488
966.501307,262481859,1.0,-0.09993649274110794,0.15005804598331451,0.06523170322179794,-0.013703475706279278,0.48505717515945435,0.6015475988388062,0.22740083932876587,0.2891538441181183,-0.07749994844198227,0.9266459345817566
966.503294,262483846,1.0,-0.10108719766139984,0.15019239485263824,0.0649552121758461,-0.011905948631465435,0.4833317995071411,0.6066635251045227,0.22666412591934204,0.29137593507766724,-0.077000193297863,0.9261718988418579
966.507297,262487849,1.0,-0.10352007299661636,0.15044552087783813,0.06451607495546341,-0.008552145212888718,0.4799501895904541,0.6169725060462952,0.2251954972743988,0.29588189721107483,-0.07611993700265884,0.9251738786697388
966.5112959999999,262491847,1.0,-0.105902761220932,0.15065960586071014,0.06401363015174866,-0.0053672632202506065,0.47664132714271545,0.6272442936897278,0.2237507700920105,0.300387978553772,-0.07530969381332397,0.9241380095481873
966.517292,262497844,1.0,-0.10947833210229874,0.15091761946678162,0.06325142085552216,-0.0010433266870677471,0.47194117307662964,0.6427783370018005,0.22165606915950775,0.30724674463272095,-0.07433094084262848,0.9224656820297241
966.523324,262503876,1.0,-0.11282214522361755,0.1511494517326355,0.062401749193668365,0.002482434967532754,0.46789300441741943,0.6581519246101379,0.21976928412914276,0.3140927851200104,-0.07377374917268753,0.9206544756889343
966.527293,262507845,1.0,-0.11500483006238937,0.15128037333488464,0.061923831701278687,0.004633622709661722,0.4653598666191101,0.6687654256820679,0.21855388581752777,0.31883665919303894,-0.0735454335808754,0.9193304181098938
966.533292,262513844,1.0,-0.11833299696445465,0.15138322114944458,0.061149753630161285,0.007409777492284775,0.46190345287323,0.6848909258842468,0.21682263910770416,0.32607489824295044,-0.07346643507480621,0.9172054529190063
966.537298,262517850,1.0,-0.12062348425388336,0.15139438211917877,0.060571081936359406,0.009204481728374958,0.4595946967601776,0.6956440806388855,0.2156652808189392,0.33090195059776306,-0.07342541217803955,0.9157516360282898
966.5432989999999,262523850,1.0,-0.12372585386037827,0.151407852768898,0.0598994717001915,0.010454261675477028,0.4573342800140381,0.7118405103683472,0.2142437845468521,0.33826738595962524,-0.0742141455411911,0.9133274555206299
966.5492949999999,262529846,1.0,-0.12680071592330933,0.15138137340545654,0.059230875223875046,0.011387153528630733,0.45528915524482727,0.7273319363594055,0.21289314329624176,0.3453194200992584,-0.07509105652570724,0.9109293818473816
966.553278,262533830,1.0,-0.1287533938884735,0.1513562798500061,0.05881714075803757,0.011963635683059692,0.4539276361465454,0.7376710772514343,0.21198467910289764,0.350021630525589,-0.07568858563899994,0.9092956781387329
966.5592889999999,262539840,1.0,-0.13170532882213593,0.15123042464256287,0.05816193297505379,0.012632335536181927,0.45208150148391724,0.7529011368751526,0.21068549156188965,0.35694652795791626,-0.07666563987731934,0.9068203568458557
966.5653239999999,262545875,1.0,-0.13412897288799286,0.1514171063899994,0.057920705527067184,0.012949052266776562,0.4506871998310089,0.7672687768936157,0.2095571756362915,0.3634808659553528,-0.07777872681617737,0.9043881297111511
966.569311,262549863,1.0,-0.1359737515449524,0.15131661295890808,0.057548969984054565,0.013183624483644962,0.44968917965888977,0.7766562700271606,0.20878301560878754,0.3677424490451813,-0.07847075164318085,0.902783215045929
966.5772959999999,262557847,1.0,-0.1392592340707779,0.15123049914836884,0.05707181245088577,0.013495877385139465,0.44813698530197144,0.7932335734367371,0.2074865847826004,0.37525150179862976,-0.07976473867893219,0.8998739719390869
966.5832519999999,262563803,1.0,-0.14173775911331177,0.15099462866783142,0.056631334125995636,0.013652862049639225,0.44706636667251587,0.8048219084739685,0.2065708488225937,0.38049277663230896,-0.08068998903036118,0.8977988958358765
966.587314,262567866,1.0,-0.14360447227954865,0.15073184669017792,0.0562286451458931,0.013742916285991669,0.44639724493026733,0.8117343187332153,0.20600847899913788,0.38361549377441406,-0.08123381435871124,0.8965493440628052
966.5912959999999,262571848,1.0,-0.14509117603302002,0.1507091075181961,0.056115373969078064,0.013680108822882175,0.4458532929420471,0.8182335495948792,0.20548808574676514,0.3865589499473572,-0.08182505518198013,0.89534991979599
966.5953,262575852,1.0,-0.14652734994888306,0.15068121254444122,0.056036386638879776,0.0135580375790596,0.44533973932266235,0.8241819739341736,0.20499075949192047,0.38925701379776,-0.08238978683948517,0.894242525100708
966.599302,262579854,1.0,-0.14790304005146027,0.15065041184425354,0.05599358677864075,0.01338666770607233,0.44483572244644165,0.8295243382453918,0.2045115828514099,0.39168575406074524,-0.08291421085596085,0.8932427167892456
966.603299,262583851,1.0,-0.14928533136844635,0.1506626456975937,0.05597122758626938,0.013421406969428062,0.4441530108451843,0.8347970843315125,0.2039949595928192,0.39406833052635193,-0.08330215513706207,0.8922762870788574
966.607311,262587863,1.0,-0.15050557255744934,0.15080803632736206,0.0560959167778492,0.013005226850509644,0.44385525584220886,0.8380515575408936,0.2036442756652832,0.3955763578414917,-0.08376025408506393,0.8916459679603577
966.61133,262591882,1.0,-0.1517506241798401,0.15083876252174377,0.056154265999794006,0.01256945077329874,0.4435741901397705,0.8416222929954529,0.20328281819820404,0.39722537994384766,-0.08426164090633392,0.8909478783607483
966.617296,262597848,1.0,-0.15349911153316498,0.15088890492916107,0.05630513280630112,0.011744873598217964,0.44341978430747986,0.845867931842804,0.20287027955055237,0.39920687675476074,-0.08502895385026932,0.8900828957557678
966.6212979999999,262601849,1.0,-0.15461020171642303,0.15092457830905914,0.056445758789777756,0.011103308759629726,0.44346341490745544,0.8480692505836487,0.20266756415367126,0.40024927258491516,-0.0855463519692421,0.8896112442016602
966.6252989999999,262605850,1.0,-0.15588460862636566,0.15064378082752228,0.056302759796381,0.010631948709487915,0.44333234429359436,0.8497461080551147,0.20244304835796356,0.4010489881038666,-0.08589940518140793,0.889268159866333
966.6293009999999,262609853,1.0,-0.1569966971874237,0.15064924955368042,0.056396204978227615,0.010017571039497852,0.4433903694152832,0.8510115146636963,0.20229104161262512,0.4016709327697754,-0.08631227910518646,0.8889819979667664
966.6352989999999,262615850,1.0,-0.1585771143436432,0.15058571100234985,0.05655689910054207,0.009177080355584621,0.4434302747249603,0.8524495959281921,0.20207755267620087,0.402393102645874,-0.0868392363190651,0.8886525630950928
966.6393029999999,262619854,1.0,-0.15960319340229034,0.15069837868213654,0.056715186685323715,0.008761846460402012,0.44333508610725403,0.8529428839683533,0.20193028450012207,0.40265873074531555,-0.0870543047785759,0.8885446786880493
966.64531,262625862,1.0,-0.16101770102977753,0.15058045089244843,0.05691687762737274,0.008237930946052074,0.4431227445602417,0.8536719083786011,0.20169873535633087,0.40304550528526306,-0.08731766045093536,0.8883960843086243
966.651299,262631851,1.0,-0.16243496537208557,0.1506372094154358,0.057134874165058136,0.008020187728106976,0.4426785111427307,0.8544788956642151,0.20142242312431335,0.40344691276550293,-0.08740577846765518,0.8882678747177124
966.657307,262637880,1.0,-0.16381242871284485,0.15066957473754883,0.05732470378279686,0.007723970338702202,0.4424389600753784,0.8552061915397644,0.20122453570365906,0.4038110375404358,-0.08756200224161148,0.888131856918335
966.663342,262643915,1.0,-0.16523487865924835,0.15084731578826904,0.05751191824674606,0.0076950667425990105,0.44204434752464294,0.8564663529396057,0.20098842680454254,0.4043920934200287,-0.08762151747941971,0.8879150748252869
966.6692989999999,262649871,1.0,-0.16648292541503906,0.15075868368148804,0.05769165977835655,0.007447328418493271,0.4418755769729614,0.857454240322113,0.20082011818885803,0.40486347675323486,-0.08779644221067429,0.887721061706543
966.675311,262655884,1.0,-0.1678265482187271,0.15084126591682434,0.05784390866756439,0.007124853786081076,0.44174426794052124,0.8589484095573425,0.20063087344169617,0.4055651128292084,-0.0880628153681755,0.8874171376228333
966.6813,262661873,1.0,-0.16908416152000427,0.15084505081176758,0.0579807348549366,0.006686954293400049,0.44172781705856323,0.8604391813278198,0.20046894252300262,0.40627115964889526,-0.08840322494506836,0.8870968222618103
966.685303,262665876,1.0,-0.16984549164772034,0.15076938271522522,0.058060355484485626,0.006283903028815985,0.4417572021484375,0.86151522397995,0.20035240054130554,0.40678736567497253,-0.08869578689336777,0.8868573904037476
966.6913,262671873,1.0,-0.1709226369857788,0.15047740936279297,0.05817291885614395,0.005707219708710909,0.4416353702545166,0.8636283278465271,0.2000870257616043,0.40778762102127075,-0.08913809806108475,0.8864134550094604
966.699315,262679888,1.0,-0.17247909307479858,0.15026961266994476,0.05830346792936325,0.004236279521137476,0.44189316034317017,0.8657159805297852,0.19980736076831818,0.4088475704193115,-0.0900513082742691,0.885895848274231
966.7053589999999,262685931,1.0,-0.17391259968280792,0.1502208411693573,0.05837512016296387,0.00310005946084857,0.4419306814670563,0.8673866391181946,0.1995159536600113,0.40969908237457275,-0.09072895348072052,0.8854988813400269
966.709305,262689878,1.0,-0.17467425763607025,0.150089830160141,0.05841555818915367,0.0021812806371599436,0.4420495629310608,0.8680331110954285,0.19935086369514465,0.41007134318351746,-0.0912245586514473,0.8853128552436829
966.7153,262695873,1.0,-0.17579315602779388,0.14988060295581818,0.05847962200641632,0.0007721211295574903,0.4421565532684326,0.8686897158622742,0.19907906651496887,0.41049736738204956,-0.09193562716245651,0.8851029872894287
966.719301,262699874,1.0,-0.17651714384555817,0.14973588287830353,0.058524683117866516,-0.00015341943071689457,0.4421558678150177,0.8688963651657104,0.19887924194335938,0.410680890083313,-0.09236562252044678,0.885017991065979
966.7233279999999,262703900,1.0,-0.17689773440361023,0.1494125872850418,0.058563102036714554,-0.0009145921794697642,0.44193145632743835,0.8691191673278809,0.19861328601837158,0.41086545586586,-0.0926784947514534,0.88495934009552
966.729302,262709875,1.0,-0.17790862917900085,0.14912670850753784,0.058610569685697556,-0.0023136520758271217,0.4418056607246399,0.8688194155693054,0.19828413426876068,0.41087740659713745,-0.09324198961257935,0.8849684000015259
966.7353039999999,262715876,1.0,-0.17877197265625,0.14882270991802216,0.0586896613240242,-0.00372730428352952,0.4416086971759796,0.868327260017395,0.19792956113815308,0.41080862283706665,-0.09377838671207428,0.8850230574607849
966.7412959999999,262721868,1.0,-0.17979256808757782,0.14853034913539886,0.058730028569698334,-0.005226200446486473,0.44101399183273315,0.8673387765884399,0.19740493595600128,0.41054603457450867,-0.09422218054533005,0.8852149248123169
966.7473239999999,262727896,1.0,-0.18063150346279144,0.1482265591621399,0.0588129423558712,-0.0064573646523058414,0.43994200229644775,0.8664205074310303,0.19672077894210815,0.4103086590766907,-0.09445733577013016,0.885452151298523
966.7533,262733873,1.0,-0.18174850940704346,0.14790788292884827,0.05881091579794884,-0.00784471444785595,0.43848973512649536,0.8652330636978149,0.19584885239601135,0.4099830985069275,-0.09465833008289337,0.8857747316360474
966.759298,262739871,1.0,-0.1826840341091156,0.1475885659456253,0.05884260684251785,-0.009254171513020992,0.4368695914745331,0.8640422224998474,0.19489814341068268,0.4096638560295105,-0.09483572840690613,0.8861131072044373
966.7672769999999,262747849,1.0,-0.18416143953800201,0.14715079963207245,0.05880381539463997,-0.011032464914023876,0.4341512620449066,0.8626832962036133,0.1933925747871399,0.4093509912490845,-0.0949380174279213,0.8865764737129211
966.773298,262753871,1.0,-0.18516460061073303,0.1468033492565155,0.05877499282360077,-0.012660806067287922,0.43200987577438354,0.8618660569190979,0.1921476125717163,0.4092361330986023,-0.09514544904232025,0.8868778944015503
966.781308,262761881,1.0,-0.18653912842273712,0.14634983241558075,0.058698222041130066,-0.014880282804369926,0.4290602207183838,0.8610880374908447,0.1904204934835434,0.40922585129737854,-0.0954558253288269,0.8872217535972595
966.789357,262769930,1.0,-0.18808388710021973,0.14590327441692352,0.058548327535390854,-0.016863040626049042,0.4258769154548645,0.860823392868042,0.18861274421215057,0.4094259738922119,-0.09566381573677063,0.8874931335449219
966.795314,262775887,1.0,-0.1891973912715912,0.14559999108314514,0.05844208598136902,-0.018244650214910507,0.4236140549182892,0.8608294725418091,0.18732357025146484,0.40964919328689575,-0.09581797569990158,0.887646496295929
966.8032959999999,262783868,1.0,-0.19050951302051544,0.14526596665382385,0.05832430720329285,-0.01987975649535656,0.42049843072891235,0.8610833883285522,0.18559080362319946,0.4100373387336731,-0.09593459963798523,0.8878186941146851
966.8092949999999,262789867,1.0,-0.19211553037166595,0.14490723609924316,0.05810819938778877,-0.020466359332203865,0.41808921098709106,0.8619317412376404,0.18435819447040558,0.41056203842163086,-0.09578380733728409,0.8878492712974548
966.8173109999999,262797883,1.0,-0.19355912506580353,0.14463412761688232,0.05793799087405205,-0.02123529464006424,0.41496703028678894,0.8632317185401917,0.1827491819858551,0.4113301634788513,-0.09560906141996384,0.8878452181816101
966.823359,262803932,1.0,-0.194358691573143,0.14450708031654358,0.05785594880580902,-0.021367140114307404,0.41267791390419006,0.8647114038467407,0.18163315951824188,0.4120866358280182,-0.0953356996178627,0.8877528309822083
966.831298,262811871,1.0,-0.19560681283473969,0.1443241983652115,0.05767831578850746,-0.0213941540569067,0.40961724519729614,0.8670529127120972,0.18015500903129578,0.4132448136806488,-0.09493401646614075,0.8875586986541748
966.8372949999999,262817867,1.0,-0.19655035436153412,0.1442304104566574,0.05752254277467728,-0.021213041618466377,0.4072944223880768,0.8692033886909485,0.1790577918291092,0.41427081823349,-0.09457078576087952,0.8873411417007446
966.8432929999999,262823865,1.0,-0.19747692346572876,0.14420217275619507,0.05734661594033241,-0.02087925747036934,0.40504124760627747,0.8715477585792542,0.1780148595571518,0.4153662621974945,-0.0941689983010292,0.8870816230773926
966.847307,262827880,1.0,-0.198118194937706,0.14417123794555664,0.057220831513404846,-0.02054470218718052,0.40365415811538696,0.8731355667114258,0.17739337682724,0.4160931706428528,-0.09387598931789398,0.8868964910507202
966.853292,262833865,1.0,-0.19901175796985626,0.1441582888364792,0.05703213810920715,-0.019988900050520897,0.40171852707862854,0.875686526298523,0.17652983963489532,0.4172482490539551,-0.09345556795597076,0.8865704536437988
966.8572929999999,262837865,1.0,-0.19960370659828186,0.14416825771331787,0.0569000169634819,-0.01955333910882473,0.4005407691001892,0.8774193525314331,0.17601695656776428,0.4180225133895874,-0.09317141026258469,0.8863375782966614
966.8613009999999,262841873,1.0,-0.2001916766166687,0.14419274032115936,0.056764155626297,-0.019083065912127495,0.39942029118537903,0.8791511654853821,0.1755373626947403,0.4187910854816437,-0.09288277477025986,0.8861001133918762
966.8653019999999,262845850,1.0,-0.20077729225158691,0.14419706165790558,0.056646041572093964,-0.018650930374860764,0.3983866572380066,0.8807429671287537,0.17509539425373077,0.41949763894081116,-0.0926159992814064,0.885881245136261
966.8712949999999,262851843,1.0,-0.2016310840845108,0.1443025916814804,0.05644644796848297,-0.01774641126394272,0.39700037240982056,0.8831881284713745,0.17455743253231049,0.4205542802810669,-0.09214028716087341,0.8855359554290771
966.877298,262857847,1.0,-0.20247399806976318,0.14440487325191498,0.05625549703836441,-0.016870509833097458,0.39554011821746826,0.8856051564216614,0.17398327589035034,0.42160385847091675,-0.09165795147418976,0.8851999044418335
966.8853009999999,262865849,1.0,-0.20358435809612274,0.14465376734733582,0.05596229434013367,-0.015654487535357475,0.3936219811439514,0.8887497186660767,0.1732463836669922,0.4229635000228882,-0.09099061042070389,0.884764552116394
966.8913,262871849,1.0,-0.20436380803585052,0.1448073387145996,0.05579249560832977,-0.014745842665433884,0.3922315537929535,0.8906395435333252,0.17273709177970886,0.4237745404243469,-0.09045968949794769,0.8845304250717163
966.8992999999999,262879848,1.0,-0.20538392663002014,0.14501875638961792,0.05557353049516678,-0.013316361233592033,0.3903629183769226,0.8933681845664978,0.17209014296531677,0.4249303936958313,-0.0896686464548111,0.8841825127601624
966.907307,262887856,1.0,-0.20626004040241241,0.14504474401474,0.05546737089753151,-0.011915398761630058,0.3883925974369049,0.8957962989807129,0.17140783369541168,0.4259603023529053,-0.08884093910455704,0.8839029669761658
966.915315,262895864,1.0,-0.2072126567363739,0.14534901082515717,0.05522720515727997,-0.010255826637148857,0.3863913416862488,0.8983039259910583,0.170765683054924,0.42700502276420593,-0.08789729326963425,0.8836174607276917
966.921298,262901847,1.0,-0.20783403515815735,0.145484060049057,0.05511252209544182,-0.008884264156222343,0.3850194215774536,0.9000054597854614,0.1703776866197586,0.4276939630508423,-0.08714448660612106,0.8834336996078491
966.927295,262907844,1.0,-0.20856788754463196,0.14592227339744568,0.0548495315015316,-0.007542387582361698,0.3835746645927429,0.9016487002372742,0.16995498538017273,0.42836299538612366,-0.08638345450162888,0.8832657337188721
966.935293,262915842,1.0,-0.20950663089752197,0.1463719606399536,0.0545700378715992,-0.005551813170313835,0.3817629814147949,0.9040696024894714,0.1694774180650711,0.4293355941772461,-0.08532246202230453,0.8829883337020874
966.9392929999999,262919841,1.0,-0.20994089543819427,0.14656974375247955,0.05444746091961861,-0.004597439430654049,0.38100987672805786,0.9054243564605713,0.1692921668291092,0.4298831820487976,-0.08485445380210876,0.8828025460243225
966.945293,262925842,1.0,-0.21062804758548737,0.14692002534866333,0.054223425686359406,-0.003159183543175459,0.3798291087150574,0.9074136018753052,0.16899625957012177,0.4306873083114624,-0.0841342881321907,0.8825361728668213
966.951292,262931841,1.0,-0.21134938299655914,0.1472979635000229,0.05401749536395073,-0.001782313222065568,0.37860146164894104,0.9093503355979919,0.16867013275623322,0.4314756691455841,-0.08342594653367996,0.882280707359314
966.9572949999999,262937843,1.0,-0.21207484602928162,0.1476999670267105,0.053796421736478806,-0.00041610843618400395,0.3776121437549591,0.9113755226135254,0.16844460368156433,0.43229439854621887,-0.08278050273656845,0.881983757019043
966.963342,262943891,1.0,-0.21281512081623077,0.14810992777347565,0.053598906844854355,0.000922243285458535,0.3765023350715637,0.9133797287940979,0.16816221177577972,0.4331113398075104,-0.0821189135313034,0.8816986680030823
966.9713049999999,262951853,1.0,-0.21381855010986328,0.1487043797969818,0.05329619720578194,0.00263624987564981,0.3752986490726471,0.9161379933357239,0.167890727519989,0.434233158826828,-0.08133403211832047,0.881271243095398
966.9772989999999,262957847,1.0,-0.21457020938396454,0.14915727078914642,0.05306324362754822,0.0039048166945576668,0.37445035576820374,0.918218731880188,0.16770850121974945,0.43507900834083557,-0.08076514303684235,0.8809410333633423
966.983299,262963848,1.0,-0.21528902649879456,0.1495993733406067,0.05279425159096718,0.005183500703424215,0.37364649772644043,0.9202799797058105,0.16755011677742004,0.4359135329723358,-0.08019944280385971,0.8806102275848389
966.991331,262971880,1.0,-0.21624796092510223,0.15021052956581116,0.052411869168281555,0.006918266415596008,0.37247198820114136,0.9229691028594971,0.16730467975139618,0.4370020627975464,-0.07940401881933212,0.8801893591880798
966.997305,262977854,1.0,-0.21696487069129944,0.15067158639431,0.052139535546302795,0.008265024051070213,0.37176191806793213,0.9250384569168091,0.16720515489578247,0.43783044815063477,-0.07882874459028244,0.8798482418060303
967.0053019999999,262985850,1.0,-0.21795248985290527,0.1513175070285797,0.05180154740810394,0.010191240347921848,0.3707990050315857,0.9278526902198792,0.167093887925148,0.4389488399028778,-0.07800497114658356,0.8793854713439941
967.011301,262991850,1.0,-0.2186652272939682,0.15178453922271729,0.05152231454849243,0.011679466813802719,0.3702109456062317,0.9301265478134155,0.1670742630958557,0.43984976410865784,-0.0774109959602356,0.878991425037384
967.017293,262997842,1.0,-0.21937470138072968,0.15225304663181305,0.051236800849437714,0.013189485296607018,0.3696577847003937,0.9325692057609558,0.16706974804401398,0.44082123041152954,-0.0768292024731636,0.8785565495491028
967.0233159999999,263003864,1.0,-0.22003565728664398,0.15268920361995697,0.050894491374492645,0.014768603257834911,0.3690314292907715,0.9351128339767456,0.1670461893081665,0.4418342113494873,-0.07620924711227417,0.8781060576438904
967.027292,263007841,1.0,-0.2204948216676712,0.1529930979013443,0.05068694427609444,0.015782346948981285,0.36873161792755127,0.9368987679481506,0.16707099974155426,0.44254690408706665,-0.07584675401449203,0.8777737617492676
967.033293,263013842,1.0,-0.2211826741695404,0.15344977378845215,0.05037079378962517,0.01735796220600605,0.3682078421115875,0.9397258758544922,0.16708384454250336,0.4436793029308319,-0.07527486979961395,0.8772487640380859
967.037296,263017845,1.0,-0.22163565456867218,0.15375085175037384,0.05015847459435463,0.01840922050178051,0.36783385276794434,0.9416794180870056,0.16708017885684967,0.44446513056755066,-0.07489346712827682,0.8768842220306396
967.045296,263025845,1.0,-0.22251872718334198,0.15434443950653076,0.04972469434142113,0.020372310653328896,0.36719489097595215,0.9455553889274597,0.1670932173728943,0.44602906703948975,-0.07421369105577469,0.8761451244354248
967.051294,263031843,1.0,-0.22318172454833984,0.15476328134536743,0.04938654601573944,0.02176973596215248,0.36668750643730164,0.9483609795570374,0.16707973182201385,0.4471644163131714,-0.07372192293405533,0.8756102919578552
967.0594309999999,263039979,1.0,-0.22405020892620087,0.15530960261821747,0.04894212260842323,0.02346494048833847,0.36620423197746277,0.9521118402481079,0.1671106070280075,0.44868677854537964,-0.07318431884050369,0.8748704195022583
967.067415,263047964,0.87,-0.2248707264661789,0.15580400824546814,0.04850389435887337,0.0247967429459095,0.3657917082309723,0.9555442333221436,0.16710463166236877,0.4500957727432251,-0.07279526442289352,0.874180018901825
967.0733299999999,263053879,0.87,-0.22545479238033295,0.15611927211284637,0.04816874861717224,0.025388024747371674,0.365754097700119,0.9578909277915955,0.1671360731124878,0.4510735273361206,-0.07272443175315857,0.8736757636070251
967.081383,263061905,0.87,-0.22617745399475098,0.15654470026493073,0.047727979719638824,0.026001274585723877,0.36595839262008667,0.9608757495880127,0.16725501418113708,0.45231595635414124,-0.07275273650884628,0.8730080723762512
967.0894619999999,263069983,1.0,-0.2268223613500595,0.15686003863811493,0.047284744679927826,0.025892939418554306,0.3668228089809418,0.9629101753234863,0.1675325334072113,0.4531714618206024,-0.07316777110099792,0.87247633934021
967.095386,263075908,1.0,-0.22722195088863373,0.15703700482845306,0.04696432128548622,0.025697078555822372,0.36750856041908264,0.9641667008399963,0.16774038970470428,0.4537030756473541,-0.07351542264223099,0.872130811214447
967.1034,263083922,1.0,-0.22772201895713806,0.1572009176015854,0.046527963131666183,0.025250721722841263,0.36851000785827637,0.9654183387756348,0.16802842915058136,0.4542381763458252,-0.07404446601867676,0.8717520236968994
967.107409,263087931,1.0,-0.22786477208137512,0.1571332812309265,0.0462854728102684,0.024999596178531647,0.36886298656463623,0.9656304121017456,0.1681169867515564,0.45433473587036133,-0.0742526426911354,0.8716669082641602
967.115431,263095953,1.0,-0.22818660736083984,0.15719260275363922,0.04587190970778465,0.024584589526057243,0.36946290731430054,0.9660382270812988,0.1682683229446411,0.454518586397171,-0.0746053159236908,0.871511697769165
967.1193599999999,263099881,1.0,-0.22832369804382324,0.15721510350704193,0.04567673057317734,0.02442767284810543,0.3696725368499756,0.9661000370979309,0.16832149028778076,0.4545486569404602,-0.07472695410251617,0.871475338935852
967.123391,263103913,1.0,-0.2284720540046692,0.1574043184518814,0.045534487813711166,0.024276111274957657,0.36990606784820557,0.9660370349884033,0.1683908998966217,0.4545227289199829,-0.0748412162065506,0.8714656233787537
967.127342,263107864,1.0,-0.22859683632850647,0.1574416607618332,0.04534327611327171,0.02427665702998638,0.3699207305908203,0.9659558534622192,0.16840043663978577,0.4544866383075714,-0.07483751326799393,0.8714829683303833
967.131311,263111833,1.0,-0.22871166467666626,0.15748000144958496,0.04515450820326805,0.02437792718410492,0.3698444366455078,0.965816855430603,0.1683954894542694,0.45442119240760803,-0.0747641921043396,0.8715243339538574
967.1353829999999,263115904,1.0,-0.22884276509284973,0.15759630501270294,0.04499591141939163,0.024475961923599243,0.3697671592235565,0.9656693935394287,0.1683896780014038,0.45435237884521484,-0.07469134032726288,0.8715675473213196
967.1412929999999,263121814,1.0,-0.2289612591266632,0.15757231414318085,0.0446886345744133,0.02485392615199089,0.3694794476032257,0.9653587341308594,0.16836202144622803,0.4541989862918854,-0.0744345411658287,0.8716748356819153
967.147298,263127820,1.0,-0.22910594940185547,0.15768632292747498,0.04443785548210144,0.025132661685347557,0.36927273869514465,0.9651361703872681,0.1683437079191208,0.4540884792804718,-0.07424695789813995,0.8717519640922546
967.153293,263133815,1.0,-0.2292240858078003,0.15769200026988983,0.04412689805030823,0.025297652930021286,0.36904412508010864,0.9648903012275696,0.1682908833026886,0.45397838950157166,-0.07410198450088501,0.8718317747116089
967.157292,263137814,1.0,-0.22929701209068298,0.15770895779132843,0.04393057897686958,0.025320634245872498,0.3689649999141693,0.9647291898727417,0.1682676523923874,0.4539100229740143,-0.07406029105186462,0.8718754053115845
967.161293,263141815,1.0,-0.22936251759529114,0.157717764377594,0.043732643127441406,0.02525186352431774,0.3689737915992737,0.964575469493866,0.1682615727186203,0.45384836196899414,-0.07407934963703156,0.8719070553779602
967.1692909999999,263149812,1.0,-0.22947126626968384,0.15773285925388336,0.04334140941500664,0.024921812117099762,0.3692605495452881,0.9643639922142029,0.1683192253112793,0.4537701904773712,-0.07427109777927399,0.8719203472137451
967.173292,263153814,1.0,-0.22949600219726562,0.15764181315898895,0.04309093579649925,0.024460166692733765,0.36956822872161865,0.96410071849823,0.16835810244083405,0.45367950201034546,-0.07452061772346497,0.8719387054443359
967.1792919999999,263159813,1.0,-0.2295396625995636,0.15759189426898956,0.042781323194503784,0.023749427869915962,0.36999422311782837,0.9636307954788208,0.16839975118637085,0.45351406931877136,-0.07488837093114853,0.8719852566719055
967.1832919999999,263163813,1.0,-0.2295638620853424,0.1575806587934494,0.0425984226167202,0.023188559338450432,0.3703007996082306,0.9632245302200317,0.1684211790561676,0.4533695578575134,-0.07516879588365555,0.872032105922699
967.1873019999999,263167823,1.0,-0.2295854240655899,0.15759418904781342,0.04243876785039902,0.022573111578822136,0.3706326186656952,0.9627278447151184,0.16844476759433746,0.45318901538848877,-0.07547114789485931,0.8720952868461609
967.191291,263171813,1.0,-0.229582279920578,0.15757189691066742,0.042269766330718994,0.02185540460050106,0.3711535930633545,0.9623104333877563,0.16852465271949768,0.4530426859855652,-0.0758679136633873,0.8721214532852173
967.19529,263175812,1.0,-0.22956952452659607,0.1575164794921875,0.04208466038107872,0.021186362951993942,0.3714965283870697,0.9616743922233582,0.16854654252529144,0.45280545949935913,-0.07618434727191925,0.872212827205658
967.19729,263177812,1.0,-0.22956065833568573,0.15748701989650726,0.04199277609586716,0.020841918885707855,0.37166646122932434,0.9613312482833862,0.1685556024312973,0.45267680287361145,-0.07634440064430237,0.8722638487815857
967.201301,263181823,1.0,-0.22951169312000275,0.15734267234802246,0.04176344722509384,0.02008332870900631,0.37218788266181946,0.9607675671577454,0.16863247752189636,0.4524703025817871,-0.0767466127872467,0.872320830821991
967.205289,263185811,1.0,-0.22942952811717987,0.15723516047000885,0.04157450050115585,0.019331375136971474,0.3725489675998688,0.9599015712738037,0.16865293681621552,0.4521389603614807,-0.07708382606506348,0.8724589347839355
967.20729,263187812,1.0,-0.22939930856227875,0.1571957767009735,0.04148587957024574,0.01896275207400322,0.37271469831466675,0.9594860076904297,0.1686578094959259,0.45198097825050354,-0.07724731415510178,0.8725253939628601
967.21129,263191812,1.0,-0.22935864329338074,0.15714377164840698,0.04132143780589104,0.018211480230093002,0.3730520009994507,0.958628237247467,0.16866818070411682,0.451654314994812,-0.07757946848869324,0.8726630806922913
967.215289,263195811,1.0,-0.22929246723651886,0.15705840289592743,0.04114706814289093,0.01743754930794239,0.3734024465084076,0.9577196836471558,0.16868145763874054,0.4513067603111267,-0.07792019098997116,0.8728099465370178
967.2172929999999,263197814,1.0,-0.2292584925889969,0.15701454877853394,0.04106029123067856,0.017044827342033386,0.3735714554786682,0.9572388529777527,0.16868524253368378,0.4511221945285797,-0.0780894011259079,0.872889518737793
967.2213009999999,263201822,1.0,-0.22922204434871674,0.15705154836177826,0.04095412790775299,0.016257431358098984,0.373977392911911,0.95634526014328,0.1687195748090744,0.4507797360420227,-0.0784497931599617,0.8730274438858032
967.2232909999999,263203812,1.0,-0.22919192910194397,0.15702974796295166,0.04087904468178749,0.0158705897629261,0.37410637736320496,0.9558423161506653,0.16870836913585663,0.45058682560920715,-0.07860547304153442,0.8731151819229126
967.2272909999999,263207812,1.0,-0.229131817817688,0.15698598325252533,0.04072964936494827,0.015120545402169228,0.3743078410625458,0.9548031687736511,0.16866819560527802,0.4501871168613434,-0.07889092713594437,0.8733034133911133
967.23129,263211812,1.0,-0.22907251119613647,0.15694336593151093,0.04058234766125679,0.014410638250410557,0.3744601309299469,0.9537478089332581,0.16861657798290253,0.44977912306785583,-0.07914640009403229,0.8735004663467407
967.23329,263213812,1.0,-0.22904326021671295,0.15692275762557983,0.0405094213783741,0.014078725129365921,0.3745170831680298,0.9532027244567871,0.16858838498592377,0.4495663642883301,-0.07925829291343689,0.8736052513122559
967.2372919999999,263217813,1.0,-0.2289871871471405,0.15688371658325195,0.040364693850278854,0.013447875156998634,0.3745584487915039,0.9521245360374451,0.16850747168064117,0.44914665818214417,-0.07945236563682556,0.87381911277771
967.239291,263219813,1.0,-0.22896002233028412,0.1568651646375656,0.04029276594519615,0.013148185797035694,0.37455296516418457,0.9515774846076965,0.16845953464508057,0.44893312454223633,-0.07953599095344543,0.8739304542541504
967.243291,263223813,1.0,-0.2289399653673172,0.15684190392494202,0.040153589099645615,0.012615651823580265,0.37447863817214966,0.9504870176315308,0.16835100948810577,0.448504775762558,-0.07966013997793198,0.8741599917411804
967.2472919999999,263227813,1.0,-0.22892269492149353,0.15683771669864655,0.040018822997808456,0.012149610556662083,0.37446504831314087,0.9495160579681396,0.16827932000160217,0.4481201767921448,-0.07977908849716187,0.8743601441383362
967.249296,263229818,1.0,-0.22890646755695343,0.15682677924633026,0.03994667902588844,0.01192953996360302,0.37439659237861633,0.9489907622337341,0.16822108626365662,0.4479121267795563,-0.07981571555137634,0.8744745850563049
967.25329,263233812,1.0,-0.22887791693210602,0.15680716931819916,0.039801377803087234,0.011500617489218712,0.3742547929286957,0.947979748249054,0.16810350120067596,0.4475124478340149,-0.07988639175891876,0.874695360660553
967.25529,263235812,1.0,-0.22886568307876587,0.15679802000522614,0.03972768411040306,0.011296175420284271,0.37418925762176514,0.9475003480911255,0.16804827749729156,0.44732290506362915,-0.07992079108953476,0.8747997879981995
967.259291,263239813,1.0,-0.2288459986448288,0.1567806750535965,0.039578139781951904,0.01088784635066986,0.3740798830986023,0.9465822577476501,0.16794590651988983,0.4469605088233948,-0.07999774813652039,0.874997615814209
967.2633089999999,263243830,1.0,-0.22882017493247986,0.15676304697990417,0.0394277349114418,0.01054389402270317,0.3740915060043335,0.9458128809928894,0.16790492832660675,0.44665223360061646,-0.08008624613285065,0.8751547932624817
967.2652909999999,263245812,1.0,-0.2288157194852829,0.1567572057247162,0.03935486078262329,0.010344058275222778,0.37406688928604126,0.9454103708267212,0.16786567866802216,0.4464939534664154,-0.08013439178466797,0.8752386569976807
967.269289,263249811,1.0,-0.2288220375776291,0.1567447930574417,0.039203375577926636,0.009949257597327232,0.3740024268627167,0.9445706009864807,0.16778305172920227,0.4461624324321747,-0.08022227138280869,0.8754155039787292
967.2712919999999,263251813,1.0,-0.2288128137588501,0.1567390114068985,0.03912855312228203,0.00976254977285862,0.3739890158176422,0.9442386031150818,0.1677488535642624,0.4460333585739136,-0.08027314394712448,0.8754831552505493
967.2752909999999,263255812,1.0,-0.22881931066513062,0.1567258983850479,0.038972049951553345,0.009366649203002453,0.37396159768104553,0.9435606598854065,0.16767582297325134,0.4457709789276123,-0.08038347959518433,0.8756206631660461
967.27929,263259826,1.0,-0.22883310914039612,0.15671107172966003,0.03881033882498741,0.008944193832576275,0.3739270567893982,0.9429486989974976,0.16759119927883148,0.4455399811267853,-0.08050943911075592,0.8757428526878357
967.281294,263261830,1.0,-0.2288426160812378,0.15670309960842133,0.038727182894945145,0.008735624141991138,0.3739122152328491,0.9426706433296204,0.16754944622516632,0.44543635845184326,-0.0805741474032402,0.8757976293563843
967.2852909999999,263265826,1.0,-0.22888332605361938,0.1566852331161499,0.03855245187878609,0.008313038386404514,0.37388840317726135,0.9421872496604919,0.16746442019939423,0.4452610909938812,-0.08071340620517731,0.8758901357650757
967.2892889999999,263269824,1.0,-0.22893895208835602,0.15668822824954987,0.03839312493801117,0.007900083437561989,0.3739617168903351,0.9418697953224182,0.16741740703582764,0.44515344500541687,-0.08088405430316925,0.8759381175041199
967.291291,263271827,1.0,-0.22896505892276764,0.15668772161006927,0.0383109524846077,0.007666365709155798,0.3739568591117859,0.9416987299919128,0.16737018525600433,0.44509828090667725,-0.08097101747989655,0.8759671449661255
967.2952889999999,263275824,1.0,-0.2290218025445938,0.15668433904647827,0.03814224526286125,0.0071684797294437885,0.3739628493785858,0.9414059519767761,0.1672738790512085,0.4450114369392395,-0.08116592466831207,0.8760116100311279
967.297296,263277832,1.0,-0.22905254364013672,0.15668122470378876,0.038055241107940674,0.006902231369167566,0.37397587299346924,0.941268801689148,0.1672259122133255,0.44497305154800415,-0.08127398043870926,0.8760302662849426
967.301303,263281839,1.0,-0.22911088168621063,0.15669599175453186,0.03790261596441269,0.0063714138232171535,0.37409508228302,0.9410179257392883,0.1671702116727829,0.44490236043930054,-0.08151210844516754,0.8760547041893005
967.3052899999999,263285825,1.0,-0.229196697473526,0.15669997036457062,0.03773179277777672,0.005704271141439676,0.3742886781692505,0.9408708810806274,0.1671125590801239,0.4448852837085724,-0.08183520287275314,0.8760442137718201
967.30729,263287826,1.0,-0.22923940420150757,0.15670205652713776,0.03764660283923149,0.005390281789004803,0.3743462562561035,0.9407522082328796,0.16707278788089752,0.44485703110694885,-0.08197566121816635,0.8760530352592468
967.311291,263291827,1.0,-0.22932232916355133,0.1566881388425827,0.037457890808582306,0.0047703939490020275,0.374475359916687,0.9405452609062195,0.1669999361038208,0.4448125660419464,-0.0822586715221405,0.8760629892349243
967.31529,263295826,1.0,-0.2294234335422516,0.15670518577098846,0.037294283509254456,0.004083456005901098,0.3746679127216339,0.9403255581855774,0.16694052517414093,0.4447653591632843,-0.08258412778377533,0.8760676383972168
967.317291,263297827,1.0,-0.22947284579277039,0.15670505166053772,0.03720346838235855,0.0037352272775024176,0.37476104497909546,0.940218985080719,0.16690827906131744,0.44474372267723083,-0.08274850994348526,0.8760692477226257
967.321296,263301832,1.0,-0.22958926856517792,0.15668311715126038,0.03699656203389168,0.0029895214829593897,0.3750499188899994,0.9399916529655457,0.16687838733196259,0.44469398260116577,-0.08312049508094788,0.8760649561882019
967.32529,263305826,1.0,-0.2297142595052719,0.1566878706216812,0.03680967539548874,0.0022574125323444605,0.37523505091667175,0.9397371411323547,0.16680727899074554,0.44463565945625305,-0.08346115052700043,0.8760757446289062
967.329298,263309834,1.0,-0.22984589636325836,0.1566959172487259,0.036619883030653,0.0015260068466886878,0.375392347574234,0.9394413232803345,0.16672594845294952,0.44456034898757935,-0.08379186689853668,0.8760978579521179
967.3332899999999,263313825,1.0,-0.22997021675109863,0.1566903293132782,0.03641519695520401,0.0008179745054803789,0.37553322315216064,0.9391283392906189,0.166643425822258,0.44447624683380127,-0.08410726487636566,0.8761259913444519
967.3372939999999,263317829,1.0,-0.23013052344322205,0.15673071146011353,0.03623703122138977,0.00016577391943428665,0.3756182789802551,0.9387490153312683,0.16655173897743225,0.4443608224391937,-0.08438028395175934,0.8761757612228394
967.341293,263321829,1.0,-0.23027363419532776,0.15674330294132233,0.036030299961566925,-0.00044843091745860875,0.3756634294986725,0.9383717775344849,0.16645102202892303,0.44424477219581604,-0.08462799340486526,0.8762298226356506
967.345344,263325880,1.0,-0.23043079674243927,0.15674687922000885,0.03580143675208092,-0.0009930443484336138,0.37570565938949585,0.9379149079322815,0.16636791825294495,0.4440881311893463,-0.08483796566724777,0.8763047456741333
967.349299,263329835,1.0,-0.23062635958194733,0.15679901838302612,0.03560813516378403,-0.0014214343391358852,0.3755793273448944,0.9375662803649902,0.16623224318027496,0.4439762830734253,-0.08496864885091782,0.8763744831085205
967.355292,263335828,1.0,-0.2309437245130539,0.1569000631570816,0.035312142223119736,-0.0018804736901074648,0.37518253922462463,0.9371406435966492,0.16597455739974976,0.4438444674015045,-0.0850464403629303,0.8764825463294983
967.359293,263339829,1.0,-0.23117080330848694,0.1569828987121582,0.035111572593450546,-0.0020474991761147976,0.3747829496860504,0.9369625449180603,0.16576990485191345,0.44379693269729614,-0.08501626551151276,0.8765482902526855
967.3633199999999,263343855,1.0,-0.23142778873443604,0.1570964753627777,0.03492698818445206,-0.002111827488988638,0.3743470013141632,0.9367969632148743,0.16557154059410095,0.4437478184700012,-0.08493408560752869,0.8766185641288757
967.369294,263349830,1.0,-0.231759712100029,0.15722209215164185,0.03460291773080826,-0.002130975713953376,0.373561292886734,0.9367673397064209,0.1652241051197052,0.44376900792121887,-0.08476584404706955,0.8766896724700928
967.373299,263353835,1.0,-0.23204971849918365,0.15736481547355652,0.034412093460559845,-0.0018171152332797647,0.3728768825531006,0.9371404051780701,0.16497789323329926,0.44393500685691833,-0.0845072865486145,0.8766769766807556
967.379297,263359833,1.0,-0.23247051239013672,0.157564178109169,0.03409603238105774,-0.0014790169661864638,0.37189269065856934,0.9376366138458252,0.16460056602954865,0.44416543841362,-0.08418158441781998,0.8766624927520752
967.383294,263363830,1.0,-0.23276622593402863,0.15770705044269562,0.03387775272130966,-0.0011971414787694812,0.3712292015552521,0.9381361603736877,0.16435132920742035,0.4443887174129486,-0.08395180106163025,0.8766181468963623
967.389331,263369867,1.0,-0.23317034542560577,0.15789274871349335,0.03348543122410774,-0.0007217907696031034,0.3702787458896637,0.9391284584999084,0.1639988273382187,0.4448240399360657,-0.08361370861530304,0.8764957189559937
967.3952939999999,263375829,1.0,-0.2336171716451645,0.1581314355134964,0.03312090411782265,-0.000274861347861588,0.36938366293907166,0.940456748008728,0.16365061700344086,0.44540664553642273,-0.08332749456167221,0.8762921690940857
967.3992999999999,263379835,1.0,-0.2339254468679428,0.15828269720077515,0.03285735845565796,3.1875705985839886e-07,0.36882710456848145,0.9414790868759155,0.16342554986476898,0.44585517048835754,-0.08316653221845627,0.8761213421821594
967.405301,263385837,1.0,-0.23442716896533966,0.1586219221353531,0.03251809626817703,0.00025352081866003573,0.3682669699192047,0.9433130621910095,0.163160502910614,0.4466610252857208,-0.08308038860559464,0.8757683634757996
967.411296,263391832,1.0,-0.23492051661014557,0.15887947380542755,0.03210369125008583,0.00041692479862831533,0.3677978813648224,0.9452399611473083,0.16291162371635437,0.44751080870628357,-0.08306104689836502,0.8753826022148132
967.417303,263397839,1.0,-0.2354298084974289,0.15916010737419128,0.031690552830696106,0.00043251109309494495,0.36752569675445557,0.9473274350166321,0.1627092808485031,0.44843435287475586,-0.08316318690776825,0.8749378323554993
967.423333,263403869,1.0,-0.23594552278518677,0.15942776203155518,0.031263407319784164,0.0003157854953315109,0.3673146069049835,0.9494611024856567,0.16250194609165192,0.4493858218193054,-0.08334032446146011,0.8744711875915527
967.429319,263409855,1.0,-0.23644641041755676,0.15961790084838867,0.030772794038057327,0.00012568999954964966,0.3672039210796356,0.9515483975410461,0.1623237133026123,0.450318306684494,-0.0835680216550827,0.8740027546882629
967.4354129999999,263415948,1.0,-0.2369668334722519,0.15987585484981537,0.030326906591653824,-4.633669959730469e-05,0.3670380413532257,0.9536829590797424,0.1621231585741043,0.45127174258232117,-0.08377892524003983,0.8735278844833374
967.441324,263421860,1.0,-0.23746898770332336,0.1601800173521042,0.029907964169979095,-0.00023488205624744296,0.3670358657836914,0.9556887745857239,0.16199548542499542,0.4521629512310028,-0.08402328938245773,0.8730671405792236
967.447359,263427895,1.0,-0.23798459768295288,0.16051322221755981,0.029494838789105415,-0.00046891492092981935,0.3670813739299774,0.9576207399368286,0.16188108921051025,0.45302313566207886,-0.08429215848445892,0.8726164102554321
967.453315,263433851,1.0,-0.23849403858184814,0.1608707308769226,0.0291054118424654,-0.0006354907527565956,0.3671209216117859,0.9595319032669067,0.16177991032600403,0.4538685977458954,-0.08452842384576797,0.8721728324890137
967.4613089999999,263441844,1.0,-0.2391517013311386,0.1613437384366989,0.028574014082551003,-0.0008116461103782058,0.36720868945121765,0.962044358253479,0.16167178750038147,0.4549744427204132,-0.08482831716537476,0.8715874552726746
967.469304,263449840,1.0,-0.23977947235107422,0.16178588569164276,0.028030145913362503,-0.0009152991115115583,0.3673315942287445,0.964350163936615,0.16160376369953156,0.45598217844963074,-0.08508780598640442,0.8710479736328125
967.47732,263457856,1.0,-0.24039798974990845,0.1622922569513321,0.027517903596162796,-0.001006696722470224,0.36769378185272217,0.9665776491165161,0.16164568066596985,0.4569441080093384,-0.08539023995399475,0.8705063462257385
967.4833199999999,263463855,1.0,-0.24083243310451508,0.16266565024852753,0.02713010273873806,-0.0010965130059048533,0.36803239583969116,0.968183159828186,0.16170386970043182,0.45763570070266724,-0.08563651144504547,0.8701079487800598
967.4912979999999,263471841,1.0,-0.24134084582328796,0.1631237417459488,0.0265883170068264,-0.0012583499774336815,0.368527352809906,0.9700295925140381,0.16180288791656494,0.45843085646629333,-0.08596953004598618,0.8696379661560059
967.4993,263479844,1.0,-0.24182510375976562,0.16361603140830994,0.026073046028614044,-0.0015717450296506286,0.3693423271179199,0.9716670513153076,0.16201475262641907,0.45913344621658325,-0.08642518520355225,0.8691825866699219
967.5052979999999,263485841,1.0,-0.24216894805431366,0.16402606666088104,0.0257192961871624,-0.0017833032179623842,0.3700851500034332,0.9726508855819702,0.16224639117717743,0.45954644680023193,-0.08676736801862717,0.8688870072364807
967.513296,263493840,1.0,-0.24258345365524292,0.16450470685958862,0.025216640904545784,-0.0022166494745761156,0.3712659478187561,0.9737675786018372,0.16261114180088043,0.4600163400173187,-0.08731754124164581,0.8685149550437927
967.521296,263501840,1.0,-0.24295562505722046,0.16501590609550476,0.02475712262094021,-0.002755332738161087,0.3726256191730499,0.9743483662605286,0.1630522757768631,0.4602542519569397,-0.08791126310825348,0.8682462573051453
967.527296,263507840,1.0,-0.24321337044239044,0.16533562541007996,0.024389026686549187,-0.0030022026039659977,0.3735158443450928,0.9746603965759277,0.16336825489997864,0.4603717625141144,-0.08824856579303741,0.8680903315544128
967.533295,263513839,1.0,-0.24347446858882904,0.16569259762763977,0.0240476056933403,-0.0032647137995809317,0.3744472861289978,0.9748825430870056,0.16370238363742828,0.4604497253894806,-0.08859484642744064,0.8679507374763489
967.541298,263521842,1.0,-0.2438109666109085,0.166168674826622,0.023597732186317444,-0.003564848331734538,0.3757692575454712,0.9751851558685303,0.16419367492198944,0.46054887771606445,-0.08905389904975891,0.8677583336830139
967.549365,263529909,1.0,-0.24414680898189545,0.16664770245552063,0.023142965510487556,-0.0038799941539764404,0.3768986463546753,0.9757112264633179,0.16458775103092194,0.4607544243335724,-0.08949363976716995,0.8675293326377869
967.555295,263535839,1.0,-0.24438858032226562,0.16700132191181183,0.02282022498548031,-0.004272522870451212,0.37768620252609253,0.9763006567955017,0.16481256484985352,0.4610084593296051,-0.0898936465382576,0.8673102855682373
967.561293,263541837,1.0,-0.2446323186159134,0.1673455387353897,0.02248489111661911,-0.0047326176427304745,0.37850746512413025,0.9769700765609741,0.16503258049488068,0.4613012671470642,-0.09033739566802979,0.8670666217803955
967.5653,263545844,1.0,-0.24478165805339813,0.1675768494606018,0.02226533368229866,-0.004953762516379356,0.37894681096076965,0.9775025248527527,0.16514801979064941,0.4615313708782196,-0.09057839214801788,0.8668970465660095
967.569299,263549843,1.0,-0.24493077397346497,0.1677955985069275,0.022035572677850723,-0.005314084701240063,0.37951675057411194,0.9780224561691284,0.16528838872909546,0.4617618918418884,-0.09090882539749146,0.8667129278182983
967.573312,263553856,1.0,-0.24505408108234406,0.16801488399505615,0.021816091611981392,-0.005739494226872921,0.3801141679286957,0.978651225566864,0.1654205173254013,0.46204373240470886,-0.09128283709287643,0.8664981722831726
967.579299,263559843,1.0,-0.2452487349510193,0.16832667589187622,0.021479129791259766,-0.006353478413075209,0.3809526562690735,0.9795644283294678,0.1656002551317215,0.4624539315700531,-0.09181774407625198,0.8661884665489197
967.5832969999999,263563840,1.0,-0.24537304043769836,0.16852577030658722,0.021253768354654312,-0.006762458477169275,0.38148513436317444,0.9802117347717285,0.16570661962032318,0.46274515986442566,-0.0921713337302208,0.865975022315979
967.5893259999999,263569869,1.0,-0.24557308852672577,0.16877853870391846,0.020885461941361427,-0.007365484721958637,0.3821187913417816,0.9812700152397156,0.16579262912273407,0.4632259011268616,-0.09266640245914459,0.8656485676765442
967.5932929999999,263573836,1.0,-0.24567735195159912,0.16893891990184784,0.020653966814279556,-0.007854069583117962,0.38259631395339966,0.9818648099899292,0.16585864126682281,0.4635032117366791,-0.09303749352693558,0.8654477000236511
967.599294,263579838,1.0,-0.24583463370800018,0.16916821897029877,0.020307302474975586,-0.008661707863211632,0.3833068311214447,0.9826833009719849,0.16594088077545166,0.46389371156692505,-0.09361905604600906,0.8651599287986755
967.605333,263585877,1.0,-0.24593745172023773,0.16936181485652924,0.019984789192676544,-0.009585276246070862,0.3839457929134369,0.9833295345306396,0.16597285866737366,0.46422237157821655,-0.09421990811824799,0.8649122714996338
967.6112909999999,263591834,1.0,-0.2460765242576599,0.16954027116298676,0.01966896653175354,-0.010574689134955406,0.3845778703689575,0.9838050603866577,0.16599425673484802,0.46448302268981934,-0.09483341127634048,0.8647011518478394
967.615292,263595836,1.0,-0.24615365266799927,0.16963957250118256,0.019472789019346237,-0.011265439912676811,0.3849458694458008,0.9839528799057007,0.1659860759973526,0.4645884931087494,-0.09522944688796997,0.8646025061607361
967.619294,263599838,1.0,-0.2462269514799118,0.16974078118801117,0.019276747480034828,-0.011918428353965282,0.38525912165641785,0.9840310215950012,0.1659662276506424,0.4646630883216858,-0.09559068083763123,0.8645263910293579
967.625316,263605860,1.0,-0.2463756948709488,0.1698794811964035,0.018991388380527496,-0.012835890986025333,0.38565593957901,0.9839399456977844,0.1659291684627533,0.4646829664707184,-0.09607146680355072,0.8644695281982422
967.633295,263613839,1.0,-0.2465035319328308,0.1700533926486969,0.01862058974802494,-0.013991708867251873,0.3861229717731476,0.9836594462394714,0.16587629914283752,0.46463778614997864,-0.09665574878454208,0.8644387722015381
967.639296,263619840,1.0,-0.2465886026620865,0.17014674842357635,0.018356144428253174,-0.014847461134195328,0.3863369822502136,0.9833036661148071,0.16578738391399384,0.46454596519470215,-0.09704558551311493,0.8644615411758423
967.6452969999999,263625840,1.0,-0.24666227400302887,0.17023912072181702,0.018084371462464333,-0.015707965940237045,0.38647305965423584,0.9829886555671692,0.1656617671251297,0.4644753932952881,-0.09742285311222076,0.8644810914993286
967.653296,263633840,1.0,-0.24676157534122467,0.17030201852321625,0.017738763242959976,-0.01681322231888771,0.386403352022171,0.982641875743866,0.16539184749126434,0.4644198715686798,-0.09785580635070801,0.8645136952400208
967.6592979999999,263639841,1.0,-0.24682538211345673,0.17033520340919495,0.017463523894548416,-0.01766211912035942,0.3862919807434082,0.9824838042259216,0.16515423357486725,0.46442630887031555,-0.09818398207426071,0.8645184636116028
967.667298,263647842,1.0,-0.246895432472229,0.17036107182502747,0.01706775650382042,-0.0187712199985981,0.3862466812133789,0.9823768138885498,0.1648823320865631,0.4644734561443329,-0.09864412248134613,0.864492654800415
967.6732969999999,263653840,1.0,-0.24693980813026428,0.17033345997333527,0.016744816675782204,-0.019732655957341194,0.386285662651062,0.9824462532997131,0.16467246413230896,0.46458110213279724,-0.09907440096139908,0.8644255995750427
967.681301,263661845,1.0,-0.24698691070079803,0.1702834665775299,0.016305744647979736,-0.021218691021203995,0.38638243079185486,0.9825623035430908,0.16436335444450378,0.4647495150566101,-0.09974849224090576,0.8643164038658142
967.6893399999999,263669883,1.0,-0.24701079726219177,0.17023710906505585,0.015843484550714493,-0.022788336500525475,0.3864653408527374,0.9827319383621216,0.1640259474515915,0.4649483263492584,-0.10045982897281647,0.8641911745071411
967.6973019999999,263677845,1.0,-0.24703377485275269,0.17013294994831085,0.015370907261967659,-0.02440550923347473,0.38637807965278625,0.9828180074691772,0.16360779106616974,0.46512147784233093,-0.10114549100399017,0.8640972971916199
967.705299,263685810,1.0,-0.24703899025917053,0.17002128064632416,0.014898708090186119,-0.026058275252580643,0.3861978352069855,0.9828886389732361,0.16314168274402618,0.46529421210289,-0.10182376950979233,0.8640127182006836
967.711373,263691884,1.0,-0.24703551828861237,0.16991834342479706,0.014538073912262917,-0.027349203824996948,0.3861488699913025,0.9829055070877075,0.1628192514181137,0.4654086232185364,-0.10237152129411697,0.8639472126960754
967.719296,263699807,1.0,-0.24701975286006927,0.16977420449256897,0.014064781367778778,-0.028964228928089142,0.3858703076839447,0.9828436970710754,0.1623258739709854,0.4655240774154663,-0.1029999628663063,0.8639031648635864
967.7252699999999,263705780,1.0,-0.24701450765132904,0.16961181163787842,0.013673313893377781,-0.030203692615032196,0.3855865001678467,0.98281329870224,0.16191594302654266,0.4656224548816681,-0.10346751660108566,0.8638712167739868
967.7312949999999,263711805,1.0,-0.24699002504348755,0.16948731243610382,0.013293806463479996,-0.031361255794763565,0.38520383834838867,0.9827543497085571,0.16148366034030914,0.46570533514022827,-0.10387464612722397,0.8638585805892944
967.7372949999999,263717805,1.0,-0.24695533514022827,0.16937729716300964,0.012926005758345127,-0.03242022171616554,0.3847942650318146,0.9827678203582764,0.16105885803699493,0.46581217646598816,-0.1042388379573822,0.863836407661438
967.743292,263723803,1.0,-0.24691267311573029,0.16927053034305573,0.012556455098092556,-0.03335973992943764,0.38435208797454834,0.9828304052352905,0.16064509749412537,0.46593159437179565,-0.1045478954911232,0.8638116717338562
967.749295,263729806,1.0,-0.24688199162483215,0.16919375956058502,0.012175102718174458,-0.03420905023813248,0.3839452564716339,0.9829927086830139,0.16026239097118378,0.46608516573905945,-0.10483409464359283,0.8637652397155762
967.7552969999999,263735807,1.0,-0.2468515783548355,0.16908730566501617,0.011779204942286015,-0.034889236092567444,0.3833571970462799,0.9831973910331726,0.1598382294178009,0.46625006198883057,-0.10500886291265488,0.8637336492538452
967.761301,263741812,1.0,-0.24681146442890167,0.16898410022258759,0.011383908800780773,-0.03546227887272835,0.38273993134498596,0.9834356904029846,0.1594245582818985,0.4664217233657837,-0.10513325780630112,0.8637022376060486
967.771298,263751809,1.0,-0.24675066769123077,0.16882860660552979,0.010724900290369987,-0.03628057241439819,0.3817787170410156,0.9838290214538574,0.15879634022712708,0.46669232845306396,-0.10529656708240509,0.8636519312858582
967.7793019999999,263759812,1.0,-0.24669551849365234,0.16870294511318207,0.010196957737207413,-0.03676434978842735,0.3809336721897125,0.9840301871299744,0.1583065390586853,0.4668487012386322,-0.10532678663730621,0.8636536598205566
967.7852969999999,263765807,1.0,-0.24661052227020264,0.1686268299818039,0.009843813255429268,-0.03709040582180023,0.3803403079509735,0.9840604662895203,0.15797162055969238,0.4669093191623688,-0.10533329099416733,0.8636813759803772
967.7932979999999,263773808,1.0,-0.24653130769729614,0.16852372884750366,0.009354176931083202,-0.03750148043036461,0.37973329424858093,0.983987033367157,0.15761636197566986,0.4669322073459625,-0.10536519438028336,0.8637300133705139
967.801295,263781806,1.0,-0.2464226633310318,0.16842426359653473,0.00888720341026783,-0.037893474102020264,0.37906473875045776,0.9838846921920776,0.1572403758764267,0.4669431746006012,-0.10537243634462357,0.8637917637825012
967.807294,263787805,1.0,-0.24638497829437256,0.16833795607089996,0.00849965214729309,-0.03818284720182419,0.3785915970802307,0.9838852286338806,0.1569676399230957,0.46698328852653503,-0.10538848489522934,0.8638176918029785
967.815295,263795806,1.0,-0.24632808566093445,0.16824373602867126,0.008017388172447681,-0.03861423581838608,0.37811794877052307,0.9840303659439087,0.15665386617183685,0.46709689497947693,-0.10547707974910736,0.863802433013916
967.821389,263801900,1.0,-0.24627946317195892,0.16816483438014984,0.007647254038602114,-0.03893550857901573,0.3777773380279541,0.9842612147331238,0.15641894936561584,0.4672339856624603,-0.10555543750524521,0.863761305809021
967.827426,263807937,1.0,-0.24627035856246948,0.16809549927711487,0.007282486651092768,-0.039396755397319794,0.37756335735321045,0.9845811128616333,0.15620149672031403,0.46741586923599243,-0.1057303249835968,0.8636808395385742
967.8353,263815811,1.0,-0.24617043137550354,0.16798987984657288,0.006837239023298025,-0.04002415016293526,0.37725964188575745,0.9851191639900208,0.1558946669101715,0.4677079916000366,-0.10597321391105652,0.8635483384132385
967.841314,263821825,1.0,-0.24615055322647095,0.16791564226150513,0.006495462264865637,-0.040652740746736526,0.376975953578949,0.9856526255607605,0.15559633076190948,0.46799737215042114,-0.10622072964906693,0.8634149432182312
967.849298,263829809,1.0,-0.24605001509189606,0.16781450808048248,0.0060828314162790775,-0.04154416546225548,0.37671348452568054,0.9863223433494568,0.15523825585842133,0.46836504340171814,-0.10659701377153397,0.8632336854934692
967.857306,263837817,1.0,-0.24595698714256287,0.1677098274230957,0.005670437589287758,-0.04245234280824661,0.376513808965683,0.9868346452713013,0.154911607503891,0.4686635732650757,-0.10698260366916656,0.8630825877189636
967.863314,263843825,1.0,-0.2458527833223343,0.1676233410835266,0.005367118865251541,-0.04315171018242836,0.37640252709388733,0.9871005415916443,0.15468521416187286,0.46883636713027954,-0.10727928578853607,0.862992525100708
967.8712989999999,263851809,1.0,-0.24569687247276306,0.16752003133296967,0.004988071508705616,-0.04411376640200615,0.3763973116874695,0.9872334599494934,0.15445026755332947,0.4689682424068451,-0.10770346224308014,0.8629100918769836
967.879298,263859809,1.0,-0.24550965428352356,0.1674128621816635,0.0046147871762514114,-0.04501999169588089,0.37649041414260864,0.9871695041656494,0.15428155660629272,0.46900737285614014,-0.10811099410057068,0.862868070602417
967.887307,263867818,1.0,-0.24528606235980988,0.16730466485023499,0.004251362755894661,-0.04589584097266197,0.3767426013946533,0.9869041442871094,0.15419985353946686,0.4689517319202423,-0.10852659493684769,0.8628607392311096
967.8933159999999,263873826,1.0,-0.24512740969657898,0.16724492609500885,0.003985168877989054,-0.046532802283763885,0.3768582344055176,0.9866377711296082,0.15411511063575745,0.4688819348812103,-0.10880754142999649,0.8628784418106079
967.901309,263881820,1.0,-0.2448892444372177,0.16715385019779205,0.0036369354929775,-0.04731128364801407,0.37699607014656067,0.9862374663352966,0.1540141999721527,0.4687644839286804,-0.10914435237646103,0.8629177212715149
967.9092979999999,263889808,1.0,-0.24466879665851593,0.1670946329832077,0.003314725123345852,-0.047971706837415695,0.37719184160232544,0.9855133891105652,0.15398390591144562,0.4684962332248688,-0.10941866785287857,0.8630340695381165
967.915311,263895812,1.0,-0.24450938403606415,0.16705282032489777,0.003077019704505801,-0.04842671379446983,0.37729403376579285,0.9848741292953491,0.15395666658878326,0.46825194358825684,-0.1095893383026123,0.8631498217582703
967.921295,263901796,1.0,-0.24435698986053467,0.1670166254043579,0.0028493988793343306,-0.04881087690591812,0.37741515040397644,0.9842337369918823,0.1539544016122818,0.46800100803375244,-0.1097337007522583,0.8632680177688599
967.9292939999999,263909794,1.0,-0.24420447647571564,0.16699686646461487,0.0025576988700777292,-0.04923807084560394,0.3774281442165375,0.9834432601928711,0.15390349924564362,0.46769222617149353,-0.10986026376485825,0.8634282946586609
967.935303,263915804,1.0,-0.24407446384429932,0.1669716238975525,0.002337368670850992,-0.04947691038250923,0.37738037109375,0.9830099940299988,0.1538507342338562,0.4675251543521881,-0.10991907864809036,0.8635206818580627
967.9393,263919801,1.0,-0.2440054565668106,0.1669619381427765,0.0021895314566791058,-0.0496068112552166,0.37734556198120117,0.98284912109375,0.15381410717964172,0.4674668610095978,-0.10995478928089142,0.8635542392730713
967.947321,263927822,1.0,-0.2438337802886963,0.16691707074642181,0.0018815541407093406,-0.049895934760570526,0.3772386908531189,0.9827909469604492,0.15370334684848785,0.4674675464630127,-0.11005061119794846,0.8635613918304443
967.951293,263931794,1.0,-0.24376435577869415,0.16691136360168457,0.0017182946903631091,-0.050028443336486816,0.37726151943206787,0.9829536080360413,0.15367332100868225,0.467547208070755,-0.1101255714893341,0.8635140061378479
967.955292,263935793,1.0,-0.2436952441930771,0.16689877212047577,0.0015536084538325667,-0.05017700046300888,0.3772818446159363,0.9831589460372925,0.15363609790802002,0.4676465690135956,-0.11021015048027039,0.8634560704231262
967.959294,263939795,1.0,-0.24363085627555847,0.1668854057788849,0.0013875040458515286,-0.050340838730335236,0.37728938460350037,0.9834309816360474,0.15358607470989227,0.467776358127594,-0.11030351370573044,0.8633827567100525
967.965292,263945793,1.0,-0.24354328215122223,0.166872039437294,0.0011345893144607544,-0.05060794577002525,0.3771895170211792,0.9839723110198975,0.1534503698348999,0.4680338501930237,-0.11043740808963776,0.863250195980072
967.971294,263951795,1.0,-0.24344249069690704,0.1668475717306137,0.0008781143696978688,-0.05088163539767265,0.37703853845596313,0.9845722317695618,0.15328764915466309,0.46831879019737244,-0.11056683212518692,0.8631079792976379
967.9772939999999,263957794,1.0,-0.24334651231765747,0.1668146699666977,0.000627298082690686,-0.051179300993680954,0.37691253423690796,0.9850999116897583,0.1531340777873993,0.4685734808444977,-0.11070671677589417,0.8629790544509888
967.9812999999999,263961800,1.0,-0.24327723681926727,0.1668010652065277,0.0004578085208777338,-0.05139318108558655,0.37685731053352356,0.9853982925415039,0.1530434936285019,0.468720406293869,-0.11080913245677948,0.8629022240638733
967.9872929999999,263967793,1.0,-0.24318528175354004,0.16675159335136414,0.00022464670473709702,-0.0517636239528656,0.37680891156196594,0.9857319593429565,0.15291716158390045,0.4688943326473236,-0.11098333448171616,0.8628076910972595
967.999297,263979798,1.0,-0.24296724796295166,0.1666695773601532,-0.00024468410992994905,-0.05266089364886284,0.37663745880126953,0.9860664010047913,0.1526138037443161,0.469112753868103,-0.1113564744591713,0.8626946210861206
968.489292,264469857,1.0,-0.23542892932891846,0.16284532845020294,-0.0021282576490193605,-0.069612517952919,0.372227281332016,0.9792173504829407,0.1471201777458191,0.4675620496273041,-0.11714906245470047,0.8637230396270752
968.493292,264473857,1.0,-0.235441654920578,0.16285237669944763,-0.0020738120656460524,-0.06956658512353897,0.37216755747795105,0.9791349768638611,0.1471097618341446,0.46752479672431946,-0.11710954457521439,0.8637503385543823
968.495293,264475858,1.0,-0.23544885218143463,0.16285692155361176,-0.00204651290550828,-0.06953795999288559,0.37214145064353943,0.9791029095649719,0.14710697531700134,0.46750956773757935,-0.11708886921405792,0.863761842250824
968.499291,264479856,1.0,-0.2354622483253479,0.16286158561706543,-0.002001162152737379,-0.06948139518499374,0.37208834290504456,0.9790370464324951,0.14710095524787903,0.467478483915329,-0.11704748123884201,0.8637853264808655
968.50329,264483855,1.0,-0.2354835420846939,0.16287951171398163,-0.0019385722698643804,-0.06940819323062897,0.3720410168170929,0.9790366291999817,0.14709751307964325,0.4674742519855499,-0.11700505018234253,0.8637939095497131
968.5052909999999,264485856,1.0,-0.23549304902553558,0.1628836691379547,-0.0019165943376719952,-0.06937766820192337,0.3720151484012604,0.9790418744087219,0.14709310233592987,0.467475026845932,-0.11698634922504425,0.8637967705726624
968.509289,264489854,1.0,-0.23551149666309357,0.16289860010147095,-0.001865350641310215,-0.0692749172449112,0.37194353342056274,0.9790505766868591,0.14708544313907623,0.46747326850891113,-0.11692627519369125,0.863807201385498
968.51329,264493855,1.0,-0.23553070425987244,0.1629248559474945,-0.0018092856043949723,-0.06921876966953278,0.37191224098205566,0.9791045188903809,0.14708180725574493,0.46749332547187805,-0.11689885705709457,0.8638006448745728
968.517289,264497854,1.0,-0.23555463552474976,0.1629406213760376,-0.0017623939784243703,-0.06915418803691864,0.3718761205673218,0.9791663289070129,0.14707759022712708,0.4675162732601166,-0.11686726659536362,0.8637932538986206
968.519292,264499857,1.0,-0.23556721210479736,0.16295112669467926,-0.0017369675915688276,-0.06913834810256958,0.3718673586845398,0.9792009592056274,0.14707545936107635,0.46753033995628357,-0.11686097085475922,0.8637868165969849
968.52329,264503855,1.0,-0.2355906218290329,0.1629994958639145,-0.0016657717060297728,-0.0690474733710289,0.3717980682849884,0.9792977571487427,0.14706090092658997,0.46756741404533386,-0.11681303381919861,0.8637757301330566
968.527289,264507854,1.0,-0.23562122881412506,0.16302645206451416,-0.0016143323155120015,-0.06898469477891922,0.37175533175468445,0.9793896079063416,0.1470516473054886,0.4676037132740021,-0.11678292602300644,0.8637617230415344
968.52929,264509855,1.0,-0.23563726246356964,0.16303975880146027,-0.0015887230401858687,-0.06897392123937607,0.3717258870601654,0.9794090390205383,0.1470402181148529,0.4676121175289154,-0.11677298694849014,0.8637604713439941
968.533289,264513854,1.0,-0.23567073047161102,0.16305796802043915,-0.0015427591279149055,-0.06891825050115585,0.37167876958847046,0.9794639348983765,0.1470295488834381,0.46763309836387634,-0.11674223095178604,0.8637551069259644
968.5352909999999,264515855,1.0,-0.2356886863708496,0.1630784422159195,-0.0015131086111068726,-0.0689062848687172,0.3716452419757843,0.9794864058494568,0.14701645076274872,0.4676428735256195,-0.11673106253147125,0.8637535572052002
968.5392899999999,264519854,1.0,-0.23572611808776855,0.16310319304466248,-0.0014638375723734498,-0.06886997073888779,0.3715926706790924,0.9795235395431519,0.14699991047382355,0.46765774488449097,-0.11670611053705215,0.8637516498565674
968.5432999999999,264523898,1.0,-0.23577085137367249,0.16309623420238495,-0.0014405462425202131,-0.06881564855575562,0.37153691053390503,0.9796099662780762,0.1469833254814148,0.46769267320632935,-0.11667627841234207,0.8637396097183228
968.5452909999999,264525889,1.0,-0.23579132556915283,0.16310080885887146,-0.0014212641399353743,-0.06880302727222443,0.3715122640132904,0.9796339869499207,0.14697414636611938,0.46770280599594116,-0.11666695773601532,0.8637369275093079
968.5492899999999,264529888,1.0,-0.23583164811134338,0.16312702000141144,-0.0013759450521320105,-0.06879889219999313,0.3714603781700134,0.9796755313873291,0.1469501405954361,0.46772193908691406,-0.11665638536214828,0.863732099533081
968.553289,264533888,1.0,-0.23587606847286224,0.16314749419689178,-0.0013348663924261928,-0.06878714263439178,0.371410608291626,0.9797506928443909,0.1469268649816513,0.46775493025779724,-0.11664547026157379,0.863719642162323
968.5552729999999,264535872,1.0,-0.23589934408664703,0.16315768659114838,-0.0013151253806427121,-0.06879544258117676,0.3713732659816742,0.9797977805137634,0.14690592885017395,0.46777695417404175,-0.116643987596035,0.8637114763259888
968.5592929999999,264539891,1.0,-0.2359485626220703,0.16317880153656006,-0.0012763862032443285,-0.06882383674383163,0.3713158667087555,0.979889988899231,0.14686894416809082,0.46782049536705017,-0.11664991825819016,0.8636934161186218
968.561305,264541904,1.0,-0.235969677567482,0.16319987177848816,-0.0012537165312096477,-0.06881237030029297,0.3712935447692871,0.9799736142158508,0.14685705304145813,0.46785640716552734,-0.11664601415395737,0.8636764883995056
968.565265,264545864,1.0,-0.23602011799812317,0.16321983933448792,-0.001220136764459312,-0.06884059309959412,0.3712417483329773,0.9800960421562195,0.1468207836151123,0.46791282296180725,-0.11665535718202591,0.8636508584022522
968.5692909999999,264549889,1.0,-0.23607109487056732,0.16325101256370544,-0.0011846149573102593,-0.06884876638650894,0.3711511790752411,0.9802889227867126,0.1467682421207428,0.46799927949905396,-0.11665236204862595,0.8636133074760437
968.571291,264551890,1.0,-0.23609693348407745,0.1632670760154724,-0.00116712786257267,-0.06885897368192673,0.371112197637558,0.9803902506828308,0.14674299955368042,0.4680449068546295,-0.11665530502796173,0.8635925054550171
968.575297,264555896,1.0,-0.23614978790283203,0.16330119967460632,-0.0011330213164910674,-0.06886698305606842,0.37101587653160095,0.9805859923362732,0.1466878205537796,0.46813276410102844,-0.11665111780166626,0.863554835319519
968.5792899999999,264559888,1.0,-0.23620401322841644,0.16333787143230438,-0.001099224085919559,-0.06885911524295807,0.37091684341430664,0.9807789921760559,0.14663535356521606,0.4682183265686035,-0.11663924902677536,0.8635189533233643
968.581291,264561890,1.0,-0.23623165488243103,0.16335712373256683,-0.0010824266355484724,-0.06884515285491943,0.37087082862854004,0.9808756709098816,0.1466129869222641,0.46826037764549255,-0.11662979423999786,0.8635011911392212
968.585302,264565901,1.0,-0.23629730939865112,0.16338276863098145,-0.001058645430020988,-0.0688057467341423,0.37076127529144287,0.9810718894004822,0.14656314253807068,0.4683453142642975,-0.11660212278366089,0.8634673357009888
968.58929,264569889,1.0,-0.23635882139205933,0.16342364251613617,-0.0010339751606807113,-0.06877642124891281,0.37066754698753357,0.9812365174293518,0.14651967585086823,0.46841689944267273,-0.11658009886741638,0.8634388446807861
968.591292,264571891,1.0,-0.2363899052143097,0.16344501078128815,-0.0010212631896138191,-0.06875570863485336,0.37061312794685364,0.981316089630127,0.1464962363243103,0.46845129132270813,-0.11656454205513,0.8634262681007385
968.595291,264575890,1.0,-0.23645268380641937,0.16348981857299805,-0.0009951659012585878,-0.0686912089586258,0.37053433060646057,0.9814500212669373,0.14646928012371063,0.4685066342353821,-0.11652848869562149,0.863405704498291
968.599289,264579888,1.0,-0.23651839792728424,0.1635226607322693,-0.000964825158007443,-0.06863141059875488,0.3704517185688019,0.9815831184387207,0.14643962681293488,0.4685620665550232,-0.11649353057146072,0.8633853793144226
968.6012939999999,264581892,1.0,-0.23654887080192566,0.1635567843914032,-0.0009529467788524926,-0.06856860965490341,0.3704068958759308,0.981602668762207,0.14643371105194092,0.4685671627521515,-0.11645759642124176,0.8633884191513062
968.60529,264585889,1.0,-0.2366122603416443,0.16360902786254883,-0.0009256633929908276,-0.0684690847992897,0.3703390657901764,0.981705904006958,0.14642153680324554,0.4686063826084137,-0.11640667915344238,0.8633760809898376
968.609305,264589904,1.0,-0.23668240010738373,0.1636567860841751,-0.0008960820268839598,-0.06835942715406418,0.37026679515838623,0.9818098545074463,0.1464097648859024,0.468645304441452,-0.11635041981935501,0.8633645176887512
968.613293,264593892,1.0,-0.23675742745399475,0.1637098640203476,-0.0008723818464204669,-0.06823625415563583,0.3702068030834198,0.9819138050079346,0.14640650153160095,0.4686828851699829,-0.11629112809896469,0.8633527159690857
968.6172939999999,264597892,1.0,-0.2368338257074356,0.1637651026248932,-0.0008484303834848106,-0.06810721009969711,0.37015002965927124,0.9820277094841003,0.14640545845031738,0.46872422099113464,-0.11623077094554901,0.8633385300636292
968.6212909999999,264601889,1.0,-0.23691101372241974,0.1638219654560089,-0.0008249104721471667,-0.06797420233488083,0.370088666677475,0.9821569323539734,0.14640246331691742,0.4687719941139221,-0.11616876721382141,0.8633214831352234
968.625291,264605890,1.0,-0.23699147999286652,0.16388189792633057,-0.0008191443048417568,-0.0678332969546318,0.3700409531593323,0.98231041431427,0.14640583097934723,0.46882933378219604,-0.11610826104879379,0.8632978796958923
968.62929,264609889,1.0,-0.23706386983394623,0.16393065452575684,-0.000803323753643781,-0.06769942492246628,0.3700007498264313,0.982469916343689,0.1464104801416397,0.4688895046710968,-0.11605294793844223,0.8632718324661255
968.6312899999999,264611888,1.0,-0.2370995283126831,0.1639561504125595,-0.0007896985043771565,-0.06763304769992828,0.36998122930526733,0.982548713684082,0.14641299843788147,0.46891921758651733,-0.11602559685707092,0.863258957862854
968.6352909999999,264615889,1.0,-0.23717284202575684,0.16400384902954102,-0.0007830944960005581,-0.06751572340726852,0.36998409032821655,0.9827443361282349,0.14643040299415588,0.46899500489234924,-0.11598993837833405,0.863219678401947
968.63929,264619889,1.0,-0.23724576830863953,0.16405226290225983,-0.0007720070425421,-0.06740948557853699,0.3699927031993866,0.9829351305961609,0.14644800126552582,0.46906930208206177,-0.1159600242972374,0.8631802797317505
968.6412909999999,264621889,1.0,-0.23728223145008087,0.1640762984752655,-0.0007671273197047412,-0.06735743582248688,0.3700026273727417,0.9830359220504761,0.1464586704969406,0.4691087007522583,-0.11594721674919128,0.8631588220596313
968.645305,264625904,1.0,-0.23733802139759064,0.16410377621650696,-0.0007394739077426493,-0.06728385388851166,0.37004971504211426,0.9832706451416016,0.14648278057575226,0.46920326352119446,-0.11594343930482864,0.8631038069725037
968.649289,264629888,1.0,-0.2373960316181183,0.16412660479545593,-0.0007306965417228639,-0.06718109548091888,0.370077520608902,0.983468234539032,0.14650751650333405,0.4692802131175995,-0.11591994017362595,0.8630609512329102
968.6512899999999,264631888,1.0,-0.23742519319057465,0.16413766145706177,-0.000726624799426645,-0.06714018434286118,0.3700978457927704,0.9835670590400696,0.1465202271938324,0.46931925415992737,-0.11591418832540512,0.8630383014678955
968.6552909999999,264635889,1.0,-0.23748339712619781,0.16415879130363464,-0.0007188704912550747,-0.06705748289823532,0.3701406419277191,0.9837644696235657,0.14654678106307983,0.4693971574306488,-0.11590276658535004,0.8629930019378662
968.6592909999999,264639889,1.0,-0.2375413030385971,0.16417889297008514,-0.0007116273627616465,-0.06698320060968399,0.37018415331840515,0.9839527606964111,0.14657220244407654,0.46947169303894043,-0.11589449644088745,0.8629492521286011
968.66329,264643889,1.0,-0.23759520053863525,0.16418342292308807,-0.0007085242541506886,-0.06697597354650497,0.3702291250228882,0.9841312766075134,0.14658309519290924,0.469546914100647,-0.11591476947069168,0.8629037141799927
968.6652929999999,264645891,1.0,-0.23762983083724976,0.1642034500837326,-0.0007006388623267412,-0.06693724542856216,0.37024468183517456,0.9842213988304138,0.14659371972084045,0.4695824682712555,-0.11590823531150818,0.862883448600769
968.6692909999999,264649889,1.0,-0.23768655955791473,0.1642005443572998,-0.0006941030733287334,-0.06685754656791687,0.3703162968158722,0.9843830466270447,0.14663417637348175,0.46964430809020996,-0.1159021258354187,0.8628437519073486
968.6732599999999,264653858,1.0,-0.23774674534797668,0.16421160101890564,-0.0006846304750069976,-0.06677622348070145,0.37035468220710754,0.9845541715621948,0.14666002988815308,0.4697110652923584,-0.11588840186595917,0.8628048896789551
968.677291,264657890,1.0,-0.23780813813209534,0.16422361135482788,-0.0006745740538462996,-0.0667102262377739,0.37038734555244446,0.9847003817558289,0.14668123424053192,0.46976834535598755,-0.1158781498670578,0.8627714514732361
968.681289,264661888,1.0,-0.23786920309066772,0.16423556208610535,-0.0006643465021625161,-0.06663727760314941,0.370403528213501,0.9848623275756836,0.14669601619243622,0.4698323905467987,-0.11586227267980576,0.862736165523529
968.6832919999999,264663890,1.0,-0.23790399730205536,0.16425573825836182,-0.0006567004602402449,-0.06660523265600204,0.3704034388065338,0.9849420785903931,0.14669889211654663,0.4698644280433655,-0.11585427820682526,0.8627193570137024
968.6892909999999,264669889,1.0,-0.23802639544010162,0.1643320471048355,-0.0006234698812477291,-0.06656843423843384,0.37036222219467163,0.9851829409599304,0.1466756910085678,0.4699668288230896,-0.11584660410881042,0.862668514251709
968.6932929999999,264673891,1.0,-0.23809966444969177,0.1643674373626709,-0.0006077720317989588,-0.06649039685726166,0.3703416585922241,0.9853777885437012,0.14667381346225739,0.4700457453727722,-0.11582251638174057,0.8626290559768677
968.6992909999999,264679889,1.0,-0.23820509016513824,0.16442745923995972,-0.0005857017240487039,-0.06637188047170639,0.3702996075153351,0.9856743812561035,0.14666622877120972,0.4701662063598633,-0.11578349024057388,0.8625699877738953
968.7032909999999,264683889,1.0,-0.23828034102916718,0.16446062922477722,-0.0005710367695428431,-0.06623081117868423,0.37024325132369995,0.9859297871589661,0.14666014909744263,0.470267653465271,-0.11572843790054321,0.862523078918457
968.7072909999999,264687890,1.0,-0.2383476197719574,0.164505273103714,-0.0005593543173745275,-0.06609176099300385,0.3701931834220886,0.9861783981323242,0.14665673673152924,0.47036612033843994,-0.1156751960515976,0.8624771237373352
968.711292,264691891,1.0,-0.23841792345046997,0.16454623639583588,-0.0005497949314303696,-0.06599318981170654,0.37011298537254333,0.9864199161529541,0.1466311365365982,0.47046539187431335,-0.11563196033239365,0.862433135509491
968.71529,264695889,1.0,-0.23849788308143616,0.16458828747272491,-0.0005415670457296073,-0.06578998267650604,0.3700544834136963,0.9867271184921265,0.14663578569889069,0.4705846905708313,-0.11555341631174088,0.8623777627944946
968.7172959999999,264697894,1.0,-0.23853497207164764,0.1646098643541336,-0.000537850777618587,-0.0656924769282341,0.3700307011604309,0.9868807792663574,0.14663954079151154,0.4706445038318634,-0.11551716923713684,0.8623493313789368
968.7213029999999,264701901,1.0,-0.23860739171504974,0.16465242207050323,-0.0005314176669344306,-0.06548257917165756,0.369977205991745,0.9871971607208252,0.14664745330810547,0.470767080783844,-0.11543755978345871,0.8622917532920837
968.725299,264705898,1.0,-0.238702192902565,0.16468767821788788,-0.0005271759582683444,-0.06533551961183548,0.36990752816200256,0.9874962568283081,0.14663457870483398,0.47088730335235596,-0.11538004875183105,0.862235963344574
968.7312919999999,264711890,1.0,-0.23880180716514587,0.16474930942058563,-0.0005206530913710594,-0.0650329664349556,0.36986902356147766,0.9879498481750488,0.14666295051574707,0.4710617661476135,-0.11527401208877563,0.8621500134468079
968.735295,264715894,1.0,-0.23887673020362854,0.16478514671325684,-0.0005170275690034032,-0.06483431905508041,0.36980944871902466,0.9882199168205261,0.14666834473609924,0.47116538882255554,-0.11519446969032288,0.8621031045913696
968.7412999999999,264721898,1.0,-0.23898543417453766,0.164836585521698,-0.0005113679799251258,-0.06452175974845886,0.3697395324707031,0.9886047840118408,0.1466895043849945,0.47131043672561646,-0.1150718703866005,0.8620366454124451
968.7453039999999,264725902,1.0,-0.23904648423194885,0.1648714542388916,-0.000507103162817657,-0.06432642787694931,0.3697006106376648,0.9888119101524353,0.1467067301273346,0.47138652205467224,-0.11499390006065369,0.8620024919509888
968.7512939999999,264731892,1.0,-0.23912771046161652,0.1649189442396164,-0.0005027704173699021,-0.06410536170005798,0.3696669042110443,0.9890326261520386,0.14673152565956116,0.47146645188331604,-0.11490704119205475,0.8619661331176758
968.757293,264737897,1.0,-0.23921795189380646,0.16495898365974426,-0.0004982443642802536,-0.06384316831827164,0.3696781396865845,0.9892066121101379,0.14678822457790375,0.47152185440063477,-0.11480939388275146,0.8619391918182373
968.761299,264741903,1.0,-0.23927603662014008,0.16498267650604248,-0.000494782580062747,-0.06370221078395844,0.36972489953041077,0.989278256893158,0.14683763682842255,0.47154098749160767,-0.11476469784975052,0.861926257610321
968.767293,264747897,1.0,-0.23936118185520172,0.16500654816627502,-0.0004897595499642193,-0.06354249268770218,0.36980560421943665,0.989368200302124,0.14690512418746948,0.4715656042098999,-0.11472108215093613,0.8619070649147034
968.771294,264751898,1.0,-0.23940294981002808,0.16502156853675842,-0.00048435790813528,-0.06341733783483505,0.3698130249977112,0.9894261956214905,0.14693453907966614,0.47158119082450867,-0.11467311531305313,0.8618999123573303
968.777294,264757898,1.0,-0.23946437239646912,0.16504094004631042,-0.00047636666567996144,-0.06323818117380142,0.369802325963974,0.9895056486129761,0.1469675898551941,0.47160258889198303,-0.11459928005933762,0.8618924021720886
968.783294,264763898,1.0,-0.2395258992910385,0.1650571972131729,-0.00046840638970024884,-0.06308358907699585,0.3697863221168518,0.9895744323730469,0.14699316024780273,0.4716213345527649,-0.11453402042388916,0.8618864417076111
968.7892939999999,264769897,1.0,-0.23956550657749176,0.16508804261684418,-0.00043647445272654295,-0.06294813007116318,0.369794636964798,0.9896390438079834,0.147025004029274,0.4716389775276184,-0.11448230594396591,0.8618782758712769
968.793294,264773898,1.0,-0.23960565030574799,0.16510263085365295,-0.00041672016959637403,-0.06285721808671951,0.3698115646839142,0.9896941781044006,0.1470506340265274,0.47165554761886597,-0.1144510954618454,0.8618689775466919
968.801296,264781900,1.0,-0.23968814313411713,0.16512687504291534,-0.0003834918315988034,-0.06270348280668259,0.3697001039981842,0.989820122718811,0.14703135192394257,0.47170186042785645,-0.11436838656663895,0.8618578910827637
968.807294,264787898,1.0,-0.23975101113319397,0.16514119505882263,-0.00036250081029720604,-0.0625627189874649,0.3695625364780426,0.9899455904960632,0.14699772000312805,0.4717497229576111,-0.11428520083427429,0.8618484735488892
968.811294,264791898,1.0,-0.23980046808719635,0.16515085101127625,-0.00034971567220054567,-0.062485430389642715,0.3694446384906769,0.9900525808334351,0.14695870876312256,0.4717937111854553,-0.11423254013061523,0.8618380427360535
968.817293,264797897,1.0,-0.23988446593284607,0.1651686280965805,-0.0003100274770986289,-0.062392719089984894,0.3693546652793884,0.9902477860450745,0.14693041145801544,0.4718737304210663,-0.11418616026639938,0.8618052005767822
968.821296,264801900,1.0,-0.2399371862411499,0.16517451405525208,-0.00029037948115728796,-0.062347348779439926,0.3693029582500458,0.9903861284255981,0.14691080152988434,0.4719315469264984,-0.11416483670473099,0.8617796897888184
968.827405,264808009,1.0,-0.24004456400871277,0.16517843306064606,-0.0002368208224652335,-0.06229182705283165,0.3692208528518677,0.9906098246574402,0.1468755453824997,0.47202634811401367,-0.11413837969303131,0.8617372512817383
968.8313129999999,264811916,1.0,-0.24009612202644348,0.1651715487241745,-0.00022732705110684037,-0.06224389746785164,0.3691956698894501,0.9907656908035278,0.146867036819458,0.4720907509326935,-0.11412335187196732,0.8617054224014282
968.837402,264818006,1.0,-0.24018682539463043,0.1651524007320404,-0.0002017588121816516,-0.06220383197069168,0.36918821930885315,0.9909709095954895,0.14686156809329987,0.4721764326095581,-0.11411944776773453,0.8616599440574646
968.843296,264823900,1.0,-0.2402724027633667,0.16512668132781982,-0.00017589374328963459,-0.062195587903261185,0.3691384792327881,0.9911762475967407,0.146830216050148,0.4722657799720764,-0.11411947011947632,0.861616313457489
968.849298,264829902,1.0,-0.24032601714134216,0.1650904417037964,-0.00017482487601228058,-0.06221586838364601,0.36902010440826416,0.9913479089736938,0.14676432311534882,0.4723447859287262,-0.114113450050354,0.8615850210189819
968.855296,264835900,1.0,-0.2403922826051712,0.1650279015302658,-0.00018130821990780532,-0.0622643381357193,0.36890101432800293,0.9914371371269226,0.14669616520404816,0.47239038348197937,-0.11411334574222565,0.8615716695785522
968.8612949999999,264841898,1.0,-0.24046817421913147,0.1649676114320755,-0.0001613556669326499,-0.06230545416474342,0.3688177168369293,0.9914591908454895,0.1466490775346756,0.47240540385246277,-0.11411342024803162,0.8615714311599731
968.8672939999999,264847897,1.0,-0.24056828022003174,0.164884552359581,-0.00011862824612762779,-0.062418270856142044,0.36878401041030884,0.9913772940635681,0.1466124951839447,0.4723794162273407,-0.11414822190999985,0.8615872859954834
968.873293,264853897,1.0,-0.24062848091125488,0.16479845345020294,-9.091105312108994e-05,-0.06255944073200226,0.36871102452278137,0.9912263751029968,0.14655612409114838,0.47232693433761597,-0.11418110877275467,0.8616212606430054
968.877298,264857902,1.0,-0.24065092206001282,0.16475006937980652,-8.389181311940774e-05,-0.06265691667795181,0.3686613440513611,0.991122841835022,0.14651748538017273,0.4722909927368164,-0.1142040342092514,0.8616445064544678
968.883293,264863897,1.0,-0.24071764945983887,0.16463851928710938,-4.160628668614663e-05,-0.06282725930213928,0.36854317784309387,0.9908277988433838,0.14644287526607513,0.4721798896789551,-0.1142285168170929,0.8617148399353027
968.887292,264867896,1.0,-0.24069787561893463,0.16458119451999664,-5.233347474131733e-05,-0.06299654394388199,0.3684826195240021,0.9905925393104553,0.14639009535312653,0.47209271788597107,-0.11427024006843567,0.8617660403251648
968.8912909999999,264871894,1.0,-0.2407185137271881,0.16450659930706024,-4.2503754229983315e-05,-0.06312374770641327,0.36839720606803894,0.9904026985168457,0.14633387327194214,0.47202277183532715,-0.11429142951965332,0.861811101436615
968.8952899999999,264875893,1.0,-0.24073809385299683,0.16442875564098358,-3.325218131067231e-05,-0.063260518014431,0.36831387877464294,0.9902200698852539,0.14627590775489807,0.4719565808773041,-0.11431777477264404,0.8618537187576294
968.899289,264879893,1.0,-0.240752175450325,0.16436177492141724,-2.696124829526525e-05,-0.06339523196220398,0.36823394894599915,0.9900363683700562,0.14621995389461517,0.4718896448612213,-0.11434394121170044,0.8618963956832886
968.901292,264881896,1.0,-0.24076628684997559,0.16430629789829254,-2.0908782971673645e-05,-0.06348571926355362,0.3682185709476471,0.9899529218673706,0.14619669318199158,0.47186076641082764,-0.11437328159809113,0.8619122505187988
968.9052899999999,264885893,1.0,-0.24077878892421722,0.16423338651657104,-1.6567135389777832e-05,-0.06363231688737869,0.36815664172172546,0.9897832274436951,0.14614495635032654,0.47180017828941345,-0.11440976709127426,0.8619493246078491
968.9093029999999,264889906,1.0,-0.24079765379428864,0.1641475409269333,-1.2883710951427929e-05,-0.06382764875888824,0.3681274354457855,0.9896073937416077,0.14609627425670624,0.4717395305633545,-0.11447436362504959,0.8619822263717651
968.91329,264893894,1.0,-0.24081213772296906,0.16406041383743286,-1.651872298680246e-05,-0.06397028267383575,0.36807429790496826,0.9894644618034363,0.14604777097702026,0.471689909696579,-0.11451313644647598,0.8620124459266663
968.9152909999999,264895894,1.0,-0.24081918597221375,0.16401594877243042,-1.8397377061774023e-05,-0.06403537094593048,0.36803552508354187,0.9893953800201416,0.1460195630788803,0.47166600823402405,-0.11452721059322357,0.8620284199714661
968.9192899999999,264899893,1.0,-0.24083273112773895,0.16392596065998077,-2.2475485820905305e-05,-0.0641496405005455,0.3679407835006714,0.9892693161964417,0.14595873653888702,0.47162285447120667,-0.11454540491104126,0.8620598912239075
968.9232949999999,264903898,1.0,-0.2408483475446701,0.1638309806585312,-4.444395744940266e-05,-0.06427072733640671,0.3678436279296875,0.9891716837882996,0.1458936333656311,0.4715924561023712,-0.1145680695772171,0.8620845675468445
968.925297,264905901,1.0,-0.24085389077663422,0.16378949582576752,-5.001751924282871e-05,-0.06431524455547333,0.3677932024002075,0.9891070127487183,0.14586494863033295,0.471569299697876,-0.11457090824842453,0.862101674079895
968.9292909999999,264909894,1.0,-0.24086397886276245,0.16370560228824615,-5.625704216072336e-05,-0.06437995284795761,0.3676868677139282,0.9889956116676331,0.14580994844436646,0.47152912616729736,-0.11456616222858429,0.8621335625648499
968.9332919999999,264913895,1.0,-0.24087326228618622,0.16362141072750092,-5.703472197637893e-05,-0.0644470602273941,0.36758074164390564,0.9888825416564941,0.14575456082820892,0.47148841619491577,-0.11456237733364105,0.8621657490730286
968.9392919999999,264919895,1.0,-0.24088852107524872,0.16348430514335632,-9.101020987145603e-05,-0.06451570242643356,0.3674505650997162,0.9887926578521729,0.1456870436668396,0.4714584946632385,-0.11455540359020233,0.8621944189071655
968.9432929999999,264923896,1.0,-0.24089640378952026,0.16339156031608582,-9.503877663519233e-05,-0.06459510326385498,0.36735978722572327,0.9887190461158752,0.14563316106796265,0.47143518924713135,-0.11456334590911865,0.8622152209281921
968.947332,264927936,1.0,-0.24089941382408142,0.1633131355047226,-9.707541175885126e-05,-0.06473203003406525,0.36727800965309143,0.9886860251426697,0.14556728303432465,0.4714333415031433,-0.11460112035274506,0.8622223138809204
968.951296,264931900,1.0,-0.2409072369337082,0.16321924328804016,-0.00010860279144253582,-0.06484852731227875,0.3671765625476837,0.9886232018470764,0.14549940824508667,0.47141769528388977,-0.11462339013814926,0.8622393608093262
968.955291,264935895,1.0,-0.24091501533985138,0.1631249636411667,-0.00012674495519604534,-0.0649862065911293,0.36703264713287354,0.9885652661323547,0.14540782570838928,0.4714069366455078,-0.11464536935091019,0.8622577786445618
968.961317,264941921,1.0,-0.2409193366765976,0.1629914939403534,-0.00017653215036261827,-0.06523684412240982,0.3668700158596039,0.988456666469574,0.14528439939022064,0.47138306498527527,-0.11470804363489151,0.8622832894325256
968.9672929999999,264947891,1.0,-0.24090950191020966,0.16284485161304474,-0.00021052929514553398,-0.06550607085227966,0.3667256534099579,0.9883202910423279,0.14516612887382507,0.47134801745414734,-0.114780955016613,0.8623126745223999
968.971294,264951893,1.0,-0.24090199172496796,0.1627446711063385,-0.00023334435536526144,-0.0657159760594368,0.3666658401489258,0.9882173538208008,0.14509660005569458,0.47132062911987305,-0.11485020816326141,0.8623301386833191
968.9772939999999,264957892,1.0,-0.24089016020298004,0.1625920981168747,-0.0002662884071469307,-0.06608578562736511,0.3666151165962219,0.9880124926567078,0.14499922096729279,0.47126057744026184,-0.11498311907052994,0.8623616099357605
968.9812929999999,264961891,1.0,-0.24089281260967255,0.16248172521591187,-0.00027346931165084243,-0.06635438650846481,0.36656516790390015,0.9878520369529724,0.14492347836494446,0.4712122976779938,-0.11507580429315567,0.8623883724212646
968.9872919999999,264967890,1.0,-0.24088521301746368,0.1623237133026123,-0.0002664633793756366,-0.0667792335152626,0.3664358854293823,0.987599790096283,0.14478178322315216,0.47113803029060364,-0.11521095782518387,0.8624346852302551
968.993292,264973891,1.0,-0.24087543785572052,0.1621875911951065,-0.0002773936139419675,-0.06710180640220642,0.3661941587924957,0.9873811602592468,0.14461347460746765,0.4710739850997925,-0.11527860909700394,0.862488865852356
968.9972919999999,264977890,1.0,-0.24087245762348175,0.16209179162979126,-0.00028369223582558334,-0.06729402393102646,0.36603084206581116,0.9872310757637024,0.14450594782829285,0.47102782130241394,-0.11531306058168411,0.8625274896621704
969.0012989999999,264981897,1.0,-0.24086394906044006,0.16200754046440125,-0.00029137893579900265,-0.06742235273122787,0.36588117480278015,0.9870823621749878,0.144419327378273,0.47097721695899963,-0.11532323062419891,0.8625683188438416
969.007292,264987891,1.0,-0.24085494875907898,0.16187728941440582,-0.00030169374076649547,-0.06759322434663773,0.3656788766384125,0.9868327379226685,0.14430564641952515,0.4708876311779022,-0.11533236503601074,0.8626350164413452
969.0112919999999,264991890,1.0,-0.2408575862646103,0.16179242730140686,-0.0003045809571631253,-0.06773564964532852,0.3655990660190582,0.9866193532943726,0.14424975216388702,0.47080814838409424,-0.11536004394292831,0.8626840710639954
969.0174159999999,264998014,1.0,-0.24085775017738342,0.1616997867822647,-0.00031261672847904265,-0.06788260489702225,0.365458607673645,0.9863189458847046,0.14417150616645813,0.4706931412220001,-0.11536948382854462,0.8627586364746094
969.0254699999999,265006068,1.0,-0.24085958302021027,0.16158965229988098,-0.0003213676973246038,-0.0680559054017067,0.3652268350124359,0.9859172701835632,0.14405323565006256,0.4705388844013214,-0.1153620257973671,0.8628634810447693
969.031383,265011982,1.0,-0.24086523056030273,0.16148832440376282,-0.00032630786881782115,-0.06815507262945175,0.36501237750053406,0.9856575727462769,0.14395172894001007,0.4704400300979614,-0.1153368279337883,0.8629376888275146
969.035402,265016001,1.0,-0.24087193608283997,0.16142936050891876,-0.000331566872773692,-0.06820017844438553,0.3648611307144165,0.9855332970619202,0.14388257265090942,0.4703938961029053,-0.1153125911951065,0.8629776239395142
969.041434,265022033,1.0,-0.24088473618030548,0.16134198009967804,-0.0003429274365771562,-0.0682595893740654,0.36466947197914124,0.9854018688201904,0.14379291236400604,0.4703468680381775,-0.1152847483754158,0.8630219101905823
969.049312,265029911,1.0,-0.24090886116027832,0.16120649874210358,-0.0003683190152514726,-0.06834792345762253,0.36449354887008667,0.9853529334068298,0.1436985433101654,0.47033700346946716,-0.1152789369225502,0.8630437850952148
969.055405,265036004,1.0,-0.24093060195446014,0.1610790193080902,-0.00039420288521796465,-0.06841344386339188,0.3643907308578491,0.9854020476341248,0.1436356157064438,0.4703657925128937,-0.11528711766004562,0.8630374670028687
969.061434,265042033,1.0,-0.2409549057483673,0.16098511219024658,-0.000420732336351648,-0.068476103246212,0.36422601342201233,0.9855576157569885,0.14354035258293152,0.4704420268535614,-0.11528748273849487,0.8630117177963257
969.069308,265049907,1.0,-0.24097788333892822,0.16091415286064148,-0.00046124806976877153,-0.06856177747249603,0.36396196484565735,0.9858149886131287,0.14339067041873932,0.47056663036346436,-0.11528223752975464,0.8629693984985352
969.075307,265055906,1.0,-0.2410014420747757,0.16082942485809326,-0.0004924417589791119,-0.06861251592636108,0.36379680037498474,0.9860144853591919,0.14329548180103302,0.4706609547138214,-0.11528047174215317,0.8629339933395386
969.081293,265061892,1.0,-0.24101772904396057,0.1607716828584671,-0.0005243929335847497,-0.0686299130320549,0.3636733591556549,0.9861682057380676,0.14322888851165771,0.4707319438457489,-0.11527060717344284,0.8629076480865479
969.0853209999999,265065919,1.0,-0.24103966355323792,0.16068127751350403,-0.0005419818917289376,-0.06865139305591583,0.36362069845199585,0.9862423539161682,0.1431966871023178,0.47076696157455444,-0.11527307331562042,0.8628935813903809
969.091292,265071891,1.0,-0.2410622537136078,0.16060273349285126,-0.0005607942584902048,-0.0686456486582756,0.3634936213493347,0.9862836003303528,0.14314046502113342,0.4707878828048706,-0.11524432897567749,0.8628953099250793
969.0972979999999,265077896,1.0,-0.24108543992042542,0.1605195254087448,-0.0005755051388405263,-0.06858030706644058,0.36330053210258484,0.9862794876098633,0.1430722028017044,0.47078683972358704,-0.11517144739627838,0.8629169464111328
969.103305,265083904,1.0,-0.2411055564880371,0.16044987738132477,-0.0005903623532503843,-0.068505197763443,0.36307764053344727,0.9862133860588074,0.1429968774318695,0.47075915336608887,-0.11508306115865707,0.8629563450813293
969.111352,265091951,1.0,-0.24113723635673523,0.16032634675502777,-0.0006082715699449182,-0.0684044286608696,0.36276641488075256,0.9861231446266174,0.1428905874490738,0.47072166204452515,-0.11496157199144363,0.863010585308075
969.117296,265097895,1.0,-0.2411590814590454,0.16023677587509155,-0.0006165432278066874,-0.06836412101984024,0.362578421831131,0.9860914349555969,0.14282022416591644,0.4707103669643402,-0.1148986890912056,0.8630367517471313
969.123298,265103897,1.0,-0.24118530750274658,0.16014231741428375,-0.0006276198546402156,-0.06835932284593582,0.36239075660705566,0.9861043095588684,0.14273907244205475,0.4707207977771759,-0.11485438793897629,0.8630504012107849
969.1312969999999,265111895,1.0,-0.24122008681297302,0.16001377999782562,-0.0006502931355498731,-0.06838766485452652,0.36210352182388306,0.9861278533935547,0.14260625839233398,0.47074094414711,-0.11480224877595901,0.8630682826042175
969.1372729999999,265117871,1.0,-0.2412470132112503,0.15991085767745972,-0.0006783718708902597,-0.06838291883468628,0.3618888258934021,0.9862207174301147,0.14250877499580383,0.4707866609096527,-0.11475744843482971,0.8630654215812683
969.145316,265125915,1.0,-0.24129368364810944,0.15977175533771515,-0.0007142493850551546,-0.06835447251796722,0.36157935857772827,0.9863772988319397,0.1423720419406891,0.4708608090877533,-0.11468515545129776,0.8630571365356445
969.151339,265131938,1.0,-0.24133065342903137,0.1596488505601883,-0.0007585675339214504,-0.06839976459741592,0.3613855838775635,0.9865750670433044,0.14226585626602173,0.4709547162055969,-0.11467419564723969,0.8630248308181763
969.1592979999999,265139896,1.0,-0.24138401448726654,0.15948764979839325,-0.0008123444276861846,-0.06838446855545044,0.36106178164482117,0.9868528842926025,0.1421128809452057,0.471082478761673,-0.11461284011602402,0.8629884719848633
969.1653309999999,265145929,1.0,-0.24142102897167206,0.15934740006923676,-0.0008687169174663723,-0.0684293657541275,0.36085763573646545,0.9870660901069641,0.14200140535831451,0.47118332982063293,-0.11460036784410477,0.8629534244537354
969.1732969999999,265153895,1.0,-0.24150756001472473,0.1591160148382187,-0.0009594340808689594,-0.06844248622655869,0.3605749011039734,0.9874352812767029,0.14185434579849243,0.47135135531425476,-0.11456713080406189,0.8628902435302734
969.1792899999999,265159850,1.0,-0.24156874418258667,0.1589527726173401,-0.0010243769502267241,-0.0684715136885643,0.3603646755218506,0.9877009987831116,0.14174097776412964,0.4714738428592682,-0.11455007642507553,0.8628442287445068
969.187294,265167855,1.0,-0.2416604906320572,0.15875095129013062,-0.0011000236263498664,-0.0685950294137001,0.360181599855423,0.9880760908126831,0.14161086082458496,0.4716494679450989,-0.11458776146173477,0.8627645969390869
969.1932939999999,265173854,1.0,-0.24172784388065338,0.15858514606952667,-0.001167678041383624,-0.06867650896310806,0.35991114377975464,0.9883875846862793,0.14145633578300476,0.47179707884788513,-0.1145826205611229,0.8627099394798279
969.1972939999999,265177855,1.0,-0.24176648259162903,0.15849092602729797,-0.001206366578117013,-0.06873898953199387,0.35970818996429443,0.9886170625686646,0.14134031534194946,0.47190606594085693,-0.11457901448011398,0.862669825553894
969.2032939999999,265183854,1.0,-0.24182946979999542,0.15833352506160736,-0.0012733298353850842,-0.06885594874620438,0.3594532608985901,0.9889187216758728,0.1411847323179245,0.4720514416694641,-0.11459198594093323,0.8626140356063843
969.2093,265189861,1.0,-0.24187761545181274,0.15821240842342377,-0.0013242963468655944,-0.06895717233419418,0.3591945171356201,0.9892252683639526,0.1410309225320816,0.47219792008399963,-0.11459759622812271,0.8625583052635193
969.2172999999999,265197860,1.0,-0.24192743003368378,0.1580139398574829,-0.0013984579127281904,-0.06910271942615509,0.3589901924133301,0.9895159006118774,0.1408911794424057,0.47233912348747253,-0.114633709192276,0.8624989986419678
969.22534,265205901,1.0,-0.24197420477867126,0.1577707976102829,-0.0014805629616603255,-0.06923678517341614,0.3588953912258148,0.9896588921546936,0.14081016182899475,0.4724128246307373,-0.114679716527462,0.8624657392501831
969.2312969999999,265211857,1.0,-0.24199983477592468,0.1576438695192337,-0.0015174191212281585,-0.06924258917570114,0.35880643129348755,0.9897128343582153,0.14076708257198334,0.47243890166282654,-0.11466548591852188,0.8624603748321533
969.239299,265219860,1.0,-0.24202632904052734,0.15745829045772552,-0.0015601151390001178,-0.06914494931697845,0.3587449789047241,0.9895821213722229,0.14077094197273254,0.47237735986709595,-0.11460000276565552,0.8625021576881409
969.247301,265227862,1.0,-0.24204538762569427,0.15730206668376923,-0.0015889400383457541,-0.06905414909124374,0.3586878478527069,0.9893568754196167,0.1407804787158966,0.47227540612220764,-0.11453180015087128,0.8625655174255371
969.253308,265233869,1.0,-0.24203601479530334,0.15726913511753082,-0.0015790819888934493,-0.06903202086687088,0.35865217447280884,0.9891017079353333,0.1407848298549652,0.47216475009918213,-0.11449606716632843,0.8626301288604736
969.263298,265243859,1.0,-0.2420206367969513,0.15712149441242218,-0.0015854337252676487,-0.06885659694671631,0.35843491554260254,0.9886602759361267,0.14075714349746704,0.4719679355621338,-0.11433921754360199,0.8627631664276123
969.2693099999999,265249870,1.0,-0.24197672307491302,0.15697939693927765,-0.0015945256454870105,-0.06887809932231903,0.3584771156311035,0.988415539264679,0.1407843828201294,0.4718627333641052,-0.11434100568294525,0.8628160357475281
969.277301,265257862,1.0,-0.24195373058319092,0.15685002505779266,-0.0015993419801816344,-0.06885126978158951,0.3583815395832062,0.9881630539894104,0.14076364040374756,0.4717545211315155,-0.11428962647914886,0.8628853559494019
969.2852969999999,265265857,1.0,-0.24194718897342682,0.15672852098941803,-0.0016047053504735231,-0.06884458661079407,0.35818490386009216,0.9880085587501526,0.14068862795829773,0.4716927409172058,-0.11423055082559586,0.862939178943634
969.291295,265271856,1.0,-0.2420049011707306,0.15669743716716766,-0.0015958884032443166,-0.0688948705792427,0.3581210672855377,0.9879699349403381,0.14065124094486237,0.4716813564300537,-0.1142348200082779,0.8629509210586548
969.297294,265277855,1.0,-0.24203497171401978,0.15662841498851776,-0.0015947305364534259,-0.06889412552118301,0.35803914070129395,0.9879522323608398,0.14061684906482697,0.47167593240737915,-0.11421437561511993,0.8629622459411621
969.3032969999999,265283857,1.0,-0.2420748621225357,0.1565612107515335,-0.0015881964936852455,-0.06886958330869675,0.35794293880462646,0.9880248308181763,0.14057670533657074,0.47170811891555786,-0.11418671905994415,0.8629547953605652
969.309315,265289876,1.0,-0.24210737645626068,0.1564951092004776,-0.001586570288054645,-0.06887586414813995,0.3579055070877075,0.9881466031074524,0.14055201411247253,0.47176212072372437,-0.11418936401605606,0.8629289865493774
969.3132979999999,265293858,1.0,-0.24214112758636475,0.15646082162857056,-0.001579680829308927,-0.06884200870990753,0.35784903168678284,0.9881994724273682,0.140532448887825,0.4717841148376465,-0.11416545510292053,0.8629233241081238
969.3192929999999,265299853,1.0,-0.242192342877388,0.15640994906425476,-0.0015666586114093661,-0.06877292692661285,0.3577650189399719,0.988251805305481,0.14050926268100739,0.471804141998291,-0.11411996185779572,0.8629221320152283
969.3253189999999,265305879,1.0,-0.24225746095180511,0.15636621415615082,-0.0015451906947419047,-0.06873558461666107,0.35772445797920227,0.988300621509552,0.14049766957759857,0.47182369232177734,-0.11409793049097061,0.8629162907600403
969.329268,265309829,1.0,-0.24228757619857788,0.1563321053981781,-0.0015379268443211913,-0.06867191940546036,0.3576393127441406,0.9882710576057434,0.14047738909721375,0.4718087911605835,-0.11404874920845032,0.8629342317581177
969.335295,265315856,1.0,-0.24234680831432343,0.1562873274087906,-0.0015213547740131617,-0.0685407966375351,0.3575766980648041,0.9881144762039185,0.14049004018306732,0.4717336893081665,-0.11396674066781998,0.8629840612411499
969.339293,265319854,1.0,-0.24238713085651398,0.15625718235969543,-0.0015087705105543137,-0.06846364587545395,0.3575366139411926,0.9880223870277405,0.14049609005451202,0.4716896414756775,-0.1139177456498146,0.8630136251449585
969.345293,265325854,1.0,-0.24245010316371918,0.15620996057987213,-0.0014862719690427184,-0.06836958974599838,0.3574555218219757,0.9878671169281006,0.14049187302589417,0.47161826491355896,-0.11384756118059158,0.8630625605583191
969.349293,265329854,1.0,-0.24247297644615173,0.15617963671684265,-0.0014673247933387756,-0.06836273521184921,0.3574349284172058,0.9877780675888062,0.1404896080493927,0.471579909324646,-0.11383359879255295,0.8630857467651367
969.353291,265333852,1.0,-0.24251234531402588,0.15615512430667877,-0.0014415676705539227,-0.06832747906446457,0.35735994577407837,0.9876576662063599,0.1404722034931183,0.4715275168418884,-0.11379265040159225,0.8631225824356079
969.3572899999999,265337850,1.0,-0.24255473911762238,0.15612918138504028,-0.0014148784102872014,-0.06829967349767685,0.3572797477245331,0.9875489473342896,0.1404501050710678,0.4714808166027069,-0.11375454068183899,0.8631567358970642
969.359291,265339852,1.0,-0.24257725477218628,0.15611565113067627,-0.001401257119141519,-0.06828907877206802,0.3572401702404022,0.987496554851532,0.14043839275836945,0.4714585542678833,-0.11373716592788696,0.8631730675697327
969.363291,265343852,1.0,-0.2426343858242035,0.1561080813407898,-0.0013586312998086214,-0.06834952533245087,0.35719868540763855,0.987403154373169,0.14041142165660858,0.4714236259460449,-0.11374714225530624,0.8631952404975891
969.369292,265349853,1.0,-0.24271579086780548,0.15608909726142883,-0.001286945422179997,-0.06835915148258209,0.35704922676086426,0.9873616099357605,0.14034658670425415,0.4714104235172272,-0.11371394991874695,0.8632173538208008
969.373294,265353855,1.0,-0.24276863038539886,0.15605592727661133,-0.0012561101466417313,-0.06838130205869675,0.35694563388824463,0.9873547554016113,0.14029674232006073,0.4714118540287018,-0.11369916051626205,0.863226592540741
969.379296,265359857,1.0,-0.2428625375032425,0.15602442622184753,-0.00119392026681453,-0.06839686632156372,0.35674193501472473,0.9874299168586731,0.14020028710365295,0.47145092487335205,-0.11366422474384308,0.863225519657135
