host_timestamp,edge_timestamp,confidence,pos_x,pos_y,pos_z,roll,pitch,yaw,quat_w,quat_x,quat_y,quat_z
236351.0981,33951668,0.7,-0.0010077593615278602,0.0007789686787873507,0.0008182034362107515,1.2943038940429688,1.5645495653152466,0.05211649090051651,0.5733197331428528,-0.41010403633117676,0.41285812854766846,0.5767731666564941
236351.17207899998,34025646,0.35,-0.0008261101902462542,-0.0004198403039481491,-5.68952746107243e-05,1.2839211225509644,1.5648306608200073,0.04218519851565361,0.5734773278236389,-0.41005316376686096,0.4126496911048889,0.5768018960952759
236351.190042,34043610,0.43,-0.0007574366754852235,-0.00021183800708968192,6.492676766356453e-05,1.2768518924713135,1.56491219997406,0.03530644252896309,0.5735304355621338,-0.4100276529788971,0.4125657081604004,0.5768272876739502
236351.194019,34047587,0.43,-0.0007344716577790678,-0.00022179511142894626,4.859331966144964e-05,1.2752963304519653,1.5649133920669556,0.033745452761650085,0.5735276341438293,-0.4100320637226105,0.4125644862651825,0.5768278241157532
236351.208008,34061576,0.43,-0.0006693577161058784,-0.00026671832893043756,-7.959778486110736e-06,1.2755205631256104,1.5649317502975464,0.03393646702170372,0.5735262632369995,-0.41004520654678345,0.41257041692733765,0.5768156051635742
236351.25400999998,34107541,0.76,-0.00043890796951018274,-0.00036951492074877024,-0.0001598339731572196,1.2551348209381104,1.5650427341461182,0.013703040778636932,0.5735639333724976,-0.4100584089756012,0.4124697744846344,0.5768406987190247
236351.25801,34111542,0.76,-0.000428227533120662,-0.0003873425011988729,-0.00017343992658425122,1.2549077272415161,1.5650447607040405,0.013469685800373554,0.5735629796981812,-0.4100610017776489,0.4124707579612732,0.5768390893936157
236351.272016,34125548,0.76,-0.00039045969606377184,-0.00045118332491256297,-0.00022004051425028592,1.249929428100586,1.5650609731674194,0.008482043631374836,0.5735597014427185,-0.41007524728775024,0.41246193647384644,0.5768385529518127
236351.29203699998,34145568,0.22,-0.0003061296883970499,-0.0005496739759109914,-0.0002895848301704973,1.2545355558395386,1.5651918649673462,0.013414331711828709,0.5736698508262634,-0.41000115871429443,0.41234859824180603,0.5768626928329468
236351.30401199998,34157543,0.22,-0.0002435883943689987,-0.0006008899654261768,-0.0003308284794911742,1.251931071281433,1.5652090311050415,0.010808460414409637,0.5736714601516724,-0.4100092947483063,0.41234123706817627,0.5768606066703796
236351.318008,34171540,0.22,-0.0001707415358396247,-0.0006631874130107462,-0.00037955326843075454,1.2483091354370117,1.5652309656143188,0.007182473316788673,0.5736726522445679,-0.41002076864242554,0.41233208775520325,0.5768577456474304
236351.33400899998,34187540,0.77,0.00044542551040649414,-0.0006698466022498906,-0.0005155910621397197,1.2609797716140747,1.5653455257415771,0.020076720044016838,0.5737661123275757,-0.40996047854423523,0.4122638702392578,0.5768564343452454
236351.34801299998,34201544,0.77,0.0011319986078888178,-0.0006389369373209774,-0.0006422485457733274,1.2584781646728516,1.5653578042984009,0.017570702359080315,0.5737658739089966,-0.40996822714805603,0.41225868463516235,0.5768548846244812
236351.36601,34219542,0.77,0.0013777912827208638,-0.0006990935071371496,-0.0007259401027113199,1.2559781074523926,1.5653743743896484,0.015053908340632915,0.5737642049789429,-0.4099804162979126,0.4122562110424042,0.576849639415741
236351.378007,34231539,0.77,0.001005019643343985,-0.0008090490009635687,-0.0007002042257227004,1.2582893371582031,1.5653886795043945,0.01737096533179283,0.5737721920013428,-0.40997815132141113,0.41225504875183105,0.5768441557884216
236351.39603099998,34249562,0.28,0.0011204289039596915,-0.0008716361480765045,-0.0007487615803256631,1.256712555885315,1.5654771327972412,0.015973225235939026,0.5738325119018555,-0.40994757413864136,0.4121827185153961,0.5768575668334961
236351.408015,34261547,0.28,0.0012013522209599614,-0.0009168818942271173,-0.0007827880326658487,1.2548253536224365,1.5655016899108887,0.014064071699976921,0.5738328695297241,-0.4099619388580322,0.41218101978302,0.5768482089042664
236351.426003,34279583,0.28,0.0011462909169495106,-0.0007723399321548641,-0.0006773493951186538,1.2503184080123901,1.565503478050232,0.009549618698656559,0.5738268494606018,-0.40997129678726196,0.4121760427951813,0.5768511295318604
236351.436055,34289635,0.14,0.0011732791317626834,-0.0008391244919039309,-0.0006754493224434555,1.242856740951538,1.5655534267425537,0.002229593228548765,0.5738621950149536,-0.4099520742893219,0.41211381554603577,0.5768740177154541
236351.440019,34293599,0.14,0.001192936091683805,-0.0008595567778684199,-0.000680716591887176,1.2425923347473145,1.565563678741455,0.001970086945220828,0.5738659501075745,-0.40995314717292786,0.4121098816394806,0.5768724083900452
236351.44200799998,34295587,0.14,0.0012029660865664482,-0.0008699173340573907,-0.000683133490383625,1.244603157043457,1.5655696392059326,0.003977594431489706,0.5738691091537476,-0.4099523425102234,0.41211262345314026,0.5768678188323975
236351.44601299998,34299592,0.14,0.0012231870787218213,-0.0008909221505746245,-0.0006880355649627745,1.24662446975708,1.5655778646469116,0.005994031205773354,0.5738726854324341,-0.40995240211486816,0.4121153652667999,0.5768622756004333
236351.450009,34303589,0.14,0.0012435795506462455,-0.0009119026944972575,-0.0006928144139237702,1.245619297027588,1.565584421157837,0.004991419613361359,0.5738739967346191,-0.4099545478820801,0.412111759185791,0.5768620371818542
236351.45200599998,34305585,0.14,0.0012539075687527657,-0.0009224424138665199,-0.0006951723480597138,1.245773196220398,1.5655890703201294,0.005142149515450001,0.573874831199646,-0.4099561870098114,0.41211196780204773,0.5768598914146423
236351.45601999998,34309599,0.14,0.0012747443979606032,-0.0009437069529667497,-0.0006998151657171547,1.2456583976745605,1.5655931234359741,0.005028114654123783,0.5738760232925415,-0.40995699167251587,0.41211074590682983,0.5768589973449707
236351.460013,34313593,0.14,0.0012957085855305195,-0.0009648401755839586,-0.0007038854528218508,1.2439569234848022,1.5655949115753174,0.003333213971927762,0.5738760828971863,-0.40995800495147705,0.412105917930603,0.5768616795539856
236351.46400399998,34317583,0.14,0.0013168163131922483,-0.0009859541896730661,-0.000707749743014574,1.2433360815048218,1.565591812133789,0.0027046718169003725,0.5738729238510132,-0.40996053814888,0.4121078550815582,0.5768616199493408
236351.468043,34321623,0.77,0.0007885399973019958,-0.001294498797506094,-0.0003598431358113885,1.2427639961242676,1.5656119585037231,0.0022265033330768347,0.5738974809646606,-0.4099384546279907,0.4120759069919586,0.5768757462501526
236351.470007,34323587,0.77,0.0007431232370436192,-0.0013312402879819274,-0.00032536202343180776,1.242401123046875,1.5656243562698364,0.0018641614587977529,0.5739007592201233,-0.4099413752555847,0.41207262873649597,0.576872706413269
236351.47400699998,34327586,0.77,0.0006524431519210339,-0.0014049591263756156,-0.0002563708112575114,1.241095781326294,1.565622329711914,0.0005522973951883614,0.5738974809646606,-0.4099448025226593,0.4120729863643646,0.5768733024597168
236351.478007,34331587,0.77,0.0005621028249152005,-0.0014786040410399437,-0.0001872626889962703,1.2404638528823853,1.5656194686889648,-8.613361569587141e-05,0.5738946199417114,-0.409947007894516,0.4120745062828064,0.5768734812736511
236351.482005,34335585,0.77,0.00047199285472743213,-0.0015522278845310211,-0.00011818271013908088,1.240204095840454,1.5656218528747559,-0.00034956177114509046,0.5738942623138428,-0.4099489450454712,0.4120747148990631,0.5768723487854004
236351.484008,34337588,0.77,0.00042692202259786427,-0.0015891909133642912,-8.366282418137416e-05,1.239151954650879,1.5656272172927856,-0.0013997337082400918,0.5738950967788696,-0.4099510610103607,0.41207143664360046,0.5768722891807556
236351.488006,34341586,0.77,0.00039123123860917985,-0.0016372919781133533,-5.003811384085566e-05,1.2403010129928589,1.5656321048736572,-0.0002562611480243504,0.573896586894989,-0.40995198488235474,0.4120737910270691,0.5768685340881348
236351.492003,34345583,0.77,0.0004100884834770113,-0.0016597644425928593,-5.1759096095338464e-05,1.2410968542099,1.5656472444534302,0.0005377740599215031,0.5739014148712158,-0.4099544286727905,0.4120723605155945,0.5768629908561707
236351.494017,34347597,0.77,0.00041958419024012983,-0.0016710691852495074,-5.259799581835978e-05,1.2411302328109741,1.565643548965454,0.0005697298911400139,0.5739001035690308,-0.4099540114402771,0.4120735824108124,0.576863706111908
236351.498003,34351583,0.77,0.0004384649218991399,-0.001693262136541307,-5.414421684690751e-05,1.240838885307312,1.5656485557556152,0.0002698817115742713,0.573899507522583,-0.4099579453468323,0.41207456588745117,0.5768608450889587
236351.500006,34353586,0.77,0.000447950791567564,-0.0017044182168319821,-5.4923595598666e-05,1.2407323122024536,1.565650463104248,0.00015969238302204758,0.5738992094993591,-0.4099595248699188,0.4120750427246094,0.5768596529960632
236351.504008,34357588,0.77,0.0004665437445510179,-0.0017268938245251775,-5.5472519306931645e-05,1.2374958992004395,1.565643310546875,-0.003068582620471716,0.5738953948020935,-0.40996053814888,0.4120693802833557,0.5768668055534363
236351.508006,34361586,0.77,0.0004854699072893709,-0.0017493028426542878,-5.637447611661628e-05,1.2366952896118164,1.5656462907791138,-0.0038754490669816732,0.5738940834999084,-0.40996411442756653,0.4120693802833557,0.5768654942512512
236351.51001099998,34363590,0.77,0.000494945386890322,-0.0017606093315407634,-5.692985359928571e-05,1.2368637323379517,1.5656440258026123,-0.003711734199896455,0.5738926529884338,-0.40996479988098145,0.41207143664360046,0.576865017414093
236351.514011,34367591,0.77,0.0005137562402524054,-0.0017832692246884108,-5.7957931858254597e-05,1.236240029335022,1.5656541585922241,-0.004329954739660025,0.573896050453186,-0.4099661707878113,0.41206687688827515,0.5768638849258423
236351.518012,34371592,0.77,0.0009675546316429973,-0.0015719254733994603,-0.00033602534676901996,1.2372643947601318,1.5656625032424927,-0.0033032523933798075,0.5738999843597412,-0.4099656939506531,0.4120660424232483,0.5768609046936035
236351.520012,34373592,0.77,0.0009768607560545206,-0.001583113451488316,-0.0003365138836670667,1.2374359369277954,1.565657138824463,-0.0031288922764360905,0.5738992691040039,-0.40996354818344116,0.4120665490627289,0.5768628120422363
236351.52401,34377590,0.77,0.0009953513508662581,-0.001605343073606491,-0.0003374845255166292,1.2367805242538452,1.5656646490097046,-0.003789230715483427,0.5738996863365173,-0.40996748208999634,0.4120654761791229,0.5768603086471558
236351.526009,34379589,0.77,0.001004540827125311,-0.0016163907712325454,-0.0003379669215064496,1.2362812757492065,1.5656659603118896,-0.004286876413971186,0.5738998651504517,-0.4099680185317993,0.4120640456676483,0.576860785484314
236351.530003,34383583,0.77,0.0010228250175714493,-0.0016383720794692636,-0.00033892676583491266,1.2349473237991333,1.5656732320785522,-0.005629993509501219,0.5738987326622009,-0.4099741280078888,0.4120631814002991,0.5768582224845886
236351.53400299998,34387582,0.77,0.0010411341208964586,-0.001660383539274335,-0.00033988789073191583,1.233668327331543,1.5656797885894775,-0.006916214246302843,0.5738977789878845,-0.4099794328212738,0.41206201910972595,0.5768561959266663
236351.538048,34391628,0.15,0.0006432425579987466,-0.0014669870724901557,-0.00022311847715172917,1.1318663358688354,1.565470814704895,-0.10863218456506729,0.573752760887146,-0.41007405519485474,0.41191771626472473,0.5770362615585327
236351.542006,34395586,0.15,0.0005944352014921606,-0.0014543663710355759,-0.00020471567404456437,1.1310664415359497,1.5654780864715576,-0.10944008082151413,0.5737526416778564,-0.4100789427757263,0.41191741824150085,0.5770331025123596
236351.54400599998,34397585,0.15,0.0005697160959243774,-0.0014479090459644794,-0.0001953200699063018,1.1293288469314575,1.5654774904251099,-0.11117827892303467,0.5737507343292236,-0.4100818634033203,0.4119148552417755,0.5770347714424133
236351.54800799998,34401587,0.15,0.0005199232837185264,-0.0014352671569213271,-0.00017625870532356203,1.1273388862609863,1.565475344657898,-0.11317113786935806,0.5737476348876953,-0.4100855886936188,0.4119127690792084,0.5770366787910461
236351.55000699998,34403586,0.15,0.0004949210560880601,-0.0014289380051195621,-0.00016665858856868,1.127240538597107,1.5654748678207397,-0.11327367275953293,0.5737465023994446,-0.41008689999580383,0.4119139015674591,0.5770360231399536
236351.55400499998,34407584,0.15,0.00044482905650511384,-0.0014162127627059817,-0.00014732242561876774,1.1257617473602295,1.5654817819595337,-0.114750437438488,0.5737477540969849,-0.4100899398326874,0.41190969944000244,0.577035665512085
236351.55800599998,34411585,0.15,0.00039446938899345696,-0.0014033056795597076,-0.00012750127643812448,1.1269588470458984,1.5654832124710083,-0.11354643851518631,0.5737506747245789,-0.4100862145423889,0.41190946102142334,0.5770356059074402
236351.560003,34413583,0.15,0.0003692303434945643,-0.0013967878185212612,-0.00011749903205782175,1.1270174980163574,1.565486192703247,-0.11349046975374222,0.5737511515617371,-0.4100874066352844,0.4119097888469696,0.577034056186676
236351.564002,34417582,0.15,0.00031868729274719954,-0.0013837195001542568,-9.74196518654935e-05,1.1250064373016357,1.5654963254928589,-0.1155044287443161,0.5737518072128296,-0.4100932776927948,0.4119056165218353,0.5770321488380432
236351.566004,34419584,0.15,0.00029338584863580763,-0.0013771787052974105,-8.73651442816481e-05,1.1241443157196045,1.565501093864441,-0.11636806279420853,0.573752224445343,-0.4100959300994873,0.41190382838249207,0.5770311951637268
236351.57000399998,34423583,0.15,0.00024310352455358952,-0.0013638341333717108,-6.719639350194484e-05,1.1265242099761963,1.565506100654602,-0.11398684978485107,0.573756217956543,-0.4100925326347351,0.4119064509868622,0.5770277380943298
236351.574023,34427603,0.18,-0.00362599384970963,0.000645255611743778,0.0009694298496469855,1.0342479944229126,1.5652283430099487,-0.20625919103622437,0.5735902786254883,-0.4102063477039337,0.411790132522583,0.5771948099136353
236351.576004,34429584,0.18,-0.004046430811285973,0.0008727502427063882,0.0010628652526065707,1.033983588218689,1.5652369260787964,-0.20652298629283905,0.5735929608345032,-0.4102078378200531,0.4117882549762726,0.5771924257278442
236351.580004,34433584,0.18,-0.0048884558491408825,0.0013282706495374441,0.0012501029996201396,1.0331494808197021,1.5652347803115845,-0.20736505091190338,0.5735899806022644,-0.41021135449409485,0.4117893576622009,0.5771921277046204
236351.584002,34437582,0.18,-0.005730889737606049,0.0017839405918493867,0.0014377320185303688,1.0311518907546997,1.5652360916137695,-0.20935802161693573,0.5735898017883301,-0.41021379828453064,0.41178423166275024,0.5771942138671875
236351.58600399998,34439583,0.18,-0.0061523462645709515,0.0020118795800954103,0.0015317469369620085,1.030499815940857,1.5652387142181396,-0.21001222729682922,0.5735896825790405,-0.41021597385406494,0.4117833077907562,0.5771934390068054
236351.59000899998,34443588,0.18,-0.00661683501675725,0.002257657703012228,0.0016383329639211297,1.0283783674240112,1.5652412176132202,-0.21213656663894653,0.5735882520675659,-0.4102209806442261,0.4117799401283264,0.5771936774253845
236351.59400699998,34447586,0.18,-0.007460963446646929,0.002713871421292424,0.0018268985440954566,1.028918981552124,1.565237045288086,-0.21159423887729645,0.5735876560211182,-0.4102189242839813,0.41178104281425476,0.5771949291229248
236351.596005,34449585,0.18,-0.007883161306381226,0.002941987244412303,0.0019214178901165724,1.0281902551651,1.565239667892456,-0.21233132481575012,0.5735862255096436,-0.41022300720214844,0.41178175806999207,0.5771929621696472
236351.600011,34453591,0.18,-0.008349284529685974,0.003188575617969036,0.0020283714402467012,1.0271713733673096,1.5652409791946411,-0.21334436535835266,0.5735870599746704,-0.4102233648300171,0.411778062582016,0.5771945118904114
236351.602009,34455589,0.18,-0.008771705441176891,0.0034169056452810764,0.0021228555124253035,1.0259774923324585,1.5652391910552979,-0.21454191207885742,0.573584794998169,-0.41022631525993347,0.41177719831466675,0.5771952867507935
236351.606007,34459587,0.18,-0.009238066151738167,0.003663794370368123,0.0022303059231489897,1.0257173776626587,1.5652506351470947,-0.21480052173137665,0.5735886096954346,-0.4102279841899872,0.41177472472190857,0.5771920680999756
236351.61000999997,34463589,0.68,-0.00580332288518548,0.0019276365637779236,0.0012649226700887084,0.986197829246521,1.5650739669799805,-0.25431859493255615,0.5735012888908386,-0.410276859998703,0.4117247462272644,0.5772797465324402
236351.61200899997,34465588,0.68,-0.005798929836601019,0.0019459249451756477,0.001250076456926763,0.9865239262580872,1.5650749206542969,-0.2539983093738556,0.5735006928443909,-0.4102780520915985,0.4117269217967987,0.5772779583930969
236351.61601199998,34469591,0.68,-0.00579058937728405,0.0019823857583105564,0.0012204714585095644,0.9856080412864685,1.5650867223739624,-0.2549062967300415,0.5735055208206177,-0.4102790057659149,0.41172143816947937,0.577276349067688
236351.62000499998,34473584,0.68,-0.005782207474112511,0.0020191865041851997,0.0011910047614946961,0.9837659597396851,1.5650945901870728,-0.25675565004348755,0.5735053420066833,-0.4102855920791626,0.41171905398368835,0.5772736072540283
236351.624002,34477582,0.68,-0.005774225573986769,0.00205603358335793,0.0011612992966547608,0.9823440313339233,1.5650837421417236,-0.258182555437088,0.5734996795654297,-0.4102883040904999,0.4117191731929779,0.5772771835327148
236351.62600699998,34479586,0.68,-0.0057702986523509026,0.002074599266052246,0.001146680093370378,0.9805021286010742,1.5650917291641235,-0.26002174615859985,0.5735015869140625,-0.41029199957847595,0.4117138981819153,0.5772764086723328
236351.630009,34483589,0.68,-0.00576257286593318,0.0021120093297213316,0.0011172915110364556,0.9781491756439209,1.5650925636291504,-0.26237964630126953,0.5734991431236267,-0.4102979898452759,0.4117107689380646,0.5772768259048462
236351.63200699998,34485586,0.68,-0.005800856277346611,0.0021310755982995033,0.001126827672123909,0.9769195914268494,1.56509530544281,-0.2636106312274933,0.5734989047050476,-0.4103010594844818,0.4117085337638855,0.5772764682769775
236351.636014,34489654,0.68,-0.00579413864761591,0.002169247716665268,0.0010979131329804659,0.976373553276062,1.5650956630706787,-0.26415321230888367,0.5734993815422058,-0.410301148891449,0.41170644760131836,0.577277421951294
236351.640004,34493644,0.68,-0.0058716363273561,0.0022079721093177795,0.0011177333071827888,0.9762157201766968,1.5651048421859741,-0.26430779695510864,0.5735029578208923,-0.4103016257286072,0.41170409321784973,0.5772752165794373
236351.642028,34495668,0.47,-0.005774200428277254,0.0021766233257949352,0.0010958886705338955,0.9721855521202087,1.5650182962417603,-0.26834964752197266,0.5734689235687256,-0.4103020131587982,0.41171035170555115,0.5773042440414429
236351.646007,34499647,0.47,-0.005632417742162943,0.0021248329430818558,0.0010731497313827276,0.9723135828971863,1.565028190612793,-0.2682224214076996,0.5734722018241882,-0.4103032052516937,0.41170960664749146,0.5773007273674011
236351.64800999998,34501649,0.47,-0.0055616176687181,0.0020992448553442955,0.0010621300898492336,0.9741801023483276,1.5650233030319214,-0.26635128259658813,0.5734728574752808,-0.410297691822052,0.4117124676704407,0.5773019790649414
236351.65201,34505650,0.47,-0.005420095287263393,0.002048004884272814,0.0010400076862424612,0.9740238785743713,1.5650320053100586,-0.266512393951416,0.5734745860099792,-0.41030049324035645,0.41171249747276306,0.5772981643676758
236351.656012,34509652,0.47,-0.005278755445033312,0.0019970806315541267,0.00101811985950917,0.9728313684463501,1.5650321245193481,-0.2676994502544403,0.5734749436378479,-0.41030120849609375,0.41170865297317505,0.5773001313209534
236351.658011,34511651,0.47,-0.005208155605942011,0.0019716937094926834,0.0010072524892166257,0.9732903242111206,1.5650314092636108,-0.26724380254745483,0.5734743475914001,-0.41030120849609375,0.41171056032180786,0.5772993564605713
236351.662018,34515658,0.47,-0.00506706302985549,0.0019208071753382683,0.0009853097144514322,0.9694617390632629,1.5650280714035034,-0.2710731029510498,0.573470413684845,-0.410308301448822,0.41170382499694824,0.5773029923439026
236351.664008,34517648,0.47,-0.0050920145586133,0.0019348424393683672,0.000992952031083405,0.9678477048873901,1.5650266408920288,-0.27268853783607483,0.5734685063362122,-0.41031163930892944,0.4117013216018677,0.5773043036460876
236351.668013,34521653,0.47,-0.004854903090745211,0.001845028018578887,0.0009526501526124775,0.9691970944404602,1.5650246143341064,-0.27133217453956604,0.5734702348709106,-0.41030681133270264,0.41170215606689453,0.5773054361343384
236351.67201699998,34525656,0.47,-0.0048088738694787025,0.001834228285588324,0.0009496502461843193,0.96805739402771,1.565029501914978,-0.27248039841651917,0.5734692811965942,-0.4103120267391205,0.41170182824134827,0.577302873134613
236351.674011,34527651,0.47,-0.0048337518237531185,0.001848746556788683,0.0009575192234478891,0.9678625464439392,1.5650310516357422,-0.2726767063140869,0.5734694004058838,-0.4103130102157593,0.41170167922973633,0.5773022174835205
236351.67807999998,34531719,0.45,-0.00483321538195014,0.0018482012674212456,0.0009721487876959145,0.975395143032074,1.5650129318237305,-0.2651507258415222,0.5734672546386719,-0.41029825806617737,0.4117202162742615,0.577301561832428
236351.68202399998,34535663,0.45,-0.00476382439956069,0.001822403515689075,0.0009705561678856611,0.975264310836792,1.56501305103302,-0.2652806341648102,0.5734674334526062,-0.41029828786849976,0.4117196798324585,0.5773018002510071
236351.686021,34539661,0.45,-0.004694782197475433,0.001796774216927588,0.0009691437589935958,0.9744214415550232,1.565020203590393,-0.26612064242362976,0.5734697580337524,-0.41029995679855347,0.41171637177467346,0.5773006081581116
236351.690011,34543651,0.45,-0.004625890403985977,0.0017711983527988195,0.0009680729126557708,0.9759494066238403,1.565020203590393,-0.26459503173828125,0.5734703540802002,-0.410297691822052,0.4117199778556824,0.5772990584373474
236351.69400599998,34547645,0.45,-0.004556816536933184,0.0017457555513828993,0.0009671815787442029,0.9760221838951111,1.5650243759155273,-0.26452526450157166,0.573471188545227,-0.4102989435195923,0.4117204546928406,0.577297031879425
236351.69800399998,34551643,0.45,-0.004591311328113079,0.0017681019380688667,0.000981769640929997,0.9766652584075928,1.5650264024734497,-0.26388081908226013,0.5734725594520569,-0.41029757261276245,0.41172105073928833,0.5772961974143982
236351.70200699999,34555647,0.45,-0.004418722353875637,0.0016954690217971802,0.0009659142233431339,0.9743518233299255,1.5650262832641602,-0.26619672775268555,0.573470413684845,-0.41030269861221313,0.41171732544898987,0.5772973299026489
236351.70601199998,34559651,0.45,-0.00435002101585269,0.0016708149341866374,0.0009654714958742261,0.9736378788948059,1.565027117729187,-0.2669171392917633,0.5734688639640808,-0.41030603647232056,0.4117177128791809,0.577296257019043
236351.710004,34563644,0.45,-0.004332995042204857,0.0016700030537322164,0.0009728427394293249,0.9707908630371094,1.5650299787521362,-0.2697640657424927,0.5734677910804749,-0.4103117883205414,0.4117119014263153,0.5772973299026489
236351.71200899998,34565648,0.45,-0.0043504140339791775,0.0016815357375890017,0.0009803842986002564,0.9699337482452393,1.565025806427002,-0.27061915397644043,0.5734662413597107,-0.41031235456466675,0.4117102026939392,0.5772997140884399
236351.71600699998,34569646,0.7,-0.004196429159492254,0.0016157157951965928,0.0009657296468503773,0.9937990307807922,1.5650146007537842,-0.24676531553268433,0.5734773874282837,-0.4102686643600464,0.41176044940948486,0.5772837996482849
236351.720004,34573644,0.7,-0.004029376432299614,0.0015439846320077777,0.0009492438402958214,0.993885338306427,1.5650205612182617,-0.2466743439435959,0.5734804272651672,-0.4102679491043091,0.41175851225852966,0.577282726764679
236351.724004,34577644,0.7,-0.003862238023430109,0.0014722865307703614,0.0009328486048616469,0.9923554062843323,1.5650259256362915,-0.24820414185523987,0.5734810829162598,-0.4102714955806732,0.41175487637519836,0.577282190322876
236351.72600599998,34579645,0.7,-0.0037785510066896677,0.0014364063972607255,0.0009246995905414224,0.9940290451049805,1.5650252103805542,-0.24653644859790802,0.5734808444976807,-0.41026991605758667,0.4117598533630371,0.5772799253463745
236351.73000299998,34583642,0.7,-0.0036988903302699327,0.001405548769980669,0.0009221119689755142,0.9933966398239136,1.5650365352630615,-0.24716529250144958,0.5734848380088806,-0.4102715849876404,0.4117561876773834,0.577277421951294
236351.73400599998,34587645,0.7,-0.0034432243555784225,0.0012920427834615111,0.000892237585503608,0.9925486445426941,1.5650264024734497,-0.24801935255527496,0.5734796524047852,-0.41027361154556274,0.41175761818885803,0.5772801041603088
236351.736017,34589657,0.7,-0.003359442111104727,0.0012558667222037911,0.0008842003880999982,0.9924739003181458,1.5650309324264526,-0.24809561669826508,0.5734807252883911,-0.41027477383613586,0.41175732016563416,0.5772783756256104
236351.740004,34593644,0.7,-0.0031915719155222178,0.001183360698632896,0.0008679614402353764,0.9914100766181946,1.5650402307510376,-0.24916552007198334,0.5734817981719971,-0.4102797508239746,0.41175585985183716,0.5772748589515686
236351.744002,34597642,0.7,-0.0030235201120376587,0.0011111131170764565,0.0008517841342836618,0.9900662899017334,1.5650385618209839,-0.25051119923591614,0.5734798312187195,-0.4102826416492462,0.4117540717124939,0.5772759914398193
236351.746004,34599644,0.7,-0.0030270954594016075,0.0011162146693095565,0.0008574782405048609,0.9888325929641724,1.565039873123169,-0.2517462968826294,0.5734790563583374,-0.4102855622768402,0.41175195574760437,0.5772762298583984
236351.750026,34603666,0.64,-0.0029375215526670218,0.0010813861154019833,0.0008510207990184426,1.0148203372955322,1.5650533437728882,-0.2257779836654663,0.5734992027282715,-0.4102439284324646,0.41180479526519775,0.5772481560707092
236351.754005,34607645,0.64,-0.0028009656816720963,0.0010245249141007662,0.0008342306246049702,1.013388991355896,1.5650453567504883,-0.22721467912197113,0.5734943747520447,-0.4102470576763153,0.411804735660553,0.5772507786750793
236351.758007,34611647,0.64,-0.0026641101576387882,0.0009674369939602911,0.0008176739211194217,1.0126211643218994,1.5650460720062256,-0.2279897779226303,0.5734925270080566,-0.4102506935596466,0.41180527210235596,0.5772496461868286
236351.76000699998,34613646,0.64,-0.0026579126715660095,0.0009679310605861247,0.0008216242422349751,1.0123326778411865,1.5650447607040405,-0.2282797247171402,0.5734915137290955,-0.4102514684200287,0.41180530190467834,0.5772500038146973
236351.764004,34617644,0.64,-0.0025829938240349293,0.0009401410934515297,0.0008171785739250481,1.0128179788589478,1.565045952796936,-0.22779007256031036,0.5734931826591492,-0.4102494716644287,0.41180482506752014,0.5772501230239868
236351.768006,34621646,0.64,-0.0023831084836274385,0.0008536013192497194,0.0007882409263402224,1.012775182723999,1.5650646686553955,-0.22782914340496063,0.5735000371932983,-0.41025102138519287,0.41180115938186646,0.5772448182106018
236351.770005,34623645,0.64,-0.0023142644204199314,0.0008248118101619184,0.0007798641454428434,1.0129196643829346,1.5650674104690552,-0.22768406569957733,0.5735011696815491,-0.4102509319782257,0.41180089116096497,0.5772439241409302
236351.77400499998,34627645,0.64,-0.002176410285755992,0.0007674492662772536,0.000763143238145858,1.0138226747512817,1.5650725364685059,-0.2267797887325287,0.573503851890564,-0.41024959087371826,0.4118015170097351,0.577241837978363
236351.77800299998,34631643,0.64,-0.0020380038768053055,0.000710116873960942,0.000746414705645293,1.0121049880981445,1.5650765895843506,-0.2284954935312271,0.5735042691230774,-0.41025277972221375,0.4117971956729889,0.5772422552108765
236351.78000499998,34633644,0.64,-0.0020309570245444775,0.0007105723489075899,0.0007502858643420041,1.0114189386367798,1.565078854560852,-0.2291787564754486,0.5735050439834595,-0.4102535843849182,0.4117947816848755,0.5772425532341003
236351.784004,34637644,0.51,-0.0016722753643989563,0.0005528740584850311,0.0006789225735701621,1.0378810167312622,1.5650999546051025,-0.20271630585193634,0.5735329985618591,-0.4102073013782501,0.41184085607528687,0.5772148370742798
236351.788004,34641644,0.51,-0.0015242579393088818,0.0004931504954583943,0.0006532640545628965,1.0360567569732666,1.565098762512207,-0.20454132556915283,0.5735309720039368,-0.4102107286453247,0.4118378758430481,0.5772165060043335
236351.790014,34643654,0.51,-0.0014500360703095794,0.00046322611160576344,0.0006405021995306015,1.035412073135376,1.5651018619537354,-0.20518535375595093,0.5735316276550293,-0.4102121591567993,0.41183605790138245,0.5772162079811096
236351.794004,34647644,0.51,-0.0013015973381698132,0.000403478741645813,0.0006148831453174353,1.0350409746170044,1.5651023387908936,-0.20555976033210754,0.5735307931900024,-0.4102139174938202,0.41183626651763916,0.5772156119346619
236351.79600499998,34649644,0.51,-0.0012861208524554968,0.00040044644265435636,0.00061694165924564,1.0346893072128296,1.5651057958602905,-0.20591291785240173,0.5735312700271606,-0.41021546721458435,0.41183555126190186,0.5772144794464111
236351.800008,34653648,0.51,-0.0011371095897629857,0.0003406406904105097,0.0005911063053645194,1.0316330194473267,1.5650994777679443,-0.2089652419090271,0.5735275745391846,-0.4102190434932709,0.4118296802043915,0.5772198438644409
236351.80400899998,34657649,0.51,-0.0009874278912320733,0.0002806507109198719,0.0005652410909533501,1.0298402309417725,1.565116286277771,-0.2107614278793335,0.573530912399292,-0.4102257192134857,0.4118249714374542,0.5772151947021484
236351.80601099998,34659650,0.51,-0.0009125249926000834,0.00025057391030713916,0.0005523338331840932,1.030128002166748,1.5651053190231323,-0.21046572923660278,0.5735291838645935,-0.4102213680744171,0.4118247926235199,0.57722008228302
236351.81000899998,34663648,0.51,-0.0007624763529747725,0.00019042083295062184,0.0005261327023617923,1.0303294658660889,1.5651131868362427,-0.21027439832687378,0.573529839515686,-0.4102250039577484,0.4118269383907318,0.577215313911438
236351.814012,34667652,0.51,-0.0006710184970870614,0.00015733072359580547,0.000514710322022438,1.0282156467437744,1.5651156902313232,-0.21239787340164185,0.5735269784927368,-0.4102320373058319,0.4118254780769348,0.577214241027832
236351.818022,34671662,0.76,-0.0007389498059637845,0.00019813491962850094,0.0005321376374922693,1.053635597229004,1.565137267112732,-0.1869535893201828,0.5735597610473633,-0.4101816415786743,0.41186192631721497,0.5771914124488831
236351.820006,34673646,0.76,-0.000686339451931417,0.00017840733926277608,0.0005216558929532766,1.0531878471374512,1.5651328563690186,-0.18740276992321014,0.5735576748847961,-0.4101822078227997,0.41186216473579407,0.5771929621696472
236351.824005,34677645,0.76,-0.0005810215952806175,0.00013882970961276442,0.0005006190040148795,1.0511540174484253,1.5651357173919678,-0.1894284188747406,0.5735585689544678,-0.41018396615982056,0.41185569763183594,0.577195405960083
236351.82801599998,34681656,0.76,-0.0004751291999127716,9.914940892485902e-05,0.00047931057633832097,1.051755428314209,1.5651392936706543,-0.18883244693279266,0.5735591650009155,-0.41018497943878174,0.41185781359672546,0.5771926641464233
236351.832011,34685651,0.76,-0.00043205442489124835,8.823475218378007e-05,0.0004790552775375545,1.0518250465393066,1.5651389360427856,-0.18876567482948303,0.5735584497451782,-0.4101856052875519,0.41185882687568665,0.5771921277046204
236351.83601499998,34689654,0.76,-0.0002930183836724609,3.322203701827675e-05,0.00044769159285351634,1.0472936630249023,1.5651581287384033,-0.19330842792987823,0.5735585689544678,-0.41019997000694275,0.41185104846954346,0.5771874189376831
236351.84001299998,34693613,0.76,-0.00018579531752038747,-7.247507255669916e-06,0.00042667449451982975,1.0460065603256226,1.5651582479476929,-0.1945919394493103,0.5735582709312439,-0.4102012813091278,0.41184768080711365,0.5771891474723816
236351.84401499998,34697615,0.76,-7.820851897122338e-05,-4.768070357386023e-05,0.0004057944752275944,1.0454189777374268,1.5651556253433228,-0.19518868625164032,0.573555052280426,-0.41020458936691284,0.41184958815574646,0.5771886110305786
236351.850022,34703623,0.76,8.379901555599645e-05,-0.00010863844363484532,0.00037432118551805615,1.045154094696045,1.565158724784851,-0.19544948637485504,0.573556661605835,-0.41020435094833374,0.4118475019931793,0.5771886706352234
236351.85404399998,34707644,0.76,0.00012963720655534416,-0.00012081438035238534,0.0003743478446267545,1.044400930404663,1.5651702880859375,-0.19621196389198303,0.5735579133033752,-0.41021010279655457,0.4118471145629883,0.5771836638450623
236351.860035,34713636,0.74,0.0002404447877779603,-0.0001587515143910423,0.0003539733006618917,1.0548820495605469,1.5651766061782837,-0.18571627140045166,0.5735716223716736,-0.41018790006637573,0.41186097264289856,0.5771759152412415
236351.866009,34719610,0.74,0.00032344841747544706,-0.00018373559578321874,0.00034673139452934265,1.058333396911621,1.565184473991394,-0.18225273489952087,0.5735795497894287,-0.41017934679985046,0.4118625223636627,0.5771730542182922
236351.872011,34725612,0.74,0.0004473119042813778,-0.0002272099518449977,0.0003188153204973787,1.0536593198776245,1.5651808977127075,-0.18694345653057098,0.5735710263252258,-0.41019201278686523,0.411859393119812,0.5771746635437012
236351.87600699998,34729607,0.74,0.0005171995144337416,-0.00025001386529766023,0.0003072782710660249,1.0521554946899414,1.5651917457580566,-0.18845409154891968,0.5735718607902527,-0.41019830107688904,0.4118570387363434,0.5771710872650146
236351.880013,34733614,0.74,0.0005879303207620978,-0.00027333528851158917,0.00029578860267065465,1.0515732765197754,1.565185785293579,-0.1890336126089096,0.5735700130462646,-0.4101976752281189,0.411856085062027,0.5771740078926086
236351.884013,34737614,0.74,0.000659117242321372,-0.000297049293294549,0.0002841617097146809,1.0507171154022217,1.5651936531066895,-0.18989606201648712,0.5735705494880676,-0.4102022051811218,0.41185519099235535,0.5771709084510803
236351.88800799998,34741608,0.74,0.0007209099130704999,-0.00031603261595591903,0.0002780487993732095,1.049564242362976,1.5651967525482178,-0.1910441666841507,0.5735715627670288,-0.41020339727401733,0.41185131669044495,0.5771718621253967
236351.892003,34745604,0.72,0.0007812745752744377,-0.00033557560527697206,0.00025675955112092197,1.0762792825698853,1.5652399063110352,-0.16429278254508972,0.5736154317855835,-0.4101518392562866,0.4118820130825043,0.5771430134773254
236351.894007,34747608,0.72,0.0008129745256155729,-0.0003460136940702796,0.00024652970023453236,1.076046109199524,1.5652437210083008,-0.16452376544475555,0.5736169219017029,-0.4101521968841553,0.41188034415245056,0.5771424174308777
236351.89801099998,34751611,0.72,0.0008669364615343511,-0.00036146698403172195,0.00024294581089634448,1.0760784149169922,1.5652529001235962,-0.16449011862277985,0.5736201405525208,-0.41015318036079407,0.4118785858154297,0.5771397948265076
236351.90200799998,34755608,0.72,0.0009358442621305585,-0.0003843762679025531,0.00021365359134506434,1.074649691581726,1.5652437210083008,-0.16592960059642792,0.5736137628555298,-0.41015738248825073,0.41188058257102966,0.5771417021751404
236351.90600599998,34759606,0.72,0.0010001609334722161,-0.0004049843701068312,0.000193067331565544,1.0746480226516724,1.5652503967285156,-0.1659284234046936,0.5736164450645447,-0.41015762090682983,0.4118787348270416,0.5771401524543762
236351.90800499998,34761605,0.72,0.001032453728839755,-0.00041529638110660017,0.00018273829482495785,1.0731509923934937,1.5652480125427246,-0.16742469370365143,0.5736145973205566,-0.4101596772670746,0.41187626123428345,0.5771423578262329
236351.912006,34765607,0.72,0.001097311032935977,-0.00043618030031211674,0.00016228744061663747,1.0733470916748047,1.565247893333435,-0.16722722351551056,0.5736150145530701,-0.4101589024066925,0.41187620162963867,0.5771425366401672
236351.916015,34769616,0.72,0.0011623988393694162,-0.00045721186324954033,0.00014204512990545481,1.0717589855194092,1.5652482509613037,-0.16881956160068512,0.5736128687858582,-0.41016295552253723,0.41187456250190735,0.5771428942680359
236351.918006,34771607,0.72,0.0011948923347517848,-0.0004677585675381124,0.00013204329297877848,1.0705673694610596,1.565256118774414,-0.17000916600227356,0.5736148357391357,-0.4101657271385193,0.41187065839767456,0.5771418213844299
236351.922058,34775659,0.28,0.001260122749954462,-0.0005102583090774715,7.911849388619885e-05,1.0998400449752808,1.565335988998413,-0.14060884714126587,0.5736919045448303,-0.41009068489074707,0.41187232732772827,0.5771173238754272
236351.926013,34779614,0.28,0.0013035230804234743,-0.0005578105337917805,4.399653698783368e-05,1.0979887247085571,1.5653339624404907,-0.1424601972103119,0.5736896395683289,-0.4100935757160187,0.41186949610710144,0.5771195888519287
236351.930005,34783606,0.28,0.0013528757262974977,-0.0005918623646721244,2.2609396182815544e-05,1.096981406211853,1.565341591835022,-0.1434648483991623,0.5736916661262512,-0.410095751285553,0.411865770816803,0.5771186351776123
236351.93200899998,34785609,0.28,0.0013802351895719767,-0.0006020717555657029,1.88338690350065e-05,1.096323013305664,1.565344214439392,-0.14412248134613037,0.5736920833587646,-0.4100970923900604,0.4118640124797821,0.5771185159683228
236351.93602199998,34789622,0.28,0.0014150873757898808,-0.0006782499840483069,-4.392005575937219e-05,1.0972280502319336,1.5653481483459473,-0.14322681725025177,0.5736922025680542,-0.4100988805294037,0.41186758875846863,0.5771145820617676
236351.940015,34793616,0.28,0.0014602802693843842,-0.0007267100736498833,-7.901572098489851e-05,1.0969884395599365,1.5653420686721802,-0.14346478879451752,0.5736904144287109,-0.4100978374481201,0.4118677079677582,0.5771170854568481
236351.944008,34797609,0.28,0.0015062758466228843,-0.0007752492092549801,-0.00011429201549617574,1.0952218770980835,1.5653520822525024,-0.14522992074489594,0.5736923217773438,-0.41010206937789917,0.41186264157295227,0.5771157741546631
236351.94604399998,34799644,0.28,0.0015300539089366794,-0.0007997820503078401,-0.0001320525916526094,1.095708966255188,1.5653495788574219,-0.14474529027938843,0.5736914277076721,-0.4101015329360962,0.41186460852622986,0.5771155953407288
236351.950017,34803618,0.28,0.0015763298142701387,-0.0008485594880767167,-0.00016724765009712428,1.0946552753448486,1.565356731414795,-0.14579865336418152,0.573692798614502,-0.4101043939590454,0.4118615388870239,0.5771144032478333
236351.954011,34807612,0.28,0.0016231861663982272,-0.0008975238306447864,-0.0002024850546149537,1.0946787595748901,1.5653502941131592,-0.14578106999397278,0.5736895799636841,-0.41010501980781555,0.411864310503006,0.5771151781082153
236351.95801499998,34811615,0.28,0.0016806342173367739,-0.000919054145924747,-0.0002101006539305672,1.0945382118225098,1.5653564929962158,-0.14592745900154114,0.5736901760101318,-0.41010797023773193,0.4118647873401642,0.5771121382713318
236351.96202099998,34815622,0.28,0.0017383542144671082,-0.0009403526782989502,-0.00021772718173451722,1.096179723739624,1.565360426902771,-0.14428792893886566,0.5736925005912781,-0.410106360912323,0.41186749935150146,0.5771090388298035
236351.96800999998,34821610,0.28,0.0018255289178341627,-0.0009727736469358206,-0.00022945826640352607,1.093002200126648,1.5653570890426636,-0.14746776223182678,0.5736882090568542,-0.4101119339466095,0.4118632674217224,0.5771123766899109
236351.972017,34825618,0.28,0.0018842600984498858,-0.0009948835941031575,-0.00023737287847325206,1.0924937725067139,1.5653631687164307,-0.14797398447990417,0.5736901164054871,-0.4101131558418274,0.41186076402664185,0.5771114230155945
236351.97600999998,34829610,0.28,0.0019294843077659607,-0.0010059793712571263,-0.00021632046264130622,1.090881586074829,1.565365195274353,-0.14958462119102478,0.5736896395683289,-0.4101158082485199,0.4118572771549225,0.5771124958992004
236351.982036,34835637,0.28,0.002017201390117407,-0.0010390530806034803,-0.00022810099471826106,1.0898367166519165,1.5653709173202515,-0.15063735842704773,0.5736889243125916,-0.41012075543403625,0.41185683012008667,0.5771099925041199
236351.98601,34839611,0.28,0.0020744665525853634,-0.0010606447467580438,-0.00023579175467602909,1.0887686014175415,1.5653719902038574,-0.15170539915561676,0.5736883282661438,-0.41012272238731384,0.4118548035621643,0.5771105885505676
236351.992007,34845608,0.28,0.002160107484087348,-0.0010929356794804335,-0.0002472934720572084,1.0882093906402588,1.565364956855774,-0.15226656198501587,0.5736852288246155,-0.41012313961982727,0.411855548620224,0.5771129131317139
236351.998016,34851617,0.28,0.0021685410756617785,-0.0011766335228458047,-0.00026987335877493024,1.113592267036438,1.5654752254486084,-0.1266907900571823,0.5737819075584412,-0.41004279255867004,0.4118250012397766,0.577095627784729
236352.00602499998,34859625,0.28,0.0022617848590016365,-0.0012377520324662328,-0.00028977563488297164,1.1151232719421387,1.5654906034469604,-0.12517189979553223,0.5737856030464172,-0.4100463092327118,0.4118284285068512,0.5770870447158813
236352.012016,34865617,0.28,0.002332372358068824,-0.0012836020905524492,-0.0003041202144231647,1.1164666414260864,1.565502643585205,-0.12382882833480835,0.5737904906272888,-0.410046249628067,0.4118287265300751,0.5770820379257202
236352.020024,34873625,0.28,0.0016791614471003413,-0.0017495447536930442,-0.0004280043940525502,1.1180535554885864,1.5655121803283691,-0.12224750965833664,0.5737937092781067,-0.41004684567451477,0.4118313193321228,0.5770764946937561
236352.02803699998,34881637,0.28,0.0017726386431604624,-0.0018097495194524527,-0.0004468899278435856,1.1146900653839111,1.5655139684677124,-0.12560763955116272,0.5737919807434082,-0.41005170345306396,0.4118245244026184,0.5770796537399292
236352.036019,34889620,0.27,0.0018021638970822096,-0.0019183900440111756,-0.00046446893247775733,1.1385085582733154,1.5656057596206665,-0.10163183510303497,0.5738741755485535,-0.4099835455417633,0.4118022620677948,0.57706218957901
236352.04402899998,34897629,0.27,0.00187406234908849,-0.001997624058276415,-0.0004831455589737743,1.1371515989303589,1.5656180381774902,-0.10298731923103333,0.5738770961761475,-0.4099874496459961,0.41179755330085754,0.5770599246025085
236352.052011,34905609,0.27,0.001946382224559784,-0.002077742712572217,-0.0005009511369280517,1.1348719596862793,1.565630316734314,-0.10527236014604568,0.5738776922225952,-0.40999478101730347,0.4117933511734009,0.5770571231842041
236352.05800999998,34911607,0.27,0.0020009970758110285,-0.002139026764780283,-0.0005140232387930155,1.1382163763046265,1.5656352043151855,-0.10192561149597168,0.5738826990127563,-0.4099896550178528,0.4117971360683441,0.5770530700683594
236352.068033,34921631,0.73,0.0012654466554522514,-0.002672405680641532,-0.0005090477643534541,1.1445136070251465,1.5656758546829224,-0.09556814283132553,0.5739132761955261,-0.4099695384502411,0.4117826223373413,0.5770473480224609
236352.07605499998,34929652,0.73,0.0010364186018705368,-0.002804448828101158,-0.0005052076303400099,1.1417778730392456,1.5656776428222656,-0.09831100702285767,0.5739098787307739,-0.40997621417045593,0.41178008913993835,0.5770477652549744
236352.082026,34935624,0.73,0.0008649616502225399,-0.0029033045284450054,-0.0005019663949497044,1.1408318281173706,1.565670371055603,-0.09925909340381622,0.5739063620567322,-0.409976989030838,0.411780446767807,0.5770504474639893
236352.088016,34941614,0.73,0.0007686180179007351,-0.0029877792112529278,-0.0005035537178628147,1.1396533250808716,1.5656805038452148,-0.10044121742248535,0.5739076733589172,-0.4099816679954529,0.4117778539657593,0.5770476460456848
236352.094006,34947604,0.73,0.0008215024136006832,-0.003043151693418622,-0.000514817947987467,1.13694167137146,1.5656893253326416,-0.10316058993339539,0.5739063620567322,-0.40998971462249756,0.41177427768707275,0.5770457983016968
236352.10001999998,34953617,0.73,0.0008749496191740036,-0.0030994596891105175,-0.0005263471975922585,1.135848045349121,1.5657000541687012,-0.1042446717619896,0.573910653591156,-0.4099905490875244,0.41176795959472656,0.5770454406738281
236352.10609699998,34959694,0.19,0.0015890424838289618,-0.0026830595452338457,-0.0005401333910413086,1.1539878845214844,1.5656723976135254,-0.0860653668642044,0.5739267468452454,-0.40994584560394287,0.4117898643016815,0.5770455598831177
236352.114023,34967621,0.19,0.0016108342679217458,-0.0025284045841544867,-0.0005079688271507621,1.1535619497299194,1.5656696557998657,-0.08650366216897964,0.5739229917526245,-0.4099496304988861,0.41179323196411133,0.5770442485809326
236352.122014,34975612,0.19,0.001633784850127995,-0.002374808769673109,-0.00047569209709763527,1.150397539138794,1.5656896829605103,-0.08967027813196182,0.5739257335662842,-0.40995877981185913,0.411785364151001,0.5770406126976013
236352.12801,34981608,0.19,0.0016513312002643943,-0.002259513596072793,-0.0004514296888373792,1.1505082845687866,1.5656975507736206,-0.08956476300954819,0.5739271640777588,-0.4099615216255188,0.41178566217422485,0.5770370364189148
236352.13200399998,34985601,0.19,0.0016846953658387065,-0.002284993650391698,-0.00045613505062647164,1.1499699354171753,1.5657049417495728,-0.0901099368929863,0.5739275217056274,-0.4099656939506531,0.41178545355796814,0.5770338773727417
236352.136015,34989613,0.19,0.0016968135023489594,-0.002208203310146928,-0.0004393777053337544,1.1490315198898315,1.5657023191452026,-0.0910453349351883,0.5739265084266663,-0.40996578335762024,0.4117835760116577,0.5770361423492432
236352.140005,34993603,0.19,0.0017306585796177387,-0.0022337359841912985,-0.00044325378257781267,1.1475834846496582,1.5657076835632324,-0.09249254316091537,0.5739269852638245,-0.409968763589859,0.41178014874458313,0.5770359635353088
236352.144052,34997650,0.19,0.0017650314839556813,-0.002260067733004689,-0.00044711894588544965,1.146491527557373,1.5657117366790771,-0.09358837455511093,0.5739264488220215,-0.40997228026390076,0.41177883744239807,0.5770349502563477
236352.15404899998,35007646,0.19,0.0018500282894819975,-0.002326047047972679,-0.00045649154344573617,1.144885540008545,1.5657119750976562,-0.09519646316766739,0.5739246606826782,-0.40997543931007385,0.41177690029144287,0.5770359039306641
236352.160037,35013635,0.19,0.0019042899366468191,-0.002382553182542324,-0.0004653263313230127,1.144194483757019,1.5657143592834473,-0.09588492661714554,0.573925256729126,-0.40997618436813354,0.4117746651172638,0.5770363211631775
236352.164065,35017663,0.19,0.001938233501277864,-0.0024089976213872433,-0.00046891203965060413,1.143222689628601,1.56571626663208,-0.09685076028108597,0.5739262104034424,-0.4099763035774231,0.41177108883857727,0.5770378708839417
236352.170066,35023664,0.19,0.0019877832382917404,-0.002447600243613124,-0.00047414633445441723,1.141103744506836,1.565734624862671,-0.09898541867733002,0.5739267468452454,-0.4099873900413513,0.4117690920829773,0.5770308971405029
236352.176083,35029681,0.64,0.0019980506040155888,-0.0023939155507832766,-0.0004591935430653393,1.1711554527282715,1.5656564235687256,-0.06888947635889053,0.5739396810531616,-0.40991389751434326,0.4118170738220215,0.5770359635353088
236352.180019,35033617,0.64,0.002024533925577998,-0.0024039854761213064,-0.0004591088218148798,1.1713372468948364,1.5656607151031494,-0.06870917975902557,0.5739408731460571,-0.4099148213863373,0.4118169844150543,0.5770342350006104
236352.186017,35039615,0.64,0.0020650518126785755,-0.002419118070974946,-0.00045881964615546167,1.1685805320739746,1.5656518936157227,-0.07147335261106491,0.573934018611908,-0.4099196195602417,0.41181647777557373,0.5770379900932312
236352.19000899998,35043606,0.64,0.0020925092976540327,-0.0024293481837958097,-0.0004584127455018461,1.1663655042648315,1.5656659603118896,-0.07369015365839005,0.5739358067512512,-0.4099261462688446,0.4118109941482544,0.5770354866981506
236352.192016,35045614,0.64,0.002106541534885764,-0.0024343605618923903,-0.0004581747925840318,1.1651136875152588,1.5656635761260986,-0.0749431923031807,0.5739336609840393,-0.40992802381515503,0.4118098318576813,0.5770370960235596
236352.19600899998,35049606,0.64,0.0021346339490264654,-0.0024442041758447886,-0.0004575030761770904,1.164056420326233,1.5656706094741821,-0.0760030522942543,0.5739342570304871,-0.4099316895008087,0.411807656288147,0.5770354866981506
236352.20001,35053608,0.64,0.0021624562796205282,-0.002453911816701293,-0.00045670621329918504,1.164361834526062,1.565680742263794,-0.07569525390863419,0.5739381313323975,-0.40993237495422363,0.4118055999279022,0.5770326256752014
236352.204007,35057605,0.64,0.0021904625464230776,-0.002463456243276596,-0.0004559463413897902,1.164570689201355,1.5656867027282715,-0.07549445331096649,0.5739384293556213,-0.40993550419807434,0.4118071496486664,0.5770289301872253
236352.206011,35059609,0.64,0.0022045979276299477,-0.0024681519716978073,-0.0004554733168333769,1.1638691425323486,1.5656805038452148,-0.07619672268629074,0.5739358067512512,-0.4099356532096863,0.4118073582649231,0.5770313143730164
236352.210047,35063645,0.72,0.0017718395683914423,-0.00149646180216223,-0.00022740148415323347,1.1764642000198364,1.5656541585922241,-0.06359957903623581,0.5739402174949646,-0.4099106788635254,0.4118310809135437,0.5770277380943298
236352.214007,35067605,0.72,0.0016558051574975252,-0.0012933181133121252,-0.00018448273476678878,1.176193356513977,1.5656551122665405,-0.06386815756559372,0.5739406943321228,-0.4099106192588806,0.4118298292160034,0.5770281553268433
236352.218011,35071609,0.72,0.0015399334952235222,-0.0010902740759775043,-0.00014162532170303166,1.1757210493087769,1.5656626224517822,-0.0643482431769371,0.5739409327507019,-0.4099150002002716,0.41182994842529297,0.5770247578620911
236352.222013,35075611,0.72,0.0014240171294659376,-0.0008872377802617848,-9.884922474157065e-05,1.1752487421035767,1.565670132637024,-0.06482003629207611,0.5739428400993347,-0.4099169969558716,0.4118277132511139,0.5770230889320374
236352.226004,35079602,0.72,0.00130801263730973,-0.0006842451984994113,-5.605260594165884e-05,1.1739948987960815,1.5656687021255493,-0.066069595515728,0.5739420652389526,-0.409917414188385,0.4118248224258423,0.5770255923271179
236352.22800499998,35081602,0.72,0.001317442860454321,-0.0006847667973488569,-5.511177732842043e-05,1.1733136177062988,1.5656667947769165,-0.06674792617559433,0.5739414691925049,-0.40991726517677307,0.41182324290275574,0.577027440071106
236352.23200999998,35085607,0.72,0.0013363175094127655,-0.00068581075174734,-5.3228704928187653e-05,1.1719512939453125,1.56566321849823,-0.06810415536165237,0.5739403367042542,-0.4099169373512268,0.41182008385658264,0.5770310163497925
236352.23600499998,35089602,0.72,0.0011517103994265199,-0.0003798335383180529,1.0249842489429284e-05,1.1729345321655273,1.5656863451004028,-0.06714282929897308,0.5739437341690063,-0.40992605686187744,0.411823570728302,0.577018678188324
236352.238006,35091604,0.72,0.0010935886530205607,-0.00027812100597657263,3.167579779983498e-05,1.1724923849105835,1.5656925439834595,-0.06758172810077667,0.5739458799362183,-0.4099269509315491,0.41182079911231995,0.5770179033279419
236352.24200499998,35095602,0.72,0.001112009515054524,-0.0002785719116218388,3.367121098563075e-05,1.1717513799667358,1.5656973123550415,-0.06831642985343933,0.5739478468894958,-0.4099271595478058,0.4118170142173767,0.5770184397697449
236352.246005,35099603,0.43,0.0014793338486924767,-0.001108527067117393,-0.00016622041584923863,1.180555820465088,1.5656960010528564,-0.05951276794075966,0.5739557147026062,-0.4099136292934418,0.41183096170425415,0.5770103335380554
236352.248011,35101609,0.43,0.0014701917534694076,-0.0010880231857299805,-0.00016337264969479293,1.18062424659729,1.5656955242156982,-0.05944561958312988,0.5739553570747375,-0.4099138081073761,0.41183149814605713,0.5770101547241211
236352.252044,35105642,0.43,0.0014517712406814098,-0.0010467598913237453,-0.00015738693764433265,1.1799771785736084,1.5656932592391968,-0.06009748950600624,0.5739530920982361,-0.4099157750606537,0.411832332611084,0.577010452747345
236352.25600599998,35109603,0.43,0.0014330295380204916,-0.0010055520106106997,-0.00015165672812145203,1.1805481910705566,1.565705418586731,-0.05952678993344307,0.5739572048187256,-0.40991726517677307,0.41183099150657654,0.5770062208175659
236352.26001,35113624,0.43,0.0014145411550998688,-0.000963936501648277,-0.0001455295569030568,1.1803358793258667,1.565704107284546,-0.05974153056740761,0.5739560723304749,-0.40991806983947754,0.41183164715766907,0.5770062804222107
236352.26601199998,35119625,0.43,0.0013868476962670684,-0.0009016148396767676,-0.00013630975445266813,1.1776540279388428,1.565711259841919,-0.06242302432656288,0.573955774307251,-0.40992340445518494,0.41182607412338257,0.5770067572593689
236352.27001399998,35123627,0.43,0.0013684082077816129,-0.000860117026604712,-0.00013000969192944467,1.176398515701294,1.5657079219818115,-0.06368701159954071,0.5739518404006958,-0.4099271297454834,0.4118272662162781,0.5770072340965271
236352.27401199998,35127625,0.43,0.0013825817732140422,-0.0008556104730814695,-0.00012713596515823156,1.1752111911773682,1.565718412399292,-0.06487063318490982,0.5739546418190002,-0.4099298417568207,0.4118224084377289,0.5770059823989868
236352.278016,35131630,0.43,0.0014018757501617074,-0.0008571305079385638,-0.00012489757500588894,1.1733136177062988,1.565716028213501,-0.06676644831895828,0.5739524960517883,-0.4099317789077759,0.4118194580078125,0.577008843421936
236352.284008,35137622,0.49,0.0014128598850220442,-0.000840432068798691,-0.00011980131966993213,1.179610252380371,1.5657052993774414,-0.06046351417899132,0.5739565491676331,-0.40991833806037903,0.41182923316955566,0.5770073533058167
236352.290013,35143627,0.49,0.0014273474225774407,-0.000826668634545058,-0.00011413182801334187,1.1799980401992798,1.5657026767730713,-0.06007305905222893,0.5739566683769226,-0.4099164605140686,0.41182956099510193,0.5770083665847778
236352.29600499998,35149618,0.49,0.00144220981746912,-0.0008124568266794086,-0.00010841822950169444,1.1780897378921509,1.5657399892807007,-0.06198127195239067,0.5739660859107971,-0.4099263846874237,0.4118196666240692,0.5769990086555481
236352.30002599998,35153639,0.49,0.0012456494150683284,-0.0005820018704980612,-8.199302101274952e-05,1.1787290573120117,1.565739393234253,-0.06134246289730072,0.573966383934021,-0.4099254608154297,0.4118209183216095,0.5769984722137451
236352.30400799998,35157621,0.49,0.0012553445994853973,-0.0005727702518925071,-7.829899550415576e-05,1.179823637008667,1.5657434463500977,-0.06025233492255211,0.5739677548408508,-0.40992581844329834,0.4118230640888214,0.576995313167572
236352.30800699999,35161621,0.49,0.0012650031130760908,-0.000563573557883501,-7.461893983418122e-05,1.1795434951782227,1.565740704536438,-0.060532763600349426,0.5739665627479553,-0.40992581844329834,0.41182324290275574,0.5769963264465332
236352.310016,35163630,0.49,0.001269826083444059,-0.000558981264475733,-7.278132397914305e-05,1.1801095008850098,1.5657391548156738,-0.05996798351407051,0.573966383934021,-0.40992504358291626,0.4118247628211975,0.5769960284233093
236352.314009,35167623,0.49,0.001279353746213019,-0.0005499091930687428,-6.915113044669852e-05,1.177851915359497,1.565743088722229,-0.062227606773376465,0.5739650130271912,-0.4099297821521759,0.411821186542511,0.5769965648651123
236352.31802399998,35171637,0.25,0.0012258596252650023,-0.0004227301978971809,7.538664067396894e-05,1.2369219064712524,1.5654194355010986,-0.0031839304137974977,0.5739244818687439,-0.40978315472602844,0.41198259592056274,0.5770257711410522
236352.32400599998,35177619,0.25,0.0012253819731995463,-0.000380225625121966,0.00011528477625688538,1.2349518537521362,1.5654257535934448,-0.005157258827239275,0.5739234685897827,-0.40978845953941345,0.41197919845581055,0.5770254731178284
236352.330006,35183620,0.25,0.001224663807079196,-0.0003374661901034415,0.00015566074580419809,1.2352375984191895,1.5654339790344238,-0.004861688707023859,0.5739282369613647,-0.4097868800163269,0.41197511553764343,0.5770248174667358
236352.336009,35189623,0.25,0.0007441551424562931,0.000614989607129246,0.0013518822379410267,1.2344778776168823,1.565435767173767,-0.005625494290143251,0.5739270448684692,-0.4097895622253418,0.4119747579097748,0.5770242810249329
236352.34000499998,35193618,0.25,0.0007437012973241508,0.0006437762058340013,0.0013786522904410958,1.2353134155273438,1.5654356479644775,-0.004793892614543438,0.573927104473114,-0.40978941321372986,0.41197723150253296,0.5770226120948792
236352.346007,35199621,0.25,0.000743026495911181,0.000686579616740346,0.0014184571336954832,1.235015630722046,1.5654457807540894,-0.005091401282697916,0.5739297866821289,-0.40979182720184326,0.41197457909584045,0.5770200490951538
236352.35006599998,35203679,0.67,0.0007123455288819969,0.0007916289032436907,0.001523103448562324,1.3234748840332031,1.5648223161697388,0.08330008387565613,0.5738496780395508,-0.4095362424850464,0.4122684895992279,0.5770713090896606
236352.356012,35209626,0.67,0.0007002278580330312,0.0008619641303084791,0.0015896563418209553,1.3222299814224243,1.5648219585418701,0.0820540189743042,0.5738476514816284,-0.40953850746154785,0.41226691007614136,0.5770728588104248
236352.360009,35213623,0.67,0.0006916413549333811,0.0009094353881664574,0.0016346822958439589,1.3202873468399048,1.5648224353790283,0.08010296523571014,0.5738434195518494,-0.4095441699028015,0.4122660458087921,0.5770736932754517
236352.364007,35217621,0.67,0.0006829899502918124,0.0009570199763402343,0.0016797042917460203,1.3188934326171875,1.5648237466812134,0.07869799435138702,0.573839545249939,-0.40954989194869995,0.41226670145988464,0.5770729780197144
236352.370023,35223637,0.67,0.0006693584728054702,0.0010292655788362026,0.0017492636106908321,1.3205244541168213,1.5648305416107178,0.08034689724445343,0.5738472938537598,-0.4095436632633209,0.4122626483440399,0.5770725607872009
236352.374062,35227676,0.67,0.0006597384344786406,0.0010777540737763047,0.0017957797972485423,1.3213016986846924,1.5648330450057983,0.08112360537052155,0.5738489627838135,-0.40954312682151794,0.4122634828090668,0.5770707130432129
236352.380021,35233635,0.67,0.0006446781335398555,0.001149314222857356,0.0018648969708010554,1.3215079307556152,1.564841866493225,0.0813228189945221,0.573850154876709,-0.4095468521118164,0.4122638404369354,0.5770666599273682
236352.388032,35241646,0.71,0.000328611844452098,0.002260283101350069,0.003085412085056305,1.3440097570419312,1.5647221803665161,0.10383493453264236,0.573851466178894,-0.40947991609573364,0.4123246669769287,0.5770694017410278
236352.39401699998,35247630,0.71,0.0002810513542499393,0.002478695008903742,0.0032607647590339184,1.3420394659042358,1.5647187232971191,0.10187241435050964,0.5738493204116821,-0.4094800651073456,0.412320077419281,0.5770747065544128
236352.40200899998,35255622,0.71,0.00021655659656971693,0.00277145067229867,0.003494469914585352,1.3385906219482422,1.564732551574707,0.09842076152563095,0.5738475322723389,-0.4094896614551544,0.4123121201992035,0.5770753026008606
236352.412044,35265658,0.71,0.00016782540478743613,0.0029875088948756456,0.0036658775061368942,1.3389050960540771,1.5647339820861816,0.09873159229755402,0.5738475918769836,-0.40949052572250366,0.4123133420944214,0.5770737528800964
236352.42001499998,35273628,0.71,0.00014591436774935573,0.0030797142535448074,0.0037373376544564962,1.3384126424789429,1.5647506713867188,0.09823380410671234,0.5738503336906433,-0.4094967544078827,0.4123101830482483,0.5770689249038696
236352.428012,35281626,0.74,0.00041816956945694983,0.0021786163561046124,0.002642190782353282,1.3446935415267944,1.564741849899292,0.10453172773122787,0.5738603472709656,-0.40947970747947693,0.4123174548149109,0.5770658850669861
236352.43401599998,35287629,0.74,0.0004247301258146763,0.0021517968270927668,0.0025757024995982647,1.3422679901123047,1.564760684967041,0.10210145264863968,0.5738608837127686,-0.40948936343193054,0.41231054067611694,0.5770633816719055
236352.440006,35293620,0.74,0.0004415227740537375,0.002084879670292139,0.002458884147927165,1.340052843093872,1.5647684335708618,0.09987831115722656,0.5738582015037537,-0.40949705243110657,0.4123075008392334,0.5770627856254578
236352.44401099999,35297625,0.74,0.0004626540467143059,0.0019998822826892138,0.0023318615276366472,1.3410059213638306,1.5647683143615723,0.10083524137735367,0.5738603472709656,-0.4094943702220917,0.4123079180717468,0.5770622491836548
236352.45000799999,35303622,0.74,0.00046735949581488967,0.0019739195704460144,0.002265785587951541,1.3393572568893433,1.5647776126861572,0.09917671233415604,0.5738584399223328,-0.4095020592212677,0.41230595111846924,0.5770601034164429
236352.454008,35307622,0.74,0.0004771907115355134,0.0019301079446449876,0.002188216894865036,1.339080572128296,1.5647900104522705,0.09890441596508026,0.5738622546195984,-0.40950411558151245,0.4123013913631439,0.5770580768585205
236352.458005,35311619,0.74,0.00046593460137955844,0.0019675397779792547,0.002210389357060194,1.340824007987976,1.5647886991500854,0.10064263641834259,0.5738632678985596,-0.4095025062561035,0.41230595111846924,0.5770549178123474
236352.46202399998,35315637,0.74,0.00045454371138475835,0.002005358226597309,0.0022326577454805374,1.3384149074554443,1.5648045539855957,0.09823566675186157,0.5738645792007446,-0.40950945019721985,0.4122978448867798,0.5770545601844788
236352.466013,35319627,0.74,0.000443012424511835,0.002043308923020959,0.0022546867839992046,1.3391979932785034,1.56480872631073,0.09901151061058044,0.5738652944564819,-0.4095112681388855,0.412300169467926,0.5770508646965027
236352.470003,35323586,0.74,0.0004313561657909304,0.0020813520532101393,0.002276771003380418,1.3370791673660278,1.5648000240325928,0.09688592702150345,0.5738586187362671,-0.40951454639434814,0.4123007357120514,0.5770547389984131
236352.472005,35325588,0.74,0.00042551421211101115,0.0021001934073865414,0.0022878400050103664,1.3356269598007202,1.5648107528686523,0.09543250501155853,0.5738592743873596,-0.4095197319984436,0.41229626536369324,0.5770536661148071
236352.476003,35329586,0.74,0.00041352081461809576,0.0021380619145929813,0.002309948904439807,1.3353954553604126,1.5648115873336792,0.09520499408245087,0.5738599300384521,-0.40951916575431824,0.4122945964336395,0.5770545601844788
236352.48000299998,35333585,0.74,0.00039952198858372867,0.0021876145619899035,0.0023355772718787193,1.3333481550216675,1.5648207664489746,0.09315502643585205,0.5738590359687805,-0.4095253050327301,0.41228994727134705,0.5770544409751892
236352.484007,35337590,0.74,0.00038777542067691684,0.00222496734932065,0.002357359742745757,1.3342167139053345,1.5648298263549805,0.09402099996805191,0.5738621354103088,-0.4095267653465271,0.4122900068759918,0.5770502686500549
236352.48600799998,35339590,0.74,0.0003819405974354595,0.0022435213904827833,0.0023681793827563524,1.3346327543258667,1.5648213624954224,0.09443996846675873,0.5738610625267029,-0.40952327847480774,0.4122917652130127,0.5770525932312012
236352.492007,35345590,0.74,0.00036458857357501984,0.0022986987605690956,0.0024003563448786736,1.3346675634384155,1.5648436546325684,0.09446875751018524,0.5738658308982849,-0.4095301628112793,0.4122883677482605,0.5770453214645386
236352.49601399997,35349596,0.31,0.00039837585063651204,0.002258399734273553,0.0023878945503383875,1.3462753295898438,1.5648200511932373,0.10612321645021439,0.5738853216171265,-0.40949276089668274,0.41229888796806335,0.5770450234413147
236352.50201,35355593,0.31,0.0003923942567780614,0.0022936619352549314,0.0024102951865643263,1.3536089658737183,1.5648326873779297,0.11344519257545471,0.5738965272903442,-0.40948760509490967,0.41231080889701843,0.5770289897918701
236352.50800799998,35361590,0.31,0.00038605439476668835,0.002329590730369091,0.0024327130522578955,1.352852702140808,1.5648462772369385,0.11268617957830429,0.5738984942436218,-0.4094927906990051,0.4123072028160095,0.5770259499549866
236352.51200599998,35365588,0.31,0.0003815366071648896,0.0023536020889878273,0.0024473844096064568,1.3531345129013062,1.5648504495620728,0.11297032982110977,0.5739005208015442,-0.40949270129203796,0.4123059809207916,0.5770248770713806
236352.516019,35369602,0.31,0.00037689419696107507,0.002377757802605629,0.002462136559188366,1.3514337539672852,1.564846158027649,0.11127068102359772,0.5738972425460815,-0.40949398279190063,0.41230398416519165,0.5770286321640015
236352.52200499998,35375587,0.31,0.0003695480991154909,0.0024143923074007034,0.0024838647805154324,1.3497909307479858,1.5648545026779175,0.10962830483913422,0.5738971829414368,-0.409498393535614,0.41229936480522156,0.5770288705825806
236352.526037,35379620,0.31,0.00036429986357688904,0.002439289353787899,0.002498335437849164,1.348226547241211,1.564863920211792,0.10806937515735626,0.5738986134529114,-0.4095015227794647,0.41229313611984253,0.5770297050476074
236352.53203,35385613,0.74,0.0009431639336980879,0.0014624048490077257,0.00206525600515306,1.3543379306793213,1.5648581981658936,0.11420533806085587,0.5739107131958008,-0.40948352217674255,0.41229698061943054,0.5770276784896851
236352.54001199998,35393594,0.74,0.0012184911174699664,0.0009761356050148606,0.001825161511078477,1.3530049324035645,1.5648689270019531,0.11286402493715286,0.5739099979400635,-0.40949055552482605,0.41229474544525146,0.5770249962806702
236352.54802299998,35401605,0.74,0.0014372057048603892,0.0005942007410340011,0.0016364642651751637,1.3535871505737305,1.5648759603500366,0.11344458162784576,0.5739123225212097,-0.40949174761772156,0.4122944474220276,0.5770220160484314
236352.55602299998,35409605,0.74,0.001488812966272235,0.0005241393810138106,0.0016023536445572972,1.3517788648605347,1.564882516860962,0.11163999140262604,0.5739122629165649,-0.409495085477829,0.4122890532016754,0.5770235657691956
236352.564078,35417661,0.19,0.0010125664994120598,0.0013403092743828893,0.0019461094634607434,1.3481054306030273,1.5649091005325317,0.10797742754220963,0.5739164352416992,-0.4095039367675781,0.41227394342422485,0.5770239233970642
236352.572013,35425596,0.19,0.0009614785667508841,0.0012613245053216815,0.0017638638382777572,1.3466485738754272,1.5649409294128418,0.1065242812037468,0.573923647403717,-0.40951263904571533,0.4122631549835205,0.5770183205604553
236352.578022,35431605,0.19,0.0009222995722666383,0.0012022798182442784,0.001627283520065248,1.3456251621246338,1.5649455785751343,0.10549615323543549,0.5739225149154663,-0.40951666235923767,0.41226184368133545,0.5770175457000732
236352.586025,35439608,0.19,0.000869341311044991,0.0011233417317271233,0.0014446764253079891,1.3459008932113647,1.5649571418762207,0.10577801614999771,0.5739271640777588,-0.40951716899871826,0.4122578203678131,0.5770153999328613
236352.592019,35445602,0.19,0.0008393762982450426,0.001088785706087947,0.001351208658888936,1.344194769859314,1.5649651288986206,0.10406775027513504,0.5739260911941528,-0.4095228910446167,0.4122545123100281,0.5770147442817688
236352.59801999998,35451602,0.19,0.0008189482032321393,0.0010790200904011726,0.0013013385469093919,1.3445863723754883,1.5649653673171997,0.10446064919233322,0.5739269852638245,-0.40952199697494507,0.4122546911239624,0.5770144462585449
236352.60601599998,35459598,0.19,0.0008045337162911892,0.0011002967366948724,0.0012942205648869276,1.3425761461257935,1.5649865865707397,0.10244783014059067,0.5739293694496155,-0.4095308184623718,0.41224735975265503,0.5770110487937927
236352.61401599998,35467598,0.19,0.0007893150905147195,0.0011214937549084425,0.0012865207390859723,1.3404637575149536,1.5650029182434082,0.10033199936151505,0.5739301443099976,-0.4095388948917389,0.4122413098812103,0.577008843421936
236352.620027,35473610,0.19,0.0007809707894921303,0.0011456649517640471,0.0012952242977917194,1.3398956060409546,1.5650137662887573,0.09976435452699661,0.5739323496818542,-0.40954214334487915,0.4122377634048462,0.5770068764686584
236352.62602499998,35479607,0.19,0.000769409816712141,0.0011612765956670046,0.0012893526582047343,1.3421941995620728,1.5650163888931274,0.10205701738595963,0.5739349126815796,-0.40954095125198364,0.4122423827648163,0.5770018100738525
236352.632031,35485614,0.19,0.0007579728262498975,0.0011767206015065312,0.0012835439993068576,1.3444709777832031,1.5649898052215576,0.1043209433555603,0.5739282965660095,-0.40953490138053894,0.41225576400756836,0.5770031809806824
236352.638117,35491700,0.14,0.0007850573165342212,0.0011177165433764458,0.0011777908075600863,1.331692099571228,1.5650603771209717,0.09155377000570297,0.573932409286499,-0.409567654132843,0.4122164249420166,0.5770039558410645
236352.644006,35497589,0.14,0.0007827529334463179,0.0011150354985147715,0.0011469093151390553,1.3306125402450562,1.5650540590286255,0.09047969430685043,0.5739304423332214,-0.4095662534236908,0.41221460700035095,0.5770081877708435
236352.650015,35503598,0.14,0.0007803129265084863,0.0011121296556666493,0.0011150762438774109,1.3283201456069946,1.5650584697723389,0.08817210793495178,0.5739254355430603,-0.4095751643180847,0.4122144281864166,0.5770069360733032
236352.65401,35507593,0.14,0.0007783878245390952,0.001110063400119543,0.0010936990147456527,1.326215386390686,1.5650659799575806,0.08606725186109543,0.5739246606826782,-0.40958017110824585,0.41220951080322266,0.5770077109336853
236352.658011,35511594,0.14,0.0007761030574329197,0.0011078990064561367,0.0010724132880568504,1.3266805410385132,1.5650697946548462,0.0865277573466301,0.5739253759384155,-0.4095816910266876,0.4122106730937958,0.5770050883293152
236352.66201099998,35515593,0.14,0.0007739402935840189,0.0011057744268327951,0.0010508667910471559,1.326314926147461,1.565072774887085,0.08616188168525696,0.5739256143569946,-0.4095830023288727,0.41220951080322266,0.5770047307014465
236352.66602099998,35519603,0.14,0.0007715800311416388,0.001103519694879651,0.0010294171515852213,1.3270560503005981,1.5650863647460938,0.08689171820878983,0.5739279389381409,-0.4095882475376129,0.41221076250076294,0.5769978165626526
236352.670035,35523618,0.14,0.0007690304191783071,0.0011012495961040258,0.0010076673934236169,1.327687382698059,1.565092921257019,0.08752910047769547,0.5739317536354065,-0.409587025642395,0.4122084975242615,0.5769964456558228
236352.67802199998,35531614,0.14,0.001374168787151575,0.00010303765157004818,-8.399246871704236e-05,1.4641847610473633,1.565059781074524,0.22348971664905548,0.5740058422088623,-0.409536749124527,0.4125676453113556,0.5767017006874084
236352.684041,35537634,0.14,0.0015852662036195397,-0.0001765854103723541,-0.00028441703761927783,1.4640511274337769,1.5650604963302612,0.2233521044254303,0.5740050077438354,-0.40953823924064636,0.4125683903694153,0.5767009258270264
236352.69207199998,35545664,0.14,0.0018663124646991491,-0.0005502277635969222,-0.0005518282996490598,1.4611142873764038,1.5650761127471924,0.22040608525276184,0.5740023851394653,-0.4095489978790283,0.4125629961490631,0.5766997933387756
236352.698121,35551714,0.14,0.0019426046637818217,-0.000657294353004545,-0.0006388754118233919,1.4587247371673584,1.565077781677246,0.2180296778678894,0.5740018486976624,-0.40954887866973877,0.4125555753707886,0.5767057538032532
236352.70608499998,35559677,0.14,0.0020210526417940855,-0.0007703580195084214,-0.0007363682379946113,1.4593480825424194,1.5650947093963623,0.21862933039665222,0.5740019679069519,-0.40955930948257446,0.41255873441696167,0.57669597864151
236352.71214699998,35565739,0.66,0.0017488517332822084,-0.00020070248865522444,0.00011283118510618806,1.6187260150909424,1.5649082660675049,0.377393901348114,0.5740945339202881,-0.409485787153244,0.4129848778247833,0.5763508677482605
236352.71814799999,35571741,0.66,0.0017947384621948004,-0.0002513222862035036,0.00013449398102238774,1.6166882514953613,1.5649200677871704,0.375362753868103,0.5740945935249329,-0.4094897210597992,0.4129772186279297,0.5763535499572754
236352.726058,35579651,0.66,0.0018549022497609258,-0.0003188861010130495,0.00016429388779215515,1.617478847503662,1.564939022064209,0.3761504292488098,0.574099063873291,-0.4094953238964081,0.4129732847213745,0.5763478875160217
236352.730024,35583617,0.66,0.0018602394266054034,-0.0003350853221490979,0.00014898348308634013,1.6170293092727661,1.5649510622024536,0.37570250034332275,0.574100911617279,-0.4094989001750946,0.41296878457069397,0.576346755027771
236352.736026,35589619,0.66,0.001904105767607689,-0.0003863858000840992,0.00017114590445999056,1.614483118057251,1.5649455785751343,0.3731498420238495,0.5740941166877747,-0.4095020294189453,0.4129693806171417,0.5763508677482605
236352.742041,35595634,0.4,0.0019166553393006325,-0.0004184848803561181,0.0001697522384347394,1.645237922668457,1.5649267435073853,0.4037765860557556,0.5741180181503296,-0.40949931740760803,0.4130457043647766,0.5762742757797241
236352.748007,35601600,0.4,0.001882868236862123,-0.0004221177950967103,0.0001371854596072808,1.6457804441452026,1.5649279356002808,0.4043223559856415,0.5741198658943176,-0.4094981849193573,0.4130449891090393,0.5762737393379211
236352.752006,35605599,0.4,0.001859657815657556,-0.00042477925308048725,0.00011525453737704083,1.6442192792892456,1.5649312734603882,0.4027649760246277,0.5741184949874878,-0.40949979424476624,0.41304123401641846,0.5762766599655151
236352.75601299998,35609605,0.4,0.0018361184047535062,-0.00042767319246195257,9.331462206318974e-05,1.6442698240280151,1.5649423599243164,0.4028088450431824,0.5741192698478699,-0.4095050096511841,0.41303983330726624,0.5762732028961182
236352.760021,35613614,0.4,0.0018122636247426271,-0.00043059841846115887,7.141260721255094e-05,1.6431264877319336,1.5649415254592896,0.40166640281677246,0.5741173028945923,-0.4095057249069214,0.41303861141204834,0.5762755274772644
236352.764018,35617611,0.4,0.0018111917888745666,-0.0004460721102077514,5.496174708241597e-05,1.641899824142456,1.5649454593658447,0.4004371762275696,0.5741153359413147,-0.40950897336006165,0.41303685307502747,0.5762764811515808
236352.768017,35621610,0.4,0.0017744713695719838,-0.0004425365477800369,3.0683877412229776e-05,1.6430357694625854,1.564946174621582,0.4015704095363617,0.5741169452667236,-0.40950876474380493,0.41303858160972595,0.5762737989425659
236352.774006,35627599,0.4,0.0017476945649832487,-0.00045349320862442255,6.779218324481917e-07,1.643074631690979,1.564955711364746,0.401607483625412,0.5741183757781982,-0.40951210260391235,0.4130362868309021,0.5762715935707092
236352.780026,35633619,0.75,0.0017372752772644162,-0.00047676460235379636,-2.1523714167415164e-05,1.6479735374450684,1.5650174617767334,0.40649083256721497,0.5741351246833801,-0.40953004360198975,0.4130273759365082,0.5762485265731812
236352.788011,35641604,0.75,0.0017157435650005937,-0.000502894981764257,-5.818879435537383e-05,1.6497045755386353,1.565037488937378,0.4082238972187042,0.5741422772407532,-0.40953370928764343,0.41302254796028137,0.5762422680854797
236352.79600899998,35649601,0.75,0.0016932686557993293,-0.0005287135136313736,-9.516624413663521e-05,1.6481493711471558,1.5650272369384766,0.40665218234062195,0.5741342306137085,-0.40953701734542847,0.4130287766456604,0.5762434601783752
236352.80201699998,35655609,0.75,0.0016737999394536018,-0.000547795498277992,-0.00012421607971191406,1.6462048292160034,1.5650608539581299,0.4047192335128784,0.574139416217804,-0.4095458984375,0.4130132496356964,0.5762431025505066
236352.812022,35665615,0.75,0.001639838912524283,-0.0005806246190331876,-0.0001723197929095477,1.6482096910476685,1.565069556236267,0.40671151876449585,0.5741419196128845,-0.4095500707626343,0.41301631927490234,0.5762354731559753
236352.820025,35673618,0.8,0.0009004566818475723,-0.0002708265674300492,-0.0003507520304992795,1.6112219095230103,1.5651930570602417,0.3698718249797821,0.5741331577301025,-0.4095838665962219,0.4128974974155426,0.5763053297996521
236352.82801099998,35681603,0.8,0.0006261104135774076,-0.0001581777905812487,-0.00041138508822768927,1.6104927062988281,1.5652155876159668,0.36913806200027466,0.574135422706604,-0.4095926582813263,0.41289132833480835,0.5763012170791626
236352.836036,35689629,0.8,0.00042711119749583304,-8.927973976824433e-05,-0.0004649680049624294,1.6083687543869019,1.5652117729187012,0.3670157790184021,0.5741314888000488,-0.4095933437347412,0.412889689207077,0.5763058066368103
236352.84202299998,35695615,0.8,0.0003931325627490878,-0.0001028222541208379,-0.0004929528222419322,1.6100091934204102,1.565217137336731,0.36865273118019104,0.5741345286369324,-0.4095941483974457,0.41289088129997253,0.5763013958930969
236352.850102,35703695,0.71,0.0007214657380245626,-0.00026418559718877077,-0.00041405673255212605,1.5856530666351318,1.5652790069580078,0.34436094760894775,0.5741205215454102,-0.4096204936504364,0.41282761096954346,0.576341986656189
236352.858113,35711706,0.71,0.0006215652683749795,-0.00024408730678260326,-0.000428659375756979,1.5866750478744507,1.565295696258545,0.34537824988365173,0.5741245150566101,-0.4096255898475647,0.41282522678375244,0.5763360261917114
236352.866049,35719642,0.71,0.0005438648513518274,-0.00024192901037167758,-0.0004531929735094309,1.588943362236023,1.5653108358383179,0.347634881734848,0.5741288065910339,-0.4096308946609497,0.4128267168998718,0.5763269662857056
236352.874029,35727622,0.71,0.00044083769898861647,-0.00022213335614651442,-0.0004679276898968965,1.5861101150512695,1.5653156042099,0.3447989523410797,0.5741246938705444,-0.40963616967201233,0.412822961807251,0.5763300061225891
236352.882273,35735866,0.72,0.000371485308278352,-0.0002306193782715127,-0.0004985914565622807,1.541810393333435,1.5653958320617676,0.3006446957588196,0.5741024613380432,-0.4096672832965851,0.4127082824707031,0.5764121413230896
236352.88800799998,35741600,0.72,0.0002800514630507678,-0.0002021804975811392,-0.0004945710534229875,1.5396062135696411,1.5653984546661377,0.2984437346458435,0.5741003155708313,-0.4096696078777313,0.41270408034324646,0.5764156579971313
236352.896006,35749603,0.72,0.00016928429249674082,-0.00017682029283605516,-0.0004991219029761851,1.5386922359466553,1.5654116868972778,0.29753538966178894,0.5741029381752014,-0.4096727669239044,0.4126976728439331,0.5764153599739075
236352.902014,35755611,0.72,5.979404159006663e-05,-0.00013676047092303634,-0.0004867938987445086,1.540040373802185,1.5654207468032837,0.2988821566104889,0.5741066932678223,-0.40967413783073425,0.41269707679748535,0.5764110684394836
236352.910026,35763623,0.72,-5.2685762057080865e-05,-0.0001110317389247939,-0.0004912469885312021,1.5400112867355347,1.565423846244812,0.29884853959083557,0.5741063356399536,-0.40967637300491333,0.41269752383232117,0.5764095187187195
236352.916011,35769608,0.72,-0.0001043284428305924,-0.0001181559928227216,-0.0005144522874616086,1.5414079427719116,1.5654293298721313,0.300253689289093,0.5741114020347595,-0.4096738398075104,0.41269510984420776,0.5764080286026001
236352.924026,35777623,0.19,-0.00017793076403904706,-0.00010575698979664594,-0.0005151806981302798,1.5031241178512573,1.5654780864715576,0.2621121108531952,0.5740947723388672,-0.4096912741661072,0.4125959277153015,0.5764831900596619
236352.93002,35783617,0.19,-0.00023298789164982736,-0.00010572040628176183,-0.0005288004758767784,1.4997705221176147,1.5654776096343994,0.25876322388648987,0.5740907192230225,-0.40969380736351013,0.41259071230888367,0.5764891505241394
236352.93801299998,35791609,0.19,-0.0003144417132716626,-8.567814802518114e-05,-0.0005223159678280354,1.503084421157837,1.5655099153518677,0.2620510458946228,0.5740974545478821,-0.4097062051296234,0.41259336471557617,0.576471745967865
236352.946016,35799613,0.19,-0.0003933521802537143,-7.580388046335429e-05,-0.000529267534147948,1.5049381256103516,1.5655186176300049,0.2639073133468628,0.5741026401519775,-0.40970563888549805,0.41259241104125977,0.5764676332473755
236352.952034,35805631,0.19,-0.00045021483674645424,-8.027011062949896e-05,-0.0005506479647010565,1.5072977542877197,1.5655269622802734,0.266263872385025,0.5741072297096252,-0.4097059965133667,0.4125938415527344,0.5764617919921875
236352.96002,35813617,0.19,-0.0005266056396067142,-8.616958803031594e-05,-0.0005797361372970045,1.5050110816955566,1.5655381679534912,0.2639752924442291,0.5741060972213745,-0.4097123146057129,0.41258862614631653,0.5764621496200562
236352.96802,35821617,0.19,-0.0006048601935617626,-9.239456267096102e-05,-0.0006082823383621871,1.5029805898666382,1.5655454397201538,0.26194527745246887,0.574104905128479,-0.40971657633781433,0.4125840961933136,0.5764635801315308
236352.97604799998,35829644,0.19,-0.0006931835087016225,-9.080066229216754e-05,-0.0006298942025750875,1.5010523796081543,1.5655492544174194,0.26001444458961487,0.5741024613380432,-0.40972065925598145,0.41258156299591064,0.5764648914337158
236352.98413,35837727,0.19,-0.0007734757964499295,-9.708017751108855e-05,-0.0006584233487956226,1.503436803817749,1.5655564069747925,0.26239609718322754,0.5741069316864014,-0.40972059965133667,0.41258320212364197,0.5764593482017517
236352.99218899998,35845785,0.19,-0.0008522442076355219,-0.00010324050526833162,-0.0006864110473543406,1.5046722888946533,1.5655704736709595,0.26362746953964233,0.5741109848022461,-0.4097241759300232,0.41258201003074646,0.5764536261558533
236352.998154,35851751,0.2,-0.0009097172878682613,-0.00010773537360364571,-0.0007068321574479342,1.5037935972213745,1.5655831098556519,0.26275938749313354,0.5741147994995117,-0.4097256064414978,0.4125744700431824,0.576454222202301
236353.00410299998,35857700,0.2,-0.0009663635864853859,-0.00011216557322768494,-0.0007269594934768975,1.503760814666748,1.5655908584594727,0.2627314031124115,0.5741174817085266,-0.4097263514995575,0.4125709533691406,0.5764535069465637
236353.012061,35865658,0.2,-0.0010410747490823269,-0.00011800859647337347,-0.0007535055628977716,1.5011801719665527,1.5655958652496338,0.26014065742492676,0.5741128325462341,-0.40973371267318726,0.41256949305534363,0.5764539837837219
236353.020015,35873612,0.2,-0.001114558195695281,-0.00012375559890642762,-0.0007796154241077602,1.4995139837265015,1.565598487854004,0.2584730386734009,0.5741108059883118,-0.4097367823123932,0.4125671982765198,0.5764554142951965
236353.02801399998,35881610,0.77,-0.000771832768805325,1.0332032616133802e-05,-0.0004179588286206126,1.381027102470398,1.5661271810531616,0.14052435755729675,0.5741984248161316,-0.40985924005508423,0.41213563084602356,0.5765897631645203
236353.03401,35887607,0.77,-0.0008287226082757115,4.438033556652954e-06,-0.00043845229083672166,1.3855347633361816,1.5661237239837646,0.14501960575580597,0.5742001533508301,-0.4098565876483917,0.4121454358100891,0.5765829682350159
236353.040018,35893615,0.77,-0.0008859101217240095,-1.6582765738348826e-06,-0.00045863856212235987,1.3848822116851807,1.566131353378296,0.14436133205890656,0.5742001533508301,-0.40986090898513794,0.41214442253112793,0.5765805840492249
236353.046015,35899612,0.77,-0.0009431711514480412,-7.48176125853206e-06,-0.00047863408690318465,1.381701946258545,1.566141128540039,0.1411791890859604,0.5741986632347107,-0.4098675847053528,0.41213878989219666,0.5765813589096069
236353.052018,35905615,0.77,-0.0010008248500525951,-1.3317925549927168e-05,-0.0004985498962923884,1.3806473016738892,1.5661423206329346,0.14012423157691956,0.5741977095603943,-0.4098692536354065,0.41213735938072205,0.5765821933746338
236353.060016,35913613,0.77,-0.0010770848020911217,-2.086635140585713e-05,-0.0005251018446870148,1.379427433013916,1.566156268119812,0.13892056047916412,0.5742032527923584,-0.4098694622516632,0.41212785243988037,0.5765833258628845
236353.06604099998,35919637,0.77,-0.0011345351813361049,-2.6439882276463322e-05,-0.0005449394811876118,1.3800315856933594,1.5661617517471313,0.13949701189994812,0.5741996765136719,-0.4098780155181885,0.41213515400886536,0.5765755772590637
236353.072013,35925610,0.77,-0.0011918707750737667,-3.266294879722409e-05,-0.0005649239756166935,1.3808897733688354,1.5661593675613403,0.14035983383655548,0.5742009282112122,-0.40987512469291687,0.41213545203208923,0.5765761137008667
236353.078014,35931611,0.77,-0.001249502063728869,-3.91525354643818e-05,-0.000585268484428525,1.3824588060379028,1.5661754608154297,0.14193637669086456,0.5742083787918091,-0.4098750352859497,0.4121312201023102,0.5765717625617981
236353.084023,35937620,0.77,-0.0013065176317468286,-4.5481599954655394e-05,-0.0006054018158465624,1.3797416687011719,1.5661762952804565,0.13921523094177246,0.5742047429084778,-0.409879595041275,0.4121289551258087,0.5765738487243652
236353.092018,35945615,0.77,-0.001381311216391623,-5.3784126066602767e-05,-0.0006318129599094391,1.376268744468689,1.5661780834197998,0.13573764264583588,0.5742003321647644,-0.4098854959011078,0.41212573647499084,0.576576292514801
236353.098083,35951680,0.13,-0.0014383209636434913,-8.803123637335375e-05,-0.0005978763219900429,1.2927913665771484,1.5656466484069824,0.052047789096832275,0.5739198923110962,-0.409932404756546,0.41220057010650635,0.5767686367034912
236353.104031,35957589,0.13,-0.0014949609758332372,-0.0001019707415252924,-0.0006039583240635693,1.2914551496505737,1.5656613111495972,0.050724733620882034,0.5739251971244812,-0.40993374586105347,0.4121916592121124,0.5767688155174255
236353.11003699998,35963594,0.13,-0.0015527817886322737,-0.00011618218559306115,-0.0006107391673140228,1.2935481071472168,1.5656588077545166,0.05280984938144684,0.573925256729126,-0.4099324941635132,0.41219741106033325,0.5767654776573181
236353.118027,35971585,0.13,-0.0016075692838057876,-0.00035900616785511374,-5.2982111810706556e-05,1.2942883968353271,1.5656753778457642,0.05354512482881546,0.5739296674728394,-0.4099365770816803,0.4121962785720825,0.5767590403556824
236353.12602,35979578,0.13,-0.001684280694462359,-0.00037731503834947944,-6.205955287441611e-05,1.2945222854614258,1.5656769275665283,0.053767863661050797,0.5739280581474304,-0.4099397659301758,0.4121994376182556,0.5767561197280884
236353.13202999998,35985587,0.13,-0.0017411481821909547,-0.00039088769699446857,-6.878880958538502e-05,1.293272852897644,1.5656739473342896,0.05254151299595833,0.573930561542511,-0.40993422269821167,0.4121917188167572,0.5767630934715271
236353.138033,35991591,0.19,-0.0017366973916068673,-0.00038231475627981126,2.4756085622357205e-05,1.195162296295166,1.5645774602890015,-0.046011704951524734,0.5734093189239502,-0.4099947214126587,0.41238459944725037,0.5771005749702454
236353.14401299998,35997570,0.19,-0.0017787552205845714,-0.00039035233203321695,4.362455365480855e-05,1.194784164428711,1.5645793676376343,-0.04638934135437012,0.5734094977378845,-0.4099956452846527,0.41238340735435486,0.5771005749702454
236353.15201599998,36005573,0.19,-0.0018348960438743234,-0.0004016155144199729,6.925174238858745e-05,1.1951221227645874,1.56459379196167,-0.0460640974342823,0.5734115839004517,-0.4100014567375183,0.41238489747047424,0.577093243598938
236353.15601099998,36009568,0.19,-0.001863062265329063,-0.00040718598756939173,8.229105151258409e-05,1.1949005126953125,1.5645889043807983,-0.04629764333367348,0.5734074115753174,-0.4100043773651123,0.4123888611793518,0.5770925283432007
236353.16000399998,36013561,0.19,-0.0018911906518042088,-0.0004129859444219619,9.532099647913128e-05,1.1942986249923706,1.5645943880081177,-0.04689681902527809,0.5734089016914368,-0.41000574827194214,0.4123859107494354,0.577092170715332
236353.164005,36017563,0.19,-0.0019193717744201422,-0.00041876095929183066,0.00010837447189260274,1.1939465999603271,1.5646017789840698,-0.04725562036037445,0.5734092593193054,-0.41000980138778687,0.41238582134246826,0.5770890116691589
236353.170092,36023650,0.73,-0.0013755086110904813,-0.0001858915202319622,0.0012497393181547523,1.1805856227874756,1.5642285346984863,-0.06077002361416817,0.5732497572898865,-0.41000840067863464,0.41247493028640747,0.5771847367286682
236353.174018,36027576,0.73,-0.001251227455213666,-8.782782970229164e-05,0.001468364498578012,1.1808615922927856,1.5642297267913818,-0.06049305573105812,0.5732506513595581,-0.4100078046321869,0.41247498989105225,0.57718425989151
236353.180009,36033567,0.73,-0.0010653224308043718,5.929675535298884e-05,0.0017969122854992747,1.1787735223770142,1.564241647720337,-0.06258980929851532,0.573249876499176,-0.41001665592193604,0.41247114539146423,0.5771815180778503
236353.18601399998,36039571,0.73,-0.0008790873689576983,0.00020649544603656977,0.0021256322506815195,1.17864990234375,1.5642439126968384,-0.06272165477275848,0.5732487440109253,-0.4100196957588196,0.41247281432151794,0.5771793127059937
236353.192032,36045590,0.73,-0.0006928897346369922,0.00035356206353753805,0.002454525325447321,1.1785452365875244,1.564243197441101,-0.06282885372638702,0.5732478499412537,-0.41002050042152405,0.41247349977493286,0.5771790742874146
236353.200033,36053591,0.73,-0.0006601351196877658,0.0004045381210744381,0.002589404582977295,1.1754552125930786,1.5642563104629517,-0.06592930853366852,0.5732458829879761,-0.4100320637226105,0.41246798634529114,0.5771768093109131
236353.21003,36063588,0.17,-0.0012201122008264065,0.0002365006657782942,0.001523246755823493,1.1561120748519897,1.5640619993209839,-0.08527300506830215,0.5731633305549622,-0.41003525257110596,0.41246476769447327,0.577258825302124
236353.21801299998,36071570,0.17,-0.0012170502450317144,0.0002903193817473948,0.001503471750766039,1.1558327674865723,1.5640685558319092,-0.0855574831366539,0.5731638669967651,-0.4100385010242462,0.41246452927589417,0.5772560834884644
236353.224013,36077571,0.17,-0.001214575138874352,0.0003307143342681229,0.0014891630271449685,1.1558558940887451,1.5640807151794434,-0.08553609251976013,0.5731672644615173,-0.4100411832332611,0.41246289014816284,0.5772519707679749
236353.23000799998,36083565,0.17,-0.0012291482416912913,0.0003486629866529256,0.0014987359754741192,1.1551637649536133,1.5640912055969238,-0.0862249806523323,0.5731703042984009,-0.41004353761672974,0.4124586582183838,0.5772503614425659
236353.238008,36091566,0.17,-0.001234428840689361,0.0003914753324352205,0.0014921521069481969,1.1516106128692627,1.5640788078308105,-0.08979538828134537,0.5731586813926697,-0.410053551197052,0.41245853900909424,0.5772548317909241
236353.24204299998,36095600,0.4,-0.00121072749607265,0.0004194030479993671,0.0015456329565495253,1.1417882442474365,1.5640398263931274,-0.09957186132669449,0.5731444358825684,-0.4100535809993744,0.4124320447444916,0.5772878527641296
236353.248009,36101567,0.4,-0.0012240821961313486,0.0004243951116222888,0.0015336497453972697,1.139933466911316,1.5640286207199097,-0.10142457485198975,0.5731392502784729,-0.41005489230155945,0.4124295711517334,0.577293872833252
236353.252013,36105571,0.4,-0.0012326962314546108,0.0004277111147530377,0.0015256433980539441,1.139182686805725,1.5640300512313843,-0.10217303037643433,0.5731392502784729,-0.4100560247898102,0.4124270975589752,0.5772948265075684
236353.25601399998,36109571,0.4,-0.0012410272611305118,0.0004309270007070154,0.0015177096938714385,1.1383178234100342,1.5640287399291992,-0.10304322838783264,0.5731367468833923,-0.4100590944290161,0.41242706775665283,0.577295184135437
236353.260003,36113561,0.4,-0.0012521753087639809,0.0004346505447756499,0.0015197345055639744,1.138270616531372,1.564043402671814,-0.10309306532144547,0.5731406211853027,-0.4100625216960907,0.41242516040802,0.5772902369499207
236353.264004,36117562,0.4,-0.001263217767700553,0.0004384233325254172,0.0015218873741105199,1.1398876905441284,1.5640310049057007,-0.10147849470376968,0.5731382369995117,-0.4100577235221863,0.41243138909339905,0.5772915482521057
236353.266019,36119577,0.4,-0.0012642116053029895,0.00043922875192947686,0.0015077878488227725,1.138995885848999,1.5640339851379395,-0.10236751288175583,0.5731386542320251,-0.4100593030452728,0.41242823004722595,0.5772923231124878
236353.27000299998,36123560,0.4,-0.0012721808161586523,0.00044231044012121856,0.0014994435478001833,1.138859510421753,1.564042329788208,-0.1025046706199646,0.5731408596038818,-0.4100612998008728,0.41242673993110657,0.5772897601127625
236353.27400499998,36127563,0.4,-0.001282889861613512,0.0004460947820916772,0.0015008554328233004,1.1377202272415161,1.5640491247177124,-0.1036372035741806,0.5731430649757385,-0.41006290912628174,0.41242125630378723,0.5772903561592102
236353.276024,36129582,0.36,-0.0012823163997381926,0.0004468189727049321,0.0014842315576970577,1.1404072046279907,1.5641270875930786,-0.100860595703125,0.5731887221336365,-0.41004520654678345,0.4123874604701996,0.5772817134857178
236353.280006,36133564,0.36,-0.0012797936797142029,0.00044819535105489194,0.0014468136942014098,1.1391512155532837,1.564124584197998,-0.10211511701345444,0.5731868147850037,-0.41004690527915955,0.41238489747047424,0.5772842764854431
236353.284008,36137566,0.36,-0.0012841831194236875,0.0004511075094342232,0.0014306429075077176,1.1390935182571411,1.5641281604766846,-0.10217072814702988,0.5731882452964783,-0.4100470542907715,0.4123835861682892,0.5772836804389954
236353.28800499998,36141562,0.36,-0.0012744769919663668,0.0004512926680035889,0.001371743273921311,1.1390461921691895,1.5641297101974487,-0.10221651941537857,0.5731889605522156,-0.4100469648838043,0.4123828113079071,0.5772835612297058
236353.29000399998,36143561,0.36,-0.0012730001471936703,0.00045207006041891873,0.0013529343996196985,1.138527750968933,1.5641270875930786,-0.10273389518260956,0.5731877684593201,-0.4100472629070282,0.4123818576335907,0.5772852301597595
236353.294004,36147562,0.36,-0.0012769530294463038,0.0004550110606942326,0.0013367063365876675,1.1375428438186646,1.5641329288482666,-0.10372152924537659,0.5731878876686096,-0.4100510776042938,0.4123796224594116,0.577284038066864
236353.298013,36151571,0.36,-0.0012739520752802491,0.00045691942796111107,0.0012991250259801745,1.135607361793518,1.564121127128601,-0.10565102100372314,0.5731832385063171,-0.41005125641822815,0.41237595677375793,0.5772910714149475
236353.300012,36153570,0.36,-0.0012793164933100343,0.0004593171179294586,0.0013015951262786984,1.1348040103912354,1.5641181468963623,-0.10645554214715958,0.57318115234375,-0.41005274653434753,0.41237518191337585,0.5772926807403564
236353.304014,36157572,0.36,-0.0012761227553710341,0.00046165662934072316,0.0012639423366636038,1.1350284814834595,1.5641322135925293,-0.10623371601104736,0.5731852054595947,-0.4100554883480072,0.41237393021583557,0.5772875547409058
236353.308019,36161577,0.36,-0.0012726811692118645,0.0004641069390345365,0.001225984306074679,1.1369293928146362,1.5641371011734009,-0.10433534532785416,0.5731883645057678,-0.41005316376686096,0.4123777449131012,0.5772833824157715
236353.31203499998,36165592,0.72,-0.0012609048280864954,0.0004687176551669836,0.0012038847198709846,1.1527698040008545,1.5642884969711304,-0.088416188955307,0.5732695460319519,-0.4100254476070404,0.41236039996147156,0.5772348642349243
236353.316005,36169574,0.72,-0.0012329949531704187,0.00047266273759305477,0.0011649203952401876,1.1541059017181396,1.5642914772033691,-0.08707836270332336,0.5732723474502563,-0.4100227952003479,0.4123620092868805,0.5772327780723572
236353.320013,36173582,0.72,-0.0012049031211063266,0.0004769432416651398,0.0011258843587711453,1.1545840501785278,1.5642964839935303,-0.08660684525966644,0.5732730627059937,-0.4100247025489807,0.4123639762401581,0.5772293210029602
236353.326015,36179584,0.72,-0.001162510714493692,0.0004834375868085772,0.0010671978816390038,1.153306007385254,1.5642914772033691,-0.08788637071847916,0.5732697248458862,-0.41002675890922546,0.4123627841472626,0.5772320032119751
236353.330008,36183577,0.72,-0.001167577807791531,0.000489138881675899,0.0010661445558071136,1.1528468132019043,1.5642892122268677,-0.08834803104400635,0.5732679963111877,-0.41002798080444336,0.4123629629611969,0.5772327184677124
236353.33600799998,36189576,0.72,-0.0011050086468458176,0.000495774787850678,0.0009868713095784187,1.1493629217147827,1.5643099546432495,-0.09184538573026657,0.5732675790786743,-0.4100424647331238,0.4123561978340149,0.5772277116775513
236353.34402,36197589,0.72,-0.0010610223980620503,0.0005051001207903028,0.0009256027988158166,1.1484159231185913,1.5643150806427002,-0.0927867740392685,0.5732691287994385,-0.4100436568260193,0.4123518466949463,0.5772284269332886
236353.348018,36201587,0.56,-0.001029571401886642,0.0005042704287916422,0.0008821957744657993,1.164042592048645,1.5644649267196655,-0.07708369195461273,0.5733486413955688,-0.41001829504966736,0.4123334288597107,0.5771805644035339
236353.35402499998,36207593,0.56,-0.0009882758604362607,0.0005035168724134564,0.0008244657656177878,1.1668673753738403,1.564467430114746,-0.074250228703022,0.5733544826507568,-0.41001081466674805,0.4123358726501465,0.5771783590316772
236353.360009,36213578,0.56,-0.0009465276962146163,0.0005032616900280118,0.0007664858130738139,1.167810082435608,1.5644885301589966,-0.0733189508318901,0.5733596086502075,-0.4100162386894226,0.4123370945453644,0.5771685838699341
236353.36602699998,36219595,0.56,-0.0009039517608471215,0.0005034810164943337,0.0007080938084982336,1.1668621301651,1.564499855041504,-0.07426737993955612,0.573361873626709,-0.41002029180526733,0.4123333692550659,0.5771661400794983
236353.372034,36225603,0.56,-0.0008609177311882377,0.0005046755541115999,0.0006492788670584559,1.1648794412612915,1.564499020576477,-0.07625589519739151,0.5733581185340881,-0.41002556681632996,0.41233140230178833,0.5771675109863281
236353.376009,36229578,0.56,-0.0008456154027953744,0.00050825480138883,0.0006260734517127275,1.1633343696594238,1.5645087957382202,-0.07779766619205475,0.573360025882721,-0.4100293517112732,0.4123257100582123,0.5771669745445251
236353.38000499998,36233573,0.56,-0.0008433365728706121,0.0005145728355273604,0.0006189118721522391,1.1630069017410278,1.5645029544830322,-0.0781225860118866,0.5733583569526672,-0.4100281596183777,0.4123254418373108,0.57716965675354
236353.38200699998,36235575,0.56,-0.0008420274825766683,0.0005177453858777881,0.0006152460118755698,1.161476492881775,1.5645116567611694,-0.07965563982725143,0.5733587145805359,-0.4100334346294403,0.41232171654701233,0.5771682262420654
236353.386012,36239581,0.56,-0.0008392440504394472,0.0005242737825028598,0.000607771915383637,1.1603819131851196,1.5645132064819336,-0.0807483121752739,0.5733582973480225,-0.41003525257110596,0.41231879591941833,0.5771694183349609
236353.392004,36245573,0.56,-0.0008346703834831715,0.0005342913791537285,0.0005963196163065732,1.1609735488891602,1.5645142793655396,-0.0801524668931961,0.5733602046966553,-0.41003310680389404,0.41231852769851685,0.5771692991256714
236353.39401,36247579,0.56,-0.0008330711862072349,0.0005377324414439499,0.0005924837896600366,1.1609137058258057,1.5645159482955933,-0.08021144568920135,0.573360800743103,-0.41003328561782837,0.41231784224510193,0.5771690011024475
236353.400008,36253577,0.56,-0.0008273287094198167,0.0005472347838804126,0.0005797818885184824,1.162104606628418,1.5645194053649902,-0.07904445379972458,0.5733582973480225,-0.410038560628891,0.4123263359069824,0.5771616697311401
236353.40400799998,36257576,0.56,-0.0008242116309702396,0.0005539419362321496,0.0005723052890971303,1.1624059677124023,1.5645166635513306,-0.07874671369791031,0.5733570456504822,-0.4100385308265686,0.41232845187187195,0.577161431312561
236353.41001199998,36263580,0.56,-0.0008195798727683723,0.0005639081937260926,0.0005611956585198641,1.161725401878357,1.5645289421081543,-0.07943207025527954,0.5733590126037598,-0.41004347801208496,0.41232630610466003,0.5771574974060059
236353.416018,36269587,0.56,-0.0008150024805217981,0.0005737575702369213,0.000550216413103044,1.1596369743347168,1.5645370483398438,-0.08152508735656738,0.5733581781387329,-0.4100502133369446,0.41232219338417053,0.5771564841270447
236353.42201399998,36275582,0.68,-0.0007793912081979215,0.000563314650207758,0.000491729355417192,1.1894277334213257,1.564778208732605,-0.051611367613077164,0.5734902620315552,-0.41000476479530334,0.41229721903800964,0.5770754218101501
236353.428004,36281573,0.68,-0.0007679422851651907,0.0005698811146430671,0.0004705761093646288,1.1883834600448608,1.5647859573364258,-0.052646540105342865,0.573493242263794,-0.41000545024871826,0.4122912585735321,0.5770761966705322
236353.43202399998,36285592,0.68,-0.0007597425719723105,0.0005747565883211792,0.00045568906352855265,1.187917709350586,1.5647835731506348,-0.05313741788268089,0.5734868049621582,-0.4100130796432495,0.4122980833053589,0.577072262763977
236353.438019,36291588,0.68,-0.0007470968994311988,0.0005820714286528528,0.0004336686397437006,1.1873761415481567,1.5647813081741333,-0.05367504805326462,0.573486328125,-0.41001251339912415,0.4122964143753052,0.5770743489265442
236353.444017,36297586,0.68,-0.0007339107687585056,0.000589225790463388,0.00041114099440164864,1.187286138534546,1.5647964477539062,-0.05376733839511871,0.5734903216362,-0.4100162088871002,0.41229403018951416,0.5770694613456726
236353.45001899998,36303587,0.68,-0.0007203167770057917,0.0005955933011136949,0.0003881605516653508,1.1878485679626465,1.56480872631073,-0.05320833995938301,0.5734938979148865,-0.41001856327056885,0.4122937321662903,0.5770645141601562
236353.458014,36311583,0.66,-0.0004201529663987458,0.00040836463449522853,-4.442580757313408e-05,1.1948754787445068,1.5648671388626099,-0.046150680631399155,0.5735256671905518,-0.41000843048095703,0.4122862219810486,0.5770454406738281
236353.464026,36317595,0.66,-0.000368120992789045,0.00038456739275716245,-0.00011852485476993024,1.1952955722808838,1.564866304397583,-0.045721933245658875,0.5735276937484741,-0.41000503301620483,0.41228464245796204,0.5770469903945923
236353.47001599998,36323584,0.66,-0.0002975878887809813,0.0003459551080595702,-0.0002174878172809258,1.194909691810608,1.5648757219314575,-0.04611100256443024,0.5735293626785278,-0.41000843048095703,0.4122830927371979,0.5770440101623535
236353.47801,36331579,0.66,-0.00020241284801159054,0.0002942515420727432,-0.0003499050799291581,1.193206548690796,1.564889669418335,-0.04781869798898697,0.5735306739807129,-0.41001543402671814,0.4122787415981293,0.5770409107208252
236353.484008,36337577,0.66,-0.00016630449681542814,0.0002844946284312755,-0.00040010956581681967,1.1929194927215576,1.5648844242095947,-0.04811643436551094,0.5735265612602234,-0.4100179970264435,0.4122822880744934,0.5770405530929565
236353.490016,36343585,0.72,-0.00034312496427446604,0.0004115274641662836,-0.00011721139890141785,1.208116888999939,1.564997911453247,-0.032831884920597076,0.5735954642295837,-0.4099885821342468,0.4122616648674011,0.5770077705383301
236353.49400799998,36347576,0.72,-0.00031822940218262374,0.0004032790311612189,-0.00013731300714425743,1.20686674118042,1.5649936199188232,-0.03408452123403549,0.5735922455787659,-0.4099906086921692,0.41226109862327576,0.577009916305542
236353.500045,36353614,0.72,-0.00025694668875075877,0.00036926037864759564,-0.00017283085617236793,1.208265781402588,1.5649962425231934,-0.03268356993794441,0.5735949873924255,-0.4099881649017334,0.4122624397277832,0.5770079493522644
236353.506019,36359588,0.72,-0.00021490297513082623,0.0003522383631207049,-0.00020352420688141137,1.2091201543807983,1.564998984336853,-0.03182850405573845,0.5735968947410583,-0.40998706221580505,0.4122631549835205,0.5770062804222107
236353.512005,36365574,0.72,-0.00016288466576952487,0.00032550859032198787,-0.00023659005819354206,1.20602548122406,1.5650004148483276,-0.034921977669000626,0.5735940933227539,-0.4099922776222229,0.41225725412368774,0.5770096182823181
236353.51801,36371579,0.72,-0.00011052407353417948,0.0002985050086863339,-0.0002696219307836145,1.205912709236145,1.565012812614441,-0.03503823280334473,0.5735968947410583,-0.4099959135055542,0.4122556447982788,0.5770053863525391
236353.52406999998,36377669,0.29,-4.2332019802415743e-05,0.0002997016126755625,-0.0002885655267164111,1.2480803728103638,1.5650229454040527,0.007248653564602137,0.5736735463142395,-0.4098927676677704,0.41229015588760376,0.5769777894020081
236353.530029,36383628,0.29,5.356182009563781e-05,0.0003103804192505777,-0.0002783797972369939,1.2463715076446533,1.5650229454040527,0.005541217513382435,0.5736717581748962,-0.4098951816558838,0.4122869670391083,0.5769801735877991
236353.536028,36389627,0.29,0.0001791445683920756,0.00032583196298219264,-0.0002532102807890624,1.2450346946716309,1.5650371313095093,0.004202856216579676,0.5736739635467529,-0.4099007844924927,0.412282258272171,0.5769773721694946
236353.542008,36395607,0.29,0.00030464690644294024,0.0003411835932638496,-0.00022864618222229183,1.2432481050491333,1.5650326013565063,0.0024068255443125963,0.5736685395240784,-0.4099055230617523,0.4122829735279083,0.576978862285614
236353.54801199998,36401610,0.29,0.00043099073809571564,0.00035698580904863775,-0.00020396176842041314,1.2423580884933472,1.5650453567504883,0.001513571827672422,0.573670506477356,-0.4099105894565582,0.41227978467941284,0.5769755840301514
236353.554018,36407617,0.29,0.0005578056443482637,0.00037290214095264673,-0.0001788856607163325,1.2431694269180298,1.5650482177734375,0.0023194490931928158,0.5736711621284485,-0.4099113941192627,0.4122820794582367,0.5769727230072021
236353.56004399998,36413642,0.29,0.000596574682276696,0.00037577043985947967,-0.00019909936236217618,1.2431268692016602,1.5650534629821777,0.002271293895319104,0.5736714601516724,-0.40991419553756714,0.4122825562953949,0.576970100402832
236353.566009,36419608,0.29,0.0006352989585138857,0.00037881580647081137,-0.00021917592675890774,1.2415144443511963,1.565053939819336,0.0006556369480676949,0.5736690759658813,-0.4099178612232208,0.41228070855140686,0.5769712328910828
236353.57201399998,36425612,0.29,0.0006745870923623443,0.0003817012766376138,-0.0002395544433966279,1.2401870489120483,1.565061092376709,-0.000667278072796762,0.5736704468727112,-0.40992024540901184,0.4122757613658905,0.5769716501235962
236353.578007,36431606,0.29,0.0007244847947731614,0.00038299948209896684,-0.00025728365289978683,1.2406938076019287,1.565057396888733,-0.00016281446733046323,0.5736694931983948,-0.40991929173469543,0.41227805614471436,0.5769716501235962
236353.58207899999,36435678,0.29,0.0007509305141866207,0.00038508890429511666,-0.00027122077881358564,1.2397878170013428,1.5650675296783447,-0.0010672599310055375,0.5736716985702515,-0.40992242097854614,0.412274032831192,0.576970100402832
236353.590251,36443850,0.22,0.0008201621240004897,0.0004064254171680659,-0.0002782143419608474,1.2678563594818115,1.565003514289856,0.02701469138264656,0.5736899971961975,-0.4098590612411499,0.41232961416244507,0.5769572257995605
236353.596016,36449615,0.22,0.0008630144293420017,0.0004148889274802059,-0.000291491363896057,1.269942045211792,1.56500244140625,0.029106928035616875,0.5736936330795288,-0.4098535180091858,0.41233137249946594,0.5769562721252441
236353.600013,36453612,0.22,0.0008932252530939877,0.00042143743485212326,-0.0003002776938956231,1.2694991827011108,1.5650285482406616,0.02866244502365589,0.5737001299858093,-0.4098602831363678,0.41232553124427795,0.5769491791725159
236353.60400599998,36457604,0.22,0.0009233076125383377,0.00042777261114679277,-0.00030919708660803735,1.269923210144043,1.5650336742401123,0.02908436954021454,0.5737016797065735,-0.40986132621765137,0.41232573986053467,0.5769467949867249
236353.610008,36463607,0.22,0.0009689237340353429,0.00043710405589081347,-0.00032238554558716714,1.2689480781555176,1.565047025680542,0.0281194020062685,0.573706328868866,-0.40986284613609314,0.4123184084892273,0.5769463181495667
236353.61601,36469609,0.22,0.0011984840966761112,0.0006562427734024823,-7.352729880949482e-05,1.2665284872055054,1.5650476217269897,0.02569173462688923,0.5737018585205078,-0.4098692238330841,0.4123166501522064,0.5769474506378174
236353.620011,36473610,0.22,0.0012288569705560803,0.0006625006208196282,-8.219519077101722e-05,1.2667347192764282,1.5650516748428345,0.025895845144987106,0.5737028121948242,-0.40987035632133484,0.41231676936149597,0.5769456028938293
236353.626059,36479658,0.22,0.0012743067927658558,0.0006718647200614214,-9.516572754364461e-05,1.264306664466858,1.5650540590286255,0.023464549332857132,0.5736998915672302,-0.409875750541687,0.41231322288513184,0.5769472718238831
236353.63402,36487619,0.67,0.0012919600121676922,0.0006810037302784622,-0.00010416102304589003,1.2618447542190552,1.565037727355957,0.020924631506204605,0.5736761093139648,-0.4098987877368927,0.412335067987442,0.5769388675689697
236353.64202099998,36495619,0.67,0.001337781548500061,0.0006914714467711747,-0.00011804842506535351,1.2640912532806396,1.565042495727539,0.023165471851825714,0.5736790895462036,-0.40989774465560913,0.41233932971954346,0.5769336223602295
236353.648024,36501623,0.67,0.0013726709876209497,0.0006991495611146092,-0.00012827642785850912,1.2655973434448242,1.5650449991226196,0.024674667045474052,0.5736823081970215,-0.4098949730396271,0.41234034299850464,0.5769317150115967
236353.65601799998,36509616,0.67,0.0014197052223607898,0.0007094849715940654,-0.00014209146320354193,1.2640037536621094,1.5650546550750732,0.023080989718437195,0.5736830234527588,-0.40989962220191956,0.41233575344085693,0.5769309401512146
236353.662018,36515617,0.67,0.0014551152708008885,0.000716768903657794,-0.00015239790081977844,1.262093186378479,1.5650546550750732,0.021152609959244728,0.5736770629882812,-0.40990787744522095,0.4123377501964569,0.5769295692443848
236353.66801,36521609,0.67,0.0014903644332662225,0.0007244535372592509,-0.00016263061843346804,1.2603609561920166,1.565062403678894,0.01942581683397293,0.5736783146858215,-0.40991076827049255,0.4123317301273346,0.5769306421279907
236353.67401999998,36527618,0.67,0.001526032225228846,0.0007321282755583525,-0.00017294398276135325,1.2591842412948608,1.5650651454925537,0.01825598254799843,0.5736790299415588,-0.40991127490997314,0.41232728958129883,0.5769326686859131
236353.684021,36537620,0.67,0.0011184721952304244,0.0007331548258662224,-0.00010706366447266191,1.2591216564178467,1.5650725364685059,0.018186265602707863,0.5736795663833618,-0.4099150002002716,0.41232767701148987,0.5769292116165161
236353.694005,36547604,0.67,0.0011763429502025247,0.0007456541643477976,-0.0001235528470715508,1.2575641870498657,1.5650876760482788,0.016631711274385452,0.5736826658248901,-0.4099198877811432,0.4123211205005646,0.5769273638725281
236353.70002,36553619,0.67,0.0012106274953112006,0.0007530591683462262,-0.00013332160597201437,1.2564682960510254,1.5650979280471802,0.015536662191152573,0.5736844539642334,-0.40992358326911926,0.4123169481754303,0.5769259333610535
236353.704049,36557648,0.15,0.0012437961995601654,0.0007666655583307147,-0.00014477943477686495,1.2601203918457031,1.5651365518569946,0.019174186512827873,0.5736967921257019,-0.4099300503730774,0.4123189151287079,0.5769076347351074
236353.710023,36563622,0.15,0.0012812376953661442,0.0007757983403280377,-0.00015561415057163686,1.2584311962127686,1.565149188041687,0.01748034730553627,0.5736973881721497,-0.4099367558956146,0.41231489181518555,0.5769051909446716
236353.71601399998,36569612,0.15,0.0013291318900883198,0.0008048269082792103,-0.00018889563216362149,1.2592709064483643,1.5651553869247437,0.018319090828299522,0.5737000107765198,-0.4099369943141937,0.4123151898384094,0.5769022107124329
236353.72401499999,36577614,0.15,0.0013792540412396193,0.0008167716441676021,-0.00020262283214833587,1.2588129043579102,1.5651687383651733,0.01786070503294468,0.5737031102180481,-0.4099406599998474,0.4123117923736572,0.5768988728523254
236353.73413599998,36587734,0.17,0.0019016896840184927,0.000772951461840421,-5.4430882300948724e-05,1.5603525638580322,1.5646750926971436,0.31984496116638184,0.5741157531738281,-0.4092502295970917,0.412745863199234,0.5766682028770447
236353.74201,36595616,0.17,0.0021311917807906866,0.0007612385088577867,-3.339548356962041e-06,1.559312105178833,1.5646792650222778,0.31880930066108704,0.5741158127784729,-0.40925133228302,0.4127419590950012,0.5766701698303223
236353.748012,36601618,0.17,0.0023074676282703876,0.0007526571862399578,3.620667121140286e-05,1.5581642389297485,1.5646908283233643,0.3176645338535309,0.5741168856620789,-0.40925517678260803,0.41273629665374756,0.5766704082489014
236353.756023,36609629,0.17,0.002543439855799079,0.0007408094243146479,9.02851388673298e-05,1.5598849058151245,1.5647040605545044,0.31938305497169495,0.5741221904754639,-0.4092574417591095,0.41273534297943115,0.5766642093658447
236353.76200999998,36615615,0.17,0.002720884047448635,0.0007320359000004828,0.0001308717328356579,1.5584253072738647,1.5647114515304565,0.3179265856742859,0.5741218328475952,-0.40926048159599304,0.41273051500320435,0.5766658782958984
236353.768033,36621639,0.17,0.002901212079450488,0.0007230871124193072,0.00017219901201315224,1.5583494901657104,1.5647165775299072,0.31784552335739136,0.5741217136383057,-0.409263551235199,0.4127304255962372,0.5766638517379761
236353.774018,36627624,0.6,0.008870940655469894,-2.4346774807781912e-05,0.0022638856898993254,1.758705973625183,1.56395423412323,0.5186241269111633,0.5744656920433044,-0.4086783528327942,0.41307175159454346,0.5764918923377991
236353.78202699998,36635632,0.6,0.01124165952205658,-0.0003478932485450059,0.0030754285398870707,1.7565337419509888,1.5639535188674927,0.516442060470581,0.5744587779045105,-0.40868324041366577,0.4130725860595703,0.5764947533607483
236353.788026,36641632,0.6,0.013020145706832409,-0.0005907982704229653,0.0036851437762379646,1.7572848796844482,1.5639617443084717,0.5171921849250793,0.5744614601135254,-0.4086853563785553,0.41307100653648376,0.5764917135238647
236353.79600899998,36649614,0.6,0.014360221102833748,-0.0007665090961381793,0.004132997244596481,1.7580405473709106,1.5639675855636597,0.5179556608200073,0.5744655728340149,-0.40868425369262695,0.41306766867637634,0.5764907598495483
236353.80202899998,36655634,0.6,0.01562589406967163,-0.0009349856991320848,0.004561480134725571,1.7602587938308716,1.5639897584915161,0.5201618671417236,0.5744712352752686,-0.4086925983428955,0.41306623816490173,0.5764802098274231
236353.80807499998,36661680,0.69,0.011038417927920818,-0.00038063767715357244,0.002908783731982112,1.8419243097305298,1.5636112689971924,0.6020950078964233,0.5746621489524841,-0.4084147810935974,0.41318947076797485,0.576398491859436
236353.814006,36667612,0.69,0.010962960310280323,-0.0004148275183979422,0.002835828810930252,1.842637300491333,1.5636231899261475,0.6028012037277222,0.5746639370918274,-0.40842005610466003,0.413188099861145,0.5763940215110779
236353.818015,36671621,0.69,0.010914672166109085,-0.00043822266161441803,0.0027877299580723047,1.8429126739501953,1.5636178255081177,0.6030709743499756,0.5746628046035767,-0.4084196984767914,0.41319167613983154,0.5763928294181824
236353.82201099998,36675616,0.69,0.010866337455809116,-0.00046181719517335296,0.0027395200449973345,1.8412026166915894,1.5636247396469116,0.6013590693473816,0.5746591091156006,-0.4084240198135376,0.41318848729133606,0.5763956904411316
236353.824005,36677611,0.69,0.010842078365385532,-0.00047384589561261237,0.0027154795825481415,1.8406161069869995,1.5636311769485474,0.6007694602012634,0.5746579170227051,-0.40842756628990173,0.4131866991519928,0.5763956904411316
236353.82801099998,36681616,0.69,0.010972944088280201,-0.0004896331229247153,0.0027472241781651974,1.839333176612854,1.5636416673660278,0.5994802713394165,0.5746548175811768,-0.4084339737892151,0.41318395733833313,0.5763961672782898
236353.83201399999,36685620,0.69,0.010835796594619751,-0.0005172970704734325,0.002660775789991021,1.843489408493042,1.5636411905288696,0.603646457195282,0.5746666789054871,-0.408427357673645,0.4131848216056824,0.5763883590698242
236353.836005,36689611,0.69,0.010787934064865112,-0.0005409694276750088,0.002613980323076248,1.8441780805587769,1.5636420249938965,0.6043352484703064,0.5746684670448303,-0.40842700004577637,0.41318511962890625,0.5763866901397705
236353.840016,36693622,0.69,0.010919707827270031,-0.0005564064485952258,0.002647208282724023,1.844716191291809,1.5636478662490845,0.6048757433891296,0.5746709704399109,-0.40842777490615845,0.41318294405937195,0.5763852000236511
236353.84402699998,36697632,0.69,0.011051621288061142,-0.0005716878804378211,0.0026805615052580833,1.844498872756958,1.5636379718780518,0.6046562790870667,0.5746687650680542,-0.40842530131340027,0.4131866693496704,0.5763864517211914
236353.848011,36701617,0.69,0.01118282787501812,-0.0005868006846867502,0.002713804366067052,1.8450790643692017,1.5636483430862427,0.6052387356758118,0.5746718645095825,-0.4084276258945465,0.4131830930709839,0.5763843059539795
236353.854026,36707632,0.69,0.01138139609247446,-0.0006099554593674839,0.002764469711109996,1.8456264734268188,1.5636557340621948,0.6057788133621216,0.5746725797653198,-0.4084317088127136,0.41318321228027344,0.5763806104660034
236353.85801499998,36711620,0.69,0.011482546105980873,-0.0006267972639761865,0.00278468057513237,1.8448504209518433,1.5636628866195679,0.6050040125846863,0.5746718645095825,-0.4084344208240509,0.41317978501319885,0.5763818621635437
236353.864023,36717629,0.69,0.011677797883749008,-0.0006498495349660516,0.0028346222825348377,1.8445754051208496,1.563678503036499,0.6047416925430298,0.5746757388114929,-0.4084361791610718,0.413170725107193,0.5763832926750183
236353.870018,36723624,0.69,0.011870278045535088,-0.000672574620693922,0.002883855253458023,1.8446060419082642,1.5636861324310303,0.6047722101211548,0.5746766924858093,-0.40843871235847473,0.4131682515144348,0.5763822793960571
236353.876016,36729622,0.69,0.012060536071658134,-0.0006950373644940555,0.0029325196519494057,1.8445059061050415,1.5636959075927734,0.604669451713562,0.5746771097183228,-0.40844282507896423,0.4131656587123871,0.5763807892799377
236353.882037,36735643,0.64,0.011757961474359035,-0.0007137118955142796,0.0028182598762214184,1.877871036529541,1.563679814338684,0.6382731795310974,0.57480388879776,-0.40834152698516846,0.413129597902298,0.5763520002365112
236353.88802299998,36741628,0.64,0.011847089976072311,-0.0007360481540672481,0.002833864651620388,1.8778849840164185,1.563688039779663,0.6382886171340942,0.5748050808906555,-0.4083439111709595,0.4131264388561249,0.5763514041900635
236353.892028,36745634,0.64,0.011906386353075504,-0.0007510192226618528,0.0028443417977541685,1.8781681060791016,1.563690185546875,0.6385697722434998,0.5748056173324585,-0.40834495425224304,0.41312646865844727,0.5763500928878784
236353.900023,36753629,0.64,0.012024324387311935,-0.0007815706776455045,0.0028658185619860888,1.8771485090255737,1.563704490661621,0.6375470757484436,0.5748041272163391,-0.40835148096084595,0.4131217896938324,0.5763503313064575
236353.90602,36759626,0.64,0.012112407013773918,-0.0008048830204643309,0.0028825406916439533,1.8762842416763306,1.5637123584747314,0.636684775352478,0.5748032927513123,-0.4083541929721832,0.4131179451942444,0.5763519406318665
236353.914011,36767617,0.64,0.012228469364345074,-0.0008356705075129867,0.0029051725286990404,1.8782328367233276,1.5637145042419434,0.6386198997497559,0.5748054385185242,-0.40835729241371155,0.41312259435653687,0.5763443112373352
236353.922023,36775629,0.1,0.007514383643865585,-0.0004825255600735545,0.001543738297186792,1.89990234375,1.5632582902908325,0.6601046919822693,0.5747723579406738,-0.40823954343795776,0.41334593296051025,0.5763005614280701
236353.928009,36781615,0.1,0.007124048657715321,-0.00037160160718485713,0.0015127452788874507,1.900877833366394,1.5632749795913696,0.6610840559005737,0.5747773051261902,-0.4082433581352234,0.4133399724960327,0.5762972235679626
236353.93401499998,36787620,0.1,0.005928934086114168,-7.341649325098842e-05,0.0013654206413775682,1.9038254022598267,1.5632538795471191,0.6640188694000244,0.5747800469398499,-0.40823763608932495,0.41335299611091614,0.576289176940918
236353.94001599998,36793621,0.1,0.004732925444841385,0.00022461327898781747,0.0012189310509711504,1.9031398296356201,1.5632611513137817,0.6633347272872925,0.5747793316841125,-0.4082402288913727,0.41334962844848633,0.576290488243103
236353.94600899998,36799614,0.1,0.0035356134176254272,0.00052274065092206,0.0010723870946094394,1.9030866622924805,1.5632665157318115,0.6632784605026245,0.5747790932655334,-0.40824294090270996,0.41334864497184753,0.5762894749641418
236353.95202099998,36805637,0.1,0.002738172886893153,0.000727340579032898,0.0009839836275205016,1.904361367225647,1.5632613897323608,0.6645677089691162,0.5747848749160767,-0.4082360565662384,0.41334712505340576,0.576289713382721
236353.95801,36811627,0.23,0.006072860676795244,0.0007246161694638431,0.0022718466352671385,1.9141582250595093,1.563046932220459,0.6742366552352905,0.5747625827789307,-0.40819257497787476,0.41346389055252075,0.5762589573860168
236353.96202399998,36815640,0.23,0.006056954152882099,0.0007392721017822623,0.0022936889436095953,1.914313554763794,1.5630590915679932,0.6743857860565186,0.5747628808021545,-0.40819838643074036,0.41346168518066406,0.5762561559677124
236353.968019,36821636,0.23,0.00579104945063591,0.000806601601652801,0.002371431328356266,1.915493369102478,1.5630444288253784,0.6755673289299011,0.5747649073600769,-0.4081920087337494,0.41346707940101624,0.5762547850608826
236353.972013,36825630,0.23,0.005652689840644598,0.0008443990955129266,0.0024160235188901424,1.9158532619476318,1.563042402267456,0.6759211421012878,0.5747644305229187,-0.40819281339645386,0.41346976161003113,0.5762527585029602
236353.97601299998,36829629,0.23,0.005513504613190889,0.0008824108517728746,0.0024606918450444937,1.9161750078201294,1.5630450248718262,0.6762450933456421,0.5747659802436829,-0.40819284319877625,0.41346848011016846,0.5762521028518677
236353.98200599998,36835622,0.23,0.005303510930389166,0.0009391806670464575,0.0025278632529079914,1.9146932363510132,1.5630568265914917,0.6747643947601318,0.5747634172439575,-0.4081976115703583,0.4134630560874939,0.5762551426887512
236353.98604199997,36839658,0.65,0.005125453695654869,0.0008905951399356127,0.00252340454608202,1.9058341979980469,1.5631389617919922,0.6658347249031067,0.5747337937355042,-0.40825262665748596,0.41344884037971497,0.5762559771537781
236353.99201699998,36845633,0.65,0.004884847439825535,0.0007001070189289749,0.0024440453853458166,1.9062366485595703,1.5631554126739502,0.6662463545799255,0.5747383832931519,-0.40825527906417847,0.41344091296195984,0.5762551426887512
236353.996012,36849629,0.65,0.00484468461945653,0.0006965198554098606,0.0024566310457885265,1.9065637588500977,1.563171625137329,0.6665799617767334,0.5747421979904175,-0.40825867652893066,0.41343382000923157,0.5762540698051453
236354.00200799998,36855624,0.65,0.0045392694883048534,0.000444860546849668,0.0023437596391886473,1.9073665142059326,1.563153624534607,0.6673713326454163,0.5747401118278503,-0.4082552492618561,0.41344380378723145,0.5762513875961304
236354.00601299998,36859629,0.65,0.0043753525242209435,0.000318081903969869,0.002291017910465598,1.9073444604873657,1.563159465789795,0.6673492789268494,0.5747406482696533,-0.40825721621513367,0.4134417772293091,0.5762509107589722
236354.010021,36863638,0.65,0.004210317507386208,0.000191335886484012,0.0022384461481124163,1.9061102867126465,1.5631645917892456,0.6661195755004883,0.5747389197349548,-0.4082586169242859,0.4134378433227539,0.5762544870376587
236354.01602399998,36869640,0.65,0.003960781265050173,1.5738148704258492e-06,0.0021594578865915537,1.9073377847671509,1.5631723403930664,0.6673381328582764,0.574741005897522,-0.4082629382610321,0.41343873739242554,0.5762487053871155
236354.02001399998,36873630,0.65,0.003914202097803354,-1.4953369600334554e-06,0.002171898726373911,1.9062631130218506,1.5631787776947021,0.666270911693573,0.5747404098510742,-0.4082637429237366,0.41343361139297485,0.5762524008750916
236354.026016,36879633,0.65,0.0038430301938205957,-6.334033969324082e-06,0.002190700499340892,1.905472755432129,1.5631945133209229,0.6654729843139648,0.5747383832931519,-0.4082718789577484,0.413429856300354,0.5762513875961304
236354.034036,36887653,0.65,0.0037455190904438496,-1.2939980479131918e-05,0.002216554246842861,1.9073421955108643,1.5631847381591797,0.6673458814620972,0.5747429728507996,-0.4082661271095276,0.41343358159065247,0.5762482285499573
236354.04001099998,36893627,0.65,0.0036773993633687496,-3.7050278479000553e-05,0.0022237387020140886,1.9079622030258179,1.5631859302520752,0.6679671406745911,0.5747448801994324,-0.40826573967933655,0.413433313369751,0.5762467384338379
236354.04600899998,36899625,0.65,0.00360508868470788,-4.189310493529774e-05,0.002242656424641609,1.9081380367279053,1.5631942749023438,0.6681342720985413,0.5747444033622742,-0.4082709550857544,0.41343310475349426,0.5762436985969543
236354.05401199998,36907628,0.65,0.0035099571105092764,-4.8264089855365455e-05,0.0022675434593111277,1.9079869985580444,1.5632060766220093,0.6679911017417908,0.57474684715271,-0.40827280282974243,0.4134267270565033,0.5762445330619812
236354.060014,36913631,0.17,0.003286831546574831,-0.00016323226736858487,0.0021931135561317205,1.8690125942230225,1.5636825561523438,0.6290068030357361,0.5746987462043762,-0.40846696496009827,0.41323891282081604,0.5762895941734314
236354.06402599998,36917642,0.17,0.003212378825992346,-0.00018365078722126782,0.002191960345953703,1.8692739009857178,1.5636988878250122,0.629269540309906,0.5747014880180359,-0.40847185254096985,0.41323328018188477,0.5762874484062195
236354.07001,36923627,0.17,0.003099942347034812,-0.00021416295203380287,0.0021902057342231274,1.869384765625,1.5637094974517822,0.6293752193450928,0.5747018456459045,-0.4084767997264862,0.41323134303092957,0.5762849450111389
236354.07601199998,36929628,0.17,0.0019352259114384651,-0.0011004852131009102,0.0013921812642365694,1.8707947731018066,1.5637141466140747,0.6307864189147949,0.574705958366394,-0.40847691893577576,0.4132305383682251,0.5762813091278076
236354.082026,36935643,0.17,0.0018219661433249712,-0.0011307185050100088,0.0013901497004553676,1.8708399534225464,1.563719391822815,0.6308286190032959,0.5747060775756836,-0.4084795415401459,0.41322970390319824,0.5762799978256226
236354.088008,36941625,0.17,0.0017104905564337969,-0.0011604283936321735,0.0013881534105166793,1.8735071420669556,1.5637274980545044,0.6334999203681946,0.5747141242027283,-0.4084789454936981,0.4132278859615326,0.5762736201286316
236354.092018,36945635,0.17,0.0016364960465580225,-0.0011801443761214614,0.001386828487738967,1.8733021020889282,1.5637314319610596,0.6332933306694031,0.5747137665748596,-0.4084809124469757,0.413226842880249,0.5762733817100525
236354.096004,36949621,0.14,0.0014955366495996714,-0.0011982428841292858,0.0014611732913181186,1.7370742559432983,1.5642147064208984,0.4967689514160156,0.5744128823280334,-0.4088481664657593,0.4130308926105499,0.5764533877372742
236354.098011,36951628,0.14,0.0014506487641483545,-0.0012083840556442738,0.0014670700766146183,1.73587167263031,1.564213514328003,0.4955640733242035,0.5744097232818604,-0.40884968638420105,0.4130306839942932,0.5764555931091309
236354.10202,36955637,0.14,0.0013608672888949513,-0.0012285514967516065,0.0014789957785978913,1.7345669269561768,1.5642198324203491,0.4942622780799866,0.5744085907936096,-0.4088521897792816,0.41302651166915894,0.5764579772949219
236354.10600899998,36959625,0.14,0.001270315726287663,-0.0012487894855439663,0.0014908660668879747,1.7342556715011597,1.5642307996749878,0.493953138589859,0.574410080909729,-0.4088553786277771,0.41302210092544556,0.5764573216438293
236354.11001499998,36963631,0.14,0.0011784466914832592,-0.0012689541326835752,0.0015026219189167023,1.733664631843567,1.5642263889312744,0.4933635890483856,0.5744084715843201,-0.4088541269302368,0.4130224585533142,0.5764595866203308
236354.11401999998,36967636,0.14,0.0010857600718736649,-0.001289287582039833,0.0015143107157200575,1.7336921691894531,1.5642333030700684,0.49339723587036133,0.5744108557701111,-0.40885454416275024,0.4130185544490814,0.5764597058296204
236354.118032,36971649,0.14,0.0009921698365360498,-0.001309859799221158,0.0015258695930242538,1.7331862449645996,1.564232349395752,0.4928874373435974,0.5744088888168335,-0.4088558852672577,0.41301944851875305,0.576460063457489
236354.12400799998,36977624,0.14,0.0008510319166816771,-0.0013407120713964105,0.0015431891661137342,1.7352653741836548,1.5642451047897339,0.49496540427207947,0.5744149684906006,-0.40885812044143677,0.4130178689956665,0.5764535665512085
236354.128046,36981663,0.74,0.0001859593903645873,-0.0013410578249022365,0.002209280850365758,1.6374874114990234,1.5642958879470825,0.39691591262817383,0.5741702318191528,-0.4090611934661865,0.4129711389541626,0.5765867829322815
236354.132009,36985626,0.74,-0.0001612131018191576,-0.001134233782067895,0.0025259526446461678,1.6380274295806885,1.5643035173416138,0.3974602222442627,0.5741735696792603,-0.40906158089637756,0.41296830773353577,0.5765852332115173
236354.138014,36991631,0.74,-0.0004974486073479056,-0.0009850406786426902,0.0027758562937378883,1.637690782546997,1.5643175840377808,0.39712271094322205,0.5741753578186035,-0.40906646847724915,0.4129638969898224,0.5765830874443054
236354.144006,36997623,0.74,-0.0008346390677616,-0.0008357387850992382,0.00302571221254766,1.6368772983551025,1.5643198490142822,0.3963035047054291,0.5741730332374573,-0.40906980633735657,0.4129638969898224,0.5765830874443054
236354.150012,37003629,0.74,-0.0011113814543932676,-0.0007410115213133395,0.003200713312253356,1.635084867477417,1.5643171072006226,0.3945100009441376,0.5741688013076782,-0.4090714454650879,0.4129628539085388,0.576586902141571
236354.15401,37007627,0.74,-0.0012759033124893904,-0.0006957450532354414,0.003292615758255124,1.635744571685791,1.5643224716186523,0.39516761898994446,0.5741706490516663,-0.4090728461742401,0.4129626452922821,0.5765842199325562
236354.15800599998,37011617,0.74,-0.0013787172501906753,-0.0007041216595098376,0.0033092787489295006,1.6353046894073486,1.5643305778503418,0.3947209417819977,0.574169933795929,-0.40907779335975647,0.41296160221099854,0.576582133769989
236354.16201,37015622,0.74,-0.0014818526105955243,-0.0007124987314455211,0.003325995523482561,1.6348881721496582,1.5643384456634521,0.3942979872226715,0.5741692781448364,-0.4090825021266937,0.41296061873435974,0.5765801668167114
236354.164008,37017620,0.74,-0.0015341623220592737,-0.0007163049886003137,0.0033343378454446793,1.6342151165008545,1.5643151998519897,0.3936392366886139,0.5741665363311768,-0.40907222032546997,0.4129626750946045,0.5765886902809143
236354.16800399998,37021615,0.68,-0.0011080059921368957,-0.0006826093303970993,0.0025626642163842916,1.5559027194976807,1.5644017457962036,0.31514301896095276,0.5739983320236206,-0.4092506170272827,0.41289016604423523,0.5766814947128296
236354.172012,37025624,0.68,-0.0012765468563884497,-0.0006201414507813752,0.0024827667511999607,1.5563997030258179,1.5644029378890991,0.3156377077102661,0.5739990472793579,-0.409250944852829,0.41289111971855164,0.5766798853874207
236354.17400499998,37027616,0.68,-0.0013606931315734982,-0.0005889522144570947,0.0024429329205304384,1.5564697980880737,1.5644067525863647,0.315706729888916,0.5739997625350952,-0.40925225615501404,0.4128904342651367,0.5766787528991699
236354.178013,37031625,0.68,-0.0015300061786547303,-0.0005264219944365323,0.0023633234668523073,1.5556364059448242,1.5644036531448364,0.3148795962333679,0.5739988684654236,-0.4092506766319275,0.41288840770721436,0.5766821503639221
236354.182006,37035618,0.68,-0.0016997167840600014,-0.0004637899692170322,0.0022838329896330833,1.5564273595809937,1.5644176006317139,0.3156704902648926,0.5740032196044922,-0.40925362706184387,0.41288554668426514,0.5766777992248535
236354.184005,37037617,0.68,-0.0017848723800852895,-0.0004325038753449917,0.002243999857455492,1.5565236806869507,1.5644088983535767,0.31575945019721985,0.5740000605583191,-0.4092531204223633,0.4128902554512024,0.5766779780387878
236354.188015,37041627,0.68,-0.001955925254151225,-0.0003697578504215926,0.002164199249818921,1.5563338994979858,1.5644142627716064,0.31557151675224304,0.5740012526512146,-0.4092543423175812,0.41288790106773376,0.5766775608062744
236354.192005,37045617,0.68,-0.002126916078850627,-0.0003069028025493026,0.00208428711630404,1.5558457374572754,1.5644152164459229,0.3150749206542969,0.5739988088607788,-0.409257709980011,0.41288942098617554,0.5766765475273132
236354.194005,37047617,0.68,-0.002184492303058505,-0.0003064170014113188,0.0020868084393441677,1.555586338043213,1.564416766166687,0.3148123323917389,0.5739980340003967,-0.40925946831703186,0.4128895401954651,0.5766760110855103
236354.198003,37051615,0.68,-0.002300294814631343,-0.000305481837131083,0.0020918543450534344,1.5547195672988892,1.5644185543060303,0.31395724415779114,0.5739992260932922,-0.4092577397823334,0.41288453340530396,0.5766795873641968
236354.202004,37055616,0.68,-0.0024166142102330923,-0.0003043968172278255,0.002096824813634157,1.556431531906128,1.564432144165039,0.31566324830055237,0.5740039348602295,-0.4092610776424408,0.4128846824169159,0.5766724348068237
236354.20400599999,37057618,0.68,-0.0024750030133873224,-0.0003038006543647498,0.0020992783829569817,1.5562305450439453,1.5644279718399048,0.31545713543891907,0.574001669883728,-0.4092616140842438,0.4128870666027069,0.5766726136207581
236354.208012,37061624,0.68,-0.0025927028618752956,-0.00030244525987654924,0.002104500075802207,1.5544666051864624,1.564431071281433,0.3136845827102661,0.5739973783493042,-0.4092673361301422,0.41288626194000244,0.5766733884811401
236354.212008,37065620,0.68,-0.0027110271621495485,-0.0003007750492542982,0.0021095999982208014,1.5563933849334717,1.5644407272338867,0.31561514735221863,0.5740036368370056,-0.4092664122581482,0.41288504004478455,0.5766686797142029
236354.216008,37069620,0.68,-0.002829958451911807,-0.00029883504612371325,0.0021148668602108955,1.5557209253311157,1.5644478797912598,0.3149442672729492,0.5740042328834534,-0.40926888585090637,0.41288164258003235,0.5766687393188477
236354.220025,37073637,0.68,-0.002989137778058648,-0.00025969144189730287,0.0021435196977108717,1.5558007955551147,1.5644516944885254,0.31501853466033936,0.574004054069519,-0.4092714786529541,0.4128822982311249,0.5766666531562805
236354.22400999998,37077621,0.68,-0.0031060022301971912,-0.00025777745759114623,0.0021486866753548384,1.5556113719940186,1.5644549131393433,0.31482481956481934,0.5740035176277161,-0.4092739224433899,0.41288235783576965,0.5766654014587402
236354.22801299999,37081625,0.68,-0.0032232776284217834,-0.0002558565465733409,0.0021538722794502974,1.5557615756988525,1.5644582509994507,0.314968466758728,0.5740031003952026,-0.40927654504776,0.4128834903240204,0.5766631364822388
236354.232015,37085627,0.68,-0.0033379129599779844,-0.00025397888384759426,0.0021589412353932858,1.5579414367675781,1.5644367933273315,0.3171582520008087,0.574004590511322,-0.4092646539211273,0.41288965940475464,0.5766656994819641
236354.236015,37089627,0.68,-0.003452491480857134,-0.00025210369494743645,0.002164003439247608,1.5580910444259644,1.5644415616989136,0.31730931997299194,0.574006199836731,-0.4092654287815094,0.4128880500793457,0.5766646862030029
236354.240004,37093616,0.18,-0.0035249197389930487,-0.00021085467597004026,0.0020946054719388485,1.4781804084777832,1.564497947692871,0.23723620176315308,0.573845386505127,-0.4094392657279968,0.41280776262283325,0.5767588019371033
236354.244015,37097627,0.18,-0.003636409528553486,-0.00020232234965078533,0.0020874287001788616,1.4774370193481445,1.5645043849945068,0.23648543655872345,0.5738440752029419,-0.4094442129135132,0.41280707716941833,0.5767570734024048
236354.24800199998,37101613,0.18,-0.00374774681404233,-0.00019372752285562456,0.002080157632008195,1.4771159887313843,1.564513087272644,0.23616135120391846,0.5738449692726135,-0.40944787859916687,0.41280514001846313,0.5767549872398376
236354.250008,37103620,0.18,-0.0038039928767830133,-0.00018933950923383236,0.002076533855870366,1.478588342666626,1.5645092725753784,0.2376290261745453,0.5738455653190613,-0.4094460904598236,0.4128096401691437,0.5767524242401123
236354.25400299998,37107614,0.18,-0.003916287329047918,-0.00018033100059255958,0.002069217385724187,1.479121208190918,1.5645142793655396,0.23815523087978363,0.5738462805747986,-0.4094485342502594,0.4128110110759735,0.5767490267753601
236354.25801199998,37111623,0.18,-0.00402996689081192,-0.0001710750802885741,0.0020617751870304346,1.4796921014785767,1.564517855644226,0.2387259602546692,0.5738480091094971,-0.4094487428665161,0.41281089186668396,0.5767471790313721
236354.262009,37115621,0.18,-0.004143268335610628,-0.00016197829972952604,0.0020544552244246006,1.4797871112823486,1.5645211935043335,0.23881448805332184,0.5738475918769836,-0.4094513952732086,0.4128120243549347,0.5767449140548706
236354.26601199998,37119623,0.18,-0.004257737193256617,-0.000152415013872087,0.00204697297886014,1.4767836332321167,1.5645313262939453,0.2358170449733734,0.573846161365509,-0.40945670008659363,0.4128032624721527,0.5767489075660706
236354.27000699998,37123618,0.18,-0.004371935967355967,-0.00014279299648478627,0.002039410872384906,1.4768706560134888,1.5645278692245483,0.2359083890914917,0.5738463997840881,-0.4094544053077698,0.4128030240535736,0.5767503976821899
236354.274007,37127619,0.38,-0.003773212432861328,0.00022316067770589143,0.0012557610170915723,1.4384018182754517,1.5645785331726074,0.19740311801433563,0.5737878680229187,-0.40953510999679565,0.41274338960647583,0.5767940282821655
236354.27800999998,37131621,0.38,-0.003663659794256091,0.0002683245693333447,0.001083461451344192,1.4378169775009155,1.5645792484283447,0.19681154191493988,0.5737857222557068,-0.4095380902290344,0.4127442538738251,0.5767934918403625
236354.28201199998,37135623,0.38,-0.003554729977622628,0.0003134719154331833,0.0009111326653510332,1.4391387701034546,1.564589023590088,0.1981298178434372,0.5737894773483276,-0.40953966975212097,0.4127447009086609,0.5767882466316223
236354.286022,37139634,0.38,-0.0034463407937437296,0.00035904761170968413,0.0007387044606730342,1.439357876777649,1.5645936727523804,0.1983519345521927,0.5737915635108948,-0.40953966975212097,0.4127430021762848,0.5767874121665955
236354.292004,37145616,0.38,-0.0033873706124722958,0.0004092488088645041,0.0005582680460065603,1.4384149312973022,1.5646075010299683,0.19740436971187592,0.5737924575805664,-0.40954598784446716,0.4127393364906311,0.5767846703529358
236354.296018,37149630,0.38,-0.00327993743121624,0.0004550464218482375,0.00038555110222660005,1.4389468431472778,1.5646086931228638,0.1979394406080246,0.5737942457199097,-0.40954461693763733,0.41273894906044006,0.5767841339111328
236354.300008,37153620,0.38,-0.003275782335549593,0.0004826043441426009,0.0002913043717853725,1.4400500059127808,1.564619541168213,0.19903776049613953,0.5737976431846619,-0.40954717993736267,0.41273918747901917,0.576778769493103
236354.30401599998,37157627,0.38,-0.003376250620931387,0.0004919117200188339,0.0002754218294285238,1.438486099243164,1.5646302700042725,0.19747450947761536,0.573797881603241,-0.40955206751823425,0.41273391246795654,0.5767788290977478
236354.30804099998,37161652,0.7,-0.00391667103394866,0.00017691416724119335,0.0008467147126793861,1.4178577661514282,1.564679503440857,0.17685134708881378,0.5737786889076233,-0.4095941185951233,0.41268888115882874,0.5768002867698669
236354.312015,37165627,0.7,-0.003931214101612568,0.0001806435757316649,0.000788859324529767,1.4158693552017212,1.564674973487854,0.17485858500003815,0.5737735629081726,-0.4095972776412964,0.412688285112381,0.5768035650253296
236354.31601699998,37169628,0.7,-0.003946876153349876,0.0001844421640271321,0.0007307131309062243,1.4153422117233276,1.564682960510254,0.17433121800422668,0.5737746953964233,-0.4096001386642456,0.4126855432987213,0.5768023729324341
236354.322006,37175618,0.7,-0.003970663994550705,0.00018990419630426913,0.0006437330739572644,1.4158952236175537,1.5646920204162598,0.17488063871860504,0.5737770199775696,-0.4096026122570038,0.4126851260662079,0.5767985582351685
236354.32802,37181632,0.7,-0.004070696886628866,0.00020057879737578332,0.0005938035319559276,1.4168611764907837,1.5647037029266357,0.1758359670639038,0.5737792253494263,-0.4096072018146515,0.41268667578697205,0.5767920017242432
236354.334025,37187637,0.7,-0.004021053668111563,0.0002005968417506665,0.0004684561281464994,1.4166452884674072,1.5647075176239014,0.1756306290626526,0.5737820267677307,-0.409605473279953,0.4126823842525482,0.5767935514450073
236354.342014,37195626,0.7,-0.004191513638943434,0.00021714193280786276,0.00041960892849601805,1.4145489931106567,1.5647202730178833,0.17353220283985138,0.5737815499305725,-0.4096124470233917,0.4126766324043274,0.5767931938171387
236354.348012,37201624,0.46,-0.004218078218400478,0.00024245493113994598,0.00036447105230763555,1.3756388425827026,1.5648255348205566,0.13464950025081635,0.5737559199333191,-0.40968984365463257,0.412583589553833,0.576830267906189
236354.35400999998,37207621,0.46,-0.004309843294322491,0.0002603189495857805,0.00032200536224991083,1.372378945350647,1.5648289918899536,0.13139724731445312,0.5737537145614624,-0.40969350934028625,0.41257554292678833,0.5768356323242188
236354.36201799999,37215630,0.46,-0.004432635847479105,0.0002844468108378351,0.0002652009716257453,1.3718903064727783,1.5648328065872192,0.13090145587921143,0.5737525224685669,-0.4096972346305847,0.412575900554657,0.5768339037895203
236354.37002099998,37223632,0.46,-0.004554498475044966,0.0003075827262364328,0.0002086510939989239,1.3739910125732422,1.564857840538025,0.13301044702529907,0.5737637281417847,-0.4096977114677429,0.4125707149505615,0.5768261551856995
236354.376009,37229621,0.46,-0.004645824432373047,0.0003246095438953489,0.00016594587941654027,1.3743188381195068,1.5648633241653442,0.13334321975708008,0.5737666487693787,-0.4096970856189728,0.41256847977638245,0.5768252611160278
236354.384019,37237631,0.46,-0.004768465645611286,0.0003480025043245405,0.00010824750643223524,1.3737648725509644,1.564865231513977,0.13278459012508392,0.5737653374671936,-0.4096997082233429,0.41256850957870483,0.5768246650695801
236354.390132,37243744,0.46,-0.004862827714532614,0.00036581780295819044,6.356104859150946e-05,1.3717119693756104,1.5648767948150635,0.1307215690612793,0.5737633109092712,-0.4097086191177368,0.4125654697418213,0.5768225193023682
236354.396056,37249668,0.46,-0.0049545723013579845,0.0003832387737929821,1.9582867025746964e-05,1.369263768196106,1.5648789405822754,0.12825512886047363,0.5737566351890564,-0.4097181260585785,0.4125664532184601,0.5768217444419861
236354.404018,37257630,0.46,-0.003455815836787224,0.0005778410704806447,-0.0003464988840278238,1.369231104850769,1.5648880004882812,0.12823911011219025,0.5737623572349548,-0.40971556305885315,0.412559449672699,0.576822817325592
236354.412016,37265628,0.21,-0.003474472789093852,0.0006001387955620885,-0.0004047732800245285,1.3753838539123535,1.5649268627166748,0.1344052106142044,0.5737839341163635,-0.4097117483615875,0.41255560517311096,0.5768068432807922
236354.420008,37273620,0.21,-0.0035590650513768196,0.0006244003889150918,-0.00046478427248075604,1.3754884004592896,1.5649323463439941,0.13450512290000916,0.5737845301628113,-0.4097142517566681,0.4125557839870453,0.5768043398857117
236354.42401299998,37277624,0.21,-0.0036014632787555456,0.000636539829429239,-0.0004952099407091737,1.3747557401657104,1.5649452209472656,0.13377587497234344,0.5737875699996948,-0.40971753001213074,0.41255059838294983,0.5768027305603027
236354.430009,37283621,0.21,-0.0036650318652391434,0.0006538703455589712,-0.0005414251936599612,1.3712624311447144,1.56496262550354,0.13027776777744293,0.5737861394882202,-0.40972837805747986,0.4125424921512604,0.5768021941184998
236354.436008,37289620,0.21,-0.0026648829225450754,0.0006167503888718784,-0.0005434072809293866,1.3690168857574463,1.5649749040603638,0.12803097069263458,0.5737859010696411,-0.4097351133823395,0.41253653168678284,0.5768019556999207
236354.442017,37295629,0.21,-0.002727515995502472,0.0006335103535093367,-0.0005895979702472687,1.3678117990493774,1.5649831295013428,0.12682026624679565,0.5737851858139038,-0.40974050760269165,0.41253435611724854,0.5768003463745117
236354.44800799998,37301619,0.72,-0.002698695519939065,0.0006367600872181356,-0.0006246037664823234,1.3888274431228638,1.5650285482406616,0.14785467088222504,0.5738303661346436,-0.4097149074077606,0.4125491976737976,0.5767630338668823
236354.454015,37307627,0.72,-0.0027258603367954493,0.0006485000485554338,-0.0006673382013104856,1.387372612953186,1.5650241374969482,0.14638705551624298,0.5738245248794556,-0.40971967577934265,0.4125518202781677,0.5767635703086853
236354.46000999998,37313621,0.72,-0.002752885455265641,0.0006605811067856848,-0.0007105923141352832,1.3886250257492065,1.5650279521942139,0.14764106273651123,0.5738275647163391,-0.4097183048725128,0.41255226731300354,0.5767611265182495
236354.468011,37321623,0.72,-0.002788267331197858,0.0006772986962459981,-0.0007688988116569817,1.3876352310180664,1.5650383234024048,0.14664654433727264,0.573827862739563,-0.4097236692905426,0.41254961490631104,0.5767589807510376
236354.47402,37327632,0.72,-0.002814376959577203,0.0006896950071677566,-0.0008132895454764366,1.3877760171890259,1.565048098564148,0.14679022133350372,0.5738312005996704,-0.40972504019737244,0.4125466048717499,0.5767568945884705
236354.47801299999,37331625,0.72,-0.002831311197951436,0.0006979104364290833,-0.0008430000161752105,1.3864761590957642,1.5650558471679688,0.1454855352640152,0.5738303065299988,-0.4097301959991455,0.4125441908836365,0.5767557621002197
236354.486017,37339629,0.67,-0.00107016961555928,0.0004503409727476537,-0.0006525421631522477,1.383297324180603,1.5651053190231323,0.1423359364271164,0.5738445520401001,-0.40973854064941406,0.41251906752586365,0.5767536163330078
236354.49201,37345622,0.67,-0.0007489835843443871,0.00041169155156239867,-0.0006358345854096115,1.3813310861587524,1.5651195049285889,0.1403738260269165,0.5738463401794434,-0.40974369645118713,0.4125116169452667,0.576753556728363
236354.500014,37353626,0.67,-0.00010032402497017756,0.00032900419319048524,-0.0005755540914833546,1.3848201036453247,1.5651206970214844,0.14385060966014862,0.5738489627838135,-0.40974247455596924,0.4125198721885681,0.5767459273338318
236354.508015,37361627,0.67,0.0003850158827845007,0.0002698320022318512,-0.0005439398810267448,1.3826249837875366,1.565132975578308,0.14165103435516357,0.5738481283187866,-0.40974992513656616,0.41251498460769653,0.5767449140548706
236354.518043,37371655,0.67,0.00037673700717277825,0.0002864555863197893,-0.0006113038980402052,1.3835549354553223,1.565137505531311,0.14257396757602692,0.5738491415977478,-0.4097517132759094,0.4125172197818756,0.5767410397529602
236354.528008,37381620,0.18,-0.0010113633470609784,0.0005056817317381501,-0.0008559032576158643,1.3830482959747314,1.5651596784591675,0.14206376671791077,0.5738533735275269,-0.40975889563560486,0.4125121235847473,0.5767353773117065
236354.538023,37391635,0.18,-0.0009991273982450366,0.0005195214762352407,-0.0009208935662172735,1.3815454244613647,1.5651532411575317,0.14055989682674408,0.5738494396209717,-0.4097597599029541,0.41251179575920105,0.5767388939857483
236354.54402099998,37397632,0.18,-0.0010025876108556986,0.0005292723653838038,-0.0009612494031898677,1.3819950819015503,1.56516432762146,0.14101092517375946,0.5738532543182373,-0.4097614586353302,0.41250935196876526,0.5767356753349304
236354.55001099998,37403623,0.18,-0.0010060014901682734,0.0005388930439949036,-0.001001066411845386,1.379886507987976,1.5651679039001465,0.1388888955116272,0.5738484859466553,-0.4097692370414734,0.4125092923641205,0.5767349004745483
236354.560016,37413628,0.13,-0.0005570639623329043,0.00033752768649719656,-0.00116544752381742,1.6126611232757568,1.5656602382659912,0.3721461892127991,0.5743985772132874,-0.4094802141189575,0.41252121329307556,0.5763839483261108
236354.57005699998,37423668,0.13,-0.00038393630529753864,0.000267247436568141,-0.001269475556910038,1.617167353630066,1.565680742263794,0.376634806394577,0.5744057893753052,-0.40948691964149475,0.41252464056015015,0.57636958360672
236354.578013,37431625,0.13,0.003441745648160577,-0.0014858907088637352,-0.00213972688652575,1.6159814596176147,1.5656921863555908,0.37544214725494385,0.574404776096344,-0.40949341654777527,0.4125220477581024,0.5763678550720215
236354.588024,37441641,0.13,0.003613801673054695,-0.001555910217575729,-0.0022415316198021173,1.61390221118927,1.5656993389129639,0.37335506081581116,0.5744013786315918,-0.409499853849411,0.4125201404094696,0.576367974281311
236354.598111,37451728,0.13,0.0037836008705198765,-0.0016250114422291517,-0.0023420013021677732,1.6101362705230713,1.5657004117965698,0.36958569288253784,0.5743951797485352,-0.40950486063957214,0.41251713037490845,0.5763727426528931
236354.610029,37463646,0.13,0.003979803062975407,-0.0017048574518412352,-0.0024580934550613165,1.613308310508728,1.5657079219818115,0.3727573752403259,0.5744013786315918,-0.40950408577919006,0.41251811385154724,0.5763664245605469
236354.618012,37471629,0.13,0.004108610097318888,-0.00175727647729218,-0.0025343080051243305,1.6149802207946777,1.5657167434692383,0.37443113327026367,0.5744060277938843,-0.4095045328140259,0.4125165641307831,0.5763626098632812
236354.62401,37477627,0.27,0.004204032011330128,-0.0017961091361939907,-0.002590768737718463,1.6129659414291382,1.5657305717468262,0.37240949273109436,0.5744041204452515,-0.4095126986503601,0.4125126302242279,0.5763614773750305
236354.63001599998,37483632,0.27,0.004298429004848003,-0.0018345247954130173,-0.0026466231793165207,1.6115753650665283,1.565724492073059,0.3710178732872009,0.5744006037712097,-0.40951257944107056,0.41251340508461,0.5763645172119141
236354.63400599998,37487622,0.27,0.004360510967671871,-0.0018597895978018641,-0.0026833571027964354,1.6100904941558838,1.5657340288162231,0.3695322573184967,0.5744001269340515,-0.4095170795917511,0.41250932216644287,0.5763647556304932
236354.638006,37491623,0.27,0.004422248341143131,-0.0018849142361432314,-0.0027198868338018656,1.6094560623168945,1.565747618675232,0.368887722492218,0.5743997097015381,-0.4095245897769928,0.4125075936317444,0.5763610005378723
236354.64200199998,37495618,0.27,0.004483427852392197,-0.0019098115153610706,-0.0027560864109545946,1.6103010177612305,1.565745234489441,0.3697322905063629,0.5744004249572754,-0.40952324867248535,0.4125092625617981,0.5763601064682007
236354.646009,37499626,0.27,0.004544281866401434,-0.0019345766631886363,-0.002792093437165022,1.608966588973999,1.565745234489441,0.3683994710445404,0.5743987560272217,-0.4095240831375122,0.41250747442245483,0.5763624310493469
236354.65401499998,37507631,0.27,0.0046644024550914764,-0.0019834607373923063,-0.0028631684836000204,1.609330415725708,1.5657576322555542,0.36876195669174194,0.5744014382362366,-0.4095277488231659,0.4125045835971832,0.576359212398529
236354.666035,37519652,0.27,0.004841141402721405,-0.0020553860813379288,-0.002967744367197156,1.6109423637390137,1.565767765045166,0.3703600764274597,0.5744029879570007,-0.40953314304351807,0.4125071167945862,0.576352059841156
236354.68001699998,37533633,0.27,0.005041399970650673,-0.002136882860213518,-0.0030862365383654833,1.6082301139831543,1.5657941102981567,0.3676491677761078,0.5744043588638306,-0.4095432162284851,0.41249629855155945,0.5763512253761292
236354.688018,37541635,0.27,0.0051534767262637615,-0.0021824934519827366,-0.0031525520607829094,1.610267162322998,1.5658105611801147,0.36967769265174866,0.5744088292121887,-0.4095485508441925,0.412495881319046,0.576343297958374
236354.69803899998,37551655,0.27,0.005291319452226162,-0.002238589571788907,-0.0032341131009161472,1.612754464149475,1.5657680034637451,0.37214720249176025,0.5744005441665649,-0.4095386862754822,0.4125159978866577,0.5763441920280457
236354.706033,37559650,0.27,0.005399296060204506,-0.002282531466335058,-0.0032980022951960564,1.6121821403503418,1.5657836198806763,0.37156713008880615,0.5744011402130127,-0.4095461070537567,0.41251304745674133,0.5763404369354248
236354.712004,37565621,0.27,0.005478816106915474,-0.002314892830327153,-0.0033450541086494923,1.6110326051712036,1.5657933950424194,0.3704237937927246,0.5744026303291321,-0.4095483124256134,0.4125072658061981,0.5763415098190308
236354.71600299998,37569619,0.27,0.00553154107183218,-0.002336349571123719,-0.003376251319423318,1.6096068620681763,1.5658013820648193,0.3689917027950287,0.574400782585144,-0.4095538854598999,0.4125053286552429,0.5763407945632935
236354.720014,37573631,0.27,0.005583997815847397,-0.002357697580009699,-0.0034072897396981716,1.6093318462371826,1.5658040046691895,0.36871537566185,0.5744006037712097,-0.4095553159713745,0.4125046730041504,0.5763404369354248
236354.726003,37579620,0.27,0.005661631468683481,-0.0023892910685390234,-0.003453225363045931,1.6098120212554932,1.5658091306686401,0.3691810071468353,0.5743992924690247,-0.40956056118011475,0.4125078022480011,0.5763357281684875
236354.73000699998,37583623,0.27,0.00571285467594862,-0.0024101368617266417,-0.0034835338592529297,1.6090506315231323,1.5658200979232788,0.36842554807662964,0.5744015574455261,-0.4095628559589386,0.41250213980674744,0.5763359665870667
236354.73400899998,37587625,0.27,0.005763734225183725,-0.0024308424908667803,-0.0035136390943080187,1.609166145324707,1.5658308267593384,0.3685416877269745,0.5744039416313171,-0.40956568717956543,0.41249892115592957,0.5763338208198547
236354.738006,37591623,0.27,0.005814141593873501,-0.002451356267556548,-0.003543464932590723,1.6093759536743164,1.5658334493637085,0.3687470853328705,0.5744038224220276,-0.40956756472587585,0.4124996066093445,0.5763320922851562
236354.74200199998,37595618,0.27,0.005864130798727274,-0.002471699845045805,-0.003573043504729867,1.6094555854797363,1.56583833694458,0.36882874369621277,0.574405312538147,-0.40956833958625793,0.4124976694583893,0.5763314366340637
236354.748004,37601621,0.27,0.005938461050391197,-0.002501948969438672,-0.003617024514824152,1.6100679636001587,1.5658434629440308,0.369437038898468,0.5744063854217529,-0.40957045555114746,0.4124979078769684,0.5763287544250488
236354.752003,37605620,0.27,0.005987487267702818,-0.0025219006929546595,-0.0036460331175476313,1.6098634004592896,1.5658491849899292,0.3692302107810974,0.5744067430496216,-0.4095729887485504,0.4124966561794281,0.5763275027275085
236354.75600199998,37609618,0.27,0.006036120001226664,-0.0025416919961571693,-0.003674808656796813,1.6093500852584839,1.5658555030822754,0.3687194883823395,0.5744077563285828,-0.40957459807395935,0.4124935567378998,0.5763275623321533
236354.76001,37613627,0.27,0.006084715947508812,-0.002561468631029129,-0.0037035627756267786,1.6104646921157837,1.5658631324768066,0.36983612179756165,0.5744112730026245,-0.4095751941204071,0.4124918282032013,0.5763248801231384
236354.764011,37617628,0.27,0.006132344715297222,-0.00258085154928267,-0.003731744596734643,1.6072416305541992,1.5658658742904663,0.3666136860847473,0.5744072794914246,-0.40957894921302795,0.4124877452850342,0.5763291120529175
236354.76800399998,37621620,0.27,0.006179740186780691,-0.0026001394726336002,-0.0037597883492708206,1.6084920167922974,1.5658669471740723,0.36785829067230225,0.5744081139564514,-0.40957972407341003,0.41249024868011475,0.5763258934020996
236354.774014,37627631,0.27,0.006250360514968634,-0.0026288791559636593,-0.003801574232056737,1.6092851161956787,1.5658785104751587,0.3686484396457672,0.5744109153747559,-0.4095832407474518,0.4124884605407715,0.5763218998908997
236354.78200399998,37635620,0.27,0.006342928856611252,-0.0026665504556149244,-0.0038563464768230915,1.6100925207138062,1.5658875703811646,0.36945605278015137,0.5744138956069946,-0.40958505868911743,0.4124865233898163,0.5763190388679504
236354.792017,37645630,0.27,0.006456899922341108,-0.002712931949645281,-0.003923782613128424,1.6060895919799805,1.5658928155899048,0.3654520809650421,0.5744088888168335,-0.4095907211303711,0.412481427192688,0.5763236284255981
236354.798013,37651626,0.27,0.006524017080664635,-0.0027402457781136036,-0.00396349560469389,1.6132701635360718,1.5659010410308838,0.37263554334640503,0.5744214653968811,-0.40958550572395325,0.4124850034713745,0.576312243938446
236354.80802599998,37661638,0.27,0.006634303834289312,-0.002785127842798829,-0.004028751980513334,1.6129101514816284,1.565909743309021,0.3722676634788513,0.5744210481643677,-0.4095907211303711,0.412484347820282,0.5763094425201416
236354.81801999998,37671632,0.16,0.006742178462445736,-0.00282902829349041,-0.004092581104487181,1.6135318279266357,1.5659266710281372,0.3728858530521393,0.5744245052337646,-0.40959614515304565,0.4124809205532074,0.5763046145439148
236354.82601599998,37679628,0.16,0.006827056873589754,-0.002863570349290967,-0.004142803139984608,1.6165069341659546,1.5659226179122925,0.37586069107055664,0.5744279623031616,-0.4095922112464905,0.4124850034713745,0.5763010382652283
236354.832023,37685636,0.16,0.006889709271490574,-0.002889067167416215,-0.004179874435067177,1.610967755317688,1.5659416913986206,0.37032240629196167,0.5744238495826721,-0.4096028208732605,0.4124739170074463,0.5763055086135864
236354.840043,37693656,0.16,0.006972345523536205,-0.002922696527093649,-0.004228769801557064,1.609997272491455,1.5659470558166504,0.36934301257133484,0.5744217038154602,-0.4096078872680664,0.4124739468097687,0.576304018497467
236354.848033,37701646,0.16,0.007053351029753685,-0.0029556623194366693,-0.004276700783520937,1.6079039573669434,1.565967082977295,0.36724552512168884,0.5744217038154602,-0.40961697697639465,0.4124673008918762,0.5763022899627686
236354.856015,37709628,0.16,0.007132980041205883,-0.0029880681540817022,-0.004323816858232021,1.6095995903015137,1.565981388092041,0.36894482374191284,0.5744276642799377,-0.4096185863018036,0.41246363520622253,0.5762978792190552
236354.86403099998,37717643,0.16,0.007211667485535145,-0.003020090749487281,-0.004370376002043486,1.609704613685608,1.5659847259521484,0.36905181407928467,0.5744288563728333,-0.40961891412734985,0.41246217489242554,0.5762974619865417
236354.87202699998,37725639,0.16,0.007288899272680283,-0.0030515207909047604,-0.004416074138134718,1.608516812324524,1.565995693206787,0.36787551641464233,0.5744317173957825,-0.4096199572086334,0.4124544858932495,0.5762993693351746
236354.88608599998,37739698,0.7,0.00742170587182045,-0.003105567302554846,-0.004494654946029186,1.6046656370162964,1.5660078525543213,0.3640076816082001,0.574425220489502,-0.4096319079399109,0.4124521315097809,0.5762990713119507
236354.894008,37747621,0.7,0.007495137397199869,-0.0031354508828371763,-0.0045381044037640095,1.606695294380188,1.5660115480422974,0.36603087186813354,0.5744274854660034,-0.40963301062583923,0.412454754114151,0.5762941241264343
236354.900008,37753621,0.7,0.0075495499186217785,-0.003157594706863165,-0.004570299759507179,1.6063302755355835,1.5660178661346436,0.3656742572784424,0.5744299292564392,-0.4096328020095825,0.4124501943588257,0.5762951374053955
236354.906012,37759625,0.7,0.007603584788739681,-0.0031795846298336983,-0.004602272063493729,1.6050350666046143,1.5660202503204346,0.36437907814979553,0.5744285583496094,-0.40963470935821533,0.4124482572078705,0.5762965083122253
236354.912017,37765630,0.7,0.007656977511942387,-0.0032013130839914083,-0.004633864387869835,1.6022189855575562,1.5660293102264404,0.36157146096229553,0.574428141117096,-0.40963754057884216,0.4124405086040497,0.5763004422187805
236354.92001099998,37773623,0.7,0.007727057207375765,-0.003229832509532571,-0.004675330128520727,1.59976327419281,1.566035509109497,0.3591166138648987,0.5744261145591736,-0.40964144468307495,0.4124361574649811,0.5763028264045715
236354.928165,37781778,0.7,0.007797601167112589,-0.0032585409935563803,-0.004717071074992418,1.601762294769287,1.5660381317138672,0.3611120879650116,0.5744286775588989,-0.4096413254737854,0.4124382734298706,0.5762988328933716
236354.93401,37787623,0.7,0.007847086526453495,-0.003278679447248578,-0.004746350925415754,1.6002631187438965,1.5660380125045776,0.35961565375328064,0.5744271278381348,-0.40964192152023315,0.4124360978603363,0.5763015151023865
236354.938019,37791632,0.7,0.00788083951920271,-0.0032924157567322254,-0.004766323138028383,1.6008814573287964,1.5660454034805298,0.36023083329200745,0.5744287967681885,-0.4096444249153137,0.4124354422092438,0.5762985348701477
236354.942014,37795627,0.7,0.007914204150438309,-0.0033059935085475445,-0.0047860643826425076,1.6026263236999512,1.5660486221313477,0.3619803190231323,0.5744328498840332,-0.40964239835739136,0.41243478655815125,0.5762963891029358
236354.94600899998,37799621,0.7,0.007947360165417194,-0.0033194865100085735,-0.004805682692676783,1.603590726852417,1.566056251525879,0.3629407286643982,0.5744348764419556,-0.4096449017524719,0.4124346077442169,0.5762927532196045
236354.95000399998,37803616,0.68,0.00798013061285019,-0.0033328228164464235,-0.004825072828680277,1.6030082702636719,1.5660568475723267,0.36235687136650085,0.5744338631629944,-0.40964603424072266,0.41243427991867065,0.5762931704521179
236354.954012,37807625,0.68,0.008012802340090275,-0.003346119076013565,-0.004844404757022858,1.6008310317993164,1.5660635232925415,0.3601817488670349,0.5744326114654541,-0.40964946150779724,0.41242969036102295,0.5762953162193298
236354.958009,37811622,0.68,0.008045176975429058,-0.003359294030815363,-0.004863560665398836,1.5992419719696045,1.5660666227340698,0.358589768409729,0.5744304060935974,-0.4096526503562927,0.4124281704425812,0.576296329498291
236354.96201999998,37815632,0.68,0.008077294565737247,-0.003372364677488804,-0.004882564768195152,1.5982873439788818,1.5660816431045532,0.35763019323349,0.5744310021400452,-0.40965938568115234,0.4124242961406708,0.5762936472892761
236354.96601899998,37819632,0.68,0.00810911227017641,-0.003385312855243683,-0.004901390988379717,1.597140908241272,1.566084623336792,0.3564870059490204,0.5744307041168213,-0.4096603989601135,0.4124213755130768,0.5762953162193298
236354.972005,37825618,0.68,0.00815626047551632,-0.0034045001957565546,-0.004929288290441036,1.596011996269226,1.5660927295684814,0.3553563952445984,0.5744304060935974,-0.4096643328666687,0.4124184846878052,0.5762949585914612
236354.976011,37829624,0.68,0.008187497034668922,-0.0034172122832387686,-0.004947770852595568,1.595452904701233,1.5661005973815918,0.35479721426963806,0.5744311809539795,-0.40966716408729553,0.41241568326950073,0.5762941241264343
236354.98402499998,37837637,0.68,0.008249231614172459,-0.0034423356410115957,-0.004984299186617136,1.5954241752624512,1.5661053657531738,0.3547644019126892,0.5744312405586243,-0.40966978669166565,0.41241541504859924,0.5762923955917358
236354.990008,37843621,0.68,0.00829471368342638,-0.003460845211520791,-0.005011210683733225,1.595360279083252,1.5661081075668335,0.3546924591064453,0.5744300484657288,-0.40967294573783875,0.41241690516471863,0.5762903094291687
236354.996031,37849644,0.68,0.008339906111359596,-0.00347923650406301,-0.0050379508174955845,1.5942844152450562,1.56612229347229,0.353606641292572,0.5744293332099915,-0.40968096256256104,0.4124146103858948,0.5762869119644165
236355.004021,37857613,0.68,0.008398978970944881,-0.0035032767336815596,-0.005072904285043478,1.5928306579589844,1.5661181211471558,0.3521506190299988,0.5744261145591736,-0.4096817374229431,0.412415087223053,0.5762892961502075
236355.01001499998,37863606,0.68,0.00844273529946804,-0.0035210836213082075,-0.005098794586956501,1.5922223329544067,1.5661190748214722,0.3515392243862152,0.5744248032569885,-0.4096834659576416,0.41241514682769775,0.5762892961502075
236355.016017,37869609,0.68,0.008485987782478333,-0.0035386853851377964,-0.005124386865645647,1.5948903560638428,1.5661219358444214,0.3542081415653229,0.5744292140007019,-0.4096815884113312,0.4124165177345276,0.5762852430343628
236355.02202099998,37875612,0.22,0.00852873269468546,-0.0035560806281864643,-0.00514967879280448,1.597522258758545,1.5661312341690063,0.35684734582901,0.5744361877441406,-0.4096797704696655,0.4124141335487366,0.5762813091278076
236355.026021,37879613,0.22,0.008557010442018509,-0.0035675885155797005,-0.005166410468518734,1.5968447923660278,1.5661412477493286,0.35616981983184814,0.5744372010231018,-0.40968337655067444,0.4124106168746948,0.5762802362442017
236355.03203799998,37885629,0.22,0.008598903194069862,-0.003584637539461255,-0.0051911985501646996,1.5939465761184692,1.5661364793777466,0.3532598912715912,0.5744298696517944,-0.4096880257129669,0.41241270303726196,0.5762827396392822
236355.03801999998,37891611,0.22,0.008640135638415813,-0.003601417411118746,-0.005215595941990614,1.5934399366378784,1.5661627054214478,0.35275405645370483,0.5744345784187317,-0.40969592332839966,0.4124043583869934,0.5762783885002136
236355.042019,37895611,0.22,0.008667423389852047,-0.003612522268667817,-0.005231741815805435,1.5918165445327759,1.5661604404449463,0.3511262536048889,0.5744310617446899,-0.4096980094909668,0.41240474581718445,0.5762801766395569
236355.04801099998,37901602,0.22,0.008707900531589985,-0.0036289948038756847,-0.005255691707134247,1.5903410911560059,1.5661741495132446,0.3496413230895996,0.5744298696517944,-0.40970614552497864,0.41240212321281433,0.5762774348258972
236355.05401199998,37907603,0.22,0.008747950196266174,-0.0036452931817620993,-0.005279389210045338,1.5910589694976807,1.5661879777908325,0.3503577709197998,0.5744332671165466,-0.4097099304199219,0.4123992323875427,0.5762734413146973
236355.060012,37913604,0.22,0.008787710219621658,-0.003661473747342825,-0.005302914883941412,1.5949442386627197,1.5661909580230713,0.3542395234107971,0.5744383931159973,-0.4097082316875458,0.4124028980731964,0.5762669444084167
236355.068019,37921611,0.22,0.008839563466608524,-0.0036825761198997498,-0.005333596374839544,1.5939197540283203,1.5661940574645996,0.3532220423221588,0.5744390487670898,-0.40970808267593384,0.412399023771286,0.5762690901756287
236355.074007,37927599,0.22,0.008877944201231003,-0.0036981950979679823,-0.005356305744498968,1.5925140380859375,1.5662050247192383,0.3518156111240387,0.5744392275810242,-0.4097127616405487,0.41239476203918457,0.5762686729431152
236355.078013,37931605,0.22,0.008903362788259983,-0.0037085397634655237,-0.005371346138417721,1.5913368463516235,1.5662086009979248,0.3506404459476471,0.5744388103485107,-0.40971431136131287,0.4123920500278473,0.5762699842453003
236355.082016,37935608,0.22,0.008928557857871056,-0.003718793159350753,-0.005386254284530878,1.5910547971725464,1.5662046670913696,0.3503524661064148,0.574436366558075,-0.40971511602401733,0.412394642829895,0.5762699246406555
236355.088004,37941596,0.22,0.008965868502855301,-0.0037339767441153526,-0.005408330354839563,1.5911096334457397,1.566211462020874,0.35040128231048584,0.5744365453720093,-0.4097188115119934,0.4123944640159607,0.5762672424316406
236355.094008,37947600,0.22,0.009002997539937496,-0.0037490869872272015,-0.005430299788713455,1.589424967765808,1.5662248134613037,0.34872114658355713,0.5744379162788391,-0.4097229242324829,0.4123877286911011,0.5762677788734436
236355.098012,37951604,0.22,0.009027228690683842,-0.00375894783064723,-0.0054446374997496605,1.5933929681777954,1.5662355422973633,0.35268688201904297,0.5744448900222778,-0.40972310304641724,0.4123888611793518,0.5762599110603333
236355.104019,37957611,0.22,0.009063467383384705,-0.0037736953236162663,-0.005466079339385033,1.5919923782348633,1.566237449645996,0.35128292441368103,0.5744427442550659,-0.4097259044647217,0.41238799691200256,0.5762606859207153
236355.112115,37965707,0.22,0.009111618623137474,-0.003793291049078107,-0.005494570359587669,1.5913803577423096,1.5662508010864258,0.3506629168987274,0.5744429230690002,-0.4097326695919037,0.41238585114479065,0.5762571692466736
236355.120016,37973608,0.22,0.00915785413235426,-0.0038121070247143507,-0.005521927960216999,1.5883924961090088,1.5662550926208496,0.34767279028892517,0.5744393467903137,-0.4097372591495514,0.4123825430870056,0.5762598514556885
236355.12802799998,37981619,0.22,0.00920399185270071,-0.0038308831863105297,-0.005549227353185415,1.5893666744232178,1.5662662982940674,0.34864479303359985,0.5744425058364868,-0.4097403287887573,0.41238078474998474,0.5762558579444885
236355.13402899998,37987620,0.22,0.009238066151738167,-0.0038447498809546232,-0.0055693890899419785,1.5908583402633667,1.5662761926651,0.3501330614089966,0.5744457244873047,-0.4097428023815155,0.412380188703537,0.576251208782196
236355.140005,37993597,0.22,0.009271589107811451,-0.0038583921268582344,-0.005589223932474852,1.591146469116211,1.5662771463394165,0.3504158854484558,0.5744451880455017,-0.40974438190460205,0.41238173842430115,0.5762495994567871
236355.144008,37997600,0.22,0.009293818846344948,-0.0038674387615174055,-0.005602377466857433,1.591347575187683,1.5662784576416016,0.3506156802177429,0.5744454860687256,-0.4097449481487274,0.4123818874359131,0.5762487649917603
236355.148006,38001598,0.22,0.00931584183126688,-0.003876401111483574,-0.005615408532321453,1.5911659002304077,1.566282868385315,0.3504318594932556,0.5744456648826599,-0.40974703431129456,0.4123810827732086,0.5762476921081543
236355.15000999998,38003601,0.22,0.009326813742518425,-0.0038808665703982115,-0.005621900781989098,1.592142105102539,1.5662837028503418,0.3514098823070526,0.5744474530220032,-0.40974584221839905,0.41238120198249817,0.5762466192245483
236355.15400799998,38007599,0.22,0.009348572231829166,-0.003889721119776368,-0.005634774919599295,1.5905507802963257,1.5662881135940552,0.34981033205986023,0.574444591999054,-0.40975093841552734,0.41238081455230713,0.5762461423873901
236355.158003,38011595,0.22,0.009370177052915096,-0.0038985135033726692,-0.005647558718919754,1.5886921882629395,1.5662909746170044,0.34795039892196655,0.574442446231842,-0.40975382924079895,0.4123786985874176,0.5762477517127991
236355.162013,38015605,0.22,0.009391612373292446,-0.003907236736267805,-0.005660241469740868,1.5875767469406128,1.566290020942688,0.3468281328678131,0.5744393467903137,-0.40975651144981384,0.4123799502849579,0.576248049736023
236355.166011,38019603,0.22,0.009412849321961403,-0.003915878944098949,-0.005672807339578867,1.5873225927352905,1.5662927627563477,0.3465725779533386,0.574439287185669,-0.4097580015659332,0.41237932443618774,0.57624751329422
236355.17000699998,38023598,0.22,0.00943390466272831,-0.003924447577446699,-0.005685265641659498,1.587815284729004,1.5662891864776611,0.3470594882965088,0.5744380354881287,-0.40975815057754517,0.41238248348236084,0.5762463808059692
236355.174006,38027598,0.22,0.009454806335270405,-0.00393295381218195,-0.0056976331397891045,1.5900810956954956,1.5662944316864014,0.3493236303329468,0.5744417309761047,-0.4097581207752228,0.41238346695899963,0.5762420296669006
236355.180009,38033601,0.22,0.009485866874456406,-0.003945594187825918,-0.005716011859476566,1.5917892456054688,1.566294550895691,0.3510201573371887,0.5744416117668152,-0.4097599387168884,0.41238829493522644,0.5762373805046082
236355.184005,38037597,0.22,0.009506335482001305,-0.003953923936933279,-0.005728122778236866,1.5912752151489258,1.5662981271743774,0.3505035936832428,0.5744410753250122,-0.4097622036933899,0.41238754987716675,0.5762368440628052
236355.188011,38041603,0.22,0.009526689536869526,-0.003962207585573196,-0.005740166176110506,1.5912837982177734,1.5663042068481445,0.3505050837993622,0.5744408965110779,-0.4097660183906555,0.41238778829574585,0.5762341618537903
236355.19201,38045602,0.22,0.009546874091029167,-0.003970421850681305,-0.005752109456807375,1.5906598567962646,1.5663073062896729,0.3498746156692505,0.5744393467903137,-0.40976935625076294,0.4123882055282593,0.5762330293655396
236355.194005,38047597,0.22,0.009556937962770462,-0.0039745173417031765,-0.005758064333349466,1.5902942419052124,1.5663090944290161,0.34950581192970276,0.5744385719299316,-0.4097711443901062,0.41238829493522644,0.5762324929237366
236355.19800399998,38051595,0.22,0.009576751850545406,-0.003982580732554197,-0.005769787821918726,1.5875869989395142,1.5663175582885742,0.346806138753891,0.5744382739067078,-0.4097738265991211,0.41238123178482056,0.5762358903884888
236355.20000799999,38053600,0.22,0.009586669504642487,-0.003986617084592581,-0.005775656551122665,1.586749792098999,1.5663214921951294,0.3459670841693878,0.5744376182556152,-0.4097762703895569,0.4123798608779907,0.576235830783844
236355.20400599999,38057598,0.22,0.00960633810609579,-0.003994620870798826,-0.005787293892353773,1.5866645574569702,1.5663288831710815,0.34587961435317993,0.5744385123252869,-0.4097791612148285,0.4123782515525818,0.576233983039856
236355.208006,38061598,0.22,0.009625856764614582,-0.004002564586699009,-0.00579884322360158,1.5837976932525635,1.5663325786590576,0.343010812997818,0.5744351744651794,-0.40978336334228516,0.41237515211105347,0.5762365460395813
236355.210007,38063605,0.22,0.00963556207716465,-0.004006514325737953,-0.005804586224257946,1.5840985774993896,1.5663343667984009,0.34331032633781433,0.5744355916976929,-0.4097839891910553,0.4123753309249878,0.5762355327606201
236355.214005,38067603,0.22,0.009654836729168892,-0.004014357924461365,-0.0058159907348454,1.5838325023651123,1.5663375854492188,0.3430463373661041,0.574436366558075,-0.40978461503982544,0.41237351298332214,0.5762356519699097
236355.21800199998,38071599,0.22,0.0096739511936903,-0.0040221367962658405,-0.00582730071619153,1.5825480222702026,1.5663371086120605,0.3417620062828064,0.5744346380233765,-0.40978556871414185,0.4123724699020386,0.5762374401092529
236355.220004,38073602,0.22,0.009683490730822086,-0.004026019014418125,-0.005832944996654987,1.5821785926818848,1.5663388967514038,0.3413935899734497,0.574434757232666,-0.4097861349582672,0.41237133741378784,0.5762377381324768
236355.22400699998,38077604,0.22,0.009702402167022228,-0.00403371499851346,-0.005844134837388992,1.583939552307129,1.5663511753082275,0.3431544303894043,0.5744394659996033,-0.4097881615161896,0.41236940026283264,0.5762329697608948
236355.22800799998,38081605,0.22,0.009721152484416962,-0.004041345790028572,-0.005855229217559099,1.5831559896469116,1.566362977027893,0.34237486124038696,0.57444167137146,-0.40979114174842834,0.4123641550540924,0.5762324333190918
236355.230006,38083604,0.22,0.009730459190905094,-0.004045133013278246,-0.0058607361279428005,1.5832443237304688,1.5663580894470215,0.3424619436264038,0.5744404792785645,-0.4097899794578552,0.41236600279808044,0.5762330889701843
236355.234007,38087605,0.22,0.009748983196914196,-0.004052671603858471,-0.00587169686332345,1.5829637050628662,1.5663572549819946,0.34217900037765503,0.574439525604248,-0.40979066491127014,0.412366658449173,0.5762331485748291
236355.238014,38091612,0.22,0.009767386130988598,-0.004060160834342241,-0.005882585886865854,1.5817277431488037,1.5663586854934692,0.3409494459629059,0.574439525604248,-0.4097903370857239,0.41236329078674316,0.5762357115745544
236355.242008,38095606,0.22,0.00978558138012886,-0.004067565314471722,-0.005893351510167122,1.5805264711380005,1.5663751363754272,0.3397437632083893,0.5744404196739197,-0.40979745984077454,0.41235873103141785,0.5762330293655396
236355.246004,38099602,0.22,0.009803639724850655,-0.004074914380908012,-0.005904036574065685,1.5802576541900635,1.566382884979248,0.33947688341140747,0.5744420886039734,-0.40979939699172974,0.4123556613922119,0.5762322545051575
236355.24801399998,38101611,0.22,0.009812667965888977,-0.0040785884484648705,-0.00590937864035368,1.5793864727020264,1.5663741827011108,0.338598370552063,0.57443767786026,-0.4097997546195984,0.4123595058917999,0.5762336254119873
236355.25200399998,38105601,0.22,0.009830481372773647,-0.004085837863385677,-0.00591991888359189,1.5800633430480957,1.5663902759552002,0.3392791748046875,0.5744426250457764,-0.4098026752471924,0.41235435009002686,0.5762302875518799
236355.256008,38109606,0.22,0.009848213754594326,-0.004093054216355085,-0.005930411163717508,1.5807609558105469,1.5663957595825195,0.339972585439682,0.5744437575340271,-0.40980491042137146,0.41235458850860596,0.5762274265289307
236355.26000399998,38113601,0.22,0.009865906089544296,-0.004100254271179438,-0.005940879695117474,1.581956386566162,1.5664035081863403,0.3411656618118286,0.5744463801383972,-0.4098067283630371,0.41235408186912537,0.5762238502502441
236355.262025,38115623,0.22,0.00987459160387516,-0.004103789106011391,-0.005946019198745489,1.5808436870574951,1.5664080381393433,0.3400573134422302,0.5744467377662659,-0.40980780124664307,0.41235053539276123,0.576225221157074
236355.26601,38119608,0.22,0.009891888126730919,-0.004110827576369047,-0.005956253036856651,1.5800949335098267,1.5664136409759521,0.3393045663833618,0.5744461417198181,-0.40981122851371765,0.4123494029045105,0.5762242674827576
236355.27000299998,38123600,0.22,0.009909078478813171,-0.004117823671549559,-0.005966424476355314,1.5816545486450195,1.5664231777191162,0.3408578634262085,0.5744487643241882,-0.40981441736221313,0.4123498201370239,0.5762190818786621
236355.272008,38125606,0.22,0.00991765782237053,-0.004121315199881792,-0.005971501115709543,1.5813326835632324,1.5664191246032715,0.3405349552631378,0.5744472742080688,-0.40981385111808777,0.41235101222991943,0.5762200355529785
236355.276009,38129607,0.22,0.009934675879776478,-0.004128240514546633,-0.0059815701097249985,1.5810564756393433,1.5664223432540894,0.3402564227581024,0.5744471549987793,-0.4098156690597534,0.41235050559043884,0.5762193202972412
236355.280018,38133616,0.22,0.00995158962905407,-0.004135123919695616,-0.005991578567773104,1.5799005031585693,1.5664275884628296,0.339102566242218,0.5744471549987793,-0.409817636013031,0.41234734654426575,0.5762200951576233
236355.28401799998,38137615,0.22,0.009968330152332783,-0.004141936544328928,-0.006001483649015427,1.5796375274658203,1.5664311647415161,0.33884164690971375,0.5744479894638062,-0.40981829166412354,0.4123454988002777,0.5762201547622681
236355.288014,38141612,0.22,0.009984918870031834,-0.004148687701672316,-0.0060112993232905865,1.579759955406189,1.566436767578125,0.3389694094657898,0.5744503736495972,-0.40981826186180115,0.41234245896339417,0.5762199759483337
